day,member_casual,rides,mean_duration,median_duration
2023-01-01,casual,732,25.526161202185804,11.056198347107438
2023-01-01,member,948,14.616209563994353,6.533680555555556
2023-01-02,member,1151,9.473892267593392,5.948765432098765
2023-01-02,casual,582,29.54630584192441,8.814197530864199
2023-01-03,member,1215,24.731906721536355,5.682894736842105
2023-01-03,casual,265,29.358742138364768,7.005208333333333
2023-01-04,casual,412,16.437702265372167,7.355555555555555
2023-01-04,member,1617,10.33655947227377,5.431173333333334
2023-01-05,casual,418,18.496092503987235,7.2861111111111105
2023-01-05,member,1680,9.540615079365084,5.376422101449276
2023-01-06,casual,405,18.563539094650217,7.525925925925925
2023-01-06,member,1501,8.183033533200083,5.358601134215502
2023-01-07,casual,668,20.508907185628754,8.338500000000002
2023-01-07,member,1276,8.371682340647856,6.06875
2023-01-08,casual,442,18.784766214177978,7.9125000000000005
2023-01-08,member,1083,10.036549707602333,5.771856978085352
2023-01-09,member,1541,7.819305645684608,5.295384837962963
2023-01-09,casual,326,18.521472392638024,7.1466666666666665
2023-01-10,casual,307,27.82790445168296,7.104166666666666
2023-01-10,member,1767,11.136455385776259,5.388271604938272
2023-01-11,casual,364,17.258424908424917,6.618333333333334
2023-01-11,member,1705,7.735210166177919,5.108683760683761
2023-01-12,member,1205,9.551991701244809,5.301032763532764
2023-01-12,casual,262,18.634860050890612,6.676041666666668
2023-01-13,member,1549,9.593877770604701,5.356380208333333
2023-01-13,casual,374,21.93404634581103,7.006666666666668
2023-01-14,member,1055,7.312780410742494,5.4634440104166675
2023-01-14,casual,437,26.575324180015276,6.884027777777778
2023-01-15,casual,410,16.392276422764233,7.625
2023-01-15,member,930,10.865304659498218,5.628231292517007
2023-01-16,member,1293,10.25728280484662,5.696791666666667
2023-01-16,casual,379,20.935400175901496,7.921333333333334
2023-01-17,casual,287,14.855052264808373,6.598437499999999
2023-01-17,member,1709,9.450604642090873,5.1925665680473365
2023-01-18,member,1941,7.037137214494252,5.434537037037037
2023-01-18,casual,412,12.326901294498374,6.7689814814814815
2023-01-19,casual,185,16.470270270270273,6.412500000000001
2023-01-19,member,954,7.632721872816212,4.800425170068027
2023-01-20,member,1702,7.8623580101841,5.305787037037037
2023-01-20,casual,464,10.21681034482758,6.914965986394558
2023-01-21,member,1375,8.820254545454562,5.903174603174603
2023-01-21,casual,598,20.115189520624295,7.497222222222224
2023-01-22,casual,390,18.870000000000005,7.618518518518518
2023-01-22,member,1007,7.373071830519699,5.726296296296296
2023-01-23,member,1065,7.5761189358372505,5.1908203125
2023-01-23,casual,193,10.263298791019,6.3055555555555545
2023-01-24,member,1904,7.42242647058823,5.415229885057473
2023-01-24,casual,353,18.80694050991502,6.872
2023-01-25,member,1140,9.908523391812892,5.0498558246828145
2023-01-25,casual,192,19.990104166666647,6.591666666666666
2023-01-26,casual,315,21.007671957671974,6.507291666666666
2023-01-26,member,1620,6.655833333333325,5.254277210884353
2023-01-27,casual,414,13.295410628019333,6.690277777777779
2023-01-27,member,1721,7.317489831493335,5.294803330462244
2023-01-28,casual,691,22.706777616980215,7.781833333333333
2023-01-28,member,1469,10.449920580894036,6.137700501253133
2023-01-29,member,1245,11.008768406961181,5.820590951061865
2023-01-29,casual,504,25.006316137566113,8.126360544217688
2023-01-30,member,1788,12.002432885906039,5.4249310147108885
2023-01-30,casual,369,18.734733514001825,7.4159999999999995
2023-01-31,member,1485,7.925274971941629,5.459951690821256
2023-01-31,casual,283,14.772320376914019,6.532291666666667
2023-02-01,casual,294,14.705102040816339,6.545833333333333
2023-02-01,member,1563,7.9334826188952805,5.221798144488361
2023-02-02,member,1661,7.991912502508545,5.418702651515153
2023-02-02,casual,302,9.453697571743932,6.477083333333333
2023-02-03,casual,149,10.859172259507826,5.910416666666666
2023-02-03,member,991,10.059569458459459,4.834876847290642
2023-02-04,member,649,16.167976373908573,4.924750000000001
2023-02-04,casual,177,19.01082862523541,6.979166666666666
2023-02-05,casual,371,21.379155435759206,7.436666666666666
2023-02-05,member,1110,8.240960960960948,5.689222222222223
2023-02-06,casual,291,9.427434135166095,6.314583333333333
2023-02-06,member,1639,6.911846654464105,5.29975845410628
2023-02-07,casual,299,9.00496098104794,6.552083333333333
2023-02-07,member,1663,7.913549809581081,5.224621578099839
2023-02-08,casual,388,21.70575601374571,6.987962962962963
2023-02-08,member,1855,8.160476190476187,5.391177656785643
2023-02-09,member,1791,10.382579564489133,5.317676767676768
2023-02-09,casual,365,21.150091324200908,6.530666666666667
2023-02-10,member,1867,9.308373504731296,5.413042359938912
2023-02-10,casual,564,15.765307328605218,7.66015625
2023-02-11,casual,524,37.930597964376574,8.280989583333332
2023-02-11,member,1362,8.547552618697983,6.1535714285714285
2023-02-12,casual,577,18.69306759098784,7.939917695473251
2023-02-12,member,1260,8.959312169312183,5.535457063711911
2023-02-13,member,1798,7.46866889136076,5.385933977455717
2023-02-13,casual,349,14.733858643744028,7.228666666666666
2023-02-14,member,1941,7.875227545938522,5.267765918627987
2023-02-14,casual,409,21.116666666666664,7.319907407407409
2023-02-15,casual,508,21.354265091863507,7.617857142857142
2023-02-15,member,2076,9.033381502890187,5.518779640921409
2023-02-16,member,1820,7.496630036630059,5.133151779230211
2023-02-16,casual,377,20.144031830238745,7.227333333333334
2023-02-17,member,1175,6.695758865248222,5.215946502057613
2023-02-17,casual,248,12.098991935483875,6.2749999999999995
2023-02-18,member,1203,10.174535882515933,5.5056356837606835
2023-02-18,casual,454,20.96967694566814,7.3251700680272105
2023-02-19,member,1129,8.146767050487158,5.833972403776325
2023-02-19,casual,516,20.337144702842366,7.642708333333333
2023-02-20,casual,672,22.624355158730168,9.639
2023-02-20,member,1718,8.769276290260002,5.92241452991453
2023-02-21,casual,243,9.03319615912208,6.577777777777778
2023-02-21,member,1488,7.685853494623663,5.355025204788909
2023-02-22,member,1529,6.320863309352527,4.8980462519936205
2023-02-22,casual,257,9.533722438391708,6.938541666666667
2023-02-23,casual,316,10.601160337552736,6.329166666666667
2023-02-23,member,1716,7.848494560994561,5.193293885601577
2023-02-24,member,1528,7.55747164048866,5.080118717237126
2023-02-24,casual,342,10.929434697855754,6.2090000000000005
2023-02-25,member,980,6.525442176870741,5.288925518925518
2023-02-25,casual,350,10.438142857142868,6.941666666666667
2023-02-26,casual,392,30.184948979591837,8.221759259259258
2023-02-26,member,1182,9.289777213761992,5.457216610549945
2023-02-27,casual,236,15.07224576271187,6.548148148148147
2023-02-27,member,1502,6.522913892587677,4.910267947421638
2023-02-28,casual,169,19.825246548323463,6.437499999999999
2023-02-28,member,877,6.397643481565938,5.171005917159762
2023-03-01,casual,312,23.979059829059825,6.7125
2023-03-01,member,1721,7.399322099554513,5.113063954678861
2023-03-02,member,1642,6.99319935038572,5.270173333333333
2023-03-02,casual,379,9.882585751978889,6.613333333333334
2023-03-03,member,1482,7.258254610886205,5.081632010081917
2023-03-03,casual,352,10.449573863636367,6.579666666666666
2023-03-04,member,1134,7.191784244562028,5.600144175317186
2023-03-04,casual,488,18.921516393442587,7.768197278911564
2023-03-05,member,1331,7.920648635111446,5.914979166666667
2023-03-05,casual,600,19.649138888888896,9.252160493827159
2023-03-06,casual,367,13.25240690281562,7.369999999999999
2023-03-06,member,1748,6.844546147978665,5.258152958152959
2023-03-07,member,1695,7.777138643067832,5.0009375
2023-03-07,casual,294,10.748979591836735,6.416666666666667
2023-03-08,casual,330,9.864090909090903,6.161666666666666
2023-03-08,member,1815,6.51814508723601,4.8995642701525055
2023-03-09,member,1786,8.365770810003731,5.217450142450143
2023-03-09,casual,438,9.781887366818871,6.624074074074073
2023-03-10,casual,342,20.024512670565304,6.2943333333333324
2023-03-10,member,1368,22.170406920077994,5.083617886178863
2023-03-11,member,991,11.863555331315172,5.63074074074074
2023-03-11,casual,342,15.570029239766079,8.088333333333333
2023-03-12,member,1226,10.64819195214791,5.605602971392445
2023-03-12,casual,501,28.629474384564208,8.892857142857144
2023-03-13,member,883,11.096017365043414,5.170940170940171
2023-03-13,casual,143,19.931468531468546,6.916666666666668
2023-03-14,casual,137,16.918369829683705,5.872916666666666
2023-03-14,member,1039,6.024799486685911,4.814192708333333
2023-03-15,member,1663,9.304590098216071,5.159266260162603
2023-03-15,casual,286,13.183449883449887,6.577083333333333
2023-03-16,casual,575,14.787942028985503,7.000617283950618
2023-03-16,member,1969,7.089994921279827,5.347453703703703
2023-03-17,member,1870,8.298030303030313,5.710983772819473
2023-03-17,casual,651,17.257270865335382,8.594
2023-03-18,casual,861,22.759407665505243,8.848564102564103
2023-03-18,member,1541,8.817488643737828,5.974751984126985
2023-03-19,member,1016,12.643930446194219,5.469897959183673
2023-03-19,casual,403,44.9794458229942,7.984027777777778
2023-03-20,casual,354,21.016525423728808,7.551333333333334
2023-03-20,member,1786,9.20523516237402,5.327514792899406
2023-03-21,member,2060,10.363996763754047,5.367708333333335
2023-03-21,casual,513,14.32309941520468,8.5234375
2023-03-22,casual,541,14.213585951940843,7.213932291666666
2023-03-22,member,2117,7.858471106912295,5.306149930899654
2023-03-23,casual,438,10.563051750380513,6.8842592592592595
2023-03-23,member,1778,8.810273715785529,5.260192307692308
2023-03-24,member,1928,7.692427385892116,5.446220489495343
2023-03-24,casual,580,20.483017241379315,7.1874485596707824
2023-03-25,member,861,8.942547425474254,5.520118343195266
2023-03-25,casual,300,16.25688888888889,7.660416666666666
2023-03-26,casual,1093,27.19245196706314,12.577450980392154
2023-03-26,member,1738,14.653279631760645,7.0994170096021945
2023-03-27,casual,302,16.79183222958058,7.552083333333334
2023-03-27,member,1423,7.737784024361689,5.151295367020656
2023-03-28,casual,407,17.329565929565923,7.569212962962962
2023-03-28,member,1907,7.8583988813144625,5.128695996829172
2023-03-29,member,1983,6.8243402252479335,5.2111689212625745
2023-03-29,casual,451,10.866962305986698,7.315986394557823
2023-03-30,casual,424,12.022602201257861,6.717592592592592
2023-03-30,member,1889,7.0140991706370235,5.262386048355133
2023-03-31,casual,567,14.637213403880072,7.305989583333333
2023-03-31,member,1909,7.318858040859079,5.538367023384861
2023-04-01,casual,808,29.41136551155118,10.115856481481481
2023-04-01,member,1373,9.582337946103435,6.253854875283447
2023-04-02,member,1367,9.182504267251883,6.064285714285715
2023-04-02,casual,661,15.993595562279378,9.295750000000002
2023-04-03,member,2039,6.99968121628248,5.283862304687499
2023-04-03,casual,495,24.51791245791244,7.602380952380953
2023-04-04,casual,769,20.79761595145213,9.436805555555555
2023-04-04,member,2389,8.02108971675737,5.443697983697985
2023-04-05,casual,425,9.537529411764707,6.752777777777777
2023-04-05,member,1925,6.4612121212121245,4.956532921810699
2023-04-06,member,2099,7.721700809909483,5.576423409130971
2023-04-06,casual,771,19.6311932555123,8.174305555555556
2023-04-07,casual,657,17.543226788432246,7.477916666666667
2023-04-07,member,1770,7.037128060263657,5.420484682213077
2023-04-08,casual,696,26.984195402298877,9.928333333333333
2023-04-08,member,1399,10.317607815106031,5.816405342624854
2023-04-09,member,1206,13.738819789939193,5.726771390374332
2023-04-09,casual,625,27.518400000000018,13.47777777777778
2023-04-10,casual,656,28.95312500000001,9.8375
2023-04-10,member,1962,7.534947332653737,5.75748148148148
2023-04-11,casual,751,28.78042609853531,9.610881542699726
2023-04-11,member,2180,12.025397553516846,5.57249134948097
2023-04-12,member,2520,8.084874338624333,5.927831244778614
2023-04-12,casual,967,22.292588762495683,10.158296296296298
2023-04-13,casual,1095,29.92389649923894,10.41624183006536
2023-04-13,member,2440,9.106892076502723,5.976803327391562
2023-04-14,casual,1297,30.53537650989467,10.462006743585691
2023-04-14,member,2443,8.904325283121835,6.158357182940517
2023-04-15,member,1914,9.042607105538151,6.31114814814815
2023-04-15,casual,1221,49.89127764127762,9.842520775623269
2023-04-16,casual,1184,27.90374436936937,12.214814814814815
2023-04-16,member,2004,11.140252827677966,6.626469696969698
2023-04-17,member,2116,7.219328922495274,5.470615243342516
2023-04-17,casual,549,18.982027929568904,7.904817708333334
2023-04-18,casual,490,12.665408163265306,6.993537414965986
2023-04-18,member,2361,7.551291825497677,5.203774726430977
2023-04-19,casual,675,19.66153086419757,7.997416666666668
2023-04-19,member,2381,7.807706845863079,5.51654492330168
2023-04-20,member,2358,7.757124681933842,5.411566703689991
2023-04-20,casual,769,22.97568270481146,7.984722222222222
2023-04-21,casual,1020,19.298447712418326,8.801041666666666
2023-04-21,member,2357,8.378652241549977,5.821949120838012
2023-04-22,member,1844,10.130558568329718,6.56399358974359
2023-04-22,casual,1251,26.633932853716995,9.828028895768835
2023-04-23,member,1904,10.629866946778701,6.951488095238095
2023-04-23,casual,1312,26.240891768292673,13.003583333333333
2023-04-24,casual,601,13.332861896838601,7.919753086419754
2023-04-24,member,2221,7.934766621641902,5.431313131313132
2023-04-25,member,2319,7.582233721431663,5.514109623015873
2023-04-25,casual,591,15.320671178792997,7.748148148148148
2023-04-26,member,2421,7.728576345862589,5.556030966030965
2023-04-26,casual,595,13.924257703081228,7.790946502057612
2023-04-27,member,2335,6.916466809421845,5.327159007828241
2023-04-27,casual,589,17.011035653650264,7.546913580246913
2023-04-28,member,1913,7.340294476389605,5.268682968682969
2023-04-28,casual,493,15.02244759972955,7.525510204081633
2023-04-29,member,378,10.460758377425039,4.995
2023-04-29,casual,72,57.28819444444444,8.183333333333334
2023-04-30,member,496,18.8926747311828,4.931632653061224
2023-04-30,casual,165,56.71383838383837,8.137500000000001
2023-05-01,member,2196,8.184221311475417,5.38916112119379
2023-05-01,casual,540,25.214722222222253,7.791666666666667
2023-05-02,casual,429,13.926728826728827,7.626851851851852
2023-05-02,member,2050,8.787666666666665,5.361059587813619
2023-05-03,member,2223,10.962618083670721,5.317214532871973
2023-05-03,casual,436,15.94189602446482,7.123611111111113
2023-05-04,casual,509,20.36119842829079,7.008503401360544
2023-05-04,member,2066,9.221692481445634,5.514161188636451
2023-05-05,member,2279,9.737904051484545,5.892018067212729
2023-05-05,casual,735,19.32401360544219,8.61556473829201
2023-05-06,member,2093,15.246966077400868,7.048936997666582
2023-05-06,casual,1461,40.600616016427104,11.957954545454548
2023-05-07,casual,1480,47.610439189189165,12.799567099567101
2023-05-07,member,2208,28.90755585748792,7.953727486208019
2023-05-08,member,2301,16.852701723888206,6.028789257093351
2023-05-08,casual,650,33.904384615384565,9.850499999999998
2023-05-09,casual,623,14.557918673087219,8.141358024691359
2023-05-09,member,2355,7.822200990799704,5.78966992992029
2023-05-10,casual,728,20.294574175824188,8.643595041322314
2023-05-10,member,2541,8.217486553850188,5.860508929982614
2023-05-11,member,2577,8.715166213943858,6.265806190806191
2023-05-11,casual,926,17.3952663786897,9.264795918367346
2023-05-12,member,2734,9.11039990246281,6.2640327861970535
2023-05-12,casual,1237,22.516774454324967,9.9740234375
2023-05-13,casual,1345,23.581462205700102,11.505158730158731
2023-05-13,member,2164,11.168122304374592,7.041483011937555
2023-05-14,casual,1087,25.25062864152097,13.453344867358707
2023-05-14,member,1874,14.237050871575962,7.2051299225074175
2023-05-15,casual,712,16.305571161048675,8.952892561983472
2023-05-15,member,2519,9.243807066296144,6.103071263227514
2023-05-16,member,2457,18.327716727716723,6.04117215041128
2023-05-16,casual,823,28.284345889023935,9.103819444444445
2023-05-17,member,2495,7.58738142952572,5.690826023391812
2023-05-17,casual,710,18.962042253521112,8.454063360881541
2023-05-18,member,2417,7.697827885808849,5.801346271083113
2023-05-18,casual,768,17.10123697916667,8.155092592592593
2023-05-19,casual,931,13.80501253132834,8.706580687830687
2023-05-19,member,2439,8.277142271422694,5.80249517507582
2023-05-20,member,848,11.336202830188679,5.813773148148148
2023-05-20,casual,348,24.55119731800766,8.881666666666666
2023-05-21,member,2032,12.691002296587923,7.509807492195628
2023-05-21,casual,1286,26.946721099015026,13.181875
2023-05-22,casual,696,15.333860153256714,8.636666666666668
2023-05-22,member,2498,8.594542300507051,5.717317404817405
2023-05-23,casual,734,18.24831970935513,8.469283746556474
2023-05-23,member,2588,13.020009015971148,5.7187728937728926
2023-05-24,casual,736,13.538269927536248,7.83595041322314
2023-05-24,member,2382,8.507367758186396,5.769100378787878
2023-05-25,member,2475,9.346175084175112,5.867521929824561
2023-05-25,casual,787,14.339241846675142,8.561342592592593
2023-05-26,casual,1024,30.584505208333397,10.259879032258063
2023-05-26,member,2309,10.398664645589735,6.3139467592592595
2023-05-27,member,1703,12.945253474261111,7.0585617447686415
2023-05-27,casual,1274,31.849960753532095,12.878541666666667
2023-05-28,member,1571,12.345820072140873,7.006871416871417
2023-05-28,casual,1201,47.870052733832885,13.422042181069962
2023-05-29,member,1813,13.763917999632303,7.034821428571428
2023-05-29,casual,1270,35.75590551181106,13.596583564173592
2023-05-30,member,2397,9.17197886246698,5.7048332115899685
2023-05-30,casual,597,18.61139028475713,8.620370370370368
2023-05-31,casual,696,19.031226053639855,8.706666666666665
2023-05-31,member,2613,10.628058425819596,5.718547796808667
2023-06-01,member,2560,12.798424479166679,6.145416666666668
2023-06-01,casual,876,18.767009132420075,9.149999999999999
2023-06-02,member,2479,11.677497646900598,6.187290322580645
2023-06-02,casual,958,25.050974251913726,8.929444444444444
2023-06-03,casual,1159,35.72016105838364,11.10979938271605
2023-06-03,member,2195,12.457289293849659,6.734797794117647
2023-06-04,casual,1267,35.28132070507762,13.339473684210526
2023-06-04,member,2046,14.50486314760511,7.28400072150072
2023-06-05,member,2463,9.572641764785494,6.162995784381995
2023-06-05,casual,631,27.797807712625463,9.30432098765432
2023-06-06,casual,609,16.085604816639286,8.936831275720165
2023-06-06,member,2388,8.16067141261864,5.825444973932876
2023-06-07,casual,482,23.036203319502068,8.12687074829932
2023-06-07,member,1886,8.838732767762467,5.454507875691785
2023-06-08,member,1987,8.159092434155342,5.472919540229886
2023-06-08,casual,609,17.703968253968238,7.912962962962963
2023-06-09,casual,776,22.164067869415806,8.740277777777777
2023-06-09,member,2355,7.870771408351022,5.885943930041152
2023-06-10,member,2242,11.471937258400224,6.768437118437117
2023-06-10,casual,1399,24.44790326423635,11.232766439909296
2023-06-11,member,2066,11.774015811552092,6.834619140625001
2023-06-11,casual,1346,26.565329370975714,12.068650793650793
2023-06-12,member,2060,8.208810679611634,5.554270833333333
2023-06-12,casual,510,26.129183006535925,7.6734375
2023-06-13,member,2679,8.754367301231802,5.825641025641025
2023-06-13,casual,814,15.625266175266198,8.324305555555556
2023-06-14,casual,738,21.939317976513113,8.077617079889807
2023-06-14,member,2460,7.551998644986428,5.553573408573408
2023-06-15,member,2749,8.372941675760863,5.756909176968481
2023-06-15,casual,1033,18.43741529525652,8.244957264957266
2023-06-16,member,2151,12.185812800247902,5.843073593073593
2023-06-16,casual,820,17.347073170731694,8.749537037037037
2023-06-17,member,2097,14.389890319504065,6.5503276209677415
2023-06-17,casual,1284,23.32191069574248,10.604083333333334
2023-06-18,casual,1201,27.664029975020863,12.263348765432097
2023-06-18,member,1772,13.543867569601199,6.790443529949703
2023-06-19,member,2393,9.466924362724614,6.48577792077792
2023-06-19,casual,1162,22.971113023522708,10.533190476190475
2023-06-20,member,2609,8.501910054938032,5.5973897623565545
2023-06-20,casual,861,19.057781649245054,8.258974358974358
2023-06-21,casual,815,12.747709611451956,7.9366319444444455
2023-06-21,member,2738,8.606495008522026,5.646583407014441
2023-06-22,casual,851,16.389639639639626,7.712919132149903
2023-06-22,member,2373,8.52333192864166,5.5854843974409185
2023-06-23,casual,813,14.59583845838459,7.667735042735043
2023-06-23,member,2234,7.585683378096093,5.371714285714286
2023-06-24,member,1849,20.8801424193257,6.676654776060246
2023-06-24,casual,1229,35.37198264171412,9.921866603445551
2023-06-25,member,1988,12.02842890677398,6.639958376690947
2023-06-25,casual,1406,27.568515884305324,11.64638528138528
2023-06-26,casual,570,17.4185380116959,8.003906250000002
2023-06-26,member,1987,9.110090588827397,5.466129032258064
2023-06-27,member,2421,8.730765523888179,5.587508756241152
2023-06-27,casual,691,15.89973468403281,7.421833333333334
2023-06-28,member,2758,9.266926516799593,5.770974799448991
2023-06-28,casual,937,17.4443258626823,8.265538461538462
2023-06-29,casual,1122,23.126247771835985,8.487745098039213
2023-06-29,member,2652,10.099007038712934,5.726452508427523
2023-06-30,member,2308,8.213316002310798,5.798330157559366
2023-06-30,casual,1105,20.024796380090514,8.426297577854669
2023-07-01,member,1876,9.738015280739171,6.562179487179486
2023-07-01,casual,1246,26.448582129480965,11.063814814814814
2023-07-02,casual,922,26.84081706435279,11.296452991452991
2023-07-02,member,1409,10.36118996924532,6.361398071625345
2023-07-03,member,1977,10.589875231832748,6.332223378425252
2023-07-03,casual,914,24.385594456601055,10.715670940170941
2023-07-04,casual,1384,26.86870183044316,13.487329434697855
2023-07-04,member,1709,12.665398868734172,7.133739837398374
2023-07-05,casual,918,26.251488743645613,8.647283272283273
2023-07-05,member,2671,8.605678272806681,5.654208754208754
2023-07-06,casual,876,22.504908675799115,8.450443786982248
2023-07-06,member,2614,8.54399387911246,5.733047385620914
2023-07-07,casual,1179,17.939030251625642,8.871200980392157
2023-07-07,member,2568,12.450408878504657,5.909040374829848
2023-07-08,member,2314,10.58722990492653,6.398161008230452
2023-07-08,casual,1503,23.208039476602362,10.669427191166323
2023-07-09,member,1765,9.731699716713873,6.41320987654321
2023-07-09,casual,987,22.447196892941577,9.616666666666669
2023-07-10,casual,876,20.547621765601228,9.141666666666664
2023-07-10,member,2592,8.268473508230452,5.8714715189873425
2023-07-11,member,2862,9.497950151409254,5.701579574110394
2023-07-11,casual,975,18.218923076923065,8.864736842105264
2023-07-12,casual,1030,20.75042071197415,8.845194892473117
2023-07-12,member,2723,9.553629575223386,5.955530753968254
2023-07-13,member,2740,9.345097323600966,5.8666666666666645
2023-07-13,casual,991,25.95028590649178,8.705851851851852
2023-07-14,casual,930,17.616164874551977,7.94812925170068
2023-07-14,member,2273,11.633817275260299,5.797575757575758
2023-07-15,member,2087,11.61171538092957,6.486566416040102
2023-07-15,casual,1324,20.834390735146012,10.039333333333333
2023-07-16,member,1119,13.445010425975576,6.225122549019609
2023-07-16,casual,568,23.59172535211269,9.74140625
2023-07-17,member,2572,12.241517625712794,5.831184210526315
2023-07-17,casual,869,28.446144994246275,8.847222222222221
2023-07-18,member,2555,10.281917808219177,5.766454475308642
2023-07-18,casual,805,14.957639751552797,8.220254629629629
2023-07-19,casual,923,17.13844348140121,8.215873015873015
2023-07-19,member,2708,9.368716149679964,5.836989795918367
2023-07-20,casual,1044,25.68799489144315,8.522380952380953
2023-07-20,member,2792,11.218672397325703,5.752474310438075
2023-07-21,member,2531,8.725786908995145,5.996230550076705
2023-07-21,casual,1288,18.330861801242246,9.187758620689655
2023-07-22,casual,1722,23.692082849399917,11.046913580246914
2023-07-22,member,2246,12.566518254674975,6.664239028944911
2023-07-23,member,2115,11.821284475965346,6.766523727844483
2023-07-23,casual,1595,22.653970741901805,10.838560835861138
2023-07-24,member,2744,8.088568999028178,5.787543859649122
2023-07-24,casual,940,19.104468085106422,8.528401360544217
2023-07-25,member,2356,9.117275042444817,5.6039662130790395
2023-07-25,casual,727,15.05123796423658,7.755234159779615
2023-07-26,casual,1101,18.04376324553435,8.094925028835064
2023-07-26,member,3029,11.350308132496975,5.812966878083157
2023-07-27,member,2750,7.869084848484841,5.609329367225528
2023-07-27,casual,961,13.634980922650008,7.556847290640394
2023-07-28,member,2524,8.46324617010037,5.778062133944485
2023-07-28,casual,1088,15.90920649509803,8.522404844290659
2023-07-29,member,2146,11.209040074557317,6.497488549462233
2023-07-29,casual,1282,19.453692147685896,9.577791666666666
2023-07-30,casual,1513,34.761753690240155,11.862445969997458
2023-07-30,member,2168,20.598585485854855,6.911328125000002
2023-07-31,casual,783,24.166985951468696,8.871064814814815
2023-07-31,member,2798,10.105360972122956,5.756769424914367
2023-08-01,member,2810,14.94938315539742,5.853934133679429
2023-08-01,casual,1016,30.527755905511842,8.622002442002442
2023-08-02,member,2850,9.136216374268994,5.787985896112831
2023-08-02,casual,994,16.888363514419865,8.648039215686273
2023-08-03,casual,1004,16.049418990703856,7.81452380952381
2023-08-03,member,2905,7.900636833046469,5.6391881113303395
2023-08-04,member,2763,8.172529858849085,5.848187500000001
2023-08-04,casual,1032,16.675968992248063,8.421046146953405
2023-08-05,member,2379,14.831350707580224,6.59991477964451
2023-08-05,casual,1442,25.450635691169673,10.089841597796145
2023-08-06,casual,1445,23.489953863898478,11.356766528925618
2023-08-06,member,2129,10.648356035697509,6.886593204775023
2023-08-07,casual,684,15.865667641325555,7.626
2023-08-07,member,2271,7.604168501394394,5.451517697988287
2023-08-08,member,2848,7.994528323970019,5.558049766770697
2023-08-08,casual,859,14.265289095847875,7.996351084812624
2023-08-09,member,2903,10.723912045010922,5.709432098765433
2023-08-09,casual,1042,14.902463211772236,7.887044270833333
2023-08-10,member,2068,8.390643133462287,5.371891534391535
2023-08-10,casual,563,12.465985790408528,6.607552083333334
2023-08-11,member,2804,9.01677960057061,6.179750554323725
2023-08-11,casual,1252,20.009371671991484,9.167959372114497
2023-08-12,casual,1647,22.119510220603132,9.730319999999999
2023-08-12,member,2279,9.574177270732775,6.637303660270078
2023-08-13,casual,1433,24.422807629681333,10.937190082644626
2023-08-13,member,2215,10.592490594431917,6.72691666444959
2023-08-14,casual,834,16.435691446842526,8.438757396449704
2023-08-14,member,2727,7.725381982642704,5.687703566274993
2023-08-15,casual,865,16.4356647398844,7.504635108481263
2023-08-15,member,2800,8.157023809523812,5.686127636560302
2023-08-16,member,2775,10.351477477477461,5.731665765278528
2023-08-16,casual,889,14.31852268466443,7.819794871794873
2023-08-17,member,2762,7.684371228578327,5.659071093226022
2023-08-17,casual,864,12.824382716049366,7.882741617357002
2023-08-18,casual,937,31.29763429384561,8.951785714285714
2023-08-18,member,2369,15.827318137047952,6.239491421568627
2023-08-19,member,2090,12.828094098883598,6.887499999999999
2023-08-19,casual,1360,28.97203431372547,10.681727135298564
2023-08-20,member,2100,11.360523809523803,6.839165344614841
2023-08-20,casual,1400,27.153571428571414,11.80515873015873
2023-08-21,member,2548,8.505658032443733,5.714781539781541
2023-08-21,casual,764,23.760078534031432,7.881856609574
2023-08-22,member,2780,7.809142685851305,5.576126735172164
2023-08-22,casual,903,19.5672572905131,8.830187074829933
2023-08-23,casual,928,16.28649425287357,8.180643738977071
2023-08-23,member,2961,7.387082066869312,5.593665577342048
2023-08-24,casual,697,15.98615494978481,7.626916666666666
2023-08-24,member,2351,7.402537927123219,5.3363040123456775
2023-08-25,member,2179,12.577711488450358,5.909724625144175
2023-08-25,casual,945,24.754585537918874,8.15860127526794
2023-08-26,member,2302,9.739719084853748,6.564380341880343
2023-08-26,casual,1604,26.48931837073981,10.16880600020135
2023-08-27,member,2219,11.632326873967266,7.1286764705882355
2023-08-27,casual,1436,24.613753481894108,10.826033057851237
2023-08-28,casual,801,16.47303370786516,8.433506944444446
2023-08-28,member,2694,9.13549863895076,5.49090519090519
2023-08-29,casual,852,15.724745696400625,7.898422090729783
2023-08-29,member,2872,8.242531337047334,5.535055461019727
2023-08-30,casual,954,14.601659678546476,7.969557823129251
2023-08-30,member,2854,7.913022658257422,5.587208216619982
2023-08-31,casual,1029,25.44123744735989,7.82910394265233
2023-08-31,member,2938,8.501072157930574,5.801752776209297
2023-09-01,casual,1151,19.62758470894876,8.635648148148148
2023-09-01,member,2715,8.192627378759976,5.8991921768707485
2023-09-02,casual,1253,26.42048417132215,10.70423116615067
2023-09-02,member,1879,10.160351250665252,6.514933982683982
2023-09-03,member,1787,9.645094198843488,6.370907738095236
2023-09-03,casual,1218,28.601792556102957,12.091458910433982
2023-09-04,casual,1113,24.847693920335455,10.795444059976932
2023-09-04,member,2078,9.970219762592237,6.4312682541925765
2023-09-05,casual,743,16.55231045311798,7.135812672176309
2023-09-05,member,2768,7.5876144026974846,5.457981791959617
2023-09-06,member,2854,8.036066339640259,5.668592197030449
2023-09-06,casual,877,21.920904599011777,7.581737891737892
2023-09-07,casual,1026,14.07664067576347,7.85234375
2023-09-07,member,2972,10.696747420367894,5.5398431278866065
2023-09-08,casual,888,13.895439189189203,7.8820512820512825
2023-09-08,member,2523,13.56580129475491,5.6904722498069065
2023-09-09,member,2267,9.93599470666079,6.502779122948615
2023-09-09,casual,1229,17.22775969622997,8.527570995312932
2023-09-10,casual,795,24.819559748427686,9.711979166666667
2023-09-10,member,1579,11.301424952501588,6.460951967592592
2023-09-11,casual,651,15.705094726062464,7.9094999999999995
2023-09-11,member,2457,8.213139329805967,5.536272685729207
2023-09-12,casual,931,16.26002506265663,7.819047619047618
2023-09-12,member,3160,12.38308544303799,5.84555584201766
2023-09-13,casual,811,15.597122893547066,8.284432870370372
2023-09-13,member,2884,11.232876791493299,6.0601193415637855
2023-09-14,casual,1036,14.686052123552125,8.23125
2023-09-14,member,3101,8.108282274535108,5.823540645424837
2023-09-15,casual,1142,16.630005837711607,8.336216839677048
2023-09-15,member,2967,8.385630827996831,5.827331442974165
2023-09-16,member,2552,9.968305903866208,6.504428621659634
2023-09-16,casual,1346,22.185685983159996,9.873529810298104
2023-09-17,casual,1276,19.96166405433649,9.570528035775714
2023-09-17,member,2326,11.409365147606739,6.5509259259259265
2023-09-18,casual,302,11.701103752759375,7.155208333333333
2023-09-18,member,1240,13.890551075268814,5.708887349953832
2023-09-19,casual,864,14.567303240740749,8.190888888888889
2023-09-19,member,3087,10.836124608573575,5.75856129685917
2023-09-20,casual,963,15.317341640706132,7.9673868312757214
2023-09-20,member,3123,7.800074714483941,5.714033100675321
2023-09-21,casual,968,17.29321625344353,7.940873015873016
2023-09-21,member,2988,10.535597947344932,5.759259816786146
2023-09-22,member,2948,12.792458163726783,5.8744271988174415
2023-09-22,casual,1071,18.096529723000284,7.984233018443544
2023-09-23,member,739,11.568696436626066,5.4943526170798895
2023-09-23,casual,311,21.50476956055735,8.397916666666665
2023-09-24,member,736,10.258808876811594,5.6108126721763085
2023-09-24,casual,296,15.930180180180185,7.4854166666666675
2023-09-25,casual,258,21.01582687338502,6.2197916666666675
2023-09-25,member,1092,14.99581807081809,5.259313725490196
2023-09-26,casual,433,14.611970746728263,6.628935185185185
2023-09-26,member,1972,9.740035496957395,5.447999999999999
2023-09-27,member,2800,7.377630952380968,5.439674948921525
2023-09-27,casual,747,10.079228023203925,7.136363636363637
2023-09-28,casual,556,9.785881294964021,6.686458333333333
2023-09-28,member,2461,6.966686983611004,5.321497252747253
2023-09-29,casual,226,25.75339233038348,7.458333333333333
2023-09-29,member,830,27.24602409638558,5.822115384615384
2023-09-30,casual,883,16.37310305775764,8.590769230769233
2023-09-30,member,1982,14.406912209889008,6.387365591397849
2023-10-01,member,2154,17.564902506963804,7.055396825396825
2023-10-01,casual,1447,23.01202487906011,10.273096903096901
2023-10-02,member,2821,11.82158808932998,5.750770751990265
2023-10-02,casual,812,18.576929392446633,8.422685185185186
2023-10-03,casual,738,30.024841915085812,8.067837465564738
2023-10-03,member,2702,14.779533678756515,5.868990929705216
2023-10-04,casual,905,23.41767955801107,8.490035273368607
2023-10-04,member,3000,11.302155555555563,5.736570219618324
2023-10-05,casual,898,16.16020786933927,7.939115646258503
2023-10-05,member,3007,10.721621771422255,5.8809491474271915
2023-10-06,member,2459,15.131035651348782,5.868103238373509
2023-10-06,casual,810,18.624547325102878,7.771296296296296
2023-10-07,member,1460,13.95260273972604,6.061975234068257
2023-10-07,casual,582,21.6665521191294,7.872325102880658
2023-10-08,member,1813,9.601176686890955,6.213501400560225
2023-10-08,casual,994,23.847216633132152,8.56014814814815
2023-10-09,member,2296,10.71326945412311,5.474652777777778
2023-10-09,casual,601,13.360482529118151,7.371810699588476
2023-10-10,member,2695,7.988119975262838,5.599677589677588
2023-10-10,casual,634,18.665956887486864,7.2294238683127565
2023-10-11,casual,629,18.63272390037097,7.658024691358024
2023-10-11,member,2806,11.377274887146593,5.425152813567449
2023-10-12,casual,806,14.115405293631106,7.645833333333333
2023-10-12,member,2941,8.080556500056657,5.532038192474948
2023-10-13,member,2764,8.40101905451036,5.820574912891986
2023-10-13,casual,971,12.716855475454857,8.26803418803419
2023-10-14,casual,313,15.088604898828542,6.428125
2023-10-14,member,783,6.986781609195403,5.036863425925926
2023-10-15,casual,905,16.91097605893184,8.711139455782313
2023-10-15,member,1798,9.9424916573971,5.917264949458046
2023-10-16,member,2646,8.169261778785598,5.476854055125918
2023-10-16,casual,626,15.294595314164011,7.380041152263374
2023-10-17,casual,639,19.16160667709965,6.952500000000001
2023-10-17,member,2834,9.309409550693944,5.555593348450491
2023-10-18,casual,646,18.273529411764724,7.249833333333333
2023-10-18,member,2762,7.998575911175463,5.417730304669191
2023-10-19,casual,762,13.928893263342069,7.027410468319559
2023-10-19,member,2783,9.596053419571188,5.5001234567901225
2023-10-20,casual,274,12.953649635036502,6.925000000000001
2023-10-20,member,1317,8.324006580612512,5.212437499999999
2023-10-21,member,1721,10.418032151849697,5.835683815012572
2023-10-21,casual,755,19.543377483443713,7.926997245179064
2023-10-22,casual,882,20.546655328798202,9.192209072978303
2023-10-22,member,1800,9.035574074074074,5.6836814993791736
2023-10-23,member,2504,7.700013312034103,5.341699539776463
2023-10-23,casual,589,13.686106395019815,6.992798353909464
2023-10-24,casual,645,17.823798449612408,7.086
2023-10-24,member,2790,8.210925925925933,5.491729763836309
2023-10-25,member,2943,11.463002605051534,5.564555219337827
2023-10-25,casual,747,13.322333779562697,7.79297520661157
2023-10-26,member,2945,7.92237691001698,5.590213117277473
2023-10-26,casual,890,16.890561797752795,7.881655354449472
2023-10-27,member,2935,7.670272572402049,5.669485094850949
2023-10-27,casual,1066,15.807285803627249,8.493229166666666
2023-10-28,member,2485,10.213400402414468,6.791726544358124
2023-10-28,casual,1617,23.22812822098538,10.068808302808302
2023-10-29,member,953,9.92077649527805,5.541736694677871
2023-10-29,casual,424,26.139661949685518,7.874074074074074
2023-10-30,member,2319,10.693891044990654,5.2722608024691375
2023-10-30,casual,506,11.535836627140986,6.781802721088435
2023-10-31,member,2622,7.763939740656004,5.49785729567822
2023-10-31,casual,608,13.435635964912308,7.348456790123458
2023-11-01,casual,453,11.449595290654893,6.450680272108843
2023-11-01,member,2282,6.999459538416591,5.250657654366094
2023-11-02,member,2440,7.857137978142059,5.293380952380953
2023-11-02,casual,520,17.02432692307689,6.84375
2023-11-03,member,2546,7.758582089552224,5.49584487534626
2023-11-03,casual,692,15.763246628131034,7.107333333333334
2023-11-04,member,2076,9.781928387925499,6.058919270833334
2023-11-04,casual,910,17.850183150183167,8.769398656898657
2023-11-05,casual,1011,24.26299043850971,9.293968253968254
2023-11-05,member,1878,12.811190983315614,6.064058956916099
2023-11-06,member,2504,7.662506656017041,5.118728343728344
2023-11-06,casual,525,19.969746031746023,7.244401041666666
2023-11-07,casual,581,15.891853126792876,6.970987654320988
2023-11-07,member,2618,8.170906544435942,5.182906999801705
2023-11-08,casual,538,13.422026022304841,7.171614583333333
2023-11-08,member,2410,10.65735822959889,5.186659266031083
2023-11-09,member,2576,8.480745341614938,5.151287726358148
2023-11-09,casual,607,17.140225151015926,6.899176954732511
2023-11-10,member,2235,7.001521252796412,5.329163625748064
2023-11-10,casual,615,11.686233062330622,6.6763374485596705
2023-11-11,casual,788,18.614488155668365,8.056944444444445
2023-11-11,member,1799,9.400833796553632,5.702221513605442
2023-11-12,member,1545,13.221391585760518,5.724338624338625
2023-11-12,casual,595,20.38518207282913,8.165226337448559
2023-11-13,casual,455,15.143516483516468,6.75952380952381
2023-11-13,member,2131,7.22178945721882,5.247658402203856
2023-11-14,casual,462,11.013924963924964,6.136904761904762
2023-11-14,member,2367,7.132819321222376,5.024726077428781
2023-11-15,member,2403,6.95712997641837,5.239128512073718
2023-11-15,casual,520,12.005737179487175,7.066666666666666
2023-11-16,casual,666,14.514989989989996,7.096666666666667
2023-11-16,member,2629,7.045226321795347,5.313114909781577
2023-11-17,member,2587,7.132399175364011,5.577057291666668
2023-11-17,casual,760,13.889583333333325,7.493939393939394
2023-11-18,casual,853,12.01744822196171,7.882222222222222
2023-11-18,member,1796,8.906978470675575,5.812886989553656
2023-11-19,casual,684,16.178167641325526,8.938500000000001
2023-11-19,member,1628,8.616492628992631,5.772114832535886
2023-11-20,member,2124,6.551836158192096,5.0551538974652175
2023-11-20,casual,418,10.084330143540665,6.4638888888888895
2023-11-21,casual,252,14.751653439153445,6.386111111111112
2023-11-21,member,1456,6.981009615384612,4.722858988556663
2023-11-22,casual,473,13.865045806906275,7.294557823129252
2023-11-22,member,1797,8.108171025783703,5.514142628205128
2023-11-23,member,748,8.42809714795009,5.683884297520662
2023-11-23,casual,347,24.042411143131595,9.676666666666668
2023-11-24,casual,323,17.80908152734778,6.934
2023-11-24,member,1025,10.140601626016254,5.486100260416666
2023-11-25,casual,327,17.321406727828762,7.521333333333334
2023-11-25,member,947,7.031080605420623,5.462307692307693
2023-11-26,casual,336,20.70089285714286,7.586666666666668
2023-11-26,member,968,7.045764462809907,5.188333333333333
2023-11-27,casual,368,10.331612318840572,6.517333333333333
2023-11-27,member,2031,6.589873625471868,5.0372021563342315
2023-11-28,member,1896,6.296527777777776,4.785780816488307
2023-11-28,casual,315,13.781269841269843,6.288541666666666
2023-11-29,casual,283,7.8674911660777385,5.920833333333333
2023-11-29,member,1876,7.393070362473357,5.141362205801861
2023-11-30,casual,419,11.968735083532215,6.043055555555555
2023-11-30,member,2155,7.884122196442377,5.110512648388919
2023-12-01,casual,297,9.380246913580246,6.3078125
2023-12-01,member,1460,7.563904109589039,5.209646464646464
2023-12-02,casual,757,21.10308234258035,7.420798898071626
2023-12-02,member,1875,10.214142222222224,5.828596908442332
2023-12-03,member,700,7.152142857142858,5.306
2023-12-03,casual,263,15.158111533586819,6.434895833333334
2023-12-04,member,2244,6.5989304812834115,4.888027210884353
2023-12-04,casual,349,10.549140401146138,6.539333333333333
2023-12-05,casual,431,10.651469450889415,7.103472222222223
2023-12-05,member,2165,8.171770592763655,5.312874855824685
2023-12-06,casual,368,15.729800724637705,6.786666666666666
2023-12-06,member,2088,9.424784482758607,5.08852646993811
2023-12-07,casual,365,11.866347031963471,6.42
2023-12-07,member,2063,6.938309904669565,4.995507952508961
2023-12-08,casual,519,19.607418111753358,7.228385416666667
2023-12-08,member,1931,14.55257206973934,5.347004548408058
2023-12-09,casual,836,19.67446172248802,8.014583333333334
2023-12-09,member,1882,8.509068366985478,6.102772143340095
2023-12-10,casual,314,19.108386411889608,6.926041666666666
2023-12-10,member,890,8.888764044943823,5.413461538461538
2023-12-11,member,1569,7.766209900148724,5.231076388888889
2023-12-11,casual,299,13.277536231884056,6.3453125
2023-12-12,casual,418,11.075039872408295,6.227777777777778
2023-12-12,member,2032,6.555561023622052,5.155948664585503
2023-12-13,casual,375,11.44062222222222,6.433333333333333
2023-12-13,member,2029,7.576269098077869,5.093101851851853
2023-12-14,member,1925,6.857532467532476,5.161441002662511
2023-12-14,casual,434,10.089016897081404,6.111111111111111
2023-12-15,member,2102,7.068196955280678,5.433647076828896
2023-12-15,casual,627,11.1961456671983,6.5018518518518515
2023-12-16,casual,861,17.841521486643465,8.195299145299145
2023-12-16,member,1764,9.5021164021164,5.898296753543666
2023-12-17,member,1078,6.899690785405067,5.417738095238096
2023-12-17,casual,397,10.062426532325778,7.1305555555555555
2023-12-18,member,1218,8.215051997810617,5.173130193905817
2023-12-18,casual,254,21.7988845144357,6.452777777777778
2023-12-19,member,1841,6.305513307984779,4.89436649659864
2023-12-19,casual,423,13.748581560283684,6.477546296296296
2023-12-20,casual,433,13.883448806774439,6.889351851851852
2023-12-20,member,1786,7.521649869354226,5.1051851703727404
2023-12-21,casual,395,10.85362869198312,6.468287037037038
2023-12-21,member,1670,7.5621057884231595,5.120474868948505
2023-12-22,casual,446,10.778961136023923,7.066666666666667
2023-12-22,member,1359,7.045584988962466,5.534027777777778
2023-12-23,casual,339,16.952310717797456,6.8533333333333335
2023-12-23,member,887,8.674370537391953,5.257606837606838
2023-12-24,member,666,10.13713713713714,5.514999999999999
2023-12-24,casual,189,21.428130511463852,9.43125
2023-12-25,member,443,15.558164033107614,5.096990740740741
2023-12-25,casual,207,40.819404186795474,11.877777777777775
2023-12-26,casual,247,12.722199730094466,7.107407407407408
2023-12-26,member,976,8.777920081967217,5.305424063116371
2023-12-27,casual,227,15.620704845814982,7.033333333333334
2023-12-27,member,888,9.853566066066076,5.117051282051282
2023-12-28,casual,286,13.991783216783215,6.777083333333334
2023-12-28,member,942,6.7720983722576085,5.343627450980392
2023-12-29,casual,472,15.177259887005658,7.814115646258505
2023-12-29,member,1399,7.500536097212281,5.463832199546485
2023-12-30,casual,407,14.987387387387399,7.689583333333334
2023-12-30,member,1120,7.42772321428571,5.332006920415226
2023-12-31,member,1022,7.652625570776255,5.38359375
2023-12-31,casual,429,21.76305361305361,7.668981481481481
2024-01-01,member,948,10.627215189873422,5.8011904761904765
2024-01-01,casual,483,21.858488612836457,9.213945578231293
2024-01-02,member,1616,10.569832920792079,5.306186666666666
2024-01-02,casual,310,13.728763440860208,7.411458333333333
2024-01-03,member,1761,7.400757145561237,5.150617283950618
2024-01-03,casual,281,9.78392645314353,6.795833333333334
2024-01-04,casual,310,21.782096774193583,6.252083333333334
2024-01-04,member,1749,6.703087478559177,5.060213333333333
2024-01-05,casual,314,11.43524416135881,6.273958333333333
2024-01-05,member,1569,9.189674952198857,5.293128790214821
2024-01-06,casual,290,19.642011494252863,7.2
2024-01-06,member,943,8.929886885825383,5.796428571428572
2024-01-07,member,765,6.846078431372541,4.959664351851852
2024-01-07,casual,159,8.78071278825996,6.88125
2024-01-08,member,1891,6.118535166578521,4.900423158790975
2024-01-08,casual,263,10.460202788339677,6.241145833333333
2024-01-09,casual,147,7.434693877551018,5.3062499999999995
2024-01-09,member,1081,5.889438791242684,4.725873121131741
2024-01-10,casual,293,15.236291240045507,6.849479166666667
2024-01-10,member,1834,7.350717920756097,5.071726334462182
2024-01-11,member,2068,7.320857511283036,5.109830729166666
2024-01-11,casual,346,10.56006743737958,6.378333333333333
2024-01-12,casual,390,10.166025641025636,6.549537037037037
2024-01-12,member,1812,6.744518027961737,5.076843038447181
2024-01-13,casual,463,12.913858891288706,7.412925170068028
2024-01-13,member,1278,7.393805425143447,5.633750000000001
2024-01-14,casual,306,9.87962962962963,7.10625
2024-01-14,member,1105,7.118567119155353,5.192936720142602
2024-01-15,member,1096,7.956478102189768,5.20722506393862
2024-01-15,casual,214,11.080841121495324,7.397222222222222
2024-01-16,member,572,14.344289044289049,5.389583333333334
2024-01-16,casual,69,11.439855072463766,7.65
2024-01-17,casual,128,7.964453125000001,6.508333333333333
2024-01-17,member,1034,9.315377176015485,5.396275252525253
2024-01-18,member,1258,11.028775834658203,5.189150507848569
2024-01-18,casual,165,15.105353535353537,6.393750000000001
2024-01-19,member,946,6.1910500352360796,4.862925170068029
2024-01-19,casual,135,7.950123456790125,6.266666666666667
2024-01-20,casual,201,16.24286898839137,6.357407407407408
2024-01-20,member,878,10.00939635535308,5.500115384615385
2024-01-21,member,748,7.284024064171134,5.483953168044076
2024-01-21,casual,145,10.549770114942529,6.839583333333333
2024-01-22,member,1518,6.582883179622314,4.959797137771967
2024-01-22,casual,197,9.11776649746193,6.2
2024-01-23,member,1679,6.539676394679359,4.919193786982249
2024-01-23,casual,225,7.299555555555555,5.681481481481481
2024-01-24,casual,194,7.5687285223367695,5.797222222222222
2024-01-24,member,1476,8.683796296296283,4.972737096364098
2024-01-25,member,1687,7.510659948626771,5.056782608695653
2024-01-25,casual,273,15.418803418803405,6.4375
2024-01-26,member,1537,7.886065929299487,5.2603562801932355
2024-01-26,casual,301,13.244186046511626,6.5140625
2024-01-27,casual,500,17.62996666666666,7.241156462585034
2024-01-27,member,1635,8.549255861365966,5.637777777777777
2024-01-28,casual,127,18.01404199475066,6.733333333333333
2024-01-28,member,670,6.652562189054724,5.275333333333333
2024-01-29,member,1745,7.0018147086915015,4.939308176100629
2024-01-29,casual,202,7.9520627062706275,5.727777777777778
2024-01-30,casual,242,15.565151515151513,6.186111111111113
2024-01-30,member,1932,6.227363699102833,5.013758036236119
2024-01-31,member,1910,7.19304537521815,5.156447272395549
2024-01-31,casual,245,8.947210884353737,5.787037037037037
2024-02-01,member,1898,6.7952142606252135,5.01855925485533
2024-02-01,casual,327,12.568858307849135,6.384666666666666
2024-02-02,casual,259,13.1983268983269,5.795833333333334
2024-02-02,member,1529,6.547525615870925,5.1146022918773175
2024-02-03,casual,440,22.977765151515133,7.215277777777779
2024-02-03,member,1541,8.093088903309535,5.8570009033423664
2024-02-04,casual,364,25.13374542124543,8.239666666666666
2024-02-04,member,1385,9.42748495788208,5.777021919879062
2024-02-05,member,1709,8.190725570509075,4.86496635751955
2024-02-05,casual,213,8.285837245696397,6.057407407407407
2024-02-06,casual,257,7.422632944228274,5.908333333333334
2024-02-06,member,1968,6.855885840108412,4.937884990253411
2024-02-07,member,2068,8.638982914248864,5.015200442811381
2024-02-07,casual,293,14.049829351535834,6.351041666666667
2024-02-08,casual,364,11.516895604395605,6.8420000000000005
2024-02-08,member,2074,6.720475731276117,5.087524654832347
2024-02-09,member,2035,7.479320229320229,5.2937391605965995
2024-02-09,casual,449,12.811544172234601,6.778231292517007
2024-02-10,casual,725,19.124597701149415,8.707713498622589
2024-02-10,member,1759,8.593547470153505,5.926960784313726
2024-02-11,member,1655,9.794884189325263,5.407753086419753
2024-02-11,casual,518,20.152380952380945,8.3171875
2024-02-12,casual,277,11.454572803850784,6.705208333333333
2024-02-12,member,1857,6.49252378388082,5.059122085048011
2024-02-13,casual,97,11.921649484536086,5.916666666666667
2024-02-13,member,701,8.84096528768427,5.116666666666667
2024-02-14,member,1644,6.469890510948909,5.085199879227052
2024-02-14,casual,226,9.722640117994102,5.986111111111112
2024-02-15,member,1692,6.094631599684812,4.910030566280566
2024-02-15,casual,269,12.590396530359357,6.127604166666666
2024-02-16,casual,311,13.311789924973201,6.4385416666666675
2024-02-16,member,1656,6.886865942028978,5.082418909592822
2024-02-17,member,803,7.248526359485257,5.871874999999999
2024-02-17,casual,193,12.583592400690838,7.016666666666667
2024-02-18,casual,221,20.250904977375566,7.905555555555555
2024-02-18,member,950,7.829508771929825,5.760119047619049
2024-02-19,member,1259,7.047961344982793,5.168513388734996
2024-02-19,casual,288,15.306481481481491,6.9520833333333325
2024-02-20,casual,209,15.278309409888355,6.438888888888889
2024-02-20,member,1687,7.927257459000205,4.905978796844181
2024-02-21,member,1877,6.245684603090037,4.936811594202898
2024-02-21,casual,235,8.183191489361702,5.825925925925926
2024-02-22,casual,268,13.633519900497514,5.944791666666667
2024-02-22,member,1740,5.959885057471265,4.981360946745562
2024-02-23,member,1723,6.911907525633579,5.217559523809523
2024-02-23,casual,340,23.14764705882351,7.195
2024-02-24,casual,449,13.700668151447667,6.847959183673469
2024-02-24,member,1388,7.424651777137368,5.448772653000595
2024-02-25,casual,313,14.386581469648561,7.422395833333333
2024-02-25,member,1199,7.620252988601625,5.801326412918108
2024-02-26,member,1805,6.529455216989829,4.9804474393530995
2024-02-26,casual,276,12.585024154589368,6.660416666666666
2024-02-27,casual,245,11.207959183673468,6.666666666666667
2024-02-27,member,1720,7.0727616279069645,4.979938271604937
2024-02-28,member,1552,8.35462843642612,5.2158368895211
2024-02-28,casual,220,8.282575757575758,5.992592592592593
2024-02-29,casual,303,17.289933993399345,6.188020833333334
2024-02-29,member,1786,7.780412467338556,5.197295821462488
2024-03-01,casual,426,17.549295774647888,6.903240740740741
2024-03-01,member,1826,6.731297918948518,5.255523750649537
2024-03-02,casual,159,20.101362683438154,7.435416666666667
2024-03-02,member,593,6.5566610455311976,5.230452674897119
2024-03-03,casual,1143,29.136555847185807,15.084890426758939
2024-03-03,member,1895,12.356420404573461,6.855335097001763
2024-03-04,casual,365,14.633333333333324,6.779333333333334
2024-03-04,member,1967,7.853219793255389,5.02438888888889
2024-03-05,casual,162,9.696399176954731,6.125
2024-03-05,member,1148,6.453527874564463,5.05406378600823
2024-03-06,casual,158,11.399261603375523,5.983333333333333
2024-03-06,member,1161,6.172035601492971,4.729947089947088
2024-03-07,casual,410,11.002479674796751,6.903703703703704
2024-03-07,member,2012,6.7631378396288735,5.083101851851852
2024-03-08,member,2125,7.157082352941177,5.256256200396826
2024-03-08,casual,540,11.599382716049371,7.190625000000001
2024-03-09,member,856,6.720989096573212,5.34250493096647
2024-03-09,casual,261,21.82113665389528,6.508333333333333
2024-03-10,member,1188,8.141680695847374,5.825514403292181
2024-03-10,casual,364,15.125824175824189,7.267999999999999
2024-03-11,casual,242,16.290633608815426,5.938888888888889
2024-03-11,member,1713,6.384345203346967,4.921042787000234
2024-03-12,casual,494,21.666767881241555,7.812244897959183
2024-03-12,member,2315,7.255514758819313,5.362564300411522
2024-03-13,casual,501,23.19750499001997,7.247619047619048
2024-03-13,member,2262,6.9873121131741875,5.308697537287547
2024-03-14,member,2403,8.283208489388244,5.5450538774068185
2024-03-14,casual,734,22.259877384196187,8.302685950413224
2024-03-15,member,2277,8.313394817742648,5.678455117679257
2024-03-15,casual,816,22.981127450980395,8.570833333333333
2024-03-16,casual,844,25.933353080568736,10.302777777777777
2024-03-16,member,1805,8.91785780240074,6.225217192501144
2024-03-17,member,1554,16.038502788502775,6.347222222222221
2024-03-17,casual,822,29.067964314679653,11.579059829059828
2024-03-18,member,1970,6.953587140439917,4.99409604519774
2024-03-18,casual,314,12.562420382165607,6.951041666666667
2024-03-19,casual,336,15.578819444444456,6.238333333333333
2024-03-19,member,1946,7.041349777320994,4.988
2024-03-20,member,1870,6.74235294117647,5.067304384844615
2024-03-20,casual,322,13.8350414078675,7.0969999999999995
2024-03-21,casual,337,9.12126607319486,6.6066666666666665
2024-03-21,member,1826,6.140416210295721,4.904999999999999
2024-03-22,casual,413,13.291606133979007,6.472222222222221
2024-03-22,member,1797,6.753691337414212,5.054815051020408
2024-03-23,casual,118,42.58022598870058,6.0
2024-03-23,member,426,6.951095461658836,5.364351851851851
2024-03-24,member,1305,7.851596424010221,5.878270833333334
2024-03-24,casual,397,15.683501259445842,7.265277777777778
2024-03-25,member,1988,7.970833333333317,5.078657055652964
2024-03-25,casual,351,14.733903133903135,7.026000000000001
2024-03-26,member,2099,6.5529458472288304,5.068448331713637
2024-03-26,casual,365,9.783059360730595,6.758666666666666
2024-03-27,casual,340,11.809901960784309,6.213333333333334
2024-03-27,member,1846,6.395359335500187,4.955357142857143
2024-03-28,casual,223,10.154559043348277,6.211111111111111
2024-03-28,member,1193,7.8426515786532605,4.8999405822935245
2024-03-29,member,1767,12.049330315034902,5.497508001828989
2024-03-29,casual,537,19.6576660459342,7.455338541666666
2024-03-30,casual,601,22.240488075429802,10.225514403292182
2024-03-30,member,1456,9.6308379120879,6.05340909090909
2024-03-31,member,1318,9.996320182094085,6.260498656551288
2024-03-31,casual,577,27.03844598497981,12.17366255144033
2024-04-01,member,1879,7.6727958133759016,5.117467159277504
2024-04-01,casual,361,24.394182825484762,7.451333333333333
2024-04-02,member,845,7.845779092702185,4.615277777777778
2024-04-02,casual,128,20.82513020833334,5.666666666666667
2024-04-03,casual,76,6.4377192982456135,5.433333333333334
2024-04-03,member,570,5.650584795321642,4.512760416666667
2024-04-04,casual,362,18.7994014732965,6.734
2024-04-04,member,1926,6.432338179300789,5.073074074074074
2024-04-05,casual,479,11.212908837856643,6.398979591836735
2024-04-05,member,1888,7.171424788135586,5.223660610295829
2024-04-06,member,1672,8.096052631578944,5.456430164038859
2024-04-06,casual,623,18.74852862493313,7.817489711934156
2024-04-07,member,1647,9.983849423193666,5.988307692307692
2024-04-07,casual,752,23.1244459219858,10.107162534435263
2024-04-08,casual,500,19.073433333333348,7.583163265306122
2024-04-08,member,2206,8.082003626473258,5.280622837370243
2024-04-09,casual,731,25.00191518467855,9.016253443526171
2024-04-09,member,2489,8.56049283514128,5.456154206154205
2024-04-10,member,2431,7.2085904291786775,5.275920953457697
2024-04-10,casual,558,12.837903225806459,7.121874999999999
2024-04-11,member,1670,6.721936127744505,5.211429347826087
2024-04-11,casual,358,10.245065176908753,6.883333333333335
2024-04-12,casual,513,13.549902534113054,7.553776041666667
2024-04-12,member,1898,15.704926238145397,5.603940041440041
2024-04-13,casual,638,15.744514106583091,8.378499999999999
2024-04-13,member,1673,8.373660091651725,5.997484162895928
2024-04-14,casual,1693,26.80039377830279,12.982933333333335
2024-04-14,member,2075,11.890152610441751,7.148615424430642
2024-04-15,member,2351,8.246710619594522,5.778776041666666
2024-04-15,casual,781,23.887473324797266,10.514409722222222
2024-04-16,member,2384,7.646399608501112,5.460232843137255
2024-04-16,casual,649,13.676271186440674,8.575
2024-04-17,casual,455,9.766813186813192,6.580952380952381
2024-04-17,member,2193,7.0327557379541,5.056961190273209
2024-04-18,casual,378,12.645546737213406,6.034666666666666
2024-04-18,member,1864,6.504470672389128,5.050146304312972
2024-04-19,member,2296,6.72256823461091,5.182142857142857
2024-04-19,casual,603,19.30135433941404,7.054732510288066
2024-04-20,member,2080,10.327099358974344,6.332847699629825
2024-04-20,casual,1210,22.3527272727273,9.63480717559665
2024-04-21,member,1610,8.108975155279508,5.496656462585034
2024-04-21,casual,652,19.84327709611453,8.560666666666666
2024-04-22,member,2199,7.906184629377,5.108909961290912
2024-04-22,casual,537,17.38299193047797,8.71783854166667
2024-04-23,member,2370,8.228839662447275,5.358761618761618
2024-04-23,casual,623,14.466265382557527,8.645267489711934
2024-04-24,casual,677,11.555071393402262,7.642500000000001
2024-04-24,member,2405,7.414906444906453,5.472814706598491
2024-04-25,casual,649,16.639085772984075,7.439333333333335
2024-04-25,member,2358,6.909570257280179,5.202836141666324
2024-04-26,member,2482,7.026725758796675,5.350508154415091
2024-04-26,casual,764,14.69949825479931,7.794768335529205
2024-04-27,casual,774,17.598385012919913,8.285648148148146
2024-04-27,member,1845,8.278997289972898,5.890244384546272
2024-04-28,casual,1281,26.516588602654135,12.787003367003367
2024-04-28,member,2147,10.869352585002334,6.766437098255281
2024-04-29,casual,619,22.458535271943973,9.79074074074074
2024-04-29,member,2250,7.702133333333335,5.424230503795723
2024-04-30,member,2432,8.007956414473696,5.260279457539732
2024-04-30,casual,554,15.679151624548737,7.475520833333334
2024-05-01,member,2630,7.121806083650187,5.298507832639302
2024-05-01,casual,675,14.495061728395058,7.4765
2024-05-02,member,2690,8.875774473358131,5.578437499999999
2024-05-02,casual,814,20.34598689598689,8.606365740740742
2024-05-03,member,2556,7.931748826291088,5.411010416666665
2024-05-03,casual,844,14.932187993680891,7.995710059171596
2024-05-04,member,2023,10.086076783654637,6.052609071808182
2024-05-04,casual,977,21.44484817468445,9.024444444444445
2024-05-05,casual,314,17.283598726114654,7.053125
2024-05-05,member,911,7.034632272228328,5.356590136054422
2024-05-06,member,2239,7.421177609051662,5.384266277939748
2024-05-06,casual,571,19.227729130180965,7.559635416666667
2024-05-07,member,2841,7.579590519770052,5.349756424308854
2024-05-07,casual,821,22.639667072675593,8.267766203703701
2024-05-08,member,2523,7.507002246003435,5.701988108509847
2024-05-08,casual,807,20.83133002891368,8.25769675925926
2024-05-09,casual,699,17.525321888412023,7.456166666666666
2024-05-09,member,2645,7.559603024574672,5.4078581871345035
2024-05-10,casual,391,13.002898550724643,6.362500000000001
2024-05-10,member,1677,6.693142516398336,5.3090705128205125
2024-05-11,casual,1174,26.633503691084638,10.672526041666664
2024-05-11,member,2330,9.141537911301866,6.317578882425525
2024-05-12,member,1255,9.113081009296156,5.785635635635636
2024-05-12,casual,388,22.110008591065295,7.838888888888889
2024-05-13,casual,520,20.17737179487179,7.8125
2024-05-13,member,2383,8.127402433906843,5.147693241186392
2024-05-14,member,2525,8.086627062706265,5.207884697884699
2024-05-14,casual,601,15.40196894065446,7.216872427983538
2024-05-15,casual,361,12.982502308402587,6.308666666666666
2024-05-15,member,1654,6.855582426440946,5.04375
2024-05-16,member,2150,7.635790697674426,5.353586265884653
2024-05-16,casual,524,20.768097964376587,7.2125
2024-05-17,member,2726,7.661451455123503,5.772262441012441
2024-05-17,casual,882,19.690948601662882,8.270512820512822
2024-05-18,member,2191,8.480853491556369,5.912245811938525
2024-05-18,casual,979,22.41612189308817,9.017111111111113
2024-05-19,casual,1433,25.96736450337287,12.543285123966944
2024-05-19,member,2317,11.862242842756428,7.020572475032976
2024-05-20,casual,665,24.30834586466166,8.656166666666667
2024-05-20,member,2653,8.939709762532972,5.593042763157894
2024-05-21,casual,899,18.55678531701889,8.730187074829932
2024-05-21,member,2952,7.567558717253833,5.617170762444864
2024-05-22,member,3079,7.979971852333009,5.58623534739983
2024-05-22,casual,1049,20.136526850969197,8.627734375
2024-05-23,member,2791,7.435077033321401,5.448916473959015
2024-05-23,casual,892,16.672720478325864,8.308333333333334
2024-05-24,casual,1154,28.449075678798373,9.439915966386554
2024-05-24,member,2658,9.22748934035617,5.863533610945866
2024-05-25,member,1854,11.468599424667381,6.702274524113604
2024-05-25,casual,1363,31.58985081927121,12.284492387123967
2024-05-26,member,1688,10.580351500789886,6.4242603550295865
2024-05-26,casual,1255,36.262177954847274,12.396214219759926
2024-05-27,casual,511,21.447749510763188,10.277864583333335
2024-05-27,member,1108,11.347713598074604,5.637918108419838
2024-05-28,member,2781,7.725818051060775,5.57358932756445
2024-05-28,casual,778,17.465359897172235,8.149305555555555
2024-05-29,member,2807,7.634016150100936,5.565426488894074
2024-05-29,casual,732,20.132377049180313,8.057782369146006
2024-05-30,casual,845,13.849802761341218,7.6018737672583825
2024-05-30,member,2821,7.707432352593642,5.337736742424242
2024-05-31,member,2877,7.676511794693537,5.657750728256345
2024-05-31,casual,1218,18.81377742200328,8.348809523809523
2024-06-01,member,2690,9.692759653035946,6.792430007558577
2024-06-01,casual,1760,28.572211960227257,11.352537746548323
2024-06-02,member,2353,13.015223827737632,7.015393069554965
2024-06-02,casual,1677,37.45803926654741,14.088219239200518
2024-06-03,casual,776,23.002653500859093,8.796164583333333
2024-06-03,member,2647,8.185911465810351,5.594860420384691
2024-06-04,casual,775,17.581477225806445,8.476913715277778
2024-06-04,member,2917,8.263448931550679,5.6974132263374475
2024-06-05,casual,863,21.75276523754345,8.627499211045365
2024-06-05,member,2896,7.745397266344381,5.507877319893414
2024-06-06,casual,812,17.866758148604273,8.070886342592592
2024-06-06,member,2695,8.174767235621507,5.846999765619278
2024-06-07,member,2977,8.56621579330422,5.8038346785070125
2024-06-07,casual,1261,21.998751612476863,8.704006325023087
2024-06-08,member,2703,10.526434979652235,6.6296058778258775
2024-06-08,casual,1819,22.19795778816199,10.655193381850854
2024-06-09,casual,1426,25.469776566152422,11.446895760743319
2024-06-09,member,2134,10.970544306466719,6.51387418630752
2024-06-10,member,2839,8.343017494422915,5.732083630337465
2024-06-10,casual,793,20.543391025641025,9.149411631944444
2024-06-11,casual,815,15.593633190184057,8.317823495370371
2024-06-11,member,2890,7.99493455594002,5.615568580246913
2024-06-12,casual,842,19.341078661916075,8.128355276134123
2024-06-12,member,3035,7.724219516749046,5.767005798587379
2024-06-13,member,3078,8.234722807017546,5.745527032785865
2024-06-13,casual,928,18.65299398347701,8.273319132653059
2024-06-14,casual,952,17.61868890056024,7.855036309523809
2024-06-14,member,2509,7.777701122625223,5.585955104940527
2024-06-15,casual,1471,25.6024066394743,10.324397926413257
2024-06-15,member,2422,10.148874883016791,6.686336910904713
2024-06-16,member,1943,11.285309375536109,6.742831775868243
2024-06-16,casual,1120,27.479641130952402,11.170660870818915
2024-06-17,casual,742,24.591348787061996,8.369807300275482
2024-06-17,member,2431,8.513917331687923,5.623206485064787
2024-06-18,casual,958,19.046270911621423,8.183126111111111
2024-06-18,member,2913,7.302395148186291,5.464287179595575
2024-06-19,casual,1257,20.723575855210818,8.722765697137584
2024-06-19,member,2769,8.896487342000714,6.029881206277179
2024-06-20,casual,989,17.549635692618804,7.9344111851851835
2024-06-20,member,2928,7.668084984061935,5.636989650205761
2024-06-21,casual,1090,19.309585321100915,8.289692560553632
2024-06-21,member,2685,7.911401166977026,5.681722357723578
2024-06-22,casual,1206,22.85927385295742,9.399891563786008
2024-06-22,member,2261,11.356616755123106,6.15218485958486
2024-06-23,casual,1126,30.422146876850245,9.540514965397923
2024-06-23,member,1993,9.176611950158877,6.1417246964967065
2024-06-24,casual,744,21.380615344982083,8.521563360881542
2024-06-24,member,2495,7.665363887775559,5.580953196099675
2024-06-25,casual,910,19.828867252747255,7.988041836734695
2024-06-25,member,3046,8.143216212519148,5.591022142434989
2024-06-26,casual,907,20.22684632488057,7.396206462585034
2024-06-26,member,2742,7.247997562606368,5.489530057454714
2024-06-27,member,2924,9.497837579799366,5.690356341563786
2024-06-27,casual,1008,21.54267820767197,8.373220555555555
2024-06-28,casual,1185,18.809624388185654,8.606859979423868
2024-06-28,member,2759,8.30873206475777,5.930130364288708
2024-06-29,member,2237,9.484714312323048,6.344905483405483
2024-06-29,casual,1341,21.5075043251305,9.655303968253968
2024-06-30,casual,896,22.979684077380963,8.885521942800791
2024-06-30,member,1744,9.283002379587156,6.009862513826044
2024-07-01,casual,908,23.323933663729814,8.793251785714286
2024-07-01,member,2664,8.958264445695692,5.666310087719298
2024-07-02,member,2799,7.703108235083966,5.568997186046512
2024-07-02,casual,952,17.29208200280112,8.839550595238096
2024-07-03,casual,1024,17.319606315104167,9.120529882812498
2024-07-03,member,2768,7.937892461464347,5.779668705519754
2024-07-04,member,2160,12.632915941358037,7.689505846595933
2024-07-04,casual,2354,32.625804906542044,15.132694346240179
2024-07-05,member,1702,9.25127326674501,6.069848852607711
2024-07-05,casual,945,21.451901022927675,9.730405994897959
2024-07-06,casual,973,24.929724289140125,10.33008177777778
2024-07-06,member,1705,9.357101915933535,6.347336439842209
2024-07-07,casual,1069,25.570715746803874,10.624779654947917
2024-07-07,member,1846,10.070844077284221,6.354212175007615
2024-07-08,member,2735,8.261058671541761,5.516724823952242
2024-07-08,casual,737,20.346373925825418,8.256681818181816
2024-07-09,member,2956,7.572463954668464,5.570459141583054
2024-07-09,casual,819,22.97069562474564,7.622919618055556
2024-07-10,member,2980,7.4421596812080555,5.614558593257719
2024-07-10,casual,892,16.252148112854996,8.185366071428573
2024-07-11,casual,959,17.745783594021546,8.015834074074073
2024-07-11,member,2765,8.252622531645565,5.804634507141249
2024-07-12,casual,973,15.692573261390885,8.070062444444444
2024-07-12,member,2512,7.360239861995751,5.557948700854701
2024-07-13,member,1947,12.14458713405238,6.482814515354408
2024-07-13,casual,1146,22.302212405468318,9.728526268742788
2024-07-14,member,2134,10.32865873164636,6.316201789321788
2024-07-14,casual,1203,25.342270906068176,9.941385030864197
2024-07-15,casual,816,17.234698468137257,8.01515462962963
2024-07-15,member,2778,9.0111927525798,5.617305381287183
2024-07-16,casual,804,18.538571558872313,7.498024537037036
2024-07-16,member,2940,7.401654172335607,5.550936111111112
2024-07-17,casual,802,15.902314837905225,7.434825694444444
2024-07-17,member,2709,7.390032521225549,5.456236882571011
2024-07-18,casual,922,13.82374902386117,7.681084693877551
2024-07-18,member,2965,7.470489066891517,5.703416887208569
2024-07-19,casual,1224,14.834452573529406,8.3028810710988
2024-07-19,member,3014,9.287144696969694,5.944887182327677
2024-07-20,casual,1442,20.65874230235784,9.745893009641874
2024-07-20,member,2260,9.642763053097358,6.6679925967741935
2024-07-21,member,2098,9.880921274229424,6.693787825520834
2024-07-21,casual,1277,21.833127512398843,10.291800416666664
2024-07-22,casual,748,18.469378765597163,8.158787878787878
2024-07-22,member,2699,8.138554032357668,5.466367979845446
2024-07-23,casual,754,15.983856962864722,7.497390977961433
2024-07-23,member,2655,7.653546151914612,5.414643270285087
2024-07-24,member,2936,7.885367160535889,5.815052505175983
2024-07-24,casual,870,16.963962911877402,8.023308136094673
2024-07-25,casual,1014,18.861286324786324,8.356849333333333
2024-07-25,member,2978,7.89209866800985,5.855668916666668
2024-07-26,casual,1186,18.71269413996626,8.565489866255144
2024-07-26,member,2912,8.101144957646516,5.901141453015693
2024-07-27,member,2372,10.371803175941535,6.700968194545897
2024-07-27,casual,1525,25.051738065573783,10.406899968494017
2024-07-28,casual,1315,23.90914732572877,11.228388854166665
2024-07-28,member,2173,12.393990750115051,6.535266162053056
2024-07-29,member,2775,8.354635129129113,5.876812144702841
2024-07-29,casual,852,17.33365692488262,8.69084349112426
2024-07-30,member,3144,7.721263374681935,5.640908097585687
2024-07-30,casual,910,15.150348846153852,8.186410714285715
2024-07-31,member,3023,8.499078972323295,5.9254824260210315
2024-07-31,casual,921,14.909929876945343,7.811105017006803
2024-08-01,member,2995,7.966624379521417,5.746555231183682
2024-08-01,casual,921,18.460068078175894,7.70009230442177
2024-08-02,member,2509,7.652516620167396,5.592399259533506
2024-08-02,casual,837,20.933264436479487,7.64042573964497
2024-08-03,member,1996,9.394654734468938,6.2698988307823145
2024-08-03,casual,1035,21.001223140096634,9.029597493489582
2024-08-04,casual,838,23.686183253778854,9.999717800788954
2024-08-04,member,1748,10.087214159038894,6.363751015585723
2024-08-05,casual,786,16.14225875742154,8.46883738425926
2024-08-05,member,2840,7.892507863849761,5.883064647602147
2024-08-06,member,2213,7.420842792589246,5.432795742771685
2024-08-06,casual,582,11.540420189003429,7.4105411522633755
2024-08-07,casual,490,13.871594455782308,7.274061054421769
2024-08-07,member,2060,7.5934798058252415,5.637140494791666
2024-08-08,member,1972,8.759560277214325,5.515819814814815
2024-08-08,casual,429,12.993191219891225,6.7596942129629625
2024-08-09,member,1959,7.770307665475586,5.716241757966345
2024-08-09,casual,583,15.773459062321322,7.158804732510289
2024-08-10,member,2305,10.256942870571223,6.476168177726339
2024-08-10,casual,1497,25.92610477621909,10.957553245116573
2024-08-11,casual,1414,28.469828194247995,11.496458953168045
2024-08-11,member,2123,11.218740987596172,6.703414842807465
2024-08-12,member,2798,9.136376941863238,5.794166181861454
2024-08-12,casual,732,21.233825136612005,8.150008746556473
2024-08-13,casual,894,23.454086446681604,8.724235204081632
2024-08-13,member,3115,7.851287271268055,5.75960644100279
2024-08-14,member,2965,8.74451571669478,5.882036828007815
2024-08-14,casual,898,19.57252048997773,8.293204166666667
2024-08-15,casual,923,19.821250397255316,8.046716964285716
2024-08-15,member,2989,8.146757901193265,5.755987437437437
2024-08-16,casual,1114,23.057959485338102,8.224988898500575
2024-08-16,member,2808,7.964467646011393,5.792861144781145
2024-08-17,member,2135,10.7142906479313,6.474180211202939
2024-08-17,casual,1213,21.966399258037942,9.422037903970454
2024-08-18,casual,951,25.102840483701367,9.768581122448978
2024-08-18,member,1723,9.453043499709807,6.522337733333334
2024-08-19,casual,691,15.595408972503622,7.738677833333332
2024-08-19,member,2664,7.685049455705707,5.545851442561503
2024-08-20,member,3040,7.472614314692984,5.487478332934896
2024-08-20,casual,925,13.186372990991002,8.243019260204083
2024-08-21,member,2937,7.761279077289753,5.716723406312717
2024-08-21,casual,907,15.351200349136338,7.8542974914966
2024-08-22,member,3009,7.7152865459178015,5.724126752657911
2024-08-22,casual,1046,17.8790073932441,8.075118033854164
2024-08-23,casual,1153,17.291224804856903,8.731747067901233
2024-08-23,member,2738,8.180832335037746,5.8426361554079005
2024-08-24,member,2301,9.648745871360273,6.719048931342409
2024-08-24,casual,1465,20.935209499431163,10.08938229363579
2024-08-25,casual,1166,22.812510077186964,10.294455092592592
2024-08-25,member,2074,9.822919792671168,6.7407484364332655
2024-08-26,casual,735,17.247181065759644,8.436523278236916
2024-08-26,member,2530,7.622669354413699,5.440056180144642
2024-08-27,member,2984,8.288437047587138,5.62241800237079
2024-08-27,casual,896,14.927560639880946,7.952642261904763
2024-08-28,member,2876,7.815319952480291,5.608400317512635
2024-08-28,casual,887,14.650453119128146,7.838552071005917
2024-08-29,member,2787,7.67358422437507,5.705504398774114
2024-08-29,casual,880,13.05194098484848,7.78420734714004
2024-08-30,casual,933,18.361761146838166,8.324722534013604
2024-08-30,member,2442,8.815713636363641,5.962878416955017
2024-08-31,member,1940,10.190097646048105,6.501208645041886
2024-08-31,casual,1060,21.705262751572313,10.242393749999998
2024-09-01,casual,1089,22.640374808692997,10.69242762399077
2024-09-01,member,1718,11.234586195188196,6.288145634920635
2024-09-02,casual,1165,24.634119971387715,11.955736342592594
2024-09-02,member,1963,11.346709526235362,6.470257243867244
2024-09-03,member,2845,8.34736929115408,5.8462011645660725
2024-09-03,casual,793,17.515317002942407,8.07406579861111
2024-09-04,casual,816,14.392108088235284,7.589081712962963
2024-09-04,member,3158,8.132045735697695,5.926796119644667
2024-09-05,member,3123,7.601676400896571,5.785246090225565
2024-09-05,casual,867,15.18325818915802,7.852871499013807
2024-09-06,member,3117,8.451500026735115,6.066161613859954
2024-09-06,casual,1167,16.803014781491015,8.034773533950617
2024-09-07,member,2146,8.797985422491452,6.338414083403995
2024-09-07,casual,1045,17.673498229665068,8.501752701822916
2024-09-08,casual,1302,18.116800678443408,9.443903833333334
2024-09-08,member,2305,9.760522031814897,6.701310558127572
2024-09-09,casual,878,18.96826509111617,8.11694033530572
2024-09-09,member,3108,8.03232239382239,5.908442486702128
2024-09-10,casual,873,13.636456701030928,8.33646607495069
2024-09-10,member,3286,8.64162513694462,6.018076798804629
2024-09-11,member,3394,7.607651522294254,5.731796826472484
2024-09-11,casual,975,15.048697863247858,8.048572074074075
2024-09-12,casual,972,12.276942918381348,7.7428960370370365
2024-09-12,member,3280,7.5362887550813005,5.647600142045454
2024-09-13,member,3287,7.91232347125038,5.908060941301227
2024-09-13,casual,1219,15.544325745146285,8.46833513388735
2024-09-14,member,2559,10.119844008076072,6.540258541666667
2024-09-14,casual,1614,19.179743814539442,9.660944692982458
2024-09-15,member,2321,9.870675929915263,6.527318278926224
2024-09-15,casual,1426,24.05177688172043,10.232572038567493
2024-09-16,casual,757,14.980906935270815,7.709500688705234
2024-09-16,member,3091,7.212278933462746,5.453873520161839
2024-09-17,casual,923,21.19604906103286,7.854926190476191
2024-09-17,member,3405,7.894642285854133,5.792860827174459
2024-09-18,member,3294,8.638894469742963,5.527003261566065
2024-09-18,casual,876,12.006093036529675,7.090156706114398
2024-09-19,casual,1019,11.033257998037293,7.314916666666667
2024-09-19,member,3463,7.646546130522665,5.771060091987412
2024-09-20,member,3272,8.081807253463744,5.878963444444443
2024-09-20,casual,1202,14.464472060454774,7.833578189300411
2024-09-21,casual,1682,16.721115051525956,9.287675
2024-09-21,member,2786,9.24978558267528,6.6993318562748785
2024-09-22,casual,1415,18.603259575971748,9.627448725895318
2024-09-22,member,2525,9.721669042904287,6.580250919295759
2024-09-23,casual,651,9.596085023041477,6.728673416666666
2024-09-23,member,2875,7.258111142028987,5.273370486772487
2024-09-24,member,3244,7.355519810932991,5.677299493333333
2024-09-24,casual,721,12.026362598243177,7.035723278236914
2024-09-25,member,3192,8.55764004281537,5.515345601469902
2024-09-25,casual,781,10.066877315407595,7.224858333333333
2024-09-26,member,2926,7.688391905901125,5.639418181069958
2024-09-26,casual,751,13.965197425654683,7.247986088154269
2024-09-27,casual,1030,15.085320420711982,7.717907161458333
2024-09-27,member,3184,7.7071189122696815,5.734349668411179
2024-09-28,member,1925,9.092715064935058,5.946711938431938
2024-09-28,casual,972,15.281954921124818,8.271335296296296
2024-09-29,member,1305,7.949872899106008,5.768159854166667
2024-09-29,casual,580,15.66145672413793,8.280881378600823
2024-09-30,member,3184,7.366076439489114,5.603799006666667
2024-09-30,casual,712,14.180406718164797,7.707658402203856
2024-10-01,member,3387,7.671483963192602,5.562368253968254
2024-10-01,casual,842,11.196175475059377,7.740842307692308
2024-10-02,casual,749,10.845746573208723,7.173850413223141
2024-10-02,member,3190,7.325601144200624,5.668297377094274
2024-10-03,casual,942,12.394891348195324,7.732760884353742
2024-10-03,member,3187,7.482298671687076,5.61135675
2024-10-04,member,3086,8.369291909699719,5.83414798900463
2024-10-04,casual,1068,16.500564247815234,7.825582161458334
2024-10-05,casual,1474,17.322343328810504,9.001128087586642
2024-10-05,member,2673,10.298098029679508,6.66912416824666
2024-10-06,member,2449,9.565540438274132,6.673278201556821
2024-10-06,casual,1303,17.70491932719365,9.819760479166666
2024-10-07,casual,764,12.22317150959861,7.266661511857708
2024-10-07,member,3074,7.151292545001085,5.568986386494254
2024-10-08,casual,767,11.39126158192091,7.127903819444445
2024-10-08,member,3211,7.457729975085643,5.616091269151139
2024-10-09,casual,822,11.960163625304139,7.15530474537037
2024-10-09,member,3220,7.4708454606625265,5.519683284023669
2024-10-10,member,3231,7.21273860002062,5.343550013333333
2024-10-10,casual,774,10.76077829457365,7.081531944444445
2024-10-11,member,2943,7.678985394721954,5.623469263774175
2024-10-11,casual,1023,13.841711681329421,7.735207259114583
2024-10-12,casual,1324,19.57833468026183,9.595499583333336
2024-10-12,member,2380,9.971579250700287,6.638092666666666
2024-10-13,member,2049,9.953205742638687,6.685166993464052
2024-10-13,casual,1208,20.197097061258294,9.485266666666668
2024-10-14,casual,744,14.079082325268818,7.899787121212122
2024-10-14,member,2399,7.605983368070029,5.587193529670976
2024-10-15,member,2893,8.02972829243,5.482554188762626
2024-10-15,casual,671,11.687462916045703,6.951358583333334
2024-10-16,casual,620,13.934835241935493,6.451395473251028
2024-10-16,member,2952,7.052850993676603,5.418395396825397
2024-10-17,member,2910,6.888972623138595,5.406063146711011
2024-10-17,casual,675,11.999282049382714,6.634050666666667
2024-10-18,casual,992,12.440870917338708,7.131678407407406
2024-10-18,member,3012,8.160484484285076,5.714572681955726
2024-10-19,member,2455,9.931354012219964,6.4868261776061775
2024-10-19,casual,1224,15.92450008169934,8.637754132040628
2024-10-20,member,2189,10.396576853966804,6.4349567385886965
2024-10-20,casual,1266,21.237289099526052,9.426419228993538
2024-10-21,casual,715,13.653896130536127,7.442988705234158
2024-10-21,member,2971,7.451428183552113,5.567672518537243
2024-10-22,casual,799,13.528992782644973,8.19261898148148
2024-10-22,member,3209,8.34288991897787,5.942503603519668
2024-10-23,casual,777,13.022312827112836,7.5138905671296286
2024-10-23,member,3270,9.212667813455651,5.765393910739309
2024-10-24,casual,807,13.856511937216036,7.009308159722223
2024-10-24,member,3169,7.966152571789216,5.594492033780804
2024-10-25,member,3004,8.536440229693735,5.761678760456766
2024-10-25,casual,934,11.39002342969307,7.0114568027210895
2024-10-26,casual,1255,13.493516533864543,8.252946491228071
2024-10-26,member,2556,9.409711900104323,6.3093237820512815
2024-10-27,member,2035,8.911184635544648,5.845577558099202
2024-10-27,casual,877,20.284458551881407,8.48834358974359
2024-10-28,casual,567,11.745827924750145,6.797705468749999
2024-10-28,member,2819,7.079338021757121,5.393436491436491
2024-10-29,casual,655,10.772266132315517,7.319480416666667
2024-10-29,member,3054,8.27049305828422,5.491941673976609
2024-10-30,member,3310,7.696644697885193,5.566153186671292
2024-10-30,casual,840,13.268607619047616,7.299021104536489
2024-10-31,casual,1176,14.25881231575963,7.966034567901236
2024-10-31,member,3368,8.181814731789384,5.983683009027178
2024-11-01,member,3146,8.61994550222504,5.669215747654075
2024-11-01,casual,1096,15.731396654501218,7.614825403690888
2024-11-02,casual,1154,16.602931643558637,8.117283073817765
2024-11-02,member,2528,10.456591627109699,6.241254195845644
2024-11-03,member,1900,10.020736675438595,6.05979906021874
2024-11-03,casual,818,18.126039079054593,8.376631597222222
2024-11-04,member,2616,6.977616112385318,5.38746936728179
2024-11-04,casual,546,13.15325515873016,7.33071953125
2024-11-05,casual,718,17.629045264623965,7.312098484848486
2024-11-05,member,3090,7.065459363538302,5.402681411573948
2024-11-06,member,2918,7.957928564084991,6.013446244164332
2024-11-06,casual,761,14.928773390275952,8.187403168044078
2024-11-07,casual,700,15.097324428571437,7.486367000000001
2024-11-07,member,2992,8.17054827874332,5.739873790627363
2024-11-08,casual,832,13.11997481971154,7.153835897435898
2024-11-08,member,2849,7.518295963495961,5.473379203730272
2024-11-09,casual,938,14.218065973702917,8.074942346938775
2024-11-09,member,1998,8.975386219552888,6.010921574748525
2024-11-10,member,1854,9.185492610571737,5.6603812822037245
2024-11-10,casual,701,14.271405943889684,7.828025757575759
2024-11-11,casual,641,12.434912142485704,7.526434999999999
2024-11-11,member,2545,8.07515108709888,5.42119878369494
2024-11-12,member,2757,6.626854201426669,5.151449396069947
2024-11-12,casual,496,8.807528864247315,6.463796768707482
2024-11-13,member,2650,6.928961364779878,5.251583313503866
2024-11-13,casual,482,8.808865560165975,6.499294387755102
2024-11-14,casual,480,8.678244444444447,6.33294506802721
2024-11-14,member,2520,6.836089060846565,5.202810355029586
2024-11-15,member,2762,7.331696252715414,5.378613728141337
2024-11-15,casual,730,9.386228287671225,6.942821900826445
2024-11-16,member,2176,8.607266743259816,5.832918656286045
2024-11-16,casual,913,12.758344432274558,7.6895281037414955
2024-11-17,member,1998,8.258293760427096,5.746618689405958
2024-11-17,casual,786,17.600012213740445,8.325897800925928
2024-11-18,member,2672,7.595541766467059,5.248414634146341
2024-11-18,casual,547,11.475599268738572,7.205574869791667
2024-11-19,casual,603,9.034869900497513,6.981547736625513
2024-11-19,member,2814,6.988024153044297,5.341003168044078
2024-11-20,member,2989,6.595571015947357,5.150749448645242
2024-11-20,casual,564,10.98921179078015,6.629596614583333
2024-11-21,member,1149,6.3905008413112805,4.72117202020202
2024-11-21,casual,193,17.331083074265976,5.757694444444444
2024-11-22,member,1365,6.612885128205123,5.0812544973544975
2024-11-22,casual,281,8.322580011862401,6.309030208333334
2024-11-23,casual,604,13.0970664183223,7.005323251028806
2024-11-23,member,1868,7.638974500356894,5.6378716607213635
2024-11-24,casual,586,15.010796928327643,7.392698148148148
2024-11-24,member,1643,7.4177048995739545,5.463830906666666
2024-11-25,casual,480,10.767938055555557,6.66222806122449
2024-11-25,member,2488,7.770474618167204,5.373732468380385
2024-11-26,member,2085,7.55678808153477,5.231080639648439
2024-11-26,casual,413,8.487451977401129,6.231274305555556
2024-11-27,member,2164,7.141253234750467,5.244386355984083
2024-11-27,casual,484,10.443582059228648,6.501514115646258
2024-11-28,casual,135,11.573764938271605,7.8023395833333336
2024-11-28,member,381,9.060777646544178,5.763449333333332
2024-11-29,member,1018,7.407219007858541,5.284306962962963
2024-11-29,casual,213,10.74735774647887,6.934716666666667
2024-11-30,member,1050,7.826012460317466,5.5097185546875
2024-11-30,casual,329,9.720257801418443,6.233247333333334
2024-12-01,member,978,8.501195313565095,5.337987037037037
2024-12-01,casual,291,10.39589696449026,6.951940104166666
2024-12-02,casual,315,10.205771534391534,6.331096875000001
2024-12-02,member,1982,7.273331676757488,5.235844539611914
2024-12-03,casual,330,8.265815808080806,6.430625000000001
2024-12-03,member,2244,6.298731194295902,5.022127251700681
2024-12-04,casual,366,7.807644080145718,6.068890333333333
2024-12-04,member,2237,6.368484525406036,5.064068594104309
2024-12-05,member,2100,6.568176904761903,5.059726723012438
2024-12-05,casual,335,7.233212338308458,5.864326
2024-12-06,casual,368,15.923149909420303,6.151222333333333
2024-12-06,member,1976,6.361799881916338,4.979700818203184
2024-12-07,member,1614,7.8818335708385,5.583131770158281
2024-12-07,casual,492,9.329551524390233,6.75533044217687
2024-12-08,member,1602,8.36004964627548,5.809022913832199
2024-12-08,casual,527,10.631185167615447,7.023659635416666
2024-12-09,casual,306,7.924382897603478,5.827660416666667
2024-12-09,member,1732,7.1835932063125405,5.272513280790712
2024-12-10,member,2069,7.584800354438531,5.3635518596862335
2024-12-10,casual,324,7.575586934156377,6.259872
2024-12-11,member,1355,6.688411488314884,5.270548639455783
2024-12-11,casual,212,9.149585849056601,6.3894833333333345
2024-12-12,casual,345,19.22054198067633,6.614086666666667
2024-12-12,member,1960,12.51173177721089,5.298547999999999
2024-12-13,member,1973,7.455683612096652,5.281668578720661
2024-12-13,casual,402,8.427231053067993,6.242290740740741
2024-12-14,casual,496,13.292076612903235,6.6982772108843545
2024-12-14,member,1476,6.845932994579954,5.4650760554505355
2024-12-15,casual,398,9.366426633165828,6.768957870370371
2024-12-15,member,1275,7.496076627450978,5.530019478737997
2024-12-16,casual,166,16.516905020080326,6.039954166666667
2024-12-16,member,1280,7.804886796874986,5.070263956365272
2024-12-17,casual,433,9.23458375673595,6.576569212962963
2024-12-17,member,2390,7.398872231520214,5.203939537377451
2024-12-18,casual,364,9.625351739926746,6.132403999999999
2024-12-18,member,2022,6.320469057039248,5.0713752514741595
2024-12-19,member,2136,7.002124110486906,5.051339923271173
2024-12-19,casual,475,12.607328210526303,6.214654761904761
2024-12-20,member,1579,7.133101541059755,5.0588596932870376
2024-12-20,casual,348,12.517518151340994,6.499247666666667
2024-12-21,casual,181,17.79275828729282,7.179002083333334
2024-12-21,member,734,8.269034059945506,6.100987878787879
2024-12-22,casual,107,35.01634672897197,5.821516666666667
2024-12-22,member,577,6.871674581166949,5.149543004115226
2024-12-23,casual,138,7.091309299516905,5.940816666666667
2024-12-23,member,967,6.259265218890044,4.934225555555556
2024-12-24,casual,100,11.512576666666666,6.9652666666666665
2024-12-24,member,520,7.773367788461541,5.5153625
2024-12-25,member,290,7.604092126436788,5.388800000000001
2024-12-25,casual,86,10.787422868217057,7.935525
2024-12-26,member,712,7.219666573033698,5.2807423553719
2024-12-26,casual,155,10.75198258064516,6.461106249999999
2024-12-27,member,1047,7.028556669850371,5.261663281250001
2024-12-27,casual,229,10.289969286754006,7.235975925925925
2024-12-28,member,497,6.325771864520461,5.022156802721088
2024-12-28,casual,117,22.53047834757835,6.629683333333333
2024-12-29,casual,411,15.211363098134637,8.256410185185187
2024-12-29,member,962,8.21851311503813,5.626309404761906
2024-12-30,member,1508,8.576091324049504,5.680798550724638
2024-12-30,casual,425,15.167144431372547,7.199668055555555
2024-12-31,member,1388,7.5954374279538905,5.387990986394558
2024-12-31,casual,407,12.552189926289909,7.174108796296298
2025-01-01,casual,347,13.854579827089337,7.302442666666667
2025-01-01,member,832,7.192892808493592,5.26482820940171
2025-01-02,casual,220,8.320846439393938,6.21832037037037
2025-01-02,member,1491,7.934379085624853,4.965110869565217
2025-01-03,member,1497,7.369883589401019,4.934644423440454
2025-01-03,casual,274,8.799531326034066,6.371458333333333
2025-01-04,casual,265,9.231497421383656,6.057130208333333
2025-01-04,member,1072,7.0485868159204,5.475762239583334
2025-01-05,casual,217,8.787101766513059,6.64757222222222
2025-01-05,member,972,6.498675102880662,5.04124874074074
2025-01-06,member,1254,6.645804399255712,5.288510503231764
2025-01-06,casual,135,8.003167777777776,5.716754166666667
2025-01-07,casual,166,7.525201506024095,5.666337499999999
2025-01-07,member,1417,6.2473130792754725,4.906578431372549
2025-01-08,casual,185,9.122404504504503,5.7787041666666665
2025-01-08,member,1458,6.829818347050743,4.777490206947523
2025-01-09,member,1480,7.344719110360359,4.848256553245117
2025-01-09,casual,185,6.772103423423424,5.7395708333333335
2025-01-10,casual,252,8.425853703703709,5.983103703703704
2025-01-10,member,1682,6.5050513773285665,4.99443234714004
2025-01-11,member,1250,7.155325226666664,5.341673361034165
2025-01-11,casual,271,14.042644341943424,6.285045833333333
2025-01-12,member,1177,9.793098385726429,5.6013327205882355
2025-01-12,casual,305,10.915283005464476,6.410905729166666
2025-01-13,member,1885,6.501713439434115,5.123376337693222
2025-01-13,casual,237,7.520845569620252,5.685422222222222
2025-01-14,member,1851,6.040352404105907,4.93045218244369
2025-01-14,casual,188,8.12253714539007,6.031695833333334
2025-01-15,member,1718,8.82055018432287,4.928416416666667
2025-01-15,casual,185,16.224668018018026,5.74913125
2025-01-16,member,1767,7.8884517355216035,4.877906698673983
2025-01-16,casual,230,7.456979275362317,5.4512379629629635
2025-01-17,member,1812,7.884309860191319,5.095766746684958
2025-01-17,casual,294,12.738972052154194,6.1266875
2025-01-18,member,1078,8.829107251082256,5.570035922619047
2025-01-18,casual,261,19.710986398467433,6.804722916666666
2025-01-19,member,826,6.817907485875706,5.254216666666667
2025-01-19,casual,180,21.22311416666667,7.911037500000001
2025-01-20,casual,82,8.761864024390242,6.382375
2025-01-20,member,678,7.751803318584069,5.6210846666666665
2025-01-21,casual,101,8.37276798679868,6.006749999999999
2025-01-21,member,1141,6.4121327198363955,4.948772606689734
2025-01-22,casual,106,15.711938993710689,5.347083333333333
2025-01-22,member,1206,7.7110831674958495,4.796687064270152
2025-01-23,casual,188,8.419071985815597,5.952933333333333
2025-01-23,member,1447,6.2849996659755805,5.099360175619835
2025-01-24,member,1513,7.026497003745316,5.121663957151859
2025-01-24,casual,201,14.678650331674964,5.6998
2025-01-25,casual,254,14.594794225721781,6.146047222222222
2025-01-25,member,1150,8.117915318840572,5.380299537037036
2025-01-26,casual,254,9.274694225721783,6.7023527777777785
2025-01-26,member,1201,6.857154829308908,5.428492614087302
2025-01-27,member,1831,6.012229619515746,4.801968911335577
2025-01-27,casual,199,6.961581658291459,5.316138888888889
2025-01-28,casual,245,8.694372789115643,5.59972037037037
2025-01-28,member,1955,6.812225558397282,4.904375599999999
2025-01-29,casual,261,10.85463135376756,5.875561458333333
2025-01-29,member,2097,6.4667254887935135,5.038793281807371
2025-01-30,member,1813,6.9014878654164455,4.805106790123456
2025-01-30,casual,217,5.8892665130568345,5.082861111111111
2025-01-31,member,1329,7.5895750815149166,5.273105124999999
2025-01-31,casual,226,8.985287905604723,6.251988888888889
2025-02-01,casual,304,14.477490734649122,6.691385416666666
2025-02-01,member,1134,6.692046913580256,5.404094896193772
2025-02-02,casual,195,9.920482051282052,7.583168518518519
2025-02-02,member,906,9.751202759381897,5.400032908163266
2025-02-03,casual,208,16.538023397435893,6.397071296296296
2025-02-03,member,1588,6.704137604953817,5.316838541666667
2025-02-04,member,1846,6.794471948356814,5.186881972789116
2025-02-04,casual,214,8.045393925233647,5.9453055555555565
2025-02-05,member,1772,7.025235299097059,5.1158931870141755
2025-02-05,casual,216,7.849166358024694,6.116188888888889
2025-02-06,member,1034,6.647857946486131,5.120054427083333
2025-02-06,casual,136,8.315547916666667,6.066320833333333
2025-02-07,casual,226,15.807154277286132,6.100088888888888
2025-02-07,member,1700,7.710117637254904,5.190604177718833
2025-02-08,casual,205,9.700727073170729,7.494783333333333
2025-02-08,member,1127,8.639991836734696,5.541683489304813
2025-02-09,casual,115,10.587729275362317,7.959016666666667
2025-02-09,member,599,7.252373177518084,5.698610082304527
2025-02-10,member,1343,7.290099689749314,5.642341137566138
2025-02-10,casual,134,11.646352736318413,6.983491666666667
2025-02-11,member,1490,6.832494798657717,5.450363849206348
2025-02-11,casual,174,8.661735153256702,6.547162500000001
2025-02-12,member,1345,7.524278736059473,5.075568391927083
2025-02-12,casual,141,12.966135460992914,6.045983333333333
2025-02-13,casual,186,9.15495080645161,6.320729166666666
2025-02-13,member,1548,7.4099668066322195,5.295439589371982
2025-02-14,member,1518,6.692106532718493,5.085762397605544
2025-02-14,casual,272,9.968136825980393,6.2436187499999996
2025-02-15,casual,150,20.402810333333328,6.9278458333333335
2025-02-15,member,780,6.584166260683761,5.221059722222222
2025-02-16,member,483,7.0135805037957235,5.392122448979593
2025-02-16,casual,99,10.751615319865323,7.763616666666667
2025-02-17,member,991,7.6240535149680495,5.1174641215106735
2025-02-17,casual,165,8.89707313131313,6.765314583333334
2025-02-18,member,1273,6.156154988216814,4.9527024251805996
2025-02-18,casual,132,7.589333585858586,6.4204083333333335
2025-02-19,casual,138,13.667523309178748,5.83125
2025-02-19,member,1409,6.94570086349657,4.883590443213297
2025-02-20,member,1337,8.210416168037908,4.715538041556146
2025-02-20,casual,156,8.091678952991455,5.888445833333334
2025-02-21,casual,174,8.529248659003828,6.0114
2025-02-21,member,1366,6.610881893606644,4.971504731968812
2025-02-22,member,1216,7.232577083333331,5.525890674053555
2025-02-22,casual,291,11.106445819014894,7.3534395833333335
2025-02-23,casual,308,15.107137770562755,8.381081250000001
2025-02-23,member,1145,8.159127758369728,5.4998297058823535
2025-02-24,member,1831,6.527078663753874,5.076101037851038
2025-02-24,casual,227,8.268628560939794,6.336222222222222
2025-02-25,member,2148,6.533150426753563,5.16981037037037
2025-02-25,casual,309,9.791159331175834,6.673374479166667
2025-02-26,member,2271,6.913159357111412,5.197531727891154
2025-02-26,casual,323,10.211287770897826,6.527212666666666
2025-02-27,casual,302,10.541270971302433,6.826775
2025-02-27,member,2001,6.708008037647836,5.108728991769547
2025-02-28,casual,414,9.911152737520139,6.871950462962963
2025-02-28,member,2142,6.973036865857463,5.2326793718434335
2025-03-01,member,1653,8.86863256704981,5.701681733333333
2025-03-01,casual,507,14.296079585798804,7.775973469387755
2025-03-02,casual,220,16.412290833333337,6.302987037037037
2025-03-02,member,927,10.94757612369651,5.321570025510204
2025-03-03,member,1808,6.1890727230826,4.9162929251319785
2025-03-03,casual,222,9.262398498498499,5.978166666666667
2025-03-04,casual,310,14.049648010752689,6.565773958333333
2025-03-04,member,2100,6.53932396825397,4.928273982068186
2025-03-05,casual,187,8.838842691622103,6.268964583333333
2025-03-05,member,1467,6.305298318563969,5.0293534161490685
2025-03-06,casual,303,13.682494499449943,6.3313359375
2025-03-06,member,2054,6.492641764037661,4.930898046874998
2025-03-07,casual,379,12.572661961301668,6.4776386666666665
2025-03-07,member,1959,7.365864650331802,5.050720351851852
2025-03-08,member,1608,6.97531087271974,5.217472648448044
2025-03-08,casual,400,8.832696583333336,6.5318810185185185
2025-03-09,member,1343,8.046845582030274,5.507062978524743
2025-03-09,casual,360,12.385248194444442,7.146861666666666
2025-03-10,casual,437,16.390573112128145,7.630744444444443
2025-03-10,member,2308,7.751126819757369,5.206726138433515
2025-03-11,casual,499,14.613175283901134,7.609338775510204
2025-03-11,member,2548,6.836582620355832,5.210769645833333
2025-03-12,member,2285,6.634019970824226,5.157454713064714
2025-03-12,casual,402,12.14393495024876,6.269115277777778
2025-03-13,member,2294,6.548314254577161,4.880195241914948
2025-03-13,casual,438,9.300745890410962,6.541875925925926
2025-03-14,casual,532,12.223428038847107,7.160601041666666
2025-03-14,member,2194,7.221859267699785,5.372398846597463
2025-03-15,member,1652,8.296450110976584,5.541939373333332
2025-03-15,casual,590,10.504844406779657,6.928840432098766
2025-03-16,casual,548,13.537061222627736,8.367348437499999
2025-03-16,member,1380,7.796400917874402,5.664753080120936
2025-03-17,member,1684,6.538252573238318,5.020439947552448
2025-03-17,casual,270,10.621558703703702,5.993662499999999
2025-03-18,casual,434,10.474839823348704,6.714077777777779
2025-03-18,member,2375,6.553061305263157,5.093645848551253
2025-03-19,casual,470,14.911444787234036,7.182954421768707
2025-03-19,member,2438,7.637584912496584,5.199769369369369
2025-03-20,casual,399,11.538684461152878,6.613730787037038
2025-03-20,member,2049,7.5227452415812675,5.047688004557292
2025-03-21,member,1976,9.85233022098515,5.1210506330211585
2025-03-21,casual,453,10.209426526857984,6.9901183673469385
2025-03-22,casual,735,16.53308968253968,8.766998484848484
2025-03-22,member,1883,9.624838059833591,5.810813376832885
2025-03-23,member,1446,8.50727517289073,5.5413484381685905
2025-03-23,casual,429,15.795755905205896,8.092750925925925
2025-03-24,casual,176,10.32607215909091,6.236016666666666
2025-03-24,member,1276,6.5781286964472265,4.991604304993253
2025-03-25,member,2424,7.3339776127612835,5.133633993808049
2025-03-25,casual,414,14.021696215780995,6.942038888888888
2025-03-26,member,2314,7.15674145059061,4.880906635802469
2025-03-26,casual,348,10.068106321839078,6.277838333333333
2025-03-27,casual,472,12.312696610169493,6.072907993197278
2025-03-27,member,2396,6.792980613522536,5.066410616021426
2025-03-28,casual,566,9.73733804475854,6.76040625
2025-03-28,member,2278,6.985830699443954,5.23598555659204
2025-03-29,casual,1136,21.992896875000028,10.6990354094579
2025-03-29,member,2135,10.637298743169403,6.2881850384024585
2025-03-30,member,1491,7.037286183769276,5.241953805896198
2025-03-30,casual,519,15.21244653179191,7.371107942708334
2025-03-31,member,2067,7.318170754716984,5.217572991071429
2025-03-31,casual,323,15.634854901960791,6.690460666666667
2025-04-01,casual,392,7.734658205782312,6.056812037037037
2025-04-01,member,2428,6.943922789676003,5.092971029547553
2025-04-02,member,2197,6.375287907752993,4.953780074971165
2025-04-02,casual,337,11.553471612265085,5.506727333333333
2025-04-03,casual,455,13.614362454212456,6.6108731292517
2025-04-03,member,2300,7.727967202898547,4.9668143132716045
2025-04-04,member,2462,8.061345477931223,5.5246273979440135
2025-04-04,casual,655,14.5931979389313,7.245292916666666
2025-04-05,member,1337,8.451962029419093,5.37696148148148
2025-04-05,casual,453,21.5130240250184,7.684760204081632
2025-04-06,casual,442,13.849372699849175,7.557355555555556
2025-04-06,member,1384,10.29296900289018,5.695623621553885
2025-04-07,member,1417,7.390392884027291,4.7574939738292
2025-04-07,casual,182,7.369609432234434,5.823133333333333
2025-04-08,casual,307,8.43421650380022,5.958033854166667
2025-04-08,member,2061,6.3281269610221615,4.903484423828124
2025-04-09,casual,372,9.27545349462365,6.3308826666666675
2025-04-09,member,2178,6.37969464340373,5.013118075980392
2025-04-10,casual,375,9.298560800000002,5.831716666666667
2025-04-10,member,2227,6.5912838497231,5.068219211033566
2025-04-11,casual,300,7.615573833333332,6.08381875
2025-04-11,member,1543,6.293573882047958,4.89213370949074
2025-04-12,member,909,8.129844609460948,5.040104294217687
2025-04-12,casual,191,17.846703577661437,6.806399999999999
2025-04-13,member,1893,9.242374291248455,6.237819857312723
2025-04-13,casual,1081,24.777314770274444,10.904701204427083
2025-04-14,member,2327,7.224464303108432,5.2745729359567886
2025-04-14,casual,422,14.467738704581357,7.625094444444444
2025-04-15,casual,546,13.566348229548245,7.7972127604166666
2025-04-15,member,2499,7.34864793917566,5.165242175779018
2025-04-16,member,2278,6.399578211881763,5.044755027246146
2025-04-16,casual,411,14.141404339010547,6.651149074074074
2025-04-17,casual,704,14.643784706439403,8.237179820936639
2025-04-17,member,2484,7.312096222490607,5.410486905544597
2025-04-18,member,2224,7.647602667865708,5.499711591695502
2025-04-18,casual,789,20.11211242078581,8.350113310185185
2025-04-19,member,2025,9.500059876543208,6.111395163640636
2025-04-19,casual,1181,24.8589274202653,12.326337094907407
2025-04-20,casual,732,25.91808497267759,11.20115723140496
2025-04-20,member,1488,8.879792305107527,5.8844104951690825
2025-04-21,casual,411,11.773154866180048,7.193696527777777
2025-04-21,member,2218,7.17357454914337,4.967655767012688
2025-04-22,member,2635,7.906268317520557,5.439715962441315
2025-04-22,casual,666,16.106823273273278,8.011195833333332
2025-04-23,casual,715,19.48399836829837,7.621275895316805
2025-04-23,member,2633,7.423250721610333,5.4401665841432845
2025-04-24,member,2843,7.9411062140930975,5.393815052513775
2025-04-24,casual,810,17.54262491769548,7.612329166666666
2025-04-25,member,2678,9.095719268110527,5.497534016358688
2025-04-25,casual,874,19.850986098398177,8.360361686390531
2025-04-26,casual,812,16.86466046798029,8.72047662037037
2025-04-26,member,1798,8.01131511865035,5.7652088921832885
2025-04-27,casual,684,16.76998754873295,8.524633166666666
2025-04-27,member,1726,8.342033314020856,5.927221021947876
2025-04-28,casual,719,23.729005656003718,10.28047603305785
2025-04-28,member,2540,7.911664120734905,5.5207221108254005
2025-04-29,casual,681,17.696303597650513,8.546993666666669
2025-04-29,member,2648,8.514682055639481,5.441064430894309
2025-04-30,casual,727,12.712101192113714,8.060308264462808
2025-04-30,member,2751,8.014746225614918,5.677516639625022
2025-05-01,member,2823,7.120522712244653,5.394035196650894
2025-05-01,casual,736,11.973286277173914,7.69591590909091
2025-05-02,member,2995,7.746821569282125,5.738372835778647
2025-05-02,casual,1058,14.841948282923752,8.263775260416667
2025-05-03,member,2590,9.54530476190476,6.361676113360324
2025-05-03,casual,1506,22.33289375830013,10.706391983852363
2025-05-04,member,1471,10.685727702243367,5.836358380592313
2025-05-04,casual,571,15.861584851138357,8.852120052083334
2025-05-05,member,1578,6.67636984579636,4.901649999999999
2025-05-05,casual,250,9.037789666666667,7.034587037037036
2025-05-06,casual,406,14.15179404761904,6.979107407407407
2025-05-06,member,2195,7.414988025816245,5.1582934842249655
2025-05-07,casual,741,13.655138236617177,7.753760055096419
2025-05-07,member,2928,8.078753358378881,5.608106160493827
2025-05-08,member,3041,8.686033327852686,5.617450599142938
2025-05-08,casual,796,12.979981009212732,8.004416666666668
2025-05-09,casual,379,11.284881882145996,7.197067333333334
2025-05-09,member,1772,8.020394930398783,5.179854522120088
2025-05-10,casual,1414,22.934316395568125,10.56593777056277
2025-05-10,member,2460,10.998154803523022,6.469336043829296
2025-05-11,member,1916,11.638140701113434,6.680615905211142
2025-05-11,casual,1079,26.9872327772629,11.6643419921875
2025-05-12,member,2716,7.814372938144331,5.46643569348701
2025-05-12,casual,689,15.04143838896951,7.874659583333333
2025-05-13,casual,532,10.130976942355895,7.010874479166667
2025-05-13,member,2433,7.678394095081525,5.327700109649123
2025-05-14,casual,221,9.42789939668175,6.037057407407407
2025-05-14,member,1142,7.339251838879164,5.214656430219147
2025-05-15,casual,743,11.906337415881556,7.395449311294766
2025-05-15,member,2796,8.836444116595134,5.615481232616014
2025-05-16,casual,937,13.353549750978301,8.10582474489796
2025-05-16,member,2628,8.344815569507864,5.675884748554525
2025-05-17,casual,1593,20.39959580456162,10.135730564102564
2025-05-17,member,2610,10.58271771392081,6.930894951314507
2025-05-18,member,2141,10.108458259380367,6.7717660085705536
2025-05-18,casual,1181,23.787874837708156,11.84817824074074
2025-05-19,casual,602,17.217743493909193,8.155877777777777
2025-05-19,member,2519,7.78263939393939,5.655291476423903
2025-05-20,casual,650,12.188910512820506,8.123941333333335
2025-05-20,member,2629,7.936545479903645,5.5503735375768395
2025-05-21,member,2059,7.68935986724947,5.0986490608003106
2025-05-21,casual,390,10.035491495726495,6.370948611111111
2025-05-22,casual,244,14.50335020491803,6.087691666666667
2025-05-22,member,1187,6.626876621735466,4.990661631944444
2025-05-23,member,2129,7.375080155002349,5.490694811753902
2025-05-23,casual,587,12.692878762067009,7.663049176954733
2025-05-24,casual,705,20.273014137115855,9.135862947658403
2025-05-24,member,1664,8.780320352564104,5.804743429487179
2025-05-25,casual,863,20.483995191193518,11.642360453648914
2025-05-25,member,1649,9.31306926420054,5.9839492
2025-05-26,casual,1101,23.872306554647302,12.754760092272203
2025-05-26,member,1911,10.905512698412695,6.612429844254511
2025-05-27,casual,575,10.967741362318842,7.1704481481481475
2025-05-27,member,2556,7.771599589201876,5.184233157034745
2025-05-28,casual,374,12.952954857397504,6.468671333333333
2025-05-28,member,1853,7.630821694549379,5.264974712643677
2025-05-29,casual,626,13.479454259850918,7.091461522633744
2025-05-29,member,2446,8.613614009266826,5.411631913665744
2025-05-30,casual,781,10.27611950490824,7.3132789930555555
2025-05-30,member,2762,7.904459624668116,5.486734857905378
2025-05-31,casual,1038,15.049367324983937,9.367813736979167
2025-05-31,member,2265,9.142574054451803,6.357940610966919
2025-06-01,casual,1009,22.578462223323438,10.068513703703706
2025-06-01,member,2119,12.513591308793469,6.545049632690541
2025-06-02,casual,614,16.616998697068407,8.676377057613168
2025-06-02,member,2688,9.125570529513906,5.5801972316704465
2025-06-03,casual,783,13.591405747126435,8.292292592592593
2025-06-03,member,2920,8.570310085616429,5.769034958847738
2025-06-04,member,2865,10.541195218150095,5.790604214120448
2025-06-04,casual,762,14.7107811023622,8.227899517906337
2025-06-05,casual,852,13.098250391236311,7.7460636094674555
2025-06-05,member,3134,7.643234609657531,5.7570197515160855
2025-06-06,member,2745,8.779080170006065,5.655322493555826
2025-06-06,casual,1058,15.653467596093256,8.570507747395833
2025-06-07,member,1936,9.542198080234167,5.724769967981126
2025-06-07,casual,835,17.597537245508995,8.99140009861933
2025-06-08,casual,994,26.069582712944314,10.24119751851852
2025-06-08,member,2145,11.534201833721824,6.263875334829779
2025-06-09,casual,484,15.947878305785121,7.3216761904761904
2025-06-09,member,2317,6.778038138397357,5.155602569351604
2025-06-10,member,2295,11.235449796659417,5.509981812570147
2025-06-10,casual,513,18.6155781351527,7.984053776041668
2025-06-11,casual,825,22.902589818181823,8.389924131944442
2025-06-11,member,2930,9.863571478953345,5.928696442687747
2025-06-12,member,2977,7.792741495913114,5.8734163405354725
2025-06-12,casual,909,16.68624339933994,7.941832653061224
2025-06-13,casual,1001,15.997192257742267,8.209630740740742
2025-06-13,member,2783,8.89301535513235,5.795332882639265
2025-06-14,casual,507,21.756777284681135,7.440143877551021
2025-06-14,member,1263,8.326979915545,5.990102969924812
2025-06-15,member,1340,8.748722164179105,5.747904824561404
2025-06-15,casual,527,18.074650253004442,8.797711067708335
2025-06-16,member,2425,8.332197903780074,5.376977288596599
2025-06-16,casual,541,13.773072550831783,7.445602734375
2025-06-17,casual,541,12.940804590264937,7.180734765625001
2025-06-17,member,2461,7.237814323445753,5.501800558962494
2025-06-18,member,2712,8.60099049901671,5.815241949305838
2025-06-18,casual,784,13.39202740221089,7.722530555555555
2025-06-19,member,2118,8.849623339628577,5.66998638047138
2025-06-19,casual,771,14.736964699524421,8.5131640625
2025-06-20,member,2506,8.158443522213362,5.872706344510191
2025-06-20,casual,994,21.79103501006036,9.100873814814815
2025-06-21,member,1976,11.689669391025642,6.506262192160943
2025-06-21,casual,1235,22.33332303643728,11.05405106639147
2025-06-22,casual,876,24.64402505707767,9.675325591715977
2025-06-22,member,1690,10.313975779092699,6.343735207100592
2025-06-23,member,2480,7.592036801075267,5.50492138203018
2025-06-23,casual,659,17.739894511886682,7.632347083333333
2025-06-24,casual,731,16.12984881440949,7.528954269972453
2025-06-24,member,2589,7.68153130552336,5.3886093906250006
2025-06-25,member,2792,7.782974253820434,5.372315074828744
2025-06-25,casual,829,12.917112605548848,7.556646844181459
2025-06-26,casual,784,15.43127404336734,7.411347916666667
2025-06-26,member,2739,8.752271838870634,5.595536652450548
2025-06-27,member,2663,7.5594694204531265,5.598537413793103
2025-06-27,casual,835,15.507068203592825,7.890132938856016
2025-06-28,casual,1255,19.34017247011952,9.647310322784085
2025-06-28,member,2314,9.616726325266502,6.59607169576141
2025-06-29,member,2252,9.226524415334517,6.166233238095238
2025-06-29,casual,1165,20.19552529327609,10.457762757201646
2025-06-30,casual,692,19.837143954720602,7.735023500000001
2025-06-30,member,2589,7.82319571906786,5.307369208333334
2025-07-01,member,2122,7.137299285265477,5.381721424731182
2025-07-01,casual,483,11.643575224292618,7.0418425170068035
2025-07-02,member,2671,9.004806071384001,5.786462353757684
2025-07-02,casual,820,14.886456565040644,7.856344444444446
2025-07-03,casual,849,14.535673989006671,8.69413076923077
2025-07-03,member,2424,9.666986365511548,5.619620983379502
2025-07-04,casual,1517,27.76954405625139,13.460339540012601
2025-07-04,member,1768,11.616773849924588,7.369902952991453
2025-07-05,casual,867,31.189618031526336,11.533623372781067
2025-07-05,member,1568,13.168213382227895,6.3564387152777755
2025-07-06,casual,972,23.655798936899853,10.860834777777779
2025-07-06,member,1853,9.799258742579601,6.47217184183864
2025-07-07,member,2617,7.665530524773908,5.323922060281578
2025-07-07,casual,641,17.533790691627672,7.604474999999999
2025-07-08,member,2687,7.372401004838103,5.611792243008314
2025-07-08,casual,610,11.709646775956289,7.042269547325102
2025-07-09,casual,727,14.759707038055941,7.91643567493113
2025-07-09,member,2797,7.606023566916941,5.380673032407406
2025-07-10,member,2956,7.8274699594046,5.553995495070891
2025-07-10,casual,829,15.115934177724158,7.856348126232741
2025-07-11,member,2922,8.688692875884096,5.875753090534979
2025-07-11,casual,1019,14.598262921164551,8.713841438802085
2025-07-12,member,2500,9.43312258,6.608849479509095
2025-07-12,casual,1459,22.71232660498059,10.296267011019284
2025-07-13,casual,1234,25.05691288492706,11.077115789473686
2025-07-13,member,2141,10.980290689708859,6.875394749269831
2025-07-14,casual,473,10.613700387596904,7.198170408163266
2025-07-14,member,1801,8.073547704978727,5.4673729379251705
2025-07-15,casual,718,15.284028017641598,8.285902341597797
2025-07-15,member,2782,7.9270135094656204,5.714432688840815
2025-07-16,member,2978,8.652883126259232,5.5764373569483565
2025-07-16,casual,727,13.663974140302615,7.100128236914601
2025-07-17,casual,891,14.7886107557052,7.929942110453648
2025-07-17,member,2920,7.7413240239725996,5.71624242798354
2025-07-18,casual,1120,14.676516994047613,8.166835207612456
2025-07-18,member,2863,8.455021306322031,5.816516531797528
2025-07-19,member,2303,9.150300217108114,6.388727064393939
2025-07-19,casual,1356,20.922756637168142,9.711065117157975
2025-07-20,casual,1091,23.705502413687732,10.185184890426758
2025-07-20,member,2289,9.313424625018206,6.425859523809524
2025-07-21,casual,789,17.571656822982668,7.7557265625000005
2025-07-21,member,2839,9.15995503698487,5.473699496384298
2025-07-22,casual,738,15.440826061427282,7.614779132231405
2025-07-22,member,2988,8.203816817269077,5.616077441713926
2025-07-23,member,3231,7.835504621892089,5.780951735566022
2025-07-23,casual,966,15.284240752242923,7.713424259259259
2025-07-24,casual,962,11.473551992376994,7.552452481481482
2025-07-24,member,3173,8.188025759008305,5.7420548367113176
2025-07-25,member,2773,7.548794296189444,5.649916937083107
2025-07-25,casual,940,15.999370656028361,7.686186734693878
2025-07-26,casual,1508,17.560497557471262,10.468171628859483
2025-07-26,member,2531,9.150429520611093,6.556179843304843
2025-07-27,casual,991,22.35129108644466,10.03035
2025-07-27,member,2110,11.424335774091618,6.190639405207744
2025-07-28,member,2808,8.069841921889845,5.606471212121212
2025-07-28,casual,725,14.856032229885058,8.002987327823691
2025-07-29,member,2913,7.836804863256667,5.384356862745098
2025-07-29,casual,788,15.856038726734363,7.95601388888889
2025-07-30,casual,763,15.630636871996503,7.77194600550964
2025-07-30,member,2999,8.410653634544845,5.358553240655087
2025-07-31,casual,579,10.640959211283826,6.709672633744855
2025-07-31,member,2234,7.2107486794986615,5.2757185813366965
2025-08-01,member,2803,8.679347104293022,5.716891688188706
2025-08-01,casual,965,18.098403851468046,8.514210888888888
2025-08-02,member,2341,9.494726947173577,6.64008638117284
2025-08-02,casual,1311,19.646459038901607,10.253332354166663
2025-08-03,casual,1217,22.656957888249785,11.5064769621422
2025-08-03,member,2122,9.88475826264531,6.589057315462315
2025-08-04,member,2889,7.853496042459902,5.897252633744856
2025-08-04,casual,760,23.196268750000012,8.624179958677685
2025-08-05,member,2863,9.276008406100829,5.654940073827981
2025-08-05,casual,747,14.225465640339134,8.271332231404957
2025-08-06,member,2826,7.505359094125974,5.7871524999999995
2025-08-06,casual,705,12.382279361702121,7.360210881542699
2025-08-07,member,3004,7.8995606913004845,5.654159268899956
2025-08-07,casual,881,12.488637892546349,7.76388057199211
2025-08-08,member,2990,8.073054163879599,5.795923253707448
2025-08-08,casual,1041,15.566391226384892,8.410929361979168
2025-08-09,member,2392,11.043273160535103,6.613510427319212
2025-08-09,casual,1345,17.54201996282527,9.836204383975812
2025-08-10,casual,1175,22.61189564539004,10.8235612654321
2025-08-10,member,2225,11.740360187265905,6.499233697266785
2025-08-11,member,2724,7.4610749571708235,5.45784441944398
2025-08-11,casual,766,15.213961401218453,7.956437152777776
2025-08-12,member,2968,9.19541690251573,5.695943497508499
2025-08-12,casual,735,16.649807097505672,7.814439393939394
2025-08-13,casual,566,9.86580415194346,7.3051812499999995
2025-08-13,member,2385,6.890006491963662,5.258184131734474
2025-08-14,member,2992,8.708707235962557,5.689911200736188
2025-08-14,casual,893,17.87683262411348,7.849338945578231
2025-08-15,casual,1037,14.549071873995489,7.983303938802084
2025-08-15,member,2772,8.55629334415584,5.904751451606788
2025-08-16,member,2528,10.452894778481012,6.213024141999142
2025-08-16,casual,1280,19.244187500000002,9.768856583333333
2025-08-17,member,2061,10.11922659712114,6.43854722782258
2025-08-17,casual,1070,22.266961557632396,10.014623958333335
2025-08-18,casual,649,14.873312352336924,8.096830583333334
2025-08-18,member,2783,9.96162862019403,5.4069549846764025
2025-08-19,member,2978,7.917676712558766,5.6029821518588525
2025-08-19,casual,682,14.022486852394925,8.523407
2025-08-20,casual,366,9.16000988160291,6.6005286666666665
2025-08-20,member,1819,8.358012488546821,5.146371821853741
2025-08-21,casual,734,13.825403360581292,7.463190082644629
2025-08-21,member,2636,7.410880013909969,5.575472345328443
2025-08-22,member,2815,16.593374967436354,5.981809876335179
2025-08-22,casual,1094,16.851335115783055,7.963961880046135
2025-08-23,member,2256,9.813732055260061,6.602376437879061
2025-08-23,casual,1384,21.189183477841997,10.651492857142856
2025-08-24,casual,1110,17.941349834834842,10.283849971164935
2025-08-24,member,2079,10.403151683501681,6.766222955974843
2025-08-25,member,2604,10.485205933179724,5.505848340080972
2025-08-25,casual,759,14.07289657444006,8.48020082644628
2025-08-26,casual,851,17.070358010184098,8.277836587771203
2025-08-26,member,2839,7.943854960666902,5.815009138594505
2025-08-27,member,2963,9.761959168635391,5.761832143982358
2025-08-27,casual,851,18.87944575009793,7.955076627218935
2025-08-28,member,2807,7.85114408621304,5.698585606060606
2025-08-28,casual,994,13.983403957075787,8.130512111111111
2025-08-29,member,2593,9.483929489651631,6.363857106106613
2025-08-29,casual,910,14.817571062271064,8.762779931972789
2025-08-30,member,1816,10.421938931718053,6.503772704081633
2025-08-30,casual,956,21.692695815899565,10.924906851851853
2025-08-31,member,1696,12.664236802279877,6.626757330316742
2025-08-31,casual,1053,23.425262472301387,12.013557519531249
2025-09-01,casual,1045,26.10986918660286,13.303771549479167
2025-09-01,member,1908,10.329136355695328,6.562136111111111
2025-09-02,member,2806,7.742070931337608,5.646860353100589
2025-09-02,casual,684,12.817306652046788,7.0558441666666685
2025-09-03,member,3159,9.308694170096024,5.620235950686116
2025-09-03,casual,758,14.06358586191733,7.947199311294766
2025-09-04,member,3040,10.94811196271929,5.720966402410908
2025-09-04,casual,775,12.128370559139794,7.286446122685185
2025-09-05,casual,1032,14.461173142764856,8.275253059895833
2025-09-05,member,3257,7.890164747722851,5.885504672364674
2025-09-06,casual,1028,13.017265888456548,8.136312760416669
2025-09-06,member,2241,10.088419775397899,6.399932330447331
2025-09-07,member,1751,10.46401639063392,6.322398513946045
2025-09-07,casual,666,13.98898403403403,8.683860833333332
2025-09-08,member,3113,10.095241658635825,5.765812936760288
2025-09-08,casual,669,13.161837394120575,8.419507249999999
2025-09-09,member,3184,7.873051156825782,5.901402666666666
2025-09-09,casual,746,16.517387310098297,8.02643608815427
2025-09-10,casual,631,11.631035763338613,7.6861115226337455
2025-09-10,member,2817,7.256860117145903,5.625062404243295
2025-09-11,casual,900,13.17731651851852,8.174582482993197
2025-09-11,member,3498,7.981427792071643,5.684824835600906
2025-09-12,member,3327,8.306518364893293,5.818085202268181
2025-09-12,casual,1066,12.196686225766106,8.448386458333333
2025-09-13,member,2707,12.029788289619498,6.455865702947845
2025-09-13,casual,1421,21.16136206896552,9.6546155130854
2025-09-14,casual,1218,18.893739518336066,10.154632156048015
2025-09-14,member,2619,10.183808571974033,6.317502270473923
2025-09-15,member,3069,8.439661474964698,5.721362801611162
2025-09-15,casual,701,14.081788492629586,8.341556060606063
2025-09-16,casual,707,13.945023526638382,7.692632506887052
2025-09-16,member,3270,10.423243644240575,5.741367969556243
2025-09-17,casual,670,10.862964651741288,7.434588333333332
2025-09-17,member,3100,7.3832483978494565,5.626228581110598
2025-09-18,member,3423,7.772316364787222,5.726532546002241
2025-09-18,casual,905,11.82131605893185,7.714164073129252
2025-09-19,member,3425,7.886585922141118,5.975934006726621
2025-09-19,casual,1108,13.72201018351385,8.353287254901963
2025-09-20,casual,1447,17.839688124856036,9.504797141873281
2025-09-20,member,2731,12.434532033443185,6.7618335931414375
2025-09-21,member,2380,9.823009369747902,6.458509254412974
2025-09-21,casual,1084,16.27930316728166,9.357291753171857
2025-09-22,casual,685,16.309854355231142,8.075350833333333
2025-09-22,member,3005,7.974078663338883,5.473087860268599
2025-09-23,member,3313,7.3917541805010565,5.579231735657227
2025-09-23,casual,777,11.535776147576149,7.691164583333333
2025-09-24,member,3180,8.522192898322851,5.6606360370678885
2025-09-24,casual,683,13.072639360663743,7.7370772500000005
2025-09-25,member,2528,9.960454647943024,5.68508124041201
2025-09-25,casual,926,18.115263624910003,9.385599149659864
2025-09-26,member,3352,13.608238355210833,6.052242702036827
2025-09-26,casual,1465,15.03165747440273,8.445733275788578
2025-09-27,member,2763,8.72231844010134,6.6139619068287026
2025-09-27,casual,1606,17.2969449252802,9.94853207602339
2025-09-28,casual,1371,18.56506511062484,10.028042517006801
2025-09-28,member,2464,12.623186715367954,6.5992671052631575
2025-09-29,member,3073,7.854256562533897,5.606457711970245
2025-09-29,casual,675,15.570400913580238,7.773354750000001
2025-09-30,casual,848,14.073197739779875,7.760468392504931
2025-09-30,member,3271,10.033161051666152,5.731779464585834
2025-10-01,member,3135,8.1197391440723,5.616641879699249
2025-10-01,casual,742,12.91065671608266,7.2079272727272725
2025-10-02,member,3237,8.13636073009989,5.67602921957672
2025-10-02,casual,765,11.509183137254904,7.36425925925926
2025-10-03,member,3231,7.875519065304861,5.939802053140099
2025-10-03,casual,1022,13.664248140900188,8.286183984375
2025-10-04,member,2750,9.19487650303031,6.424634560273344
2025-10-04,casual,1320,18.691978989899,9.0538105
2025-10-05,member,2488,11.172523961682753,6.607291752136752
2025-10-05,casual,1293,18.55404925238462,10.627141312499997
2025-10-06,member,2987,8.672007761410555,5.74788608957795
2025-10-06,casual,704,16.411749810606064,7.497012465564738
2025-10-07,casual,783,11.76058644103873,7.295532812499999
2025-10-07,member,3177,8.599073444549365,5.653946191721133
2025-10-08,member,2610,7.901483971902937,5.4690847630639405
2025-10-08,casual,641,11.421382007280291,7.3598187500000005
2025-10-09,member,3117,9.247323874451924,5.333751132975552
2025-10-09,casual,857,14.852706826137684,7.482155719921105
2025-10-10,casual,900,12.47042087037037,7.658615476190477
2025-10-10,member,2838,8.318808785529706,5.81967371387171
2025-10-11,casual,750,14.430519733333334,7.427388980716254
2025-10-11,member,1798,8.268694568038558,5.883857965113153
2025-10-12,member,1232,7.6155532061688325,5.7084681671283475
2025-10-12,casual,431,9.972109860788864,7.194690277777777
2025-10-13,casual,255,9.194860065359475,6.654383854166667
2025-10-13,member,1282,6.839446047841914,5.222653749999999
2025-10-14,casual,586,10.782157281001133,7.576145370370369
2025-10-14,member,2896,7.054917403314922,5.399968469135802
2025-10-15,casual,688,10.067706831395345,7.322786333333333
2025-10-15,member,3086,7.961721818967375,5.637299279624893
2025-10-16,casual,724,15.636535359116019,7.3421236914600545
2025-10-16,member,2842,8.757482395026967,5.4974250516528915
2025-10-17,casual,892,12.728344469357246,7.335199404761904
2025-10-17,member,2950,8.403184757062137,5.811830103969755
2025-10-18,member,2389,9.469423650062787,6.348887314341368
2025-10-18,casual,1159,17.004623626689682,8.981490689300408
2025-10-19,casual,1036,15.246161840411835,9.176730208333334
2025-10-19,member,2176,9.860296760110296,6.325843373997326
2025-10-20,casual,396,13.24137171717172,7.450975462962963
2025-10-20,member,2076,12.549934184328835,5.853550964781745
2025-10-21,member,2881,8.348077253268531,5.59011579638752
2025-10-21,casual,614,10.835067263843651,7.359057510288066
2025-10-22,member,2964,7.444498105038243,5.448612876506023
2025-10-22,casual,678,11.861897910521142,7.1499551666666665
2025-10-23,member,2993,7.9702725025058445,5.559981907085841
2025-10-23,casual,685,14.793416399026759,7.1030006666666665
2025-10-24,member,2967,7.6394522806426215,5.511006572936358
2025-10-24,casual,831,12.135355856397908,6.938478698224851
2025-10-25,member,2217,8.2281986543377,6.033809310940285
2025-10-25,casual,1070,16.26938965732088,8.386706249999998
2025-10-26,member,2003,10.14054719587285,5.978263129447182
2025-10-26,casual,782,14.397713448422847,8.544378819444445
2025-10-27,casual,528,10.28609292929293,7.378316666666667
2025-10-27,member,2687,6.995908212380598,5.233507823239791
2025-10-28,casual,575,9.521346231884058,6.952196707818931
2025-10-28,member,2814,7.919210175313917,5.250502565426998
2025-10-29,casual,540,9.466601635802474,7.32141875
2025-10-29,member,2780,8.617210635491587,5.448239967550027
2025-10-30,member,1447,7.072329774245562,5.410759762396694
2025-10-30,casual,338,10.236928353057202,6.8472436666666665
2025-10-31,member,2746,7.87477886622966,5.689551602324616
2025-10-31,casual,826,10.412670581113801,7.491795370370369
2025-11-01,member,2261,8.234401503759395,5.930181238095237
2025-11-01,casual,897,12.448185655890002,8.257911522108843
2025-11-02,casual,832,18.257976983173087,8.78713298816568
2025-11-02,member,2048,8.746701847330737,6.048004489087301
2025-11-03,casual,475,9.257451929824564,7.001480952380952
2025-11-03,member,2597,7.402924502631249,5.3755392033683576
2025-11-04,casual,569,13.436922378441711,7.149602864583333
2025-11-04,member,2838,8.68759876673715,5.253788211382115
2025-11-05,casual,566,11.451240606595995,6.835820833333334
2025-11-05,member,2888,7.974002712373031,5.5001093945068655
2025-11-06,casual,543,10.884465991405772,6.720911718749999
2025-11-06,member,2658,9.303260283421134,5.289873007590133
2025-11-07,casual,732,9.34236892076503,7.057047520661157
2025-11-07,member,2644,7.396933081190118,5.41001388979163
2025-11-08,member,2381,9.633440095198107,6.033827392257121
2025-11-08,casual,924,13.563151443001447,8.360591326530614
2025-11-09,casual,572,14.923023717948714,7.969108333333333
2025-11-09,member,1541,8.27490904174778,5.578357954545455
2025-11-10,casual,351,15.058035042735037,6.977278
2025-11-10,member,2109,7.681480132764326,5.102240465258647
2025-11-11,member,2003,6.050374979197869,4.816840443981962
2025-11-11,casual,327,9.627287257900099,6.679653333333334
2025-11-12,member,2468,7.051290282279853,5.453499353647277
2025-11-12,casual,432,9.117488503086419,6.7616000000000005
2025-11-13,casual,472,11.468508686440675,6.734720578231292
2025-11-13,member,2615,8.335940465264494,5.487057249322493
2025-11-14,casual,561,12.359227480689244,6.861997656249999
2025-11-14,member,2617,7.740810903069685,5.414670621841354
2025-11-15,casual,585,15.220078404558404,7.65186975308642
2025-11-15,member,2083,8.739519547127548,5.9269907636755415
2025-11-16,casual,459,12.186169498910678,7.082822448979592
2025-11-16,member,1613,9.596375025831772,5.453895086956521
2025-11-17,casual,325,10.428637384615383,6.423346
2025-11-17,member,2236,7.126784801729274,5.127396695906433
2025-11-18,member,2369,7.80458127198537,5.425878877526175
2025-11-18,casual,370,13.196171711711715,6.504328666666668
2025-11-19,casual,384,8.949967621527772,6.742273611111112
2025-11-19,member,2110,6.713944146919434,5.294791789103153
2025-11-20,casual,466,8.39736266094421,6.719588095238095
2025-11-20,member,2573,6.8482027594248,5.328467697177253
2025-11-21,casual,559,10.287147435897435,7.292235286458332
2025-11-21,member,2557,7.761944055533832,5.364377812982825
2025-11-22,member,1785,7.577748300653598,5.7401335089108105
2025-11-22,casual,574,10.79490098722416,7.304130144032921
2025-11-23,casual,512,11.54654085286458,7.679974739583333
2025-11-23,member,1486,8.120470580978019,5.321910270951481
2025-11-24,member,2373,8.260272756005065,5.37843713172632
2025-11-24,casual,396,13.11498345959596,7.30832037037037
2025-11-25,casual,320,15.314779322916667,6.940904333333333
2025-11-25,member,1741,10.818993605207735,5.3464801221348095
2025-11-26,member,1942,7.990290310676275,5.628637789351853
2025-11-26,casual,466,10.08001895565093,7.225834523809524
2025-11-27,casual,199,22.682272780569505,7.308533333333333
2025-11-27,member,736,7.197482880434788,5.366884986225895
2025-11-28,casual,215,8.733375813953492,6.913983333333333
2025-11-28,member,819,9.244840964590963,5.118045254629631
2025-11-29,member,1114,13.434459859365635,5.8287143021914645
2025-11-29,casual,309,15.894056472491902,7.2540458333333335
2025-11-30,member,819,11.276694464794458,5.5271049189814825
2025-11-30,casual,195,9.313249487179487,6.6102185185185185
2025-12-01,casual,301,8.740158970099664,6.37045
2025-12-01,member,2164,8.516090395871862,5.29574414600551
2025-12-02,casual,189,9.347024867724864,6.2416729166666665
2025-12-02,member,1416,7.15584423258003,5.255485055096418
2025-12-03,casual,321,9.138139356178604,6.006716666666667
2025-12-03,member,2077,9.370678422404104,5.277426171875001
2025-12-04,casual,352,17.027682054924227,5.907334333333333
2025-12-04,member,1983,13.733572978651889,5.212806260839404
2025-12-05,casual,322,8.168614078674945,5.773884
2025-12-05,member,1782,11.411293471754576,5.163867421124828
2025-12-06,member,1639,8.354353538743135,5.613160333333333
2025-12-06,casual,411,9.296550689375499,6.910861342592593
2025-12-07,casual,436,13.548190328746173,6.912318055555556
2025-12-07,member,1360,7.097860710784316,5.450551645373596
2025-12-08,member,1825,7.654346785388118,4.871263997821351
2025-12-08,casual,231,9.138149711399713,5.872172222222223
2025-12-09,casual,239,15.304889958158995,6.185825925925926
2025-12-09,member,1952,11.909451579576512,4.986965430402931
2025-12-10,casual,254,12.526030052493432,6.472074999999999
2025-12-10,member,1797,9.228576117603422,5.023836883503401
2025-12-11,member,1904,9.700169887955175,5.033597978596908
2025-12-11,casual,320,12.364382864583318,6.082704666666667
2025-12-12,member,1843,11.227864315427723,5.3152369696969695
2025-12-12,casual,346,9.219623843930627,6.303925
2025-12-13,casual,407,15.939578091728082,6.847737962962963
2025-12-13,member,1476,11.25877050587173,5.54716303030303
2025-12-14,member,399,8.130882790309112,5.98421087962963
2025-12-14,casual,106,23.276198742138355,6.454158333333334
2025-12-15,member,1000,11.909006383333342,5.741828427960927
2025-12-15,casual,109,7.476767431192666,6.599616666666666
2025-12-16,member,1338,10.173880368709506,5.451038888888889
2025-12-16,casual,187,8.376820766488413,6.711314583333333
2025-12-17,casual,242,9.235217837465564,6.546172222222222
2025-12-17,member,1658,9.854902312022507,5.329399479999998
2025-12-18,member,1886,8.515449832096149,5.654315655965121
2025-12-18,casual,354,9.249345621468924,6.992852666666667
2025-12-19,member,1200,20.07070255555556,5.245166152263374
2025-12-19,casual,276,14.681663345410618,6.855015625
2025-12-20,casual,442,17.831627488687793,7.485261111111111
2025-12-20,member,1328,8.031884274598392,5.630584444444444
2025-12-21,casual,280,25.41064339285715,6.8198791666666665
2025-12-21,member,1058,15.267564161940781,5.503705338541667
2025-12-22,casual,240,14.344282430555555,6.467264814814815
2025-12-22,member,1460,8.42133855022832,5.303913764568764
2025-12-23,member,945,6.966243209876539,5.089847415547416
2025-12-23,casual,173,8.814780346820806,6.991114583333333
2025-12-24,member,938,19.99556609808103,5.5955537952787955
2025-12-24,casual,196,17.4472475340136,6.805021296296297
2025-12-25,member,388,8.429476589347084,5.51287962962963
2025-12-25,casual,97,45.0170950171821,7.564583333333333
2025-12-26,member,625,8.376730426666668,5.633430452674896
2025-12-26,casual,100,10.885800499999998,6.482758333333333
2025-12-27,casual,48,35.76034791666667,7.536375
2025-12-27,member,242,8.180406611570243,6.100955555555555
2025-12-28,casual,111,17.201931831831835,8.931866666666668
2025-12-28,member,401,22.80972772236078,6.406915046296297
2025-12-29,casual,149,8.901307382550337,6.297016666666666
2025-12-29,member,826,10.979712146892657,5.145356712962963
2025-12-30,member,977,15.753956431252158,5.199106190476192
2025-12-30,casual,189,18.153179012345667,6.345747916666667
2025-12-31,member,954,15.558220807127883,5.370196428571427
2025-12-31,casual,216,13.481189583333332,6.269606481481482
2026-01-01,member,520,14.775422788461553,5.4575458333333335
2026-01-01,casual,164,43.06077337398375,7.711445833333333
2026-01-02,casual,154,14.718875757575763,6.649170833333333
2026-01-02,member,857,13.565405445352003,5.208077317554241
2026-01-03,casual,185,17.81869054054054,6.512947916666666
2026-01-03,member,934,26.48874519985726,6.035596938775511
2026-01-04,casual,200,8.48565216666667,6.515899999999999
2026-01-04,member,885,14.45214216572505,5.561304930966468
2026-01-05,casual,188,8.990535106382984,5.883091666666666
2026-01-05,member,1503,8.583341583499662,5.278444083694084
2026-01-06,casual,194,10.015103436426127,6.276966666666667
2026-01-06,member,1751,11.13758183894914,5.380829721079103
2026-01-07,casual,271,7.8537115006150096,6.5857671875
2026-01-07,member,1816,13.002074192364153,5.391998165694849
2026-01-08,member,2032,16.06353419455381,5.3318283992369055
2026-01-08,casual,330,14.212813232323231,6.722023333333334
2026-01-09,casual,341,15.210320430107538,6.7880579999999995
2026-01-09,member,1775,21.683067305164318,5.372238408779148
2026-01-10,casual,219,10.181944824961944,6.7630277777777765
2026-01-10,member,979,13.148011167858343,5.451798852040816
2026-01-11,member,1217,10.442940016433846,5.719855814536341
2026-01-11,casual,292,14.776331335616442,8.042451041666666
2026-01-12,member,1775,7.456086375586847,5.14410141746685
2026-01-12,casual,206,19.767917152103557,6.787288888888888
2026-01-13,member,2069,6.43162763815047,5.032139543937708
2026-01-13,casual,312,11.493710523504266,6.455462499999999
2026-01-14,casual,328,9.783080487804874,6.5925866666666675
2026-01-14,member,2056,8.155103437094667,5.129736419753086
2026-01-15,member,1852,13.117165649748015,5.02808049940547
2026-01-15,casual,242,7.5127676997245185,6.126925
2026-01-16,casual,233,10.739786337625175,6.033068518518519
2026-01-16,member,1674,7.952537694145753,5.008392258382644
2026-01-17,member,756,9.990223941798941,5.381174931129476
2026-01-17,casual,165,8.115417171717173,6.319466666666667
2026-01-18,member,469,21.425180028429303,5.470604081632653
2026-01-18,casual,106,22.868918867924524,7.083525
2026-01-19,member,835,10.166503093812368,5.264764735042735
2026-01-19,casual,110,47.21672439393939,7.577333333333334
2026-01-20,member,1215,14.49762285322361,4.930579483430798
2026-01-20,casual,103,19.05473754045308,6.399583333333334
2026-01-21,member,1437,20.047909510554387,5.136269007349239
2026-01-21,casual,149,24.92756465324385,6.234914583333334
2026-01-22,member,1762,8.791694977298517,5.112356431663574
2026-01-22,casual,241,7.721518810511754,5.901514814814814
2026-01-23,member,1604,8.529881005818792,4.99654076
2026-01-23,casual,261,7.589160025542781,6.165899479166667
2026-01-24,member,882,9.506586356764943,4.649462869822485
2026-01-24,casual,160,7.702162500000003,5.754708333333333
2026-01-25,casual,26,178.74731217948712,6.200749999999999
2026-01-25,member,47,5.364037588652481,4.80405
2026-01-26,casual,9,10.416818518518518,8.22485
2026-01-26,member,113,56.70364218289086,8.977016666666666
2026-01-27,member,292,40.11999902968039,9.032509375
2026-01-27,casual,37,57.87740315315315,14.277833333333332
2026-01-28,member,382,33.56363874345552,8.095883333333333
2026-01-28,casual,63,15.7485828042328,9.739550000000001
2026-01-29,casual,66,13.677413383838385,9.747391666666667
2026-01-29,member,369,34.34549132791333,8.292585333333333
2026-01-30,casual,60,38.29860972222223,9.725033333333332
2026-01-30,member,359,16.138287883008374,6.98994
2026-01-31,casual,61,14.807201092896175,8.567966666666667
2026-01-31,member,344,15.760994428294573,7.559695
2026-02-01,member,281,15.223470996441279,7.0328901041666665
2026-02-01,casual,41,83.24652804878049,8.888116666666667
2026-02-02,member,630,13.874738492063493,6.412143827160493
2026-02-02,casual,74,19.247518468468467,8.631308333333333
2026-02-03,casual,88,11.080327840909098,8.956858333333333
2026-02-03,member,732,15.480639640255,6.2816579201101925
2026-02-04,casual,105,8.37523285714286,7.50295
2026-02-04,member,873,9.081439117983946,6.474397731755425
2026-02-05,member,881,13.047809004918648,6.311476923076922
2026-02-05,casual,124,11.426659274193545,7.887783333333333
2026-02-06,casual,123,12.037220054200537,8.024
2026-02-06,member,850,14.72823064705882,6.0722973974358965
2026-02-07,member,359,12.560417780872795,5.323071333333334
2026-02-07,casual,58,12.554113793103452,8.090174999999999
2026-02-08,member,304,12.215415460526316,5.73235
2026-02-08,casual,46,9.037667753623184,7.7073583333333335
2026-02-09,member,770,9.716827359307354,5.711133912037037
2026-02-09,casual,78,9.64071111111111,7.3265416666666665
2026-02-10,member,1007,9.353735451837133,5.538370444444444
2026-02-10,casual,93,26.93662849462366,7.22745
2026-02-11,casual,127,9.66196076115486,6.816083333333333
2026-02-11,member,1091,7.384696944699066,5.457627595554351
2026-02-12,member,1069,7.21303228874338,5.2460667283950615
2026-02-12,casual,124,12.176307392473118,6.571275
2026-02-13,casual,186,41.25073709677419,6.905545833333333
2026-02-13,member,1079,7.713393713314801,5.350181884057972
2026-02-14,casual,218,26.14584120795106,8.195827777777778
2026-02-14,member,817,9.566231191350463,5.917133333333334
2026-02-15,member,758,7.286698922603338,5.340420936639119
2026-02-15,casual,218,14.943687461773695,8.281911111111112
2026-02-16,member,861,7.175777603561746,5.358421358974358
2026-02-16,casual,144,12.573014699074072,6.293945833333334
2026-02-17,member,1327,12.413323649836723,5.539186690433749
2026-02-17,casual,156,18.530449786324784,7.392216666666667
2026-02-18,member,1175,9.322619716312072,5.445349205036302
2026-02-18,casual,130,43.96037615384614,6.478999999999999
2026-02-19,member,1461,13.213169587040847,5.059533144368858
2026-02-19,casual,202,21.812726072607266,6.65401111111111
2026-02-20,casual,125,57.301493333333326,6.86055
2026-02-20,member,754,17.36659577807251,4.807222865013774
2026-02-21,member,1304,16.168674233128833,5.832643750000001
2026-02-21,casual,353,29.4824828611898,7.551291333333333
2026-02-22,casual,60,9.674703055555556,7.126891666666667
2026-02-22,member,363,9.376304224058774,5.593006
2026-02-24,member,151,24.071018101545256,8.800010416666666
2026-02-24,casual,28,15.141597619047621,11.311158333333331
2026-02-25,casual,47,73.7467535460993,8.62975
2026-02-25,member,382,19.99137164048866,6.255161111111111
2026-02-26,member,785,16.566460191082786,6.084423611111112
2026-02-26,casual,112,31.63668154761904,8.450466666666667
2026-02-27,casual,188,26.473093351063824,8.043241666666667
2026-02-27,member,1059,11.204323654390935,5.947743940886699
2026-02-28,member,1135,9.131864787077825,6.090602941176471
2026-02-28,casual,302,20.607718598233987,8.834207291666665
2026-03-01,member,892,14.239226999252605,5.623781784188035
2026-03-01,casual,209,25.14625645933014,7.494366666666667
2026-03-02,member,1242,8.956107018250139,5.287575392428439
2026-03-02,casual,166,10.494560240963853,6.800425000000001
2026-03-03,member,912,19.747083662280694,5.193923469387755
2026-03-03,casual,112,7.2767221726190465,6.130699999999999
2026-03-04,member,1576,14.170828510998277,5.505756770833334
2026-03-04,casual,232,22.59066142241379,8.292673148148149
2026-03-05,member,755,8.81761134657837,5.054221487603305
2026-03-05,casual,99,8.447386363636367,6.211633333333333
2026-03-06,member,1419,8.353701914493767,5.178358832644627
2026-03-06,casual,311,13.4974293676313,6.623105729166667
2026-03-07,member,1269,8.209448726031008,5.551915931899642
2026-03-07,casual,406,16.085127504105085,8.216358333333334
2026-03-08,casual,535,30.073252803738335,10.514295572916666
2026-03-08,member,1387,15.822542117279514,5.962703786836373
2026-03-09,casual,515,15.63383194174758,8.829089713541666
2026-03-09,member,2308,9.14890932986714,5.5771850907258065
2026-03-10,member,2444,8.351556178396088,5.752534891891892
2026-03-10,casual,598,19.66186226309922,9.094408127572017
2026-03-11,member,2402,7.83515259505966,5.301393283462035
2026-03-11,casual,542,19.2747590713407,8.451892708333332
2026-03-12,casual,187,15.589313101604281,5.893177083333333
2026-03-12,member,1183,6.990840293040297,4.752677211934156
2026-03-13,casual,380,21.478105263157897,7.503755
2026-03-13,member,1769,8.236925051818355,5.0698921985815595
2026-03-14,member,1538,11.08548720199392,5.959128703703704
2026-03-14,casual,493,19.08895851926978,8.116475510204081
2026-03-15,member,1086,8.53193549723757,5.1984151190476195
2026-03-15,casual,341,16.123519208211135,8.221267333333333
2026-03-16,casual,138,8.026116666666665,6.393466666666667
2026-03-16,member,1057,9.10853774834437,5.105476041666666
2026-03-17,member,1669,6.802076732574407,5.05520047550793
2026-03-17,casual,258,9.364854457364341,6.218891666666666
2026-03-18,casual,244,14.034987363387982,6.413185185185185
2026-03-18,member,1706,6.99602192262603,4.884337228796844
2026-03-19,casual,321,14.627392575285544,6.3197659999999996
2026-03-19,member,1760,7.535989573863635,5.012851417466849
2026-03-20,casual,458,12.475110917030566,7.184376530612245
2026-03-20,member,1728,9.896599855324064,5.056664037204626
2026-03-21,member,1851,10.060231208355825,6.129687579776545
2026-03-21,casual,801,20.514530274656696,9.30359554398148
2026-03-22,casual,564,25.24495874704487,9.7949953125
2026-03-22,member,1453,11.325908683184219,5.827742562656642
2026-03-23,member,1298,8.691493400102727,4.896223749999999
2026-03-23,casual,190,10.944869473684209,5.687425
2026-03-24,casual,300,10.085316555555556,6.845133333333333
2026-03-24,member,1960,6.591321267006799,4.823465
2026-03-25,casual,372,13.562445654121863,6.757236666666667
2026-03-25,member,2145,6.840308997669003,5.039993829394649
2026-03-26,member,2467,8.307880725577636,5.536479276315788
2026-03-26,casual,603,13.554561194029848,8.370941358024691
2026-03-27,casual,476,15.67635805322129,6.812783333333335
2026-03-27,member,1988,9.56666137659289,5.220796771121351
2026-03-28,casual,440,19.063025795454543,8.109111111111112
2026-03-28,member,1346,7.966526894502236,5.658881596798264
2026-03-29,casual,548,15.043565632603416,9.130101041666666
2026-03-29,member,1307,11.348444159653157,6.059633604166668
2026-03-30,member,2007,11.572735118751027,5.687044839945619
2026-03-30,casual,481,19.091834823284834,10.033497959183673
2026-03-31,member,2462,8.021801685621448,5.622084343434344
2026-03-31,casual,656,16.959017301829277,8.707103833333333
2026-04-01,member,2442,8.400794560469564,5.43456398888889
2026-04-01,casual,607,14.961181905546407,8.08912489711934
2026-04-02,casual,368,8.98996372282609,6.455547
2026-04-02,member,1858,8.226452592393255,4.812644153911564
2026-04-03,member,2047,8.373059607555778,5.3372611212938015
2026-04-03,casual,680,15.681377720588237,8.097066833333333
2026-04-04,member,1678,11.206344934445784,6.125349047619047
2026-04-04,casual,757,22.56226856010564,9.559073415977961
2026-04-05,casual,255,13.674238562091507,8.1680828125
2026-04-05,member,850,7.359969215686268,5.3744069526627225
2026-04-06,casual,376,19.43198280141844,8.413637
2026-04-06,member,1917,7.325635376456263,5.10711212037037
2026-04-07,casual,374,11.466407174688054,6.794463333333333
2026-04-07,member,2122,8.861483388312918,5.020626611143582
2026-04-08,member,2069,8.732398211696454,5.095654067460316
2026-04-08,casual,358,8.824041806331469,6.245278999999999
2026-04-09,member,2105,6.828418432304048,5.015819570566624
2026-04-09,casual,379,11.69483474054529,6.271101333333333
2026-04-10,casual,640,20.24053044270833,8.221300666666668
2026-04-10,member,2275,7.9188425860805935,5.3412547619047634
2026-04-11,member,2037,10.269831181476,6.002040998959417
2026-04-11,casual,891,22.505128600823046,9.95565
2026-04-12,casual,627,25.36617094630516,9.671764814814816
2026-04-12,member,1656,8.262366364734286,5.810758344383245
2026-04-13,member,2426,8.723694950535847,5.500172161319072
2026-04-13,casual,485,21.812405945017183,8.242157142857142
2026-04-14,member,2726,9.406018598679383,5.899665648072885
2026-04-14,casual,695,14.924670407673865,8.637512583333331
2026-04-15,member,2876,8.71985337853499,5.905314143518519
2026-04-15,casual,720,15.694480439814798,8.257956129476584
2026-04-16,member,2952,8.225702529358623,5.6553227305665335
2026-04-16,casual,877,17.20529346256177,8.930222978303748
2026-04-17,casual,922,14.793875216919755,8.991518027210885
2026-04-17,member,2756,8.82834421867441,5.626578198158488
2026-04-18,casual,1089,22.801457575757556,9.431472433679353
2026-04-18,member,2310,21.286692871572843,6.427854557823131
2026-04-19,casual,962,36.716722089397095,12.808832487684729
2026-04-19,member,1444,9.713321491228072,6.297070913890031
2026-04-20,member,2098,8.231717770892907,5.396790462239585
2026-04-20,casual,401,11.441053325020789,7.055375925925926
2026-04-21,casual,401,13.76616176226101,6.37415324074074
2026-04-21,member,2208,6.951391953502424,5.2253925091911775
2026-04-22,casual,452,16.897776991150455,7.00945918367347
2026-04-22,member,2249,7.269682829405666,5.353892857142857
2026-04-23,member,2667,8.861082258467682,5.766293891837042
2026-04-23,casual,765,13.720408061002187,7.9240681712962955
2026-04-24,casual,797,15.283087913007119,7.720094270833333
2026-04-24,member,2474,9.979892562651568,5.591106244228993
2026-04-25,member,669,8.61634743398106,5.0578165
2026-04-25,casual,239,11.13190732217573,7.904805555555555
2026-04-26,casual,662,21.13273048841894,9.300475333333333
2026-04-26,member,1640,11.525184227642262,6.202690871315193
2026-04-27,casual,558,11.738897341696546,7.599869270833334
2026-04-27,member,2502,7.700697948308025,5.543976789215687
2026-04-28,member,2486,7.3025289085545815,5.266641396416085
2026-04-28,casual,539,16.060488713667283,7.894363671874999
2026-04-29,member,2389,8.272237414538862,5.410110958681641
2026-04-29,casual,491,14.34300061099797,7.187864285714285
2026-04-30,casual,584,9.682676626712329,7.08237962962963
2026-04-30,member,2375,7.381210252631572,5.514428981818183
