day,member_casual,rides,mean_duration,median_duration
2023-01-01,casual,15842,39.265785146025294,17.941295746102398
2023-01-01,member,34800,14.971182923850607,8.986787654552506
2023-01-02,member,44549,12.486292066039647,8.094333017000888
2023-01-02,casual,13692,36.10875121360404,16.20613626466168
2023-01-03,casual,5978,23.84605404538863,11.297384637246571
2023-01-03,member,45811,12.482516876587098,8.031892676601943
2023-01-04,casual,10637,35.494424239290524,13.108309496952465
2023-01-04,member,63817,12.885299940454733,8.328746135878117
2023-01-05,member,62543,11.865810470396376,7.978508626391496
2023-01-05,casual,8897,21.95031138024054,11.416368669078043
2023-01-06,member,56042,11.910657586571961,7.824455632576769
2023-01-06,casual,8710,24.10417681017987,11.225631255164235
2023-01-07,member,48748,13.185104588564318,7.947909568830481
2023-01-07,casual,10410,26.653618371757926,12.210741450706315
2023-01-08,casual,8313,29.361271135570778,12.145838372318124
2023-01-08,member,41141,13.478710689255678,7.82349925047014
2023-01-09,member,55432,11.462262979566558,7.785275412251985
2023-01-09,casual,6156,22.14750663038771,10.293182764466367
2023-01-10,casual,6426,20.7780651182695,9.78398344118923
2023-01-10,member,60248,11.307583966272768,7.876042093553307
2023-01-11,member,61083,11.372368812108132,7.745068578348599
2023-01-11,casual,6017,21.908113290122415,9.867142710569158
2023-01-12,casual,5083,20.72363659584235,10.043699604833233
2023-01-12,member,46408,11.37603600815948,7.657717060986303
2023-01-13,member,57572,12.431851950600961,7.7506855304708715
2023-01-13,casual,7702,21.071466645027236,10.697604482177788
2023-01-14,casual,6300,22.418065465608457,11.296974497942388
2023-01-14,member,37227,13.103651583080378,7.584149064130597
2023-01-15,member,34441,12.953665659146571,7.863605409311195
2023-01-15,casual,6650,26.859344075188,11.88451178217822
2023-01-16,casual,6724,26.508352964505228,11.826029157550407
2023-01-16,member,43039,11.924589753866645,7.83191897779562
2023-01-17,casual,6149,27.054006301837696,10.449552637986635
2023-01-17,member,58723,11.558917084163516,7.934520224800997
2023-01-18,casual,7474,23.456420261350466,10.529829995861883
2023-01-18,member,68346,12.761739382212083,8.147272227535122
2023-01-19,casual,2437,21.810454404322265,8.369498759233606
2023-01-19,member,29921,11.140942316990317,7.25478894079191
2023-01-20,member,59750,11.852137687866092,7.932995558853145
2023-01-20,casual,7782,21.14646605200033,10.781137575251964
2023-01-21,member,48387,13.286341025826461,8.016008187295506
2023-01-21,casual,9805,24.92239839027705,12.251952144099166
2023-01-22,casual,6256,27.451143552855918,12.056994681866104
2023-01-22,member,33182,13.247995196693,7.809266884914925
2023-01-23,casual,2722,22.490254451383787,8.558567705971278
2023-01-23,member,35695,11.0320048480179,7.2852219254701405
2023-01-24,member,61404,12.646643669250649,7.908362110390178
2023-01-24,casual,6243,18.86143629932191,10.277461707843136
2023-01-25,member,38721,12.570722753802839,7.500775309146761
2023-01-25,casual,3147,25.52548357165554,8.897809067700308
2023-01-26,member,58416,11.90084548154616,7.900349248920434
2023-01-26,casual,6023,19.329674243178907,9.835180580098736
2023-01-27,member,58008,11.872454457718481,7.71134834555822
2023-01-27,casual,7606,22.034251746428243,10.638137318780048
2023-01-28,casual,13004,27.7837887842202,13.875264879695067
2023-01-28,member,53815,12.741756467217938,8.540728794523549
2023-01-29,member,47410,12.815334619278639,8.223683578762625
2023-01-29,casual,10631,26.105316270027924,12.615786698960424
2023-01-30,casual,7939,21.46595648066506,11.382107196852738
2023-01-30,member,62497,12.000901033916284,8.05238458862159
2023-01-31,member,52568,11.869284383401839,7.623783812216818
2023-01-31,casual,4830,19.246442639751546,9.696503763687293
2023-02-01,casual,4739,20.744295227544455,9.39872940187495
2023-02-01,member,55690,11.826263572454609,7.601094782805831
2023-02-02,casual,5323,17.4265381520446,9.427986688924374
2023-02-02,member,57836,11.131723088560781,7.565938571117336
2023-02-03,member,35108,11.198135046143333,6.652454624091305
2023-02-03,casual,2954,21.246576839313907,8.114858349086326
2023-02-04,casual,2602,22.959220362541625,8.878271966082444
2023-02-04,member,22208,11.847997383825637,6.514508567107552
2023-02-05,member,42099,12.396203914186424,7.951239702778506
2023-02-05,casual,7743,27.84274654526671,12.687785955383026
2023-02-06,member,58670,11.730060865575831,7.60287634973616
2023-02-06,casual,6164,18.36866076681808,10.06414139755469
2023-02-07,member,60397,11.095242907760303,7.624697540166755
2023-02-07,casual,5709,18.382764220237046,9.614984745192105
2023-02-08,member,70735,12.403024539713993,8.148068203898017
2023-02-08,casual,7901,21.086714112137702,10.739101038092082
2023-02-09,member,68135,11.784565413517308,7.986436250858792
2023-02-09,casual,7928,20.83967126009082,10.381692269430541
2023-02-10,casual,11614,23.839942095746533,12.385083873190112
2023-02-10,member,72354,13.42594990348378,8.261544601982303
2023-02-11,casual,11436,29.738015334615824,13.312879585641944
2023-02-11,member,52364,13.21607670346036,8.36040264808861
2023-02-12,casual,9174,25.51189468606934,12.203384184886259
2023-02-12,member,46488,12.218526990477812,8.01109273825835
2023-02-13,casual,7715,22.47115983797797,11.577127694262114
2023-02-13,member,64310,12.265542802311723,8.026782969808394
2023-02-14,casual,8512,21.884677725563915,11.180423355514513
2023-02-14,member,69709,12.28503112725756,8.165396325742009
2023-02-15,member,78299,13.038016057463455,8.582776183695897
2023-02-15,casual,10741,24.396215152220503,11.932567771420716
2023-02-16,member,66153,12.64062242150771,8.159567112030718
2023-02-16,casual,8469,20.811684510174363,10.895958614601334
2023-02-17,casual,5151,19.64865845790463,9.621923695751557
2023-02-17,member,44435,10.677532962004427,7.204313326963417
2023-02-18,casual,9015,24.564871538177115,12.978522959556312
2023-02-18,member,43110,12.135925798731916,7.8780421257246935
2023-02-19,casual,9814,35.45969460804296,13.796716770500947
2023-02-19,member,41495,12.42535507892516,8.045762478201581
2023-02-20,casual,14021,33.00261458288758,15.216752581707516
2023-02-20,member,56860,12.96412196506039,8.531250689866267
2023-02-21,casual,5683,20.393276156959367,10.720668664903513
2023-02-21,member,50542,11.36611878800467,7.739497324812564
2023-02-22,casual,4854,19.464329415602247,9.708031008283005
2023-02-22,member,49576,11.012380718828972,7.46402610628832
2023-02-23,casual,6674,20.951526560783112,10.45323763756367
2023-02-23,member,58921,12.507304671792177,7.753303886900678
2023-02-24,casual,6881,23.273078409145945,10.410380886777629
2023-02-24,member,52722,11.34975321560892,7.4979473475073215
2023-02-25,member,37336,11.954049354064031,7.428417035108735
2023-02-25,casual,5989,23.8247519786275,10.581186766551495
2023-02-26,casual,9211,26.775377184887653,13.137176390680304
2023-02-26,member,45466,12.561332922403528,8.112219733840165
2023-02-27,casual,5352,21.254028596786263,10.06338003815001
2023-02-27,member,53035,11.647364535369698,7.540962705247038
2023-02-28,member,37707,10.503529914427906,7.238463444962552
2023-02-28,casual,2972,17.065526800134602,9.104173716131061
2023-03-01,member,63824,11.65467512952287,7.729439297143244
2023-03-01,casual,6421,27.54824558739551,10.138390788006472
2023-03-02,casual,7684,22.953914924952283,10.744503643436335
2023-03-02,member,66078,11.602119793022391,7.880025048270613
2023-03-03,member,57904,11.47067082038085,7.571068941232722
2023-03-03,casual,7440,23.939813599910384,10.944822101746746
2023-03-04,casual,9455,25.372676340560552,12.957693196251508
2023-03-04,member,47375,12.458717469832903,8.216573946971652
2023-03-05,casual,13022,25.19797081221524,14.984738145126087
2023-03-05,member,51763,13.011290497073238,8.635728541991828
2023-03-06,casual,7962,23.77498973666584,11.682728844718515
2023-03-06,member,64693,11.809797427336287,7.912694792141287
2023-03-07,casual,5988,19.745434070919632,10.047877133188834
2023-03-07,member,60689,11.143695816924541,7.656033271239086
2023-03-08,member,64839,11.205478772549398,7.777805267983784
2023-03-08,casual,6838,18.702047438334805,10.368434618021093
2023-03-09,casual,8461,21.917702003309298,11.212670747617853
2023-03-09,member,68854,11.176169077323,7.914769794239587
2023-03-10,casual,6602,28.24062437392711,10.639659928935783
2023-03-10,member,52857,10.551945636654873,7.398325763379632
2023-03-11,member,41393,11.012098064084883,7.820257318548631
2023-03-11,casual,7771,24.65796062068372,11.97626341012818
2023-03-12,member,45767,13.414867495138422,8.098898377357015
2023-03-12,casual,10805,28.984481337343844,13.661246279661125
2023-03-13,member,30145,11.105970456681598,7.100965876905163
2023-03-13,casual,2678,19.318641560866304,9.48798606047277
2023-03-14,casual,2865,15.048236998254799,8.888144847836829
2023-03-14,member,36524,9.96379543085826,6.938396134698788
2023-03-15,member,59352,10.542171195578934,7.515130868451563
2023-03-15,casual,6314,20.001026269665285,10.015661177430879
2023-03-16,casual,11046,23.808640305691373,12.863304336952847
2023-03-16,member,72506,12.103928199735185,8.284772154776977
2023-03-17,casual,13332,30.078934817231715,13.377633330570154
2023-03-17,member,69836,12.916574036790953,8.433015119222087
2023-03-18,casual,17005,34.486583229442324,15.825419845586234
2023-03-18,member,57879,13.799644648318067,8.861683677794828
2023-03-19,member,40757,11.23183787815588,7.748074426533129
2023-03-19,casual,7787,23.913848685843927,12.02961049195231
2023-03-20,member,61155,11.316490133540466,7.828973654854267
2023-03-20,casual,7796,40.47982708012657,11.942861287961026
2023-03-21,member,75912,13.95169716579725,8.54938405086737
2023-03-21,casual,11997,27.355021369231178,13.83039008220304
2023-03-22,casual,10827,24.049497461592946,12.641249655603776
2023-03-22,member,76281,12.863790023072541,8.267854750195298
2023-03-23,member,66762,13.159331823742058,8.108672490511134
2023-03-23,casual,8564,22.604878045695166,11.576893519173995
2023-03-24,casual,11445,32.17396580602885,12.941101840601798
2023-03-24,member,66392,12.404640881431503,8.065613331234314
2023-03-25,member,28621,11.669421292640616,7.35857659348161
2023-03-25,casual,4395,26.043302017444056,10.900330012243648
2023-03-26,casual,23151,31.021655256792354,18.73255685209625
2023-03-26,member,64866,14.563552944017916,9.679967900295086
2023-03-27,casual,7383,27.552663928394082,12.379794883082685
2023-03-27,member,53398,11.796548765871382,7.683156488961139
2023-03-28,casual,8731,21.551006788073163,11.918000675332733
2023-03-28,member,70997,11.911200145311312,7.995039687656644
2023-03-29,member,78021,12.505229716144772,8.130944719470376
2023-03-29,casual,10638,25.157152757410532,12.017486011111112
2023-03-30,casual,8649,26.812356137511085,11.041260447359125
2023-03-30,member,67923,11.045666271611445,7.737500694042842
2023-03-31,casual,11475,25.53458228031953,11.820969696687179
2023-03-31,member,71424,11.286524028337789,7.918777078070317
2023-04-01,member,54351,14.29173144008388,9.061256024706449
2023-04-01,casual,16666,36.72789120264811,15.954859800317154
2023-04-02,casual,15771,31.99348612220739,15.55371037329289
2023-04-02,member,55588,12.794886987299394,8.657730210516638
2023-04-03,member,72941,11.739597414805548,8.182273922372723
2023-04-03,casual,11556,28.37587038911963,13.364014095189441
2023-04-04,casual,16120,29.00520497311827,14.754603656295396
2023-04-04,member,88969,14.253259409269885,8.90989005161756
2023-04-05,member,64176,11.652195173429297,7.758175246872172
2023-04-05,casual,7733,21.794015601965594,10.730859607575821
2023-04-06,member,80542,12.614253547217594,8.65398905257397
2023-04-06,casual,15979,28.432615142791555,14.51353152016509
2023-04-07,casual,14332,26.73317066587592,13.515101506559692
2023-04-07,member,67077,11.801182925592983,7.9708060127335765
2023-04-08,member,57856,13.320166207192552,8.744798760347804
2023-04-08,casual,19116,29.28110698803791,16.871638810552675
2023-04-09,casual,18486,31.639951793248933,17.98349112490115
2023-04-09,member,51491,13.72756650514978,8.869919699205909
2023-04-10,member,73970,14.069049817042956,8.577033103621003
2023-04-10,casual,16089,38.948843540099844,16.60052573680063
2023-04-11,casual,17821,40.563307199371636,15.5191225919035
2023-04-11,member,86247,13.966086117198289,8.996754391384183
2023-04-12,casual,21609,32.60460339750407,15.722154174866965
2023-04-12,member,94502,14.252296752273349,9.340796555840589
2023-04-13,casual,23532,33.34694935194624,15.863027696453955
2023-04-13,member,95552,14.274059586926441,9.354966417913666
2023-04-14,casual,27499,39.767291738487444,16.499083121943535
2023-04-14,member,92296,14.46175544606487,9.33973711942004
2023-04-15,casual,26643,34.596183305183395,16.11952156245575
2023-04-15,member,74704,14.874759196294752,9.39500408735683
2023-04-16,casual,28322,34.28844527104967,17.44827380291348
2023-04-16,member,75284,15.117150991799903,9.639760537591906
2023-04-17,casual,13075,23.50480678138943,13.104004624236868
2023-04-17,member,78408,12.16129521116041,8.323963178991566
2023-04-18,casual,11547,22.097180101613663,11.602553854246503
2023-04-18,member,84202,11.472643587048587,8.115701455889887
2023-04-19,casual,14490,24.281944916034035,12.456139135623635
2023-04-19,member,91494,12.83204840426692,8.507740839078108
2023-04-20,member,95182,12.837691105986416,8.693776464653252
2023-04-20,casual,17748,27.778497832619642,13.30482170004298
2023-04-21,member,91479,12.84549189741177,8.831258737007321
2023-04-21,casual,23419,28.22083561282149,14.611318996866094
2023-04-22,casual,40156,32.25697935343828,18.856892762102106
2023-04-22,member,73418,15.423938831303875,9.688198742040688
2023-04-23,casual,23871,33.58353148660158,17.20669863969888
2023-04-23,member,63788,14.616058894306114,9.53438780491382
2023-04-24,casual,15545,25.746628467888954,14.015969122060397
2023-04-24,member,83764,12.148843924995628,8.397201033025006
2023-04-25,casual,14889,25.257544833993784,13.001974057249399
2023-04-25,member,90778,12.551554611249435,8.471470633518678
2023-04-26,casual,14841,24.156308409136837,12.477773932918973
2023-04-26,member,93598,12.206062305462432,8.520046079871856
2023-04-27,member,88311,12.232369913147835,8.299880148904727
2023-04-27,casual,14489,25.531443918374848,12.344707076032364
2023-04-28,member,72313,11.738691899796681,7.9645022739391695
2023-04-28,casual,13128,26.86089177330898,12.702159517233893
2023-04-29,member,15567,10.531037679064688,6.859003514669519
2023-04-29,casual,2190,19.959666811263315,9.996768915801617
2023-04-30,casual,3800,20.713232114035094,11.189385742244854
2023-04-30,member,21050,10.979645813143293,7.1045643542679215
2023-05-01,member,86270,12.62152765078628,8.322174646454602
2023-05-01,casual,15109,28.846248153418514,14.364103826902223
2023-05-02,member,78824,13.190064686516788,8.176856108732993
2023-05-02,casual,10803,21.0627794871795,11.728705731973431
2023-05-03,member,88665,11.791130505836522,8.180082060097947
2023-05-03,casual,12794,26.510089866343613,11.979637863407948
2023-05-04,member,80267,11.54766063969833,8.179768575979498
2023-05-04,casual,11602,22.198595484973847,11.563148884624294
2023-05-05,casual,19345,34.388717051779125,14.206194554280518
2023-05-05,member,92488,12.436337853919772,8.712567737997425
2023-05-06,member,88043,15.756813583324817,10.23102452193531
2023-05-06,casual,35299,34.760439008187255,18.871193230730814
2023-05-07,casual,33618,37.082949018878764,18.576546362928188
2023-05-07,member,79398,17.094521656716818,10.241651625022017
2023-05-08,casual,19437,28.058375919637793,15.643703555222608
2023-05-08,member,95237,13.312963462379809,8.981756651379321
2023-05-09,member,98644,12.497191656867125,8.709969376817057
2023-05-09,casual,16535,25.996985758492073,13.583365370134304
2023-05-10,member,103800,13.088176887764888,8.97812144075921
2023-05-10,casual,19162,25.45854789513966,13.982126015214302
2023-05-11,casual,21858,26.503681555952074,14.477072251577788
2023-05-11,member,106349,13.726626177647823,9.274666914560907
2023-05-12,casual,25990,30.670764638322414,15.349480797609898
2023-05-12,member,103000,13.861982533818752,9.305198215265245
2023-05-13,member,88095,16.01345346236074,10.12102255849178
2023-05-13,casual,33521,31.703968339747213,17.70492206441998
2023-05-14,member,77226,15.410125018128584,10.103009919532465
2023-05-14,casual,29652,32.0420453443275,18.370017774198942
2023-05-15,casual,18731,27.00474804068122,14.644516173123598
2023-05-15,member,96006,13.48024746856101,8.935115215843023
2023-05-16,casual,19703,29.180457525080776,14.592212580346533
2023-05-16,member,101679,13.092628775197817,9.14987672694674
2023-05-17,member,98207,12.760612908448474,8.810850811180494
2023-05-17,casual,17476,24.251008660448633,13.551297598733022
2023-05-18,casual,18596,23.682469402021958,13.542876509093517
2023-05-18,member,96087,12.786578282528689,8.744481394063545
2023-05-19,casual,23695,28.509296068790807,15.214303985258274
2023-05-19,member,96121,13.044088746129042,8.990115844201243
2023-05-20,casual,8580,27.348040998445992,12.39628576038529
2023-05-20,member,36383,12.181698887758941,8.11702390515355
2023-05-21,casual,32128,33.188368133196384,18.254486023622267
2023-05-21,member,82122,15.553693538272407,10.064381812513345
2023-05-22,casual,19293,27.48134341211839,14.670800871981246
2023-05-22,member,94550,12.83960223074207,8.704392995965286
2023-05-23,casual,18558,26.711710552502073,13.997891118409044
2023-05-23,member,103393,12.533588782283852,8.765972005797915
2023-05-24,member,98334,12.59276059111464,8.727360582528227
2023-05-24,casual,17970,23.945422925245783,13.52276990193269
2023-05-25,member,102230,13.15168665297204,8.89419557429404
2023-05-25,casual,19953,25.595530586879182,13.758451244746848
2023-05-26,member,95939,13.805754205450015,8.94388050933377
2023-05-26,casual,25347,26.49365877355636,15.398572685981842
2023-05-27,casual,32393,37.20444135615723,18.676583858470785
2023-05-27,member,73608,15.184465987619088,9.82346172677907
2023-05-28,member,67265,16.51091840110013,10.167493344848141
2023-05-28,casual,31934,34.56875841997036,19.408890739783608
2023-05-29,member,72652,15.326771343298638,9.879359381681393
2023-05-29,casual,29939,33.190009199817396,19.12716073473004
2023-05-30,casual,17736,36.692689221545635,14.393316583960766
2023-05-30,member,94197,14.067774323846134,8.800869968502173
2023-05-31,casual,19239,26.130687700330945,14.063471149212193
2023-05-31,member,102501,13.167969409404128,8.854319767370269
2023-06-01,casual,21564,24.268866927904572,14.23213146427871
2023-06-01,member,105061,14.202995795617142,9.139510510986304
2023-06-02,casual,21254,26.04007502979834,14.325735712114966
2023-06-02,member,90443,13.096232810904816,8.867840409174747
2023-06-03,member,79523,15.122278494272113,9.465898485859956
2023-06-03,casual,26565,30.20476066315333,15.934946658510759
2023-06-04,casual,26893,29.186971125695578,16.71258047215813
2023-06-04,member,76477,14.537186481338592,9.564633009533381
2023-06-05,casual,19123,27.356734338231455,14.533567968384252
2023-06-05,member,95966,12.947030382982874,8.952631150531154
2023-06-06,member,94700,12.434489041006753,8.716907166397245
2023-06-06,casual,17538,24.43632095069749,13.104424417756181
2023-06-07,casual,12968,21.175004951932966,11.42416454124633
2023-06-07,member,79236,11.325984607375469,7.827736190756019
2023-06-08,casual,16225,24.972853058038,12.43720915889426
2023-06-08,member,80423,12.270041087748503,8.064397016773267
2023-06-09,casual,21510,25.206517576321097,14.152233454362726
2023-06-09,member,91469,13.42721456850593,8.779274902587805
2023-06-10,member,88557,15.616430550379985,10.153149367998086
2023-06-10,casual,33809,30.215118369369172,17.180604576799066
2023-06-11,member,79252,15.003067055931263,9.855073520557669
2023-06-11,casual,29285,33.95969490353421,17.368799743259917
2023-06-12,casual,14936,26.15847552557577,13.333590344989824
2023-06-12,member,82233,12.708450452778468,8.398986741887756
2023-06-13,casual,22439,25.92707186446218,14.220836730382997
2023-06-13,member,109186,14.55626001456228,9.206272044362807
2023-06-14,member,99277,12.514780709194113,8.753879051029436
2023-06-14,casual,17917,22.974117403397173,12.81791659401414
2023-06-15,casual,24224,25.323294285969865,14.204641414278049
2023-06-15,member,110475,13.192446203213406,9.113783440296594
2023-06-16,member,86105,12.375102443528267,8.62147777858228
2023-06-16,casual,19955,33.79374262590828,13.183222231066907
2023-06-17,casual,32993,29.802647346406793,16.538815400281603
2023-06-17,member,83729,14.406489505428185,9.58990954054276
2023-06-18,member,77452,14.709436417824355,9.82419075326337
2023-06-18,casual,33347,35.48507594336326,17.542822329547228
2023-06-19,member,91012,13.614374568371918,9.153835946052402
2023-06-19,casual,29434,33.12866685579032,16.467851063145485
2023-06-20,casual,21829,29.100247443003923,13.798389249543506
2023-06-20,member,106714,13.092893127580892,8.912185371599156
2023-06-21,member,110233,12.694977675922795,8.766037730731735
2023-06-21,casual,21948,25.834065142609766,13.21566719689008
2023-06-22,casual,19650,21.758256079728582,12.599496724140591
2023-06-22,member,97152,12.21373071458467,8.475113770985093
2023-06-23,member,87483,13.21448608396297,8.49730438682683
2023-06-23,casual,20273,24.89533969565433,12.763891800660753
2023-06-24,member,81215,13.791914998255624,9.31740048762375
2023-06-24,casual,29890,26.562323383517366,15.24130630195049
2023-06-25,casual,33490,30.737741555688284,16.4344841754029
2023-06-25,member,83073,15.831884697394655,9.554345895151211
2023-06-26,casual,17264,24.96894809719648,12.968669588887016
2023-06-26,member,84996,12.06385733818849,8.314075457166705
2023-06-27,member,99602,12.122309926507537,8.505664249344687
2023-06-27,casual,19425,22.90850934448733,13.00014559397096
2023-06-28,casual,23693,26.08713602189108,13.273774681627273
2023-06-28,member,107425,13.6508647969902,8.666460056984997
2023-06-29,member,105015,12.413967367995031,8.750721836841073
2023-06-29,casual,25435,28.958528104318155,13.464013664326691
2023-06-30,casual,24764,24.58672465406773,13.497323757719059
2023-06-30,member,88745,12.583429874359098,8.411623702029015
2023-07-01,member,74493,13.957254827522958,9.236756892935531
2023-07-01,casual,33516,30.559745451923455,16.964576632353758
2023-07-02,casual,25264,30.469942674688568,16.66518954226425
2023-07-02,member,57625,13.706619052783799,8.868543459642098
2023-07-03,casual,25222,30.454487712446785,16.094272308892215
2023-07-03,member,71742,13.530717768996315,8.717871314768326
2023-07-04,casual,26179,35.45788758483265,17.18742702430011
2023-07-04,member,57682,15.246865285242093,9.365547934296654
2023-07-05,member,92718,12.631744354026905,8.594055021644078
2023-07-05,casual,22909,30.099754883815677,13.80173758697109
2023-07-06,casual,24187,28.27231334945772,13.683871579411058
2023-07-06,member,98628,12.683002411755993,8.695071005464689
2023-07-07,member,95986,12.6600682224491,8.639427422619509
2023-07-07,casual,27074,27.181578404250093,14.069118906151457
2023-07-08,casual,33798,28.37634960451302,15.541669415551212
2023-07-08,member,82824,13.608267442609224,9.014584993468793
2023-07-09,casual,23223,30.956921760754454,14.923261668323793
2023-07-09,member,65172,13.342026105791833,8.604086468138952
2023-07-10,member,99973,12.496441866470654,8.566208734811969
2023-07-10,casual,23471,27.695985606351115,14.051784886060743
2023-07-11,member,108734,12.895985041630667,8.785909024625564
2023-07-11,casual,24905,24.44903369738334,13.521541956080759
2023-07-12,casual,24664,23.856682905584414,12.979682828881371
2023-07-12,member,108860,12.601957568895852,8.616899980766908
2023-07-13,casual,25086,24.738464577852206,13.00093387835009
2023-07-13,member,106650,12.770236755899363,8.614674767197755
2023-07-14,member,84897,13.059011814316177,8.284706543827273
2023-07-14,casual,21671,24.85350102748682,12.912731223203957
2023-07-15,casual,32478,33.852799618203186,15.482211249368799
2023-07-15,member,77774,13.596086788644046,9.001751140722378
2023-07-16,casual,16184,29.589630113074595,13.77607527805458
2023-07-16,member,49145,13.782530424933022,8.39743020092279
2023-07-17,casual,24565,27.25351827803787,13.629204048424414
2023-07-17,member,100343,12.774936755428843,8.534238541066054
2023-07-18,casual,21607,27.45911703691698,12.656032855061081
2023-07-18,member,101070,12.456561932818877,8.63683002490935
2023-07-19,member,108201,12.62385922511498,8.708044411833269
2023-07-19,casual,23952,21.256830198591604,12.848046122930619
2023-07-20,casual,27947,22.36841389713864,13.604771741424083
2023-07-20,member,111843,12.740117529781337,8.825684589031274
2023-07-21,member,96946,13.282612491661961,8.728047711067216
2023-07-21,casual,28573,24.443418842963602,14.077708323444936
2023-07-22,member,91415,14.95194624897444,9.62933565078371
2023-07-22,casual,42131,27.985159120758272,16.485631678885756
2023-07-23,casual,37775,26.058603704390077,16.28731762292453
2023-07-23,member,84869,13.949526598051118,9.34340234125117
2023-07-24,casual,25345,24.022565237061876,13.939828516685548
2023-07-24,member,100490,12.954163373801716,8.627614843666905
2023-07-25,casual,19534,21.13348638698343,12.505768390848617
2023-07-25,member,92347,12.115897794008822,8.453131882998385
2023-07-26,casual,28039,22.58740208162441,13.321200840017838
2023-07-26,member,115156,12.996129393315735,8.850120762358477
2023-07-27,casual,24484,22.9050177707891,12.575975817690258
2023-07-27,member,104080,13.011078053100146,8.442832666500138
2023-07-28,casual,28047,22.779704553665884,13.108277545896303
2023-07-28,member,97814,12.38325669075998,8.42917088044168
2023-07-29,member,84753,13.795322435587293,9.024368863849206
2023-07-29,casual,35777,26.24522914628579,15.23185558855723
2023-07-30,member,89089,14.725709068833755,9.582841619542727
2023-07-30,casual,39750,26.99308951572323,16.801326818513715
2023-07-31,member,104091,12.995097509070613,8.627886008995418
2023-07-31,casual,26605,24.115668680072663,13.873755533503282
2023-08-01,member,114983,13.554350472968506,8.969372770680971
2023-08-01,casual,27736,23.24702357525715,13.93385494933358
2023-08-02,member,116558,13.597754082659844,8.93814251784115
2023-08-02,casual,28473,23.27978640407872,13.796147174036186
2023-08-03,member,112407,12.785043078426334,8.732472959393288
2023-08-03,casual,27977,23.190572261738822,13.361737359236184
2023-08-04,member,100778,13.355617205640106,8.626948863963891
2023-08-04,casual,28124,24.167974742805683,13.687517117317192
2023-08-05,casual,46095,28.94047166829371,17.671595562730367
2023-08-05,member,92446,16.266151117589402,10.058285101550922
2023-08-06,member,86483,15.401711071154617,9.659358429432448
2023-08-06,casual,37690,29.23638090563369,16.622454865285178
2023-08-07,casual,18758,21.858411130362185,12.973267963043433
2023-08-07,member,80818,12.679599534138438,8.265265830660006
2023-08-08,member,109045,12.913080581411382,8.827612706786432
2023-08-08,casual,24755,22.350677465158537,13.54956580500374
2023-08-09,casual,26933,22.71579760888133,13.617878240353946
2023-08-09,member,114737,13.46118611447631,8.960590314864701
2023-08-10,member,75460,11.906488826088868,8.121046340686593
2023-08-10,casual,14993,20.230802138775857,11.575988967732192
2023-08-11,member,105642,14.023139670617073,8.976457067937764
2023-08-11,casual,31123,24.277033111632356,14.175563174334602
2023-08-12,casual,43512,29.155837961558458,18.227836174667058
2023-08-12,member,89797,16.037701242803177,9.96939908608112
2023-08-13,casual,34655,27.38843331072956,16.66915575289283
2023-08-13,member,83195,14.837873603782237,9.602585982569229
2023-08-14,member,99370,12.567355453859298,8.601616268530108
2023-08-14,casual,24448,23.568402015843155,14.089242401367976
2023-08-15,member,106232,12.770776438047612,8.790464661457223
2023-08-15,casual,23352,21.766423978674208,13.194570232522295
2023-08-16,member,110758,13.148277511030084,8.936513173267054
2023-08-16,casual,25839,22.79774678393125,13.563294369108172
2023-08-17,casual,25708,22.68929638244906,13.294300379880598
2023-08-17,member,106803,12.977277552752893,8.761768864781265
2023-08-18,member,98413,13.233728330098648,8.998385139145201
2023-08-18,casual,29958,24.56048929000605,14.707898225140712
2023-08-19,casual,49345,29.656589949336293,19.03097346025844
2023-08-19,member,95445,16.370881623971936,10.446183274634958
2023-08-20,casual,36141,28.060155870064463,16.598186126337872
2023-08-20,member,83576,15.528245436887826,9.575594160139776
2023-08-21,member,98278,13.14044658791049,8.598292998423913
2023-08-21,casual,24049,25.122069970338362,14.023176666980778
2023-08-22,member,111207,12.761309882771124,8.878768876183006
2023-08-22,casual,25726,22.85387026678586,13.79880165781718
2023-08-23,casual,25622,22.929302155049072,13.499477387459471
2023-08-23,member,112013,12.927001860647136,8.860041825273274
2023-08-24,member,84478,12.249732271123893,8.303633604567628
2023-08-24,casual,17335,21.98060126141716,12.107777104302818
2023-08-25,member,78886,13.467864846318339,8.514559296807356
2023-08-25,casual,20403,22.566054178307112,12.778059251412204
2023-08-26,casual,38037,26.66446566281957,16.190399573286886
2023-08-26,member,87720,14.667631360389132,9.763856400426919
2023-08-27,casual,37224,28.2726617643635,16.442225273840982
2023-08-27,member,88703,15.167436190809076,9.646540880833617
2023-08-28,casual,23024,23.329103434821615,13.416233107310147
2023-08-28,member,99145,13.40419535596014,8.614103579032045
2023-08-29,member,110567,12.78031739925417,8.855385487776154
2023-08-29,casual,24581,21.625431929132244,13.117441361936427
2023-08-30,casual,24000,22.58589532777782,13.098877416737478
2023-08-30,member,106677,14.297739541481922,8.820389324135094
2023-08-31,casual,26879,22.248961631757137,13.53276428068893
2023-08-31,member,111091,13.279829082013887,8.87344793133449
2023-09-01,casual,31590,24.144220651577452,14.543183021093439
2023-09-01,member,96414,13.805873705063568,9.031597736235362
2023-09-02,casual,38089,28.685666890703367,17.622747112947312
2023-09-02,member,81101,15.396577159139042,9.796787766447242
2023-09-03,member,74934,15.073653116297915,9.458541894976486
2023-09-03,casual,37028,29.990151945824888,17.387968245653063
2023-09-04,member,78504,14.41444922020962,8.942412578942697
2023-09-04,casual,32735,27.8483685708467,16.072236471354177
2023-09-05,member,110123,12.992120094651737,8.61922421792002
2023-09-05,casual,23058,23.31957070214243,12.794737217889843
2023-09-06,casual,23815,22.450941531247818,12.491789167309312
2023-09-06,member,117462,13.139373864171622,8.646469005998599
2023-09-07,casual,25697,21.118305011609632,12.549965304971373
2023-09-07,member,119025,13.041379407127293,8.68280461111667
2023-09-08,member,97103,12.444993690033611,8.441434754744776
2023-09-08,casual,23569,21.76914333941474,12.63234112896729
2023-09-09,member,91855,14.178446173498086,9.121307180393694
2023-09-09,casual,34191,25.608614832363287,14.452844406828977
2023-09-10,member,64735,13.345077582451525,8.652787666519007
2023-09-10,casual,21078,25.112586304835993,13.79916422856115
2023-09-11,member,92294,13.161090756170497,8.389620272095774
2023-09-11,casual,19063,23.162691993215514,12.976586357437476
2023-09-12,casual,27499,22.31018473156598,13.462750687136438
2023-09-12,member,128446,13.265074491615106,9.11124185273016
2023-09-13,casual,23745,21.145846804239497,12.579611495133582
2023-09-13,member,120275,13.679456979006451,8.88787818242092
2023-09-14,member,128928,15.26135556757777,8.909155364784796
2023-09-14,casual,27674,23.417958802486055,13.133009543587427
2023-09-15,casual,29667,22.445115068931816,13.294410454034601
2023-09-15,member,116188,14.388618894951817,8.855933411272689
2023-09-16,casual,42267,26.974625198539396,16.0610326992943
2023-09-16,member,101753,16.312292334705983,9.962577481891296
2023-09-17,casual,36215,26.017784215104232,15.90171886529808
2023-09-17,member,88740,14.781606730335803,9.720903861513811
2023-09-18,casual,8903,20.310392916245465,11.097695640561529
2023-09-18,member,51060,13.078918572267932,7.901705279306268
2023-09-19,member,125238,13.879732514359397,9.23075852931587
2023-09-19,casual,27066,22.601198862040988,13.441168582207697
2023-09-20,member,127894,13.053521459959004,9.119344334568277
2023-09-20,casual,28252,21.886423886214533,13.242484449682294
2023-09-21,casual,28944,21.73438170490138,13.305888186339063
2023-09-21,member,124272,13.851036404821688,9.144059239902054
2023-09-22,casual,31376,23.03849084331972,13.274706718912972
2023-09-22,member,117649,13.442627495488018,8.902259172401365
2023-09-23,member,29100,12.810089116838482,7.671892724527904
2023-09-23,casual,6969,21.88011144831873,10.8645
2023-09-24,casual,6190,23.337006860527723,10.84796201863354
2023-09-24,member,28674,13.685452986445302,7.4372562166258005
2023-09-25,casual,5231,17.699698996367793,9.595401018260796
2023-09-25,member,38075,13.446881519369668,7.2453809057356695
2023-09-26,member,72892,16.382234608964865,8.13491971028411
2023-09-26,casual,11131,20.549031184679457,10.583860073375265
2023-09-27,casual,22201,23.433672002762663,12.742322362659133
2023-09-27,member,115960,16.03960757804414,8.826981688377632
2023-09-28,member,91498,14.865162270577908,8.359095811548867
2023-09-28,casual,16036,23.13293223996009,11.607058208685332
2023-09-29,casual,11050,30.502531444947223,14.32185289227857
2023-09-29,member,38134,20.246328241202036,8.754647187011374
2023-09-30,member,77959,18.24339922929572,9.093575740191994
2023-09-30,casual,25044,28.90166101195229,14.098406448999175
2023-10-01,member,93312,16.292679649812808,9.918007097934828
2023-10-01,casual,38447,28.713920708161027,16.69859295527667
2023-10-02,member,111147,13.346424823132145,8.862044991846375
2023-10-02,casual,24576,23.610731199137344,13.994798830515665
2023-10-03,member,122003,14.156637759317409,9.033744921661969
2023-10-03,casual,24951,24.047237786060688,13.608584776820614
2023-10-04,member,123976,13.35475367719023,9.008954068728901
2023-10-04,casual,26245,22.514629210008252,13.803421584753803
2023-10-05,casual,26611,23.80043122455624,13.44475032271664
2023-10-05,member,121964,13.788327245608007,9.026265538587388
2023-10-06,casual,23098,22.614475983490646,12.884100326160015
2023-10-06,member,98929,12.527203989898519,8.60257602368183
2023-10-07,casual,15291,22.505716461753096,12.21801176587989
2023-10-07,member,53965,13.594793090274534,8.264455316466004
2023-10-08,casual,29223,26.114250617664148,15.443447136068725
2023-10-08,member,76144,14.13538510475766,8.93058547467131
2023-10-09,casual,20966,22.390391813730172,13.652639856252229
2023-10-09,member,87208,12.910437877067878,8.213392841180884
2023-10-10,member,109143,13.836682434665258,8.76813607518492
2023-10-10,casual,19554,21.24486747553782,12.529669524706799
2023-10-11,casual,23155,20.80345589145612,13.098608013631194
2023-10-11,member,119351,12.893240677218152,8.951017568701621
2023-10-12,casual,24659,21.671229799802607,13.105711923428684
2023-10-12,member,118327,13.982349943940674,8.925693437301453
2023-10-13,member,108020,13.469541260106164,8.865240982509675
2023-10-13,casual,29217,23.846271728217605,13.836336118236682
2023-10-14,casual,8383,24.52618171299059,11.069409499196864
2023-10-14,member,34203,13.257277015661394,7.767849859085272
2023-10-15,member,79708,14.182966247846318,9.043110078032143
2023-10-15,casual,26971,24.53229316302698,14.722529674570012
2023-10-16,member,101242,12.878976361095203,8.488281835289376
2023-10-16,casual,19723,20.968839121837423,12.55818613300451
2023-10-17,member,112728,13.083581971796447,8.756943648150239
2023-10-17,casual,20845,21.071672463420484,12.257093613347454
2023-10-18,member,115443,12.59338626031892,8.723893985721684
2023-10-18,casual,21574,19.627460203640194,12.240739419260448
2023-10-19,casual,24045,21.06919752616625,12.526065166658425
2023-10-19,member,116033,12.359690814251096,8.663687662195299
2023-10-20,casual,9614,18.557578727203413,10.400187741685397
2023-10-20,member,52810,10.845690984977617,7.738411565773217
2023-10-21,casual,22789,23.796511139146105,13.588173095675238
2023-10-21,member,72677,13.782198834798702,8.902012765902573
2023-10-22,member,75798,12.75439820773637,8.575961959281761
2023-10-22,casual,24451,22.76258347102367,13.907742476897786
2023-10-23,member,98308,12.472384452435206,8.329803382059715
2023-10-23,casual,17979,20.99402618981405,12.331618223318822
2023-10-24,member,113231,12.41348078088155,8.631428712422657
2023-10-24,casual,20206,20.121879685901874,12.152975853031936
2023-10-25,casual,22600,20.54967655383482,12.510094390240269
2023-10-25,member,119737,13.172331785914103,8.843426945932872
2023-10-26,member,123695,12.98636434334445,9.019158770023738
2023-10-26,casual,26439,22.595462547751456,13.155966615897855
2023-10-27,casual,30566,22.321195033697602,13.47709715408895
2023-10-27,member,117345,12.682745601857766,8.876346130031472
2023-10-28,member,108559,15.214380276930829,10.067690948709844
2023-10-28,casual,49214,27.156686607808098,16.467410918254853
2023-10-29,casual,10536,23.24645676727409,11.67553030111391
2023-10-29,member,39625,13.643554635962127,7.777769640576212
2023-10-30,member,85632,12.633924834563423,8.06657850130239
2023-10-30,casual,14043,19.08128040898196,11.32291730913028
2023-10-31,casual,16756,20.642911564016867,11.491947867955197
2023-10-31,member,101625,13.24426493497335,8.310612605244708
2023-11-01,casual,12657,16.947386281635968,10.355239567145373
2023-11-01,member,88402,12.888231174068487,7.938932284206958
2023-11-02,casual,14471,18.748092565590945,11.050261592939378
2023-11-02,member,94801,12.62536948502648,8.250225159972565
2023-11-03,casual,20131,22.120894597055965,12.54321080090497
2023-11-03,member,95215,13.653068788706243,8.390732406146412
2023-11-04,casual,28390,23.936860679229806,14.649305768087464
2023-11-04,member,84126,15.365580228466863,9.184075945636225
2023-11-05,casual,29574,25.55950803013914,14.981970511672445
2023-11-05,member,79458,15.917037438646876,9.25584952336647
2023-11-06,member,90843,14.98943413508288,8.49739968873183
2023-11-06,casual,15851,22.67127838517024,12.444619842798048
2023-11-07,casual,17440,22.31504934919725,12.406399290486936
2023-11-07,member,100556,14.352982920793652,8.75026417766595
2023-11-08,member,96247,13.369397766510497,8.333562866814445
2023-11-08,casual,14526,18.551707036807546,11.025970206466786
2023-11-09,casual,17250,20.73606294009662,11.719258806015203
2023-11-09,member,101054,13.412520088764404,8.561914033106339
2023-11-10,casual,18887,20.699890702599685,11.83778938316217
2023-11-10,member,89880,12.906265443925232,8.12725899393093
2023-11-11,member,77433,13.852470085536334,8.954790420553875
2023-11-11,casual,26062,23.639272975340823,14.65289386278107
2023-11-12,member,62329,11.786949738484495,8.190651675199003
2023-11-12,casual,16562,23.29450648069875,13.056960243988902
2023-11-13,casual,11538,18.49414080429884,10.74451166014806
2023-11-13,member,83452,11.53441746912393,8.024896433797132
2023-11-14,casual,12712,17.22814531676107,10.515465741486196
2023-11-14,member,93112,11.83883230464381,8.24270368750048
2023-11-15,member,97544,11.665348294786604,8.386741957810813
2023-11-15,casual,13741,16.928587977585316,10.715570285640911
2023-11-16,casual,17670,19.451382474061507,11.646076055083887
2023-11-16,member,105545,11.815326842105202,8.684806393264155
2023-11-17,member,104957,12.281409051802125,8.793067041975728
2023-11-17,casual,23577,20.56610164284401,12.604641035551577
2023-11-18,member,75336,12.194320792626831,8.614134258397764
2023-11-18,casual,22389,21.822576358926266,13.312365463344987
2023-11-19,member,68100,12.183861171561448,8.576841531324185
2023-11-19,casual,19494,22.918553649840973,13.901210814381269
2023-11-20,member,77467,10.902008647122853,7.989697457813849
2023-11-20,casual,11304,18.29302393253128,10.756911035293905
2023-11-21,member,53817,10.663681550129747,7.712818806772178
2023-11-21,casual,6670,17.560238645677156,9.712637238218132
2023-11-22,member,69246,11.986429086637985,8.437985903593407
2023-11-22,casual,13092,20.53399211986966,12.335436664074741
2023-11-23,casual,11924,27.204256505087763,15.833470928346648
2023-11-23,member,32539,12.584182944056868,8.194242640496789
2023-11-24,casual,10872,22.610947755702718,13.41642663667842
2023-11-24,member,42485,11.583562556588594,7.859695349617256
2023-11-25,member,42154,11.390744526814393,7.864536025969418
2023-11-25,casual,10792,21.566720593958483,13.013877261140465
2023-11-26,casual,8016,20.367138974135067,11.828258355285065
2023-11-26,member,37233,10.705264581151143,7.561154680050326
2023-11-27,casual,9623,17.917045668363993,10.603810380924406
2023-11-27,member,76861,12.015206806442754,8.078309767008195
2023-11-28,member,72890,10.715970978643583,7.700619416167951
2023-11-28,casual,7530,15.235103235945106,9.120444569709958
2023-11-29,casual,7682,14.962247298880506,9.350278425948225
2023-11-29,member,72615,10.90765228327479,7.8084714225920955
2023-11-30,casual,11430,17.650700408282304,10.543732371542559
2023-11-30,member,85809,11.591740889261771,8.197295162586343
2023-12-01,casual,8300,17.05074925502006,9.933629207166286
2023-12-01,member,57706,10.867613546540515,7.6845500205631705
2023-12-02,member,79116,12.614056082208418,8.909462126049384
2023-12-02,casual,22741,23.502371958870224,13.999591738850906
2023-12-03,member,29496,10.705965326936994,7.364536957936182
2023-12-03,casual,5501,18.41514414348907,10.358674030690663
2023-12-04,member,84026,11.154487722054293,8.027124779933638
2023-12-04,casual,11178,17.22497460636965,10.787182407407409
2023-12-05,casual,10103,16.32809866871228,10.155924090138088
2023-12-05,member,85010,11.33069997921816,7.9537989263152165
2023-12-06,casual,9389,16.064594697695888,9.604789295062053
2023-12-06,member,80680,10.581239242480585,7.804998487142827
2023-12-07,member,76522,10.94311710270683,7.770282005026733
2023-12-07,casual,9273,16.06498229447501,9.586486558494055
2023-12-08,casual,14442,18.254708252550433,11.195605621653355
2023-12-08,member,83929,11.267693180346885,8.031563877051576
2023-12-09,member,78887,12.732609918829068,8.806789276299053
2023-12-09,casual,23118,24.381108225192456,13.942025113421685
2023-12-10,member,35636,10.49968288575223,7.34801677747723
2023-12-10,casual,7750,19.554495638709664,11.205310375575213
2023-12-11,casual,7255,15.533972010107995,9.576679349603303
2023-12-11,member,61166,11.38847512425201,7.389664614403762
2023-12-12,casual,9561,17.981558860649162,10.09895717103994
2023-12-12,member,81017,11.2123823919671,7.837120722266073
2023-12-13,member,83846,11.981180795943377,7.824279746945959
2023-12-13,casual,10326,17.405401696365164,10.089529417080781
2023-12-14,casual,10043,16.741488957482833,10.037727596079819
2023-12-14,member,80239,10.619100432042604,7.782222808065233
2023-12-15,casual,15638,18.759022486890906,11.32119789561039
2023-12-15,member,87115,11.136647518797014,8.074965226097161
2023-12-16,member,74857,12.23318427023078,8.469292163875824
2023-12-16,casual,20048,23.460558719074257,13.552044688404063
2023-12-17,casual,9949,23.057432988240002,11.784662026721016
2023-12-17,member,45243,11.620388636179422,7.538178557732479
2023-12-18,casual,6699,17.448690018410716,9.87955809685762
2023-12-18,member,50983,11.134937651112446,7.42740732250734
2023-12-19,casual,9059,17.576267027265697,9.957426317993695
2023-12-19,member,72202,11.761918481944194,7.6123944050965475
2023-12-20,member,71282,11.489538169991466,7.676040252318975
2023-12-20,casual,9309,16.704209429942324,10.10341612502794
2023-12-21,member,65926,11.29518617212227,7.643289486421246
2023-12-21,casual,9078,17.776597068003227,10.170626272582817
2023-12-22,member,54840,10.911893878859686,7.478254645516095
2023-12-22,casual,8714,16.90042138895263,10.354576170635847
2023-12-23,casual,8597,21.356886960567632,11.995116341257447
2023-12-23,member,40899,10.826317556663989,7.598361691640872
2023-12-24,member,31703,11.458808295219189,7.467825978797631
2023-12-24,casual,7665,24.006644437921274,12.99444821039245
2023-12-25,member,21361,13.940576540580144,7.859978105738142
2023-12-25,casual,8574,30.368784579348382,18.640276679975152
2023-12-26,member,41408,11.662055413205191,7.708897914398642
2023-12-26,casual,9399,22.164993836223722,13.411156667655735
2023-12-27,casual,6288,18.577887348918587,11.600050244094673
2023-12-27,member,36000,11.298711623148137,7.465495791739843
2023-12-28,member,39315,11.603300599008017,7.711865412685716
2023-12-28,casual,7493,21.823521920459086,12.512331764745113
2023-12-29,casual,15058,24.281112772833907,14.580174248470557
2023-12-29,member,53978,12.174092935393398,8.206142899862783
2023-12-30,casual,12301,23.465223820556616,13.526151770023143
2023-12-30,member,43798,11.585458142685388,7.7052584534017425
2023-12-31,member,41462,11.609096432074352,7.589736860367432
2023-12-31,casual,12373,24.8150125959751,13.616426540508574
2024-01-01,casual,11278,25.264769835077132,14.488921818910828
2024-01-01,member,36000,12.350257880555585,7.812582248102278
2024-01-02,member,59456,11.538653647515261,7.569124351484429
2024-01-02,casual,8693,20.603001048736527,11.460232245658316
2024-01-03,member,67757,11.585219075765885,7.666514948183331
2024-01-03,casual,8802,18.117015002272215,10.635803389124286
2024-01-04,casual,8898,17.34425403274143,10.122195189984703
2024-01-04,member,68583,10.501133381693236,7.580905552419884
2024-01-05,member,63326,10.599330484056006,7.4364010445462645
2024-01-05,casual,9136,17.38281477853182,10.162919548801813
2024-01-06,casual,6157,19.409384462129843,10.477620712221846
2024-01-06,member,37146,10.512960448859467,7.307156973724205
2024-01-07,casual,4323,16.36518676459249,9.535422044459484
2024-01-07,member,31355,9.92537351565408,6.9686504564504865
2024-01-08,member,70221,11.11450315764992,7.5714740540220795
2024-01-08,casual,8265,17.782598415003037,9.979613114389375
2024-01-09,member,39465,10.695387032813867,7.329473041424204
2024-01-09,casual,3578,13.988332639277067,8.46126790043957
2024-01-10,member,73849,11.902728653739391,7.996674617756596
2024-01-10,casual,7828,17.064484299948894,10.03673980349448
2024-01-11,member,79823,11.282715729802174,7.93453728032037
2024-01-11,casual,9368,16.7811898928978,10.179235542412624
2024-01-12,casual,10833,18.09686530200927,10.564719861847525
2024-01-12,member,75280,11.436270281836684,7.7992085524174
2024-01-13,casual,10729,20.299400608941493,12.171551092589082
2024-01-13,member,53148,11.661915973319788,7.975898316283034
2024-01-14,casual,7003,16.71238847398732,10.474215583759104
2024-01-14,member,41898,10.087715980476398,7.181148272785545
2024-01-15,member,40997,10.01651089348,6.793302064243081
2024-01-15,casual,4571,15.356315886385179,9.32223121452117
2024-01-16,casual,1759,15.87159404017435,8.653711584595959
2024-01-16,member,25608,11.167488857648657,7.487105080522874
2024-01-17,member,40086,10.442266804703221,7.193017307632053
2024-01-17,casual,2706,15.444586893323478,8.438508195468193
2024-01-18,casual,4032,14.459615033895508,8.889982644662803
2024-01-18,member,51510,10.29732979194979,7.3163433133881215
2024-01-19,casual,3366,12.493970612992667,8.69203738310709
2024-01-19,member,40689,9.608654144035645,7.084482385991625
2024-01-20,casual,3737,16.894249830523602,8.879758127952815
2024-01-20,member,33482,9.588668369571714,6.787994094723194
2024-01-21,casual,3723,16.30648607753604,9.363420372364683
2024-01-21,member,32594,9.817562914442341,6.754762357678249
2024-01-22,member,56265,9.844817455197129,7.183632528385434
2024-01-22,casual,4802,14.81235145425517,8.752379225524164
2024-01-23,member,65082,10.448457579412635,7.515978994824271
2024-01-23,casual,5578,14.79806846241184,9.074009334686908
2024-01-24,member,60543,10.279029316078365,7.4879884068594365
2024-01-24,casual,5369,15.19382256161918,9.109879116129031
2024-01-25,member,67087,10.95497162117848,7.73452313605252
2024-01-25,casual,7840,17.210170312499997,10.299404615651444
2024-01-26,member,63996,10.598826167520896,7.512256486833775
2024-01-26,casual,8367,16.381321186406918,9.96465774010179
2024-01-27,member,65827,11.151977247937754,8.123612336080603
2024-01-27,casual,14388,20.262609421045315,12.341961397764928
2024-01-28,casual,3438,16.308156985650573,9.29019326272695
2024-01-28,member,26307,9.626910614411882,6.8559530917204174
2024-01-29,casual,5882,16.28163450073673,9.480934735870818
2024-01-29,member,64906,10.215010322106833,7.284763933047185
2024-01-30,member,71721,10.310719808006022,7.39487787729044
2024-01-30,casual,6577,15.72406749024379,9.237943102418312
2024-01-31,member,75823,10.7320890464195,7.55696784290241
2024-01-31,casual,7052,15.330747825675946,9.391333402603207
2024-02-01,casual,8453,15.631073955991962,9.794930963210447
2024-02-01,member,79231,10.546600189109482,7.625109058860749
2024-02-02,casual,7101,15.571244073604662,9.642056482332515
2024-02-02,member,61556,10.262541672352565,7.365184397099295
2024-02-03,member,60503,11.420602163804556,7.917654226760944
2024-02-03,casual,11903,22.16275458707888,12.21941155187084
2024-02-04,member,54999,11.297723512548748,7.9190715769420175
2024-02-04,casual,11356,21.14999093871082,12.773812558224721
2024-02-05,member,70245,10.227565621989681,7.399915505651771
2024-02-05,casual,6851,16.22513171069918,9.56569941309665
2024-02-06,casual,7220,15.422029145891035,9.858950963183986
2024-02-06,member,74869,10.265231797984905,7.574211501580745
2024-02-07,casual,8486,16.73587324809488,9.873486211660762
2024-02-07,member,81189,10.685647233820674,7.733082695915098
2024-02-08,casual,10124,17.323891100355567,10.48963983945645
2024-02-08,member,84832,10.980392216577085,7.864769630762556
2024-02-09,member,83737,10.849554294397974,7.911718871410349
2024-02-09,casual,13443,19.761542753353694,11.649375965635272
2024-02-10,casual,20414,24.554559989059793,14.26116880351147
2024-02-10,member,74199,12.91014461627962,8.817081109058071
2024-02-11,member,62509,11.117515343123912,7.888581426244095
2024-02-11,casual,14512,20.203984333654883,12.037871739884649
2024-02-12,member,74960,10.308792339914628,7.527129454833548
2024-02-12,casual,8822,17.263371693871388,10.462256557919774
2024-02-13,member,29372,10.015301461709567,6.928732281510526
2024-02-13,casual,2655,13.871681173885756,9.065341564524676
2024-02-14,member,65351,9.882627356633197,7.298942576860969
2024-02-14,casual,5563,16.0140979088022,8.89588179386044
2024-02-15,casual,6765,15.426360822862762,9.128025436161632
2024-02-15,member,68724,10.15706196040203,7.45001250132607
2024-02-16,casual,8534,17.27241079603157,10.082956366351201
2024-02-16,member,66991,10.152809573425289,7.497810928551673
2024-02-17,member,33417,10.236249761598394,7.465789003601004
2024-02-17,casual,4703,18.207715752356666,10.508993558119322
2024-02-18,member,39598,10.366987123507924,7.427396693887435
2024-02-18,casual,6833,18.84854589004342,11.296556962870392
2024-02-19,casual,7723,20.201969185118045,11.280186277884036
2024-02-19,member,50763,10.66142230660126,7.396607882820566
2024-02-20,member,62259,10.323663518527455,7.397201069865423
2024-02-20,casual,6222,17.90672255437695,10.073743309317544
2024-02-21,member,67672,10.43805747921347,7.433466968390053
2024-02-21,casual,6719,17.86130149575828,9.68808702219933
2024-02-22,casual,7084,17.64806823593074,10.160929489736773
2024-02-22,member,64159,10.35066852896711,7.525413847630884
2024-02-23,member,66712,10.596545923771856,7.628835186127912
2024-02-23,casual,9552,18.31107309289505,10.469991467382838
2024-02-24,casual,12769,22.014031807502544,12.203531858577394
2024-02-24,member,59430,11.300167105277925,7.965955530620493
2024-02-25,casual,8660,21.704028672055426,12.093049723829132
2024-02-25,member,48555,10.748047622970528,7.604321394138998
2024-02-26,casual,8372,18.455836639990423,10.600562137848621
2024-02-26,member,74825,10.829020673348936,7.757772123064905
2024-02-27,casual,8008,19.63790081585081,10.59403458206432
2024-02-27,member,70432,10.908729498192077,7.693114053268343
2024-02-28,casual,6059,15.29550501457886,9.507174038781164
2024-02-28,member,61544,10.213901790318026,7.470428699617988
2024-02-29,member,75831,10.301176912696183,7.459822098019861
2024-02-29,casual,8136,17.660416349147816,9.720300595976784
2024-03-01,casual,10763,18.650941957013224,10.778128788375488
2024-03-01,member,74950,10.45689511563265,7.579983619520667
2024-03-02,member,24443,9.913389369826392,6.887266052109268
2024-03-02,casual,3660,18.22148183970857,9.8736203125
2024-03-03,casual,29925,28.554673616262868,18.053366720143966
2024-03-03,member,82145,14.399722942763836,9.690909865087283
2024-03-04,casual,11815,20.566016414162792,11.690127870848844
2024-03-04,member,83642,10.956248787291866,7.783241390825053
2024-03-05,casual,4294,16.967310301195475,9.054039161879405
2024-03-05,member,45879,9.883958375654801,7.0725008256877855
2024-03-06,casual,4858,16.924193965280633,9.282628123788982
2024-03-06,member,48461,10.163102617224856,7.238501683057193
2024-03-07,member,82813,11.263404870410834,7.932578798530634
2024-03-07,casual,10255,18.2206548902974,10.712382498226878
2024-03-08,member,87617,11.299084510426018,7.989248046408967
2024-03-08,casual,16002,21.360314115943858,12.340703663321106
2024-03-09,casual,6331,19.159223203285414,10.752798167751493
2024-03-09,member,35813,10.567901308184162,7.135173177433745
2024-03-10,member,51770,10.811650996394253,7.497086179757823
2024-03-10,casual,10015,19.94641799966715,11.936883048695101
2024-03-11,member,71559,10.700294271859565,7.423700115156784
2024-03-11,casual,8581,18.71385203744707,10.54122088835534
2024-03-12,member,100450,12.251126875725946,8.584426219249174
2024-03-12,casual,17385,22.235573924839443,13.593477145801325
2024-03-13,casual,16914,20.87614936935871,12.341529768394793
2024-03-13,member,102100,11.70185622771795,8.284619150526453
2024-03-14,casual,22886,24.555399243351086,14.097817663484182
2024-03-14,member,109576,12.233695834550119,8.730203853580598
2024-03-15,member,99564,11.971767231964662,8.530918301762895
2024-03-15,casual,22295,23.367472868356106,13.511554347212453
2024-03-16,casual,28280,25.10280824080624,15.770079194800465
2024-03-16,member,83983,12.979805115122483,9.208568294948726
2024-03-17,member,75434,12.615035510512545,8.8101356560788
2024-03-17,casual,24646,24.446022476940133,15.125688466612802
2024-03-18,casual,11096,19.363127517423717,11.193909765994391
2024-03-18,member,79194,10.821345250692387,7.48358629973116
2024-03-19,member,80559,10.256108689076752,7.4991838785180445
2024-03-19,casual,9607,17.102699944484925,10.02394756300024
2024-03-20,casual,10123,17.737466908689775,10.404560609722692
2024-03-20,member,79368,10.30518976686657,7.548541397613345
2024-03-21,casual,8966,16.218269349022215,9.737892171674819
2024-03-21,member,73490,10.13846510182793,7.327645722825516
2024-03-22,casual,11420,19.831921895796857,11.119061701931905
2024-03-22,member,72653,10.23385894227814,7.42849722350988
2024-03-23,casual,3161,17.46354752715385,9.540554345411632
2024-03-23,member,20250,9.779349930041151,6.837386646948656
2024-03-24,casual,13449,22.329038391949855,13.607344296051528
2024-03-24,member,57451,11.379003284828224,8.012445725950911
2024-03-25,casual,11485,19.677053815121184,11.870314487062739
2024-03-25,member,79401,10.467965638342099,7.6652026654235925
2024-03-26,casual,12541,17.569833059564647,11.091369172200169
2024-03-26,member,89481,10.656752515245328,7.799260011721525
2024-03-27,casual,11191,18.344669348881567,10.943519578474492
2024-03-27,member,81986,10.404388757430155,7.657013514921753
2024-03-28,member,48852,9.934663314364485,7.186359427095059
2024-03-28,casual,5659,14.800127593214356,9.035129499253612
2024-03-29,casual,17743,22.11366474102463,13.281710186681165
2024-03-29,member,79353,10.885808191666772,7.842880330243533
2024-03-30,casual,24054,26.01498885909478,16.101269218619784
2024-03-30,member,70963,12.4338425656093,8.755310934637752
2024-03-31,member,66769,12.789270524744563,8.607472090934747
2024-03-31,casual,24047,26.60217437033032,16.73629148194625
2024-04-01,member,75896,10.38703966107132,7.465261119925845
2024-04-01,casual,11236,20.40407653821051,11.075284821459142
2024-04-02,casual,3652,14.35954142022636,8.438830260325261
2024-04-02,member,36685,9.208332953068934,6.652245391490803
2024-04-03,member,24457,8.792510327649895,6.360355582260252
2024-04-03,casual,2098,13.679140355894502,7.649120410156251
2024-04-04,casual,11497,18.07250562900466,10.660685577570385
2024-04-04,member,85422,10.696871364519659,7.743629504814756
2024-04-05,casual,14687,19.71788074374161,11.02360451861132
2024-04-05,member,85214,10.509532574068398,7.7189312424739
2024-04-06,member,75226,11.554974630003834,8.278376404428906
2024-04-06,casual,19704,21.03970303745434,13.220191837277543
2024-04-07,casual,22106,23.753428152990118,14.746581138516897
2024-04-07,member,72815,12.352631599945083,8.598674515900127
2024-04-08,member,94347,11.32085168579815,8.024779978055847
2024-04-08,casual,16837,20.942464969016648,12.357546044857093
2024-04-09,member,113600,12.428247924589174,8.814801725640473
2024-04-09,casual,22837,23.425467439535222,13.77543702356397
2024-04-10,casual,17788,20.799944989131255,12.086091885261188
2024-04-10,member,105399,11.46388625888291,8.125637121048008
2024-04-11,casual,11154,17.631031314625528,10.570144509467859
2024-04-11,member,76360,10.454116771870064,7.495333504725396
2024-04-12,casual,16923,20.15128276605803,11.943884559231606
2024-04-12,member,88166,11.021789767030347,8.02996016240356
2024-04-13,casual,18034,19.48566974973198,12.127253925204574
2024-04-13,member,71560,11.067673566471044,7.933378112209368
2024-04-14,casual,31590,26.761022826316392,16.65394374179996
2024-04-14,member,84108,13.83926996837401,9.382773389375258
2024-04-15,member,112895,12.520311806693533,8.770537976675358
2024-04-15,casual,26106,24.757332498276238,14.898522306473646
2024-04-16,casual,24118,22.389133488818874,13.760637806003832
2024-04-16,member,119213,12.156660448245344,8.799255043195979
2024-04-17,casual,14993,18.553235895640174,11.270566279937743
2024-04-17,member,96523,10.85772985834119,7.858405616281937
2024-04-18,casual,10574,16.242826005611274,9.621832237658147
2024-04-18,member,78601,10.779211680937031,7.329873430521504
2024-04-19,member,97123,10.934182672315869,7.860585464633883
2024-04-19,casual,19468,20.74510606978972,11.699561316757686
2024-04-20,member,94677,13.503327422534872,9.599731097006936
2024-04-20,casual,50666,26.628106512585703,17.828264457272965
2024-04-21,casual,21110,22.31890374467077,13.68488096307117
2024-04-21,member,70968,11.563138495049397,8.190783543128811
2024-04-22,member,91228,11.479484370112992,8.100378806314449
2024-04-22,casual,18636,22.849961919582178,13.447928770083102
2024-04-23,casual,18133,21.596569225537234,12.41876934591518
2024-04-23,member,96583,11.424096551843109,8.194924863356993
2024-04-24,casual,19619,21.27475907453656,12.579067967862168
2024-04-24,member,101688,11.313234651581327,8.336004702072495
2024-04-25,member,96516,10.98316322975815,8.046727892656579
2024-04-25,casual,18944,21.030948495565884,12.408727841696797
2024-04-26,casual,23910,22.805456071378792,13.487710634646014
2024-04-26,member,96299,11.814347489070482,8.27673738053852
2024-04-27,member,78936,12.121595952417131,8.748088906586517
2024-04-27,casual,26600,22.19837567355892,14.516340526427252
2024-04-28,member,91490,13.912471503807307,9.842436680972723
2024-04-28,casual,39513,27.262261943748438,17.63237101096327
2024-04-29,casual,25633,26.601174439849665,14.975284254153307
2024-04-29,member,103565,12.179983318527814,8.628824364247048
2024-04-30,member,104387,11.46154853445991,8.296816013140543
2024-04-30,casual,18844,19.455144843628375,12.288995024955145
2024-05-01,member,119345,12.144724592986698,8.666404605279126
2024-05-01,casual,23746,21.505764831269815,13.080432374738576
2024-05-02,member,125170,12.376625936459705,8.87764193161556
2024-05-02,casual,29250,22.69833321937324,13.992058875862867
2024-05-03,casual,27806,21.3798863854324,12.993207865396846
2024-05-03,member,111301,11.599663641536635,8.302475083396788
2024-05-04,member,90955,12.404252125776454,8.930710486188024
2024-05-04,casual,32705,23.285831403964714,15.032269554270297
2024-05-05,casual,10375,19.26451289477912,11.318449550683807
2024-05-05,member,43780,11.138917359524886,7.58420996340889
2024-05-06,member,107350,11.70694873420275,8.496531250411946
2024-05-06,casual,21929,21.768610098499728,13.781978147287738
2024-05-07,member,128910,12.59300231233677,9.105450925896605
2024-05-07,casual,30486,23.492466509764103,14.665010925480113
2024-05-08,casual,28076,22.32891714038089,13.734454980813505
2024-05-08,member,122461,12.121607316206768,8.732440852672887
2024-05-09,casual,25466,20.882567675855434,12.596810010033726
2024-05-09,member,122360,11.562115087446882,8.446556975887747
2024-05-10,casual,13437,16.811085434496782,10.427498131716067
2024-05-10,member,75230,10.151395709823236,7.381531254257078
2024-05-11,casual,36126,24.225230802838233,15.522885705658949
2024-05-11,member,96556,12.782889872888983,9.066901433413072
2024-05-12,casual,15393,20.42349478983952,12.679255030936863
2024-05-12,member,58382,11.105950758224559,7.8135650996662855
2024-05-13,casual,22427,20.997972252195993,12.85724537717937
2024-05-13,member,110519,11.496319029156403,8.222473459020906
2024-05-14,casual,22310,20.418573354250693,12.413794412946984
2024-05-14,member,116292,11.463583350101473,8.421244074796553
2024-05-15,casual,12500,17.13446034666667,10.553267838811994
2024-05-15,member,78329,10.420618883384998,7.642657471099066
2024-05-16,member,105225,11.273054209075791,8.193818935252484
2024-05-16,casual,20228,18.486691416188783,11.642753985108245
2024-05-17,member,119630,11.863965291454212,8.645041383382077
2024-05-17,casual,31307,21.704635933390854,13.49252988689934
2024-05-18,member,87651,12.409419267701843,8.800708414018741
2024-05-18,casual,31758,23.82238912977301,14.950980767459761
2024-05-19,casual,41088,25.79548500332622,16.0952808047914
2024-05-19,member,99120,13.508165438357448,9.403568967290413
2024-05-20,casual,27345,21.826275660998384,13.957064746574734
2024-05-20,member,118450,11.846129298860292,8.536106886185136
2024-05-21,member,131623,12.387128810061041,8.928318726709586
2024-05-21,casual,29634,22.588156070729564,13.880545460068165
2024-05-22,casual,32378,23.269379033603034,13.705272592478394
2024-05-22,member,135824,12.739456147048209,8.949132444382075
2024-05-23,casual,26662,22.445370873652884,12.896232972364546
2024-05-23,member,118979,12.640353609600572,8.680443676918122
2024-05-24,member,119935,12.693499150512068,8.992140482033143
2024-05-24,casual,39168,26.175064954384577,14.809012462848541
2024-05-25,member,89043,13.996242258796284,9.754324926936537
2024-05-25,casual,44709,28.11386484674984,17.483237673531317
2024-05-26,casual,43878,30.513069872145458,17.98720397050407
2024-05-26,member,81530,13.904305472423216,9.492653805177449
2024-05-27,member,51652,11.314685734660154,7.806623212133187
2024-05-27,casual,16132,22.5034612715927,13.195438960993181
2024-05-28,member,126397,12.712276249304482,8.89231072006997
2024-05-28,casual,28397,23.747718589991887,13.931367103048242
2024-05-29,member,125941,12.146160336321536,8.812039799136626
2024-05-29,casual,25889,21.682873390886712,13.143141322650331
2024-05-30,member,128152,12.139814005503881,8.80503160343472
2024-05-30,casual,28325,21.036149325684065,12.943114517980776
2024-05-31,casual,38090,23.25160535092326,13.898386872500172
2024-05-31,member,131937,12.517043551341457,8.99545288756284
2024-06-01,member,119157,14.138246743372164,10.077006080841175
2024-06-01,casual,53845,25.332952304454114,16.32848075379487
2024-06-02,member,105385,13.703727996552255,9.694381929590396
2024-06-02,casual,44918,25.11695538462673,16.260614560578187
2024-06-03,casual,29542,23.108199757407537,13.57913144616169
2024-06-03,member,124378,12.21887601639085,8.662959946276834
2024-06-04,member,135863,12.165154596051357,8.879777214671073
2024-06-04,casual,31390,22.77004665020711,13.244818268123991
2024-06-05,casual,31336,21.079832817419803,13.00334254825114
2024-06-05,member,139609,11.994168983016834,8.780416692077969
2024-06-06,casual,26659,21.153635981594707,12.539841084769824
2024-06-06,member,118576,12.07359689425632,8.630804509566662
2024-06-07,member,132863,12.397266910150497,8.964670165971866
2024-06-07,casual,39350,24.329118077509516,13.88306990716927
2024-06-08,member,118615,14.289983055403265,10.092464272526657
2024-06-08,casual,54189,26.56038467462641,16.49082053459028
2024-06-09,casual,43267,25.456273234027453,15.84616069432071
2024-06-09,member,101633,13.572835374665125,9.393015182838546
2024-06-10,member,126527,11.776350129616638,8.523781393660373
2024-06-10,casual,30386,22.094536188815002,13.485664857335786
2024-06-11,member,134373,12.264788220972022,8.697046298274813
2024-06-11,casual,29201,21.2508139173316,12.647609837798312
2024-06-12,casual,31707,20.566645467352064,12.883925020366156
2024-06-12,member,140360,11.84180557590007,8.723963676494641
2024-06-13,member,139308,12.084735155674238,8.85215845646838
2024-06-13,casual,33411,21.653578005247716,13.18309815282629
2024-06-14,member,119170,11.635374503790116,8.45165294854485
2024-06-14,casual,31503,20.514117113714025,12.695685372026793
2024-06-15,member,118518,13.847826656710374,9.98121667135002
2024-06-15,casual,54180,24.835182417251154,16.066248824337006
2024-06-16,member,104415,13.513909204137303,9.542797008805245
2024-06-16,casual,47055,25.329843866751705,16.04192091920538
2024-06-17,casual,28574,22.226037334639894,13.188867615549553
2024-06-17,member,116276,11.897284944155876,8.629425995412166
2024-06-18,member,138387,12.070550089603802,8.751893089287934
2024-06-18,casual,33244,21.749816327758403,12.955512348457939
2024-06-19,member,129688,12.716007128518717,8.92144521032877
2024-06-19,casual,41632,22.991314175794212,14.099304358040738
2024-06-20,member,133649,12.0207105898036,8.787900088751224
2024-06-20,casual,33517,20.57684536802222,12.911408510481408
2024-06-21,member,126478,11.934206867465727,8.528596507254173
2024-06-21,casual,37884,21.796525330834527,12.843414556378876
2024-06-22,member,101281,12.504987503579102,8.88909796902405
2024-06-22,casual,42422,23.676910021922655,14.479709182651895
2024-06-23,member,98523,12.327232212444525,8.770061879357145
2024-06-23,casual,40292,23.302225904232447,14.47460285861837
2024-06-24,casual,30892,21.411163551512736,13.136678186347211
2024-06-24,member,123600,11.647356682578186,8.475091343983642
2024-06-25,member,137971,11.982674569535126,8.798054302241152
2024-06-25,casual,32746,21.37469979539484,12.769211171165992
2024-06-26,member,133347,11.976228971780387,8.601760497004303
2024-06-26,casual,30878,20.88172287173179,12.305107931998373
2024-06-27,casual,34833,21.07242978736644,13.16659683004857
2024-06-27,member,136145,12.536052309914696,8.929804404653842
2024-06-28,casual,41156,22.589857831988812,14.048700055270213
2024-06-28,member,130728,12.484700580339938,9.125459013639194
2024-06-29,casual,44989,23.918401971222593,15.283166172168581
2024-06-29,member,105124,13.193787334322645,9.452336610340366
2024-06-30,casual,30548,22.799097441185452,14.228442620691672
2024-06-30,member,77442,12.582164823566886,8.915265909096616
2024-07-01,member,119922,12.170099608634532,8.797694067892907
2024-07-01,casual,32094,22.67762598928147,13.833735564534194
2024-07-02,casual,32889,21.34558340022499,13.39565715191262
2024-07-02,member,129266,12.190105951552136,8.798127342906316
2024-07-03,member,122083,12.288541259088746,8.738487398342077
2024-07-03,casual,33800,21.54806348076922,13.56640829624093
2024-07-04,casual,40053,28.16330979660285,16.486543162487056
2024-07-04,member,77920,13.646000924238562,9.119678629792869
2024-07-05,casual,30582,24.28029862500815,14.371911883933906
2024-07-05,member,80574,11.900561791851777,8.38655377020427
2024-07-06,casual,38611,24.75875102302447,15.29156151169481
2024-07-06,member,81422,13.042204849631146,8.96352210847868
2024-07-07,casual,37041,23.683664283271728,15.080278400591546
2024-07-07,member,86425,12.687219545463332,8.70156662581944
2024-07-08,casual,29017,21.576827486760624,12.8954078128959
2024-07-08,member,118156,11.70945277105409,8.3910839119254
2024-07-09,casual,30367,21.49350503232678,12.499975121180489
2024-07-09,member,130926,11.986192144672058,8.567095780712801
2024-07-10,casual,31843,20.78902782976895,12.49765691105964
2024-07-10,member,135113,11.893504170459767,8.611851882864215
2024-07-11,casual,33338,20.490264218009475,12.816145509783547
2024-07-11,member,134069,12.094003367171654,8.693076856188386
2024-07-12,casual,32527,20.965313113208573,12.791666547548779
2024-07-12,member,112926,11.919643839033203,8.449419626384028
2024-07-13,member,98647,13.211813107004424,9.235963225884499
2024-07-13,casual,40476,24.877472697400933,15.029739823164684
2024-07-14,casual,41802,23.393157705372925,14.516750040574554
2024-07-14,member,102376,12.890336111165384,9.088794227438758
2024-07-15,casual,28433,20.758821953950214,12.391900370836495
2024-07-15,member,118398,11.778246823426125,8.259324714409054
2024-07-16,member,128992,11.492047837462762,8.301827772201811
2024-07-16,casual,30028,20.038431666555677,12.203029527408193
2024-07-17,casual,27394,20.253173696794935,12.07276059409477
2024-07-17,member,124007,11.602505760830745,8.349319270723779
2024-07-18,casual,33049,20.975353297124506,12.806498894893753
2024-07-18,member,135395,11.940360229821408,8.718359196748425
2024-07-19,casual,40549,22.24822982235492,13.57703677834375
2024-07-19,member,129042,12.23898903005738,8.863778278381508
2024-07-20,member,111037,13.153007987427614,9.532909695554867
2024-07-20,casual,49283,23.787344132865307,15.251570320984618
2024-07-21,casual,45203,23.952119011275077,15.253758426133427
2024-07-21,member,103527,13.014554180873914,9.20333005864304
2024-07-22,member,118745,11.457155835193044,8.283043361228408
2024-07-22,casual,28062,20.928887513957175,12.595302610285628
2024-07-23,member,120488,11.558684871107495,8.486678395810324
2024-07-23,casual,26595,20.744952282383924,12.31570499335731
2024-07-24,casual,30652,20.268513496672323,12.357810679435584
2024-07-24,member,134295,11.656404628492034,8.557205450996294
2024-07-25,casual,33943,22.02333722024182,13.004788066025595
2024-07-25,member,135939,12.019420715418892,8.71910594944851
2024-07-26,member,129966,12.202582042611143,8.884560910031018
2024-07-26,casual,41020,22.088823200877613,13.734626744353402
2024-07-27,member,113845,13.331877158709966,9.592214605148202
2024-07-27,casual,53749,24.512566351001905,15.487670456654085
2024-07-28,member,105511,12.920550965302208,9.209587078784207
2024-07-28,casual,45928,24.740589301007407,15.308342011221459
2024-07-29,casual,29052,21.547990543393436,12.90163766414832
2024-07-29,member,120989,11.579339391873077,8.374843810168837
2024-07-30,member,136937,11.706380583285215,8.658418980824626
2024-07-30,casual,32160,20.689688017205654,12.556805307814153
2024-07-31,member,135366,11.572918480883954,8.539244016071253
2024-07-31,casual,31108,20.377827176824802,12.041688043657159
2024-08-01,casual,32901,21.3920303136683,12.31798195456307
2024-08-01,member,131317,12.157945018923654,8.607583283297275
2024-08-02,member,110165,11.44070785791009,8.205142055435656
2024-08-02,casual,31470,21.272697270945844,12.548660803575467
2024-08-03,member,92143,13.483495641738033,9.19212615186896
2024-08-03,casual,44154,25.024002156090024,15.73809743393254
2024-08-04,casual,30622,22.97894130908065,14.280257405746857
2024-08-04,member,82787,12.189199667218265,8.624805311440522
2024-08-05,member,122836,12.004928903714434,8.410306497586783
2024-08-05,casual,31771,22.81343497791487,13.339509721759685
2024-08-06,member,95130,11.028605238095208,7.958546875007162
2024-08-06,casual,19959,20.72571341082555,11.956099990234257
2024-08-07,casual,17162,17.769198390824695,10.83048597624229
2024-08-07,member,92092,10.87264798317623,7.941960547669453
2024-08-08,casual,14877,16.921904854249295,10.512643619877498
2024-08-08,member,80979,10.733542466359603,7.6679186978618175
2024-08-09,casual,23766,20.23894322912285,11.65586507159786
2024-08-09,member,98771,10.800986147587155,7.92246340663855
2024-08-10,casual,61163,26.730605110388122,17.42763771111751
2024-08-10,member,118355,14.120022036810196,9.960113398895986
2024-08-11,casual,46668,25.26691664202453,16.066033684180447
2024-08-11,member,105388,13.385785312211395,9.3995021503831
2024-08-12,member,120669,12.005444465162284,8.58575697093318
2024-08-12,casual,30268,21.912291112175765,13.507744712739889
2024-08-13,member,133385,12.316160893278868,8.860684917831682
2024-08-13,casual,31842,22.01091144976237,13.310451884934277
2024-08-14,casual,33312,21.294246227085353,12.973325087523833
2024-08-14,member,138404,11.980947135800474,8.793512264679924
2024-08-15,casual,35001,21.507206270297026,13.129244961704682
2024-08-15,member,135056,11.885366566708099,8.767481673137073
2024-08-16,member,125619,11.963392907787334,8.71713142480603
2024-08-16,casual,38749,22.20329109912507,13.4063948307785
2024-08-17,member,104251,14.051614905692343,9.666389827317195
2024-08-17,casual,53402,25.65685473827441,17.04392690850824
2024-08-18,casual,32013,22.70034131811036,14.417943021260326
2024-08-18,member,83052,12.372569844996704,8.858095799132766
2024-08-19,member,114451,11.667329745917485,8.4794837991076
2024-08-19,casual,27269,22.12913346901856,13.000811452053979
2024-08-20,member,132587,12.07526629948637,8.750936271439087
2024-08-20,casual,31649,21.324485868431882,12.847389551764152
2024-08-21,casual,32285,21.433619732589943,13.063200926709507
2024-08-21,member,134864,11.920139451966426,8.731182832505498
2024-08-22,casual,33859,21.820919836183347,13.193432647852871
2024-08-22,member,132281,11.828691044695226,8.716334541046999
2024-08-23,member,126104,12.028502029938249,8.805527473229796
2024-08-23,casual,39329,22.898649034639337,13.573626521935461
2024-08-24,casual,52028,25.404939741100907,15.818656305901794
2024-08-24,member,112569,13.380324164734468,9.652791700154468
2024-08-25,casual,43115,24.463186197765673,15.315438926890236
2024-08-25,member,101756,12.865851983666827,9.233672637239449
2024-08-26,casual,26763,22.01899675111163,12.783282883781679
2024-08-26,member,114389,11.547714442093787,8.439983007034408
2024-08-27,member,133186,11.792923235925736,8.756933969791461
2024-08-27,casual,31647,21.706081423199702,12.926492404758424
2024-08-28,casual,30205,20.881590024830306,12.218821831509052
2024-08-28,member,131080,11.553861352354753,8.44771417031767
2024-08-29,member,127443,11.60221873491159,8.583632108661755
2024-08-29,casual,31736,21.153518990000855,12.620241439914077
2024-08-30,casual,34690,22.00088956855958,13.591670740655687
2024-08-30,member,111507,12.075722855964184,8.67836417037579
2024-08-31,member,93889,12.93170372478848,9.22994298957427
2024-08-31,casual,43762,26.243464141264127,15.769535340198404
2024-09-01,casual,41562,26.14676778026406,15.799413656872654
2024-09-01,member,86916,12.715190213923055,9.041959987126416
2024-09-02,casual,44697,26.611744806139157,16.292450820210334
2024-09-02,member,99722,13.244442977644526,9.18919079724723
2024-09-03,member,135787,12.046449551380746,8.73624486162439
2024-09-03,casual,29644,21.329539482975747,12.627436654670468
2024-09-04,member,148185,11.89284681760414,8.902038733949
2024-09-04,casual,31505,18.948111989102298,12.455146944427359
2024-09-05,casual,31888,19.598829241407387,12.737678002750117
2024-09-05,member,141141,12.088861104498354,8.972010931352996
2024-09-06,casual,37428,20.92478566358515,12.986081344725665
2024-09-06,member,139350,11.930571453414712,8.87091260852655
2024-09-07,member,106192,12.194455894668804,9.01457680199184
2024-09-07,casual,37331,20.421794662612847,13.42863885737981
2024-09-08,casual,43988,22.010428736625155,14.792366140709966
2024-09-08,member,116132,12.934999959098258,9.314767463608453
2024-09-09,casual,29309,20.083648731902557,12.539665662371714
2024-09-09,member,138487,11.929178099508745,8.744379437183389
2024-09-10,member,153418,12.246387280827514,9.089610700449839
2024-09-10,casual,31878,19.464046836899033,12.517269568663956
2024-09-11,casual,33043,19.56070547468451,12.65356051254354
2024-09-11,member,156130,12.164101649586886,9.061598674111258
2024-09-12,casual,33979,19.718983482935535,12.377437300162274
2024-09-12,member,155266,11.946923142649787,8.908078221248866
2024-09-13,member,149396,11.968245878961522,8.851137998668763
2024-09-13,casual,40301,20.563965293665134,13.00356969620912
2024-09-14,member,130836,13.543372071524638,9.763179140501082
2024-09-14,casual,54434,23.41419501751357,15.271782416289602
2024-09-15,casual,46005,23.042480885410985,14.897952393749014
2024-09-15,member,118706,12.78604105787967,9.281205531751764
2024-09-16,member,140179,11.70448739587714,8.537531052530557
2024-09-16,casual,29457,19.506526035124637,12.486365192424426
2024-09-17,member,153144,11.666266182590713,8.724231299351148
2024-09-17,casual,29869,18.951270036381104,12.181818500809744
2024-09-18,member,155313,11.71298335329304,8.739420655799503
2024-09-18,casual,30566,17.9435045006434,11.94463001847068
2024-09-19,casual,34618,18.88208733269783,12.35552183649046
2024-09-19,member,157997,11.7517870565053,8.773045156460634
2024-09-20,casual,41268,20.70172039958317,12.987384564145138
2024-09-20,member,153047,11.776925603028271,8.732174096490281
2024-09-21,casual,54525,22.81939357939789,15.18833326001324
2024-09-21,member,135391,13.179678039653004,9.6492198910765
2024-09-22,member,119549,13.128870929632733,9.283136647952949
2024-09-22,casual,45693,22.391067291124095,14.707253199839442
2024-09-23,casual,24909,18.082278919935256,11.628877658125205
2024-09-23,member,127160,11.25107884017515,8.214503106929527
2024-09-24,member,147533,11.880135952408454,8.792291297624049
2024-09-24,casual,30659,19.01086246344197,12.425801777838574
2024-09-25,member,143887,11.551102170105734,8.510835954456759
2024-09-25,casual,28980,18.141471576949616,11.781884083671097
2024-09-26,casual,26514,17.137437323678064,11.355979740349158
2024-09-26,member,133940,11.322060631377216,8.535611722538464
2024-09-27,casual,37260,20.135054648863854,12.42353555282168
2024-09-27,member,143786,11.397718025746563,8.509468175567784
2024-09-28,casual,19638,18.318473182095975,11.863768896495081
2024-09-28,member,70431,11.369729667807299,8.166324357554627
2024-09-29,casual,14165,18.289953167431467,11.342349432770483
2024-09-29,member,57169,10.861732495466645,7.843041181937196
2024-09-30,casual,27524,19.473336902945338,12.241421349334098
2024-09-30,member,140461,11.263975440395097,8.314177115468553
2024-10-01,member,150158,11.245691000257512,8.442522383764778
2024-10-01,casual,27289,18.153438298703986,11.510121995230774
2024-10-02,casual,27913,18.91510995294902,11.706810431085028
2024-10-02,member,148986,11.152289033421523,8.377513578937794
2024-10-03,casual,30036,20.141850994917203,12.149050256359777
2024-10-03,member,138871,11.398814398254517,8.377569029906354
2024-10-04,member,136604,11.482955306945614,8.408386437570275
2024-10-04,casual,36106,20.99129046280397,12.82959556368796
2024-10-05,casual,52947,23.079164045492014,15.278459599141916
2024-10-05,member,130018,12.95934204815229,9.533085077066115
2024-10-06,member,114610,12.580369790885051,9.025450545780682
2024-10-06,casual,43181,22.856924914121162,14.825217264317326
2024-10-07,casual,26266,18.984396135688737,11.966513902016557
2024-10-07,member,137207,11.075946324288585,8.179398259632924
2024-10-08,casual,26858,18.997668578573734,11.658750235277722
2024-10-08,member,149322,11.28679223311596,8.42868635898859
2024-10-09,member,151218,11.241656139811415,8.426348112905531
2024-10-09,casual,27824,18.53365118183345,11.666761685118304
2024-10-10,casual,26230,17.89353668572881,11.26756481182938
2024-10-10,member,142364,11.01892774074437,8.14023736656033
2024-10-11,member,136567,11.191709222823494,8.313689731246438
2024-10-11,casual,32881,21.343816456312144,12.450017121551882
2024-10-12,member,119135,12.652665905625282,9.306249183782136
2024-10-12,casual,49536,23.340026442721804,15.215183122840907
2024-10-13,member,110938,12.559759092766573,9.052595220563749
2024-10-13,casual,44534,23.303548663193737,15.117659756580242
2024-10-14,casual,24336,19.854767754218706,12.11429975208445
2024-10-14,member,108569,10.472316789015887,7.638983185653552
2024-10-15,casual,21049,17.007185874229943,10.85595323761588
2024-10-15,member,129267,10.689903644910641,7.966872633476205
2024-10-16,casual,21373,16.93047823733999,10.735333114357312
2024-10-16,member,132605,10.688387256765079,8.022715281449509
2024-10-17,member,130929,10.752573499632163,8.069315005841224
2024-10-17,casual,23146,17.21129272156452,11.03952997513882
2024-10-18,casual,31471,20.0394958252571,12.319334408228688
2024-10-18,member,133590,11.170395261122362,8.332764273277043
2024-10-19,member,122908,12.623003567573578,9.337329605397668
2024-10-19,casual,46261,22.302410569017788,14.713510414771727
2024-10-20,member,113459,12.556862948730334,9.058775871671168
2024-10-20,casual,41421,22.482135484416176,14.810565083187509
2024-10-21,member,136233,11.256418803079981,8.266425748756182
2024-10-21,casual,27889,20.44611336667983,12.788175457006545
2024-10-22,casual,29312,20.3999568015375,12.651870042138194
2024-10-22,member,150943,11.45451279964402,8.588846853674985
2024-10-23,member,154235,11.574413730670763,8.557645658321531
2024-10-23,casual,28664,19.390935395153075,11.983271563531963
2024-10-24,casual,28451,19.10449779445361,11.787833572314936
2024-10-24,member,147515,11.440326053734701,8.40939940704351
2024-10-25,member,138337,11.179356412480661,8.2027811917816
2024-10-25,casual,32071,18.646265268726694,11.899791014517382
2024-10-26,member,122785,12.09386402451443,8.854549242483003
2024-10-26,casual,43173,21.660883366147093,13.974512110204092
2024-10-27,casual,31649,20.69223046805056,13.810499153429758
2024-10-27,member,100669,11.620211236494546,8.374191870826222
2024-10-28,member,125873,10.596404539628585,7.804947374842317
2024-10-28,casual,21371,18.248571360722455,11.48101050873333
2024-10-29,member,138643,10.83084796780216,8.113850099097059
2024-10-29,casual,22359,17.63102310926252,11.135355677629338
2024-10-30,member,153705,11.434930175878032,8.554837362612723
2024-10-30,casual,28238,19.53119908810823,11.916040256410257
2024-10-31,member,155983,11.857046878719691,8.761755760622378
2024-10-31,casual,34636,21.316717953381843,12.786524388816336
2024-11-01,member,142919,11.559789522853295,8.544139542272521
2024-11-01,casual,37580,20.170057557211287,12.875019886532518
2024-11-02,casual,39298,20.58676263932012,13.763568751930384
2024-11-02,member,115909,11.842760149197492,8.692312650036067
2024-11-03,member,94776,11.383360181023379,8.230239307452834
2024-11-03,casual,30423,19.634536086184777,12.811233941057514
2024-11-04,casual,19838,18.421062801189667,11.4496956064469
2024-11-04,member,120745,10.590007070962244,7.826345038340874
2024-11-05,member,139455,11.031046512853651,8.148353224964602
2024-11-05,casual,24758,19.132156374370624,11.911606498570185
2024-11-06,member,147399,11.668988246415065,8.714355035759812
2024-11-06,casual,26557,19.449585959131927,12.146200415579637
2024-11-07,casual,26388,18.558108131221264,11.713800633464272
2024-11-07,member,145574,11.420109771090058,8.44174807566721
2024-11-08,casual,29140,19.600483180622277,12.079121653463382
2024-11-08,member,135378,11.085932660156514,8.223907982893524
2024-11-09,casual,31649,21.31072079739225,13.564278523378086
2024-11-09,member,103083,11.752831821121484,8.472196036942442
2024-11-10,casual,24322,20.1239760669353,13.024365008733424
2024-11-10,member,88312,11.041797252355282,8.076835628903135
2024-11-11,casual,21321,20.48271860606909,12.38495582420851
2024-11-11,member,115817,11.066613658328821,8.160268528562984
2024-11-12,member,118359,10.272173576153914,7.720407247842086
2024-11-12,casual,14994,15.584886613534286,9.910812949104693
2024-11-13,member,116646,10.316139917499678,7.789473859287807
2024-11-13,casual,15051,15.55579924921932,10.020254454146759
2024-11-14,casual,14662,14.429872217296413,9.788395913193046
2024-11-14,member,109002,10.40554819238792,7.6890984416996
2024-11-15,member,118471,10.596448690818868,7.863688487382891
2024-11-15,casual,22183,17.865174613442722,10.863979940623361
2024-11-16,member,107751,11.807289957711095,8.653629839430712
2024-11-16,casual,32524,20.417388376275994,13.649779917746011
2024-11-17,member,98118,11.454476016293299,8.3803332234093
2024-11-17,casual,27760,20.357366070485103,13.29007865740083
2024-11-18,casual,19205,18.03281399375163,11.258964714201111
2024-11-18,member,122147,10.734837568394356,7.951594091211335
2024-11-19,casual,18265,15.91698543206499,10.626646819320397
2024-11-19,member,128543,10.70140633614171,8.038960852232197
2024-11-20,member,132894,10.633884834906038,8.061270590634948
2024-11-20,casual,19649,16.187710578994697,10.44720854051247
2024-11-21,member,51558,9.137101154686636,6.78389120546282
2024-11-21,casual,5769,11.804814748367708,8.209275823700482
2024-11-22,member,57657,9.180676487098996,6.790029790018471
2024-11-22,casual,7067,13.807501608414709,8.605711451848144
2024-11-23,casual,18295,17.98187955998906,11.511923651252825
2024-11-23,member,81375,10.507746268100377,7.793133407006146
2024-11-24,member,78139,10.513228127652837,7.763443897611184
2024-11-24,casual,17975,18.028959905424216,11.66839934335281
2024-11-25,casual,16457,17.43868727795668,10.889241153305985
2024-11-25,member,106935,10.343244691946834,7.737166453012433
2024-11-26,casual,14542,15.97011800761013,10.440627462499474
2024-11-26,member,91582,10.31857851233506,7.702491170279687
2024-11-27,member,95581,10.462064402095246,7.688374296610273
2024-11-27,casual,17972,17.617154941946712,11.188905088502612
2024-11-28,casual,5083,17.809235736769608,10.357135066495754
2024-11-28,member,22029,10.027444476977317,6.810458596638416
2024-11-29,member,49220,9.833620254300422,7.007731785662651
2024-11-29,casual,10586,18.591725198375222,11.611637204384754
2024-11-30,member,50151,9.604378755824072,6.976654234021447
2024-11-30,casual,10334,17.452752790142576,10.925418630895656
2024-12-01,member,50039,9.377469094772737,6.658241675191504
2024-12-01,casual,8029,15.177316266035614,9.746334688763248
2024-12-02,member,83269,9.41245313782241,7.058187851960835
2024-12-02,casual,8289,13.4066033880243,8.850952648305087
2024-12-03,member,94104,9.651484591338654,7.2542657024645925
2024-12-03,casual,9425,13.429098182139683,8.794307944896943
2024-12-04,member,95637,9.694118926949484,7.331398241006672
2024-12-04,casual,9791,12.853154619889018,8.703141273937092
2024-12-05,casual,9110,12.191270128064406,8.69322147333509
2024-12-05,member,86656,9.412359966803606,7.158812642037381
2024-12-06,casual,9867,13.627863766426797,8.900179513006181
2024-12-06,member,83408,9.443389774961654,7.0377497828889135
2024-12-07,member,72179,10.080736618453198,7.469028786467486
2024-12-07,casual,14234,16.100892508547627,10.555757002930994
2024-12-08,casual,16955,18.003751973852367,11.814396358072878
2024-12-08,member,78110,10.561734421115524,7.737113752143517
2024-12-09,member,79276,9.913516816144389,7.357395346089495
2024-12-09,casual,8763,15.40195450568679,9.27485271414577
2024-12-10,casual,9788,14.846174415951499,9.521480630211688
2024-12-10,member,88656,10.00945391720055,7.556163292625386
2024-12-11,member,59958,9.974726826556372,7.193774883474416
2024-12-11,casual,6917,14.219577820346004,8.976653281780083
2024-12-12,casual,9939,15.647192180635194,9.46303167823815
2024-12-12,member,83771,10.900848649492891,7.584092229156846
2024-12-13,member,83469,9.545197095728149,7.127137539672541
2024-12-13,casual,10571,13.7016147715448,8.951159591623298
2024-12-14,member,68061,10.20162904135017,7.311839337481202
2024-12-14,casual,12543,16.768463877594417,10.243122458403551
2024-12-15,casual,11310,17.312931399941064,10.467860837190798
2024-12-15,member,62876,9.798116146595426,7.163291483301108
2024-12-16,casual,5417,14.40419276659898,9.281867260157764
2024-12-16,member,52421,9.352571106045309,7.066083503366667
2024-12-17,casual,15410,16.83097609885356,10.767588304605644
2024-12-17,member,109276,10.471176605415023,7.870040393063091
2024-12-18,casual,12795,15.099824077113468,9.990571388961701
2024-12-18,member,92684,10.06619532839183,7.5199889032955864
2024-12-19,member,93756,10.121580300994081,7.431700082376275
2024-12-19,casual,12602,14.87685781886474,9.58524302327162
2024-12-20,member,68702,9.362116754485575,6.979932303356866
2024-12-20,casual,8957,13.73394878865692,8.8560917275687
2024-12-21,member,34114,9.36389737790935,6.935759902934431
2024-12-21,casual,4640,14.552867374281627,9.223091142857145
2024-12-22,casual,3618,14.08924651280635,8.672680155945422
2024-12-22,member,27969,8.69071645095165,6.241714666969689
2024-12-23,casual,4506,15.935971696996583,9.176579285714284
2024-12-23,member,39961,9.448208742273719,6.624098246194232
2024-12-24,casual,3675,16.613059827664408,9.681129847832846
2024-12-24,member,29160,9.69405654263833,6.8409190918890745
2024-12-25,member,17745,9.95487283272284,6.761862033665148
2024-12-25,casual,3826,21.556603876982066,11.515685156250003
2024-12-26,casual,5773,18.056347872279005,10.499166420250896
2024-12-26,member,36925,9.457523147822121,6.8338373000210835
2024-12-27,member,45933,9.876508233731737,6.993079697211605
2024-12-27,casual,8171,18.65810792640641,10.933367777234537
2024-12-28,casual,3928,16.939826480821456,9.76032362180081
2024-12-28,member,22791,9.423019213724729,6.612592515747526
2024-12-29,casual,13200,21.422783773989902,14.141685387353844
2024-12-29,member,48254,10.820278335129396,7.693621849438039
2024-12-30,casual,15488,21.214366451446285,13.730386224197531
2024-12-30,member,67461,10.418155178053492,7.544555695793843
2024-12-31,casual,15154,21.114297568298806,12.90679090522108
2024-12-31,member,61795,10.141550860101935,7.29442915731299
2025-01-01,casual,10915,20.21847557489692,12.050809819824371
2025-01-01,member,40527,9.909515505712232,6.992676727161612
2025-01-02,casual,8454,16.429384433404334,10.067715875120005
2025-01-02,member,63325,9.342797868140549,6.8949324326144925
2025-01-03,casual,9028,15.974510676044888,9.666608338055582
2025-01-03,member,66333,9.413525061683712,6.870299964653397
2025-01-04,member,48169,9.275656221151914,6.716757019223151
2025-01-04,casual,7220,15.445050810249313,9.410373017076937
2025-01-05,casual,6196,13.576170833333322,8.977036244549101
2025-01-05,member,45981,9.056232455434506,6.574303777088892
2025-01-06,casual,4048,11.49499459403821,7.998480761073942
2025-01-06,member,54467,9.423701231326623,7.0032362383702145
2025-01-07,casual,4426,12.354124683687314,7.794083219305569
2025-01-07,member,60788,9.028923745640599,6.7025227567963075
2025-01-08,member,62103,8.80662633823382,6.595384921490995
2025-01-08,casual,4485,11.369510375325158,7.626744706025267
2025-01-09,member,62588,8.853042252242156,6.593908865904517
2025-01-09,casual,4781,11.230597291361642,7.831770690347382
2025-01-10,casual,7867,14.431021810516523,8.732129778984588
2025-01-10,member,73529,9.345768296182488,6.909058485134257
2025-01-11,member,56742,9.673947734482399,7.0032021915462535
2025-01-11,casual,8018,14.60958844474931,9.520572249779711
2025-01-12,casual,9162,14.983652564942162,10.075761366304032
2025-01-12,member,60255,9.712014266035998,7.131580749406765
2025-01-13,member,79427,9.668436662176187,7.055143772979112
2025-01-13,casual,7248,13.427767029985286,8.87007544897959
2025-01-14,member,76233,9.301495243748327,6.830354975359682
2025-01-14,casual,6165,12.24331463638822,8.13355338530996
2025-01-15,casual,5770,12.403439786250722,7.818126096942775
2025-01-15,member,74494,8.948501965930156,6.738626037031759
2025-01-16,casual,6126,11.9028189873762,8.214146204742708
2025-01-16,member,74273,9.13681226780484,6.826998732327256
2025-01-17,casual,8945,15.502939642258246,9.298404477492198
2025-01-17,member,78007,9.414344384051018,7.005350369777775
2025-01-18,casual,8506,15.812555672466491,10.226513945516302
2025-01-18,member,53329,9.738049429641162,7.171921842330711
2025-01-19,member,38059,9.322804332308625,6.830179682612817
2025-01-19,casual,5668,15.033442043048693,9.78232355363322
2025-01-20,casual,2453,14.159927415409689,8.798268557926345
2025-01-20,member,30538,8.761201208876368,6.644649488980003
2025-01-21,member,47107,8.74526576269628,6.492364789291664
2025-01-21,casual,2827,11.197469974059658,7.578490469631378
2025-01-22,member,52304,8.734616393583693,6.4527475393398115
2025-01-22,casual,3243,11.467869256860933,7.529416754330597
2025-01-23,casual,4387,11.530038640680797,7.934399731290073
2025-01-23,member,60990,8.979867548505224,6.706964756950593
2025-01-24,casual,6137,13.805251732659821,8.685742253290524
2025-01-24,member,65606,9.219148857574009,6.786793463188008
2025-01-25,member,54177,9.186654992278394,6.866070638533717
2025-01-25,casual,7090,14.624991386929938,9.196719614059226
2025-01-26,casual,8400,15.618582132936485,10.1431597503009
2025-01-26,member,58154,9.73267122467929,7.132168840132353
2025-01-27,casual,6044,13.213260864769472,8.662734166640034
2025-01-27,member,74025,9.367986259822118,6.949250096000247
2025-01-28,member,83376,9.366305023028218,7.0577033735273345
2025-01-28,casual,6728,12.421352918152994,8.618907661732193
2025-01-29,casual,7910,14.23751758112095,8.776405398744188
2025-01-29,member,84378,9.485594728088698,7.162356413633588
2025-01-30,casual,6971,13.75394307129537,8.739902589716666
2025-01-30,member,80657,9.221398747783809,6.967199363432666
2025-01-31,member,62789,9.173411628629204,6.832228019484095
2025-01-31,casual,6593,13.363461277112101,8.977021213120937
2025-02-01,member,62270,9.71296142792141,7.137269503916664
2025-02-01,casual,9934,15.658341836118398,10.210948257015456
2025-02-02,casual,5758,13.817785284242207,9.490784423868313
2025-02-02,member,45515,9.140421715185493,6.747944614516272
2025-02-03,member,79067,9.814179549411698,7.379311861879701
2025-02-03,casual,6937,14.713328922204608,9.462791657996666
2025-02-04,casual,7523,13.628677816917003,8.90487729000911
2025-02-04,member,87185,9.765031608457114,7.280853599305294
2025-02-05,casual,6809,12.095433144857306,8.481447891832408
2025-02-05,member,81879,9.384568580669864,6.992775459058333
2025-02-06,casual,4571,12.813267800627147,8.670189982659661
2025-02-06,member,53217,9.487353902261827,6.960055940428846
2025-02-07,member,80106,9.338051963440112,6.960678546197022
2025-02-07,casual,8502,14.959486881518067,9.342946961207991
2025-02-08,casual,8288,15.064427883687268,9.679955346327738
2025-02-08,member,55941,9.599761305363392,7.038331745262504
2025-02-09,casual,3536,15.409596271681746,10.057698899335234
2025-02-09,member,32559,9.74640947049971,7.347632379671046
2025-02-10,casual,4902,13.763886349109198,9.164266961498173
2025-02-10,member,64907,10.010130391175077,7.405642234194392
2025-02-11,member,70027,9.68881460936496,7.2317447927538225
2025-02-11,casual,5006,13.060370851644686,8.555597944989389
2025-02-12,member,61681,9.502768524072804,7.08720123606207
2025-02-12,casual,4181,12.864479239416397,8.630958567688243
2025-02-13,member,69433,9.602576540933914,7.18514458341578
2025-02-13,casual,6044,13.649199059673506,8.867036554465011
2025-02-14,casual,7304,14.553712693957666,8.946475144180285
2025-02-14,member,69849,9.69908076946937,6.961435874347081
2025-02-15,member,36878,9.489658101035852,6.753442812411404
2025-02-15,casual,4792,16.118851255564834,9.756951505242014
2025-02-16,member,26548,9.134400109236092,6.4968546359170904
2025-02-16,casual,3265,15.138860806533945,9.515864435041909
2025-02-17,casual,5270,14.850583633776102,9.183954659946236
2025-02-17,member,47855,8.87037720335736,6.4789752335344115
2025-02-18,casual,3703,13.994824633180293,7.98403194083694
2025-02-18,member,54838,8.808879054366196,6.453532578950687
2025-02-19,member,61130,8.782185284366628,6.479337754036305
2025-02-19,casual,4394,14.849270535578826,8.121729850328533
2025-02-20,casual,3978,14.370612057985587,7.960786910270806
2025-02-20,member,54402,8.78675094941361,6.499723515074097
2025-02-21,member,56486,8.75002663904919,6.543836319362978
2025-02-21,casual,4951,14.315580966808053,8.543259892412587
2025-02-22,member,55781,9.92905388573169,7.099472721204137
2025-02-22,casual,8310,17.091580509426397,10.6243455761042
2025-02-23,member,59911,10.27874951149762,7.3609754199530295
2025-02-23,casual,10270,18.81441672995783,11.422525141649734
2025-02-24,casual,7843,14.856126888095543,9.679665827501093
2025-02-24,member,82624,9.862733769042082,7.249797479682442
2025-02-25,member,97099,10.390628176225636,7.636947904380688
2025-02-25,casual,10224,16.069163155320815,10.1408720780851
2025-02-26,casual,12177,16.467119306890016,10.347672315344763
2025-02-26,member,103360,10.451486292892161,7.694886367346389
2025-02-27,member,91546,10.008681053240991,7.387640828371492
2025-02-27,casual,10226,15.313967048047465,9.77732896239997
2025-02-28,member,96475,9.924800732486837,7.375681334804257
2025-02-28,casual,14127,17.28658731389068,10.681263838465146
2025-03-01,member,78639,10.9923785318565,7.8996735003156555
2025-03-01,casual,19028,21.664658507637878,12.968033640156946
2025-03-02,casual,6559,16.805692315901815,9.705052297675469
2025-03-02,member,48474,9.024461102859265,6.596687299027803
2025-03-03,casual,6576,13.926971565794803,9.05794909751261
2025-03-03,member,72766,9.293357782251796,6.890373819379055
2025-03-04,member,94898,9.954687666582378,7.421769339636281
2025-03-04,casual,10207,15.910683044316004,10.163940825535496
2025-03-05,casual,6537,14.841441476722252,9.084755592425006
2025-03-05,member,65321,9.509541726499387,7.069548687085121
2025-03-06,casual,9955,16.19548701155201,10.092523688849775
2025-03-06,member,91697,10.01411005121941,7.440359142037901
2025-03-07,casual,11387,16.9807762038582,10.137586426803496
2025-03-07,member,86348,9.722502740847085,7.21076843646685
2025-03-08,casual,13212,17.860215030527804,11.152460378596063
2025-03-08,member,69901,10.32666653433663,7.501672379381921
2025-03-09,member,67281,10.597649422818707,7.499656042738686
2025-03-09,casual,13377,19.354680432832488,12.169206544940302
2025-03-10,member,102836,10.972615778683235,7.991635584202265
2025-03-10,casual,15589,20.410348837855746,12.506857782474585
2025-03-11,casual,17416,19.938408943883033,12.15178205917294
2025-03-11,member,116058,11.02784853076334,8.100346470148315
2025-03-12,casual,13670,17.181138174835393,10.595272366964881
2025-03-12,member,107739,10.280256993134682,7.632547968150675
2025-03-13,member,103919,10.085159097790926,7.542313102532217
2025-03-13,casual,13913,16.57605130453533,10.256096101840605
2025-03-14,member,103712,10.40611527370668,7.665067181171045
2025-03-14,casual,17492,18.678307337640085,11.233814609333203
2025-03-15,member,75943,10.668522861005401,7.817374508684539
2025-03-15,casual,16817,19.421781391845553,12.062438660999886
2025-03-16,member,72872,10.831511969846657,7.871667202340382
2025-03-16,casual,17354,19.393566442895033,12.53473139288955
2025-03-17,member,76862,10.049557145923847,7.125844234406578
2025-03-17,casual,9190,15.862451276750102,10.131096373155462
2025-03-18,member,107409,10.676343623129068,7.874619381514063
2025-03-18,casual,15549,20.012379761828186,12.004061038260891
2025-03-19,member,113905,10.864905602622065,7.949426583827391
2025-03-19,casual,17671,19.449019174542133,11.818811475870232
2025-03-20,member,87136,9.809558491132654,7.293614067750412
2025-03-20,casual,10984,14.847433870478259,9.822943704418703
2025-03-21,member,89997,9.940690208006934,7.354796485427757
2025-03-21,casual,13874,18.244455782999385,10.489616212071857
2025-03-22,casual,24012,21.94065620800713,13.86943042753705
2025-03-22,member,87095,11.53046066613082,8.3602626274224
2025-03-23,member,68117,10.466081525903974,7.580481020577402
2025-03-23,casual,14592,19.105556687454307,12.238134094242744
2025-03-24,member,52621,9.499742399105555,6.899804300016743
2025-03-24,casual,5036,14.321880493778128,9.10250634153905
2025-03-25,casual,14855,18.31247637383599,11.524640038447064
2025-03-25,member,108858,10.760983576463566,7.923449910336205
2025-03-26,casual,11822,15.478801882084268,9.86037094674793
2025-03-26,member,99772,9.844535290295214,7.415723353962865
2025-03-27,member,102031,10.191784865874054,7.590983767000534
2025-03-27,casual,13827,16.751203754731062,10.540452634408403
2025-03-28,member,102909,10.579710714644314,7.799915947435902
2025-03-28,casual,18614,18.92234684466889,11.770231030196904
2025-03-29,member,104641,13.224321571372592,9.239843674527293
2025-03-29,casual,38999,25.4374236540253,16.4803512543273
2025-03-30,casual,15955,18.51113341376788,11.65317471751464
2025-03-30,member,71245,10.411033060799587,7.526765786479914
2025-03-31,casual,13568,20.621213466735465,12.23269180031722
2025-03-31,member,89323,10.651905793394034,7.733057165794676
2025-04-01,member,107173,10.343712448408972,7.682711923158237
2025-04-01,casual,13789,16.475613845577403,10.699287071381576
2025-04-02,casual,11659,15.032237620436279,9.628830310782496
2025-04-02,member,101258,9.87432440630204,7.287331811638631
2025-04-03,member,111819,10.902161148969919,8.077897697651562
2025-04-03,casual,17170,18.217870709570942,11.483415026194475
2025-04-04,member,118840,11.163091594300491,8.238794791907285
2025-04-04,casual,25132,20.10000117711814,12.612906903652044
2025-04-05,casual,13011,17.479837666845988,10.85374507173204
2025-04-05,member,64233,10.058470517231534,7.3870805036079386
2025-04-06,casual,16796,19.39569944828133,12.521464692520773
2025-04-06,member,74893,10.821503061256251,7.847933667935586
2025-04-07,casual,6334,13.352679252183975,8.78978282858649
2025-04-07,member,65228,9.21436809856707,6.819240667355376
2025-04-08,casual,10105,15.045164873824858,9.353537251407003
2025-04-08,member,95649,9.758852657982128,7.22030402264933
2025-04-09,member,101019,9.958365150615212,7.4063517272156805
2025-04-09,casual,12026,16.06957088253231,9.920738024911246
2025-04-10,member,96997,9.815657933922353,7.269884871917868
2025-04-10,casual,11664,14.991878410779613,9.479531056749266
2025-04-11,casual,7486,13.891237369756881,8.64026631271547
2025-04-11,member,64364,9.112948101164202,6.835603731076266
2025-04-12,member,38566,9.175691776867346,6.690642692533975
2025-04-12,casual,5033,14.380959745678524,9.077669609259294
2025-04-13,member,77805,11.105533179744214,7.929893526771651
2025-04-13,casual,18634,21.41767982540877,13.215436193996883
2025-04-14,casual,17091,23.182044382033446,12.681182054649357
2025-04-14,member,101403,10.772556649211552,7.7859123662859835
2025-04-15,casual,19289,21.04960562842375,12.595744801509662
2025-04-15,member,113379,10.757907592969852,7.960483998161625
2025-04-16,member,98948,9.703027196439896,7.269109011444419
2025-04-16,casual,13252,16.345003155498564,10.166351354705514
2025-04-17,member,113911,11.065833277734365,8.031663225949957
2025-04-17,casual,23515,22.566844767169908,13.863090914887364
2025-04-18,casual,27912,21.803921926053334,13.994816085458343
2025-04-18,member,106914,11.117152202549098,8.07327210041848
2025-04-19,member,110869,13.475408032753373,9.47769427829664
2025-04-19,casual,44962,26.49954627833878,16.992399379726887
2025-04-20,casual,31320,24.04624952266925,15.65387298899699
2025-04-20,member,86430,12.188913355702127,8.59968365941278
2025-04-21,member,101692,10.007068506044366,7.376549878830104
2025-04-21,casual,14664,17.063795536688524,10.800264362253769
2025-04-22,casual,23839,20.340766430359185,13.176813706670199
2025-04-22,member,134896,11.416964182777864,8.421692808947567
2025-04-23,casual,25187,20.899254737232116,12.767316121154979
2025-04-23,member,139300,11.381644186168963,8.323794899188181
2025-04-24,member,142710,11.372515180435897,8.439565801047719
2025-04-24,casual,28792,20.6133183031166,13.114215360499493
2025-04-25,casual,33119,21.40127324899105,13.593421182982762
2025-04-25,member,135901,11.497910126979669,8.355695815680258
2025-04-26,member,93011,11.659120010715565,8.574493985801242
2025-04-26,casual,36648,22.04099051107836,14.953726031895032
2025-04-27,casual,28812,21.909359477532565,13.906705432932581
2025-04-27,member,92968,11.902541194819719,8.449936077299421
2025-04-28,member,128707,11.300271005850508,8.336070584644927
2025-04-28,casual,24333,21.47548670187264,13.53867805825225
2025-04-29,member,143255,11.526513578699955,8.584708167737038
2025-04-29,casual,26521,19.831856623053454,13.001966331333845
2025-04-30,casual,27432,20.25301782042872,12.733448827118048
2025-04-30,member,147372,11.489752116639107,8.554828607634068
2025-05-01,casual,27895,19.366141165083363,12.650741104140995
2025-05-01,member,141484,11.16673609112457,8.354380964342148
2025-05-02,member,142368,11.83732216509328,8.68647057955528
2025-05-02,casual,37201,22.25441147146583,13.82594356780087
2025-05-03,casual,51209,23.63388814596393,15.902833121306564
2025-05-03,member,128927,13.117306890074786,9.566113922445545
2025-05-04,casual,19852,20.013300169588348,12.89890432718121
2025-05-04,member,71091,11.35392510514689,7.91755223372261
2025-05-05,member,67215,9.85130467802323,7.12661416507236
2025-05-05,casual,8185,16.413836625941755,9.87167812364438
2025-05-06,member,104115,10.591085006163066,7.72619812594865
2025-05-06,casual,14486,16.193161126835097,10.490260852713181
2025-05-07,member,146934,11.582918338392293,8.66781456331092
2025-05-07,casual,27444,20.09633951865617,12.80726303174981
2025-05-08,casual,27865,19.182129235002073,12.443317337451296
2025-05-08,member,143673,11.52730889450355,8.480611959296487
2025-05-09,member,76074,9.939051778312315,7.250632275834052
2025-05-09,casual,12584,15.325966160733195,9.962543938547187
2025-05-10,casual,45453,23.278042836189716,15.470177003246567
2025-05-10,member,126914,12.909581128034226,9.430013408696963
2025-05-11,member,111298,13.066975171461639,9.296491023101206
2025-05-11,casual,40786,24.501384073783495,16.056182723709426
2025-05-12,member,135380,11.263674572930512,8.226828904582792
2025-05-12,casual,25613,20.271746076862026,12.72722808702272
2025-05-13,member,116414,10.492958699268709,7.701546976955834
2025-05-13,casual,16834,17.40946428062255,10.915158310665216
2025-05-14,casual,7153,14.330579013467538,9.269735774522673
2025-05-14,member,60183,9.608336468770275,7.0458815253233364
2025-05-15,member,137592,11.41697770303994,8.430691955768244
2025-05-15,casual,25295,19.41870596231141,12.06892131383044
2025-05-16,member,126548,11.446185934586078,8.48695377982429
2025-05-16,casual,28314,18.592955092298276,12.227964401829814
2025-05-17,casual,55500,24.21231064474478,15.816448379675478
2025-05-17,member,135376,13.51367147032466,9.825974641732198
2025-05-18,casual,42650,23.68344215005865,15.547004551792947
2025-05-18,member,114897,12.96623653315576,9.230770784636118
2025-05-19,casual,24839,20.290111934189525,13.0407633646168
2025-05-19,member,127477,11.224969567582113,8.181659273062165
2025-05-20,casual,26138,20.04219125985154,12.64299682663214
2025-05-20,member,140168,11.628381298394292,8.424205002528254
2025-05-21,casual,12655,14.464839495588036,9.451117827874073
2025-05-21,member,95613,9.67465147748388,7.162903821125717
2025-05-22,casual,8106,13.953957628094418,9.331280995580986
2025-05-22,member,59057,9.170951790360737,6.766771223040486
2025-05-23,casual,19799,18.90161084145665,11.554936898714033
2025-05-23,member,99800,10.456170395958589,7.710778179221545
2025-05-24,casual,30433,22.81294072333759,14.74341131942939
2025-05-24,member,87516,11.919278959847345,8.512696184791256
2025-05-25,casual,34465,23.959183794187343,15.517507480077008
2025-05-25,member,85918,12.103958408210923,8.637253543064643
2025-05-26,casual,40694,25.40017765190611,17.101321035778334
2025-05-26,member,100258,13.068965220730522,9.053511140494386
2025-05-27,casual,25194,19.975071705564794,12.759926589916178
2025-05-27,member,136279,11.440205137744437,8.442107255016184
2025-05-28,casual,12682,17.020318072859162,10.60063384363855
2025-05-28,member,89913,10.326575657580081,7.47790505155912
2025-05-29,member,125467,11.335675297090095,8.390104643263216
2025-05-29,casual,23153,18.425231245051002,11.88258007974782
2025-05-30,casual,32579,19.83766293880519,12.715354220396561
2025-05-30,member,136990,11.383512534978207,8.406329749260017
2025-05-31,casual,36696,20.387562714374006,13.63586583517043
2025-05-31,member,113206,11.867639949296057,8.80766983361875
2025-06-01,member,106118,12.192660366290397,8.88522617591259
2025-06-01,casual,34071,21.394130700106626,14.364664628352013
2025-06-02,member,133123,11.463240447931623,8.512779943017662
2025-06-02,casual,26299,20.212031323751187,13.027883863228976
2025-06-03,casual,29516,19.763094972783072,12.965613774180529
2025-06-03,member,150434,11.946646128423927,8.842163016685316
2025-06-04,member,159593,12.141732254443056,8.946427929229378
2025-06-04,casual,32780,20.16945564826112,12.819299506120341
2025-06-05,member,152566,11.895133311703361,8.771662472968377
2025-06-05,casual,34610,21.298613694019025,12.721991774728817
2025-06-06,member,144628,11.909666999820276,8.645507253981108
2025-06-06,casual,39953,21.345717800081754,13.014282638928025
2025-06-07,casual,32562,21.999155511536948,13.462541770526125
2025-06-07,member,95755,11.839619267749262,8.644727558311862
2025-06-08,member,110658,12.26473967313705,8.799634008512944
2025-06-08,casual,40101,22.743437432566076,14.340009851458253
2025-06-09,member,113883,10.527341119101752,7.812354088952664
2025-06-09,casual,20337,18.02386079231613,11.47968496325583
2025-06-10,casual,22321,18.594808008900436,11.96154400633809
2025-06-10,member,122842,11.394435689069415,8.397541249603856
2025-06-11,member,159978,11.906133921747584,8.845025569566896
2025-06-11,casual,33301,20.599782844359037,12.764457558907617
2025-06-12,casual,35145,20.36285538151466,12.665610176616115
2025-06-12,member,157114,11.821747934514665,8.68068735768811
2025-06-13,member,148327,11.83024990932197,8.669839357470192
2025-06-13,casual,38172,21.26378448208102,13.082437155104959
2025-06-14,casual,18500,18.814114140540564,11.597955795615194
2025-06-14,member,69958,10.971048526258617,7.836792139909358
2025-06-15,member,78690,11.031848814334712,7.87910646848123
2025-06-15,casual,20861,21.220617177188682,12.410780732102577
2025-06-16,member,118884,10.85196831645412,7.980373380934615
2025-06-16,casual,21060,19.386073901551104,11.524483417755876
2025-06-17,casual,20954,18.80662602048938,11.47628846944331
2025-06-17,member,125611,11.136438927455918,8.212242049780125
2025-06-18,casual,30874,21.323544897000698,12.251678732889358
2025-06-18,member,147005,11.612094931918362,8.535889542529198
2025-06-19,member,111943,11.590361123964888,8.326708680006904
2025-06-19,casual,29603,21.55204013557185,12.978245432710418
2025-06-20,casual,39183,23.571661463304658,13.816108336869581
2025-06-20,member,138898,11.989186753469035,8.822441097482706
2025-06-21,casual,50322,24.658508579415212,15.24544843764634
2025-06-21,member,121539,12.986714300485225,9.465635446301356
2025-06-22,member,99574,12.17312006916132,8.732826447304292
2025-06-22,casual,35827,24.179850926210186,14.116000669284329
2025-06-23,member,128416,11.039850093705898,8.114112899632937
2025-06-23,casual,27255,21.43966015654619,11.727170318065351
2025-06-24,member,137184,11.02454569398281,8.141560367382285
2025-06-24,casual,27281,19.48586335972533,11.352982488341322
2025-06-25,casual,29125,20.88018975736765,11.616212969051046
2025-06-25,member,141557,11.191177482333373,8.226827833457527
2025-06-26,member,144582,11.55561584487237,8.530609349496656
2025-06-26,casual,31647,19.93051090782695,12.282769747361037
2025-06-27,member,133556,11.430498998547405,8.473693457521753
2025-06-27,casual,33634,20.357895907910653,12.641008054043906
2025-06-28,member,118153,12.768345375769844,9.333714359770719
2025-06-28,casual,44549,23.434913119261957,14.542119390684839
2025-06-29,member,111256,12.895276130126321,9.273106018059975
2025-06-29,casual,43831,23.5771600446411,14.650938754476893
2025-06-30,casual,28248,21.89662856013402,12.520023691385989
2025-06-30,member,125492,11.37228143334505,8.270307887290354
2025-07-01,member,102416,10.80644079456987,7.856477716321951
2025-07-01,casual,19213,20.446678630788227,11.517823434054836
2025-07-02,casual,29562,21.549342835960616,12.497803752840634
2025-07-02,member,131142,11.675905727252376,8.526059558060268
2025-07-03,casual,30158,21.62311583106751,12.588870675957478
2025-07-03,member,114834,11.539176943384934,8.298421849660564
2025-07-04,member,84742,13.69813329458834,9.361825317665192
2025-07-04,casual,42838,30.105641307172707,17.174269632400122
2025-07-05,casual,41806,25.78425073354698,15.881593014387173
2025-07-05,member,87121,13.0351657396035,9.229624184033813
2025-07-06,casual,38423,24.313335221091517,15.188039259147583
2025-07-06,member,93553,12.5982785460292,8.798014220379152
2025-07-07,casual,25756,21.056870331184996,12.19950964081709
2025-07-07,member,122354,11.180125940576776,8.19558078037383
2025-07-08,member,127914,11.14159809494398,8.262918392958838
2025-07-08,casual,24843,20.695586894363284,11.56203208885024
2025-07-09,casual,28908,19.7557778019925,11.883452103200801
2025-07-09,member,141374,11.448423219144479,8.506204126081519
2025-07-10,casual,31192,21.957643734504522,12.532670476596943
2025-07-10,member,142524,11.84815203942257,8.750609650263456
2025-07-11,member,138380,11.88876679240739,8.768921196038301
2025-07-11,casual,37532,22.248824032825308,13.013123920217676
2025-07-12,member,125584,13.184520391663463,9.619638226097491
2025-07-12,casual,52701,24.328139922392428,15.215348015939332
2025-07-13,casual,44979,23.35237877602142,14.819921070222954
2025-07-13,member,117534,12.74814183924086,9.320218757592928
2025-07-14,member,95666,10.655652837998876,7.796201154307725
2025-07-14,casual,18537,20.490431449713192,11.780580189621954
2025-07-15,casual,30770,21.73829516195425,12.617388556198193
2025-07-15,member,145730,12.39194871611886,8.919540831404367
2025-07-16,member,149947,11.99406039989684,8.760370898072079
2025-07-16,casual,32420,20.510563073205816,12.339683161938536
2025-07-17,member,146283,11.8684654811792,8.633883312927324
2025-07-17,casual,33089,21.990197711223267,12.332464951652144
2025-07-18,casual,39533,23.169594144554306,13.516450674555035
2025-07-18,member,140406,12.331524694694956,8.86002858549945
2025-07-19,member,121146,13.192099767360633,9.452125538609637
2025-07-19,casual,49173,23.863015007219325,15.120582195799154
2025-07-20,casual,42196,24.110333733055302,14.478509110844499
2025-07-20,member,111823,12.80198241253294,9.058287051228191
2025-07-21,member,136912,11.99431355128357,8.59052973812851
2025-07-21,casual,29695,22.272375741146078,13.066411867264735
2025-07-22,member,151396,12.14309838425935,8.917205780128434
2025-07-22,casual,31169,22.097011321077556,12.997197954919562
2025-07-23,member,154023,12.226568047737405,8.93085075326374
2025-07-23,casual,32056,21.195695669037512,12.7283659871776
2025-07-24,member,150561,12.279010935988316,8.86802462787723
2025-07-24,casual,33914,21.72799314344129,12.68416863112133
2025-07-25,casual,34139,21.49347488502885,12.338849713888292
2025-07-25,member,130018,11.59234470919408,8.427292761599007
2025-07-26,member,125011,13.053411771630733,9.495459793073339
2025-07-26,casual,52321,23.701182080490277,15.289415453420032
2025-07-27,casual,38675,24.16636568670552,14.237308031742273
2025-07-27,member,108495,12.279772132049144,8.859518826220993
2025-07-28,member,134184,11.521109184030887,8.375112320936958
2025-07-28,casual,28961,21.602128655778454,12.483383712565976
2025-07-29,member,146176,11.336608494782586,8.43624271816949
2025-07-29,casual,30225,19.761137661428165,11.78866432809244
2025-07-30,member,142965,11.295815871600295,8.381609511870918
2025-07-30,casual,28395,19.531088059517504,11.407930860401256
2025-07-31,member,112321,10.82000864931758,7.985820143850247
2025-07-31,casual,21849,17.174131261537518,11.011583006805228
2025-08-01,casual,33174,21.085166126082672,12.607351430490896
2025-08-01,member,132369,11.579314938668942,8.533722152496038
2025-08-02,member,133648,14.677819592511637,10.326283405028164
2025-08-02,casual,68334,26.979695789065435,17.97755433453828
2025-08-03,member,117434,13.128901757299186,9.492072469099941
2025-08-03,casual,46632,24.99439011086805,15.489707465049957
2025-08-04,casual,30465,22.437653875485534,13.149835709037575
2025-08-04,member,135347,11.930945558946014,8.670631615325474
2025-08-05,casual,30689,21.45359728784475,12.67769247339807
2025-08-05,member,146418,11.83241232544269,8.747752835646784
2025-08-06,casual,27799,20.22546037027708,12.047431051743406
2025-08-06,member,139292,11.467112194287282,8.465875802821133
2025-08-07,member,147735,11.882573163547335,8.850725898932719
2025-08-07,casual,32825,21.45273111805028,12.879525042376624
2025-08-08,member,139441,12.084082674153688,8.888351569082694
2025-08-08,casual,38397,22.720654949171376,13.482783693346208
2025-08-09,casual,68541,27.355068833496286,18.5486902592647
2025-08-09,member,132292,14.923901928562108,10.321474395410283
2025-08-10,member,114231,13.015576066479351,9.367613340685416
2025-08-10,casual,44832,25.094874889587796,15.508173251913258
2025-08-11,casual,29479,21.105319364632454,12.881009885968217
2025-08-11,member,133292,11.587957772034349,8.59093741133168
2025-08-12,casual,30921,19.144368752627678,12.561099618676227
2025-08-12,member,147064,11.779037737198268,8.730900680934736
2025-08-13,member,116707,10.936279746573323,8.061636792694177
2025-08-13,casual,22799,18.157875199204657,11.743999609062636
2025-08-14,member,144181,12.001605577248943,8.71799589269257
2025-08-14,casual,32011,19.77969723428403,12.345009395421641
2025-08-15,member,136960,11.828722325253095,8.730031555400062
2025-08-15,casual,37555,20.153956994186363,13.022182578278477
2025-08-16,casual,69586,26.465842667107303,18.28543091903504
2025-08-16,member,130277,14.785752569652873,10.33938182857234
2025-08-17,member,101754,12.369614731280032,8.972187068032051
2025-08-17,casual,38201,21.90972802195404,14.421249260905617
2025-08-18,casual,28039,20.220090057301114,12.788447803994469
2025-08-18,member,127573,11.563357511908217,8.511370791305609
2025-08-19,casual,30436,20.55031358040917,12.906899557550997
2025-08-19,member,143643,11.961387501189241,8.847010580669476
2025-08-20,casual,12382,14.70005109433047,9.870682253268846
2025-08-20,member,80616,10.102556962430938,7.568404525074404
2025-08-21,casual,25257,18.772949953148334,12.003342072941205
2025-08-21,member,124990,11.667212778622238,8.564981862039366
2025-08-22,member,134502,12.113528206891589,8.945464839847027
2025-08-22,casual,36802,21.25845365740991,13.531581325955502
2025-08-23,member,121683,13.447717064147488,9.848515551592529
2025-08-23,casual,53826,23.23403919821901,16.011744370194155
2025-08-24,member,111165,12.81317211067631,9.3007765659238
2025-08-24,casual,41417,23.19785219032443,15.349115496963838
2025-08-25,member,128742,11.693402651944735,8.606293559673638
2025-08-25,casual,27354,21.16556469864251,12.981898626315077
2025-08-26,casual,29234,19.873283918838805,12.895546752285998
2025-08-26,member,141631,11.912000804320202,8.849319198098426
2025-08-27,member,142377,11.738596085275953,8.778664982289504
2025-08-27,casual,29411,19.255802287692838,12.345472328405958
2025-08-28,member,137404,11.87963480793858,8.81236009216695
2025-08-28,casual,31187,19.32296475240755,12.665764736520934
2025-08-29,member,123316,12.014800956080343,8.83255232110271
2025-08-29,casual,35147,21.672772174960393,13.642593864105175
2025-08-30,casual,46217,24.04364795782216,16.197093777712798
2025-08-30,member,103515,13.354680787808542,9.739820064570486
2025-08-31,member,97959,13.280762034967028,9.576111207488614
2025-08-31,casual,45667,24.457171142546407,16.622835573517655
2025-09-01,casual,39605,24.949336691074347,15.611679450802967
2025-09-01,member,102719,12.759515141956838,9.020953321630188
2025-09-02,casual,27598,18.81009067504892,12.540340463397987
2025-09-02,member,143733,11.837936275942205,8.830822435029114
2025-09-03,member,155387,12.017155056514797,8.953771140795148
2025-09-03,casual,29015,18.41716424090988,12.306590176168156
2025-09-04,member,152687,11.731118190808703,8.785883884693101
2025-09-04,casual,29129,17.65673923924612,12.076643893079558
2025-09-05,casual,35991,18.607377888453563,12.761944576247004
2025-09-05,member,154575,11.96187034255216,8.942714989882106
2025-09-06,casual,32496,20.19412854094863,13.377524862582865
2025-09-06,member,104867,12.126033032635052,8.801666282713247
2025-09-07,member,88869,11.824186781479845,8.584699581984362
2025-09-07,casual,23476,20.06961110921791,13.10076495380698
2025-09-08,member,148009,11.78712896344141,8.755422366846766
2025-09-08,casual,27869,18.900312224454908,12.667383338971879
2025-09-09,member,159663,11.899075594115953,8.905273648919334
2025-09-09,casual,27941,18.178418390537175,12.321713454686472
2025-09-10,casual,23612,17.58692400191992,11.712103385979315
2025-09-10,member,136715,11.592899664508892,8.626266200621771
2025-09-11,casual,34387,18.76882374201489,12.729617976929205
2025-09-11,member,165362,12.135161166007558,9.09661268918309
2025-09-12,member,159733,12.0867070840089,9.089567067080512
2025-09-12,casual,40196,19.860668833548914,13.150757678015678
2025-09-13,member,142076,13.336149251574259,9.803962438944154
2025-09-13,casual,53102,22.194422120321846,14.915102136112253
2025-09-14,casual,44829,21.99263252879459,14.55733811824274
2025-09-14,member,128773,12.7311679904431,9.332502974352215
2025-09-15,casual,27579,19.047632662533076,12.592637588206141
2025-09-15,member,148519,11.727794738383672,8.64230428180764
2025-09-16,member,158737,11.614573352778514,8.72653822775346
2025-09-16,casual,27239,18.69723029785722,12.019948010937245
2025-09-17,member,146111,11.288019620813422,8.540786508700855
2025-09-17,casual,23199,16.558127257640407,11.078785117652789
2025-09-18,member,166314,12.048848225344832,9.057681007969903
2025-09-18,casual,32997,18.009406845066742,12.43130775994052
2025-09-19,member,162385,12.022072308608163,8.996050132449938
2025-09-19,casual,39266,19.982827618889985,12.959158576191603
2025-09-20,casual,51331,22.134296224179028,14.862062400739317
2025-09-20,member,138970,13.243141325705782,9.843477847891648
2025-09-21,member,120638,12.546131958973705,9.305023779365314
2025-09-21,casual,40773,21.291780366909425,14.329060279949799
2025-09-22,casual,26798,19.311918282458866,12.206568581533325
2025-09-22,member,141232,11.531954961222183,8.574557546344838
2025-09-23,member,148404,11.84792462894079,8.820661109273342
2025-09-23,casual,30502,18.786330177256136,12.472590786058786
2025-09-24,member,145080,11.609575334413217,8.631495183310845
2025-09-24,casual,27304,17.734282674089258,11.89485901945914
2025-09-25,casual,22013,16.53716327170311,11.066361099606357
2025-09-25,member,126171,11.165518553920185,8.437970213252063
2025-09-26,member,162863,12.053113293381518,8.956429500463733
2025-09-26,casual,39168,19.661171775428915,12.82740837395209
2025-09-27,member,137319,13.062438249137704,9.56488309255917
2025-09-27,casual,48520,21.79160079073922,14.52723656071662
2025-09-28,casual,40891,21.961055996837135,14.570636018431358
2025-09-28,member,125265,12.936851586902419,9.315386807301755
2025-09-29,member,149749,11.411894537526145,8.53430726005422
2025-09-29,casual,26573,18.77126770970531,12.174192853660964
2025-09-30,casual,28127,17.747285199274746,12.020899565368985
2025-09-30,member,164704,11.77354888891589,8.819864078803763
2025-10-01,casual,26868,17.773720232246525,11.520993406192483
2025-10-01,member,159284,11.482467812628187,8.527028583313589
2025-10-02,casual,27141,17.714456710634614,11.701900946847319
2025-10-02,member,142972,11.215631162162303,8.3531150485206
2025-10-03,member,152859,11.588837365698609,8.631518439459025
2025-10-03,casual,33913,19.26500463833932,12.49561136989269
2025-10-04,casual,49061,21.435866398632957,14.817026158575754
2025-10-04,member,139046,13.007965596756918,9.600667793839332
2025-10-05,member,126808,12.891907808392752,9.221132527044048
2025-10-05,casual,42396,22.52927472285122,14.88231426574961
2025-10-06,member,146907,11.510359697631813,8.506365486228827
2025-10-06,casual,26889,19.76038991843009,12.52226220565364
2025-10-07,member,159392,11.495102637522598,8.67013385467021
2025-10-07,casual,27487,17.75748896569284,12.097267895439009
2025-10-08,casual,20948,16.53392371507226,11.226322602130846
2025-10-08,member,126311,11.008075868821084,8.171866791594182
2025-10-09,casual,25746,17.042517261581082,11.321444342262026
2025-10-09,member,147621,11.240926553132672,8.285275084668902
2025-10-10,casual,30804,19.274930915898402,12.178526027411646
2025-10-10,member,139888,11.35437083762246,8.383125676784047
2025-10-11,casual,27463,19.245927582565628,12.624644245921383
2025-10-11,member,93094,11.87550742833409,8.532009722662652
2025-10-12,member,60262,10.487225736229552,7.375650197093004
2025-10-12,casual,15676,18.42304323062858,11.870939500307907
2025-10-13,member,54252,9.604808528410622,6.82778424813062
2025-10-13,casual,6859,14.45159361179959,9.298764484625469
2025-10-14,member,130000,11.145460159230831,8.159988210031997
2025-10-14,casual,18766,16.967185134463033,11.023724265717211
2025-10-15,member,148393,11.49554144624972,8.517429651704921
2025-10-15,casual,24399,17.39463657390332,11.609818138641444
2025-10-16,casual,23386,17.0544793758374,11.178191768359094
2025-10-16,member,140552,11.222844348947916,8.280695902521604
2025-10-17,casual,29372,18.37367105236283,12.116446468102103
2025-10-17,member,140610,11.323085072185483,8.363068851366624
2025-10-18,casual,42502,21.4224026610512,14.31777761938797
2025-10-18,member,126738,12.592326739152133,9.228818166021352
2025-10-19,member,117879,12.286902408684643,8.951122532010322
2025-10-19,casual,37543,21.360699356737587,14.18932369963365
2025-10-20,member,106013,12.36978989605044,8.019094010705105
2025-10-20,casual,15045,17.75267332890218,11.053437437897744
2025-10-21,casual,23440,18.225823171928333,11.69330917829653
2025-10-21,member,145372,11.507563485632271,8.454601555532484
2025-10-22,member,142452,11.189046729307625,8.319752986511672
2025-10-22,casual,21262,16.72474319364751,10.983779712842193
2025-10-23,casual,22284,16.56280528555617,10.737892535535346
2025-10-23,member,140694,11.269540152150533,8.218180426437717
2025-10-24,member,136779,11.030433494420468,8.231247423950956
2025-10-24,casual,27540,17.619080594892278,11.512323575100789
2025-10-25,member,114669,11.870267427697698,8.69962787270443
2025-10-25,casual,33942,19.917473634435208,13.233002461687896
2025-10-26,member,104166,11.648205037472193,8.474848943027569
2025-10-26,casual,29313,19.98963101013208,13.435152766339073
2025-10-27,casual,18447,16.77848377785007,10.774312334488382
2025-10-27,member,123289,10.453361128189288,7.873736978720926
2025-10-28,casual,16798,15.09357072865817,10.398435624611528
2025-10-28,member,130488,10.62127260143971,7.930847624475691
2025-10-29,member,137474,10.603123248517324,8.066795354753427
2025-10-29,casual,19086,16.037324758985665,10.615055222481237
2025-10-30,casual,9126,14.988128201475636,9.980477755632108
2025-10-30,member,67300,10.305601497771157,7.712449540991175
2025-10-31,casual,26602,17.8941145158259,11.279994771938078
2025-10-31,member,130690,10.821830771163281,8.096384157887812
2025-11-01,member,113090,11.784174135938946,8.788431723813874
2025-11-01,casual,36344,19.727080157201563,13.208619885713302
2025-11-02,member,106883,12.343052431162997,8.875982482384657
2025-11-02,casual,35752,20.35631295172296,13.911182962305615
2025-11-03,member,120523,11.127863101372057,8.024370566610013
2025-11-03,casual,18329,17.96800097386656,11.24488021461901
2025-11-04,member,132534,10.96416657650112,8.014233346015825
2025-11-04,casual,19431,17.440784612217595,11.129717822798657
2025-11-05,casual,20404,16.39147519113899,11.033406526806525
2025-11-05,member,138671,11.078254341931673,8.293656434134181
2025-11-06,member,126976,10.464968113265469,7.859154591500917
2025-11-06,casual,18425,14.900210850293972,10.165482742031008
2025-11-07,member,126861,10.639782310691745,8.006931670227873
2025-11-07,casual,23571,17.129595601940252,11.225374510729083
2025-11-08,casual,37482,21.18504070487164,14.517301438690247
2025-11-08,member,116992,12.42187349277446,9.151211889515583
2025-11-09,casual,19098,18.647927740252012,12.021086294978552
2025-11-09,member,77822,10.825760889594184,7.905689376324717
2025-11-10,casual,11005,14.98821930940483,9.542453543743077
2025-11-10,member,95697,10.158661905110247,7.425748976530569
2025-11-11,member,87700,9.994424033637427,7.251531880163916
2025-11-11,casual,9039,14.06664487222037,9.030842364000025
2025-11-12,member,112570,10.431803402179407,7.754898895398746
2025-11-12,casual,12279,13.685153860249216,9.357728900618872
2025-11-13,casual,14278,14.371484089741797,9.576903494777985
2025-11-13,member,115576,10.417969483860565,7.843723665018057
2025-11-14,member,117696,10.362133718223218,7.763020538661721
2025-11-14,casual,19240,16.1441748345461,10.613480080039832
2025-11-15,casual,22158,18.296686158498066,11.931660895254607
2025-11-15,member,94835,10.835861571149898,8.057797046113317
2025-11-16,member,81265,10.339761690764767,7.673849604396863
2025-11-16,casual,16388,17.549397521560525,11.487840713367046
2025-11-17,casual,9553,14.007368179280515,8.961040398813592
2025-11-17,member,94635,9.801781313115352,7.317962405565769
2025-11-18,casual,11138,14.074655213383613,9.32399161411093
2025-11-18,member,109045,10.50634637810078,7.683090569461738
2025-11-19,member,95920,10.713584884973613,7.575447774166076
2025-11-19,casual,11266,14.449934195810389,9.556058796249243
2025-11-20,casual,14063,15.408386286709776,9.677538380025405
2025-11-20,member,115438,10.671691034870083,7.773276472786086
2025-11-21,casual,18586,17.465987368628724,10.38547765623999
2025-11-21,member,116771,10.935122477755625,7.797289814806791
2025-11-22,casual,19213,18.903912158434395,11.659307104445855
2025-11-22,member,86384,11.107386360707203,8.047672889643184
2025-11-23,casual,15643,18.508306325513026,11.329355820379996
2025-11-23,member,77414,10.88644714543452,7.605935597433668
2025-11-24,casual,13821,18.433964186141854,10.776838801158009
2025-11-24,member,102546,10.84627921599413,7.701346836163614
2025-11-25,member,76704,10.123708400691855,7.468932129625111
2025-11-25,casual,9657,16.545353538020777,10.188695660687149
2025-11-26,member,88001,11.039998216497539,8.058157910522752
2025-11-26,casual,14527,18.475857884169706,11.382981551386447
2025-11-27,member,36213,10.611644398420449,7.1061869694171635
2025-11-27,casual,9069,22.54845457235268,12.459549979682551
2025-11-28,casual,8226,19.395112272064157,10.673547313978164
2025-11-28,member,45560,9.655400001463295,6.920964602030661
2025-11-29,casual,10991,19.775840070663897,11.725222823240497
2025-11-29,member,53505,10.369864621374951,7.36393843092304
2025-11-30,member,42524,9.12425021438873,6.718084011169985
2025-11-30,casual,5936,13.477361503256962,8.986504111067068
2025-12-01,member,91839,10.085093568636415,7.510328549811528
2025-12-01,casual,8841,15.072428230215298,9.34610490718465
2025-12-02,member,60204,9.489671743571844,7.093938151978737
2025-12-02,casual,4708,12.302425272585664,7.954623938414789
2025-12-03,casual,9626,14.655267824987884,9.254097506098844
2025-12-03,member,94778,10.541801454451418,7.649600837587518
2025-12-04,casual,8813,13.890180385037253,8.81396592825014
2025-12-04,member,91073,10.007998973900046,7.42678783891921
2025-12-05,member,79349,9.549372882665983,7.0894392041745915
2025-12-05,casual,8432,13.966240312697652,8.770905771913993
2025-12-06,casual,13012,17.332009168459884,10.895879788030872
2025-12-06,member,75784,10.38309375923677,7.754518222348323
2025-12-07,casual,11136,18.208999880268202,10.975182650588229
2025-12-07,member,70443,10.145537021184968,7.472839340975535
2025-12-08,member,73725,9.694540041822073,7.025846891919094
2025-12-08,casual,5777,12.667077020945134,8.279438176879085
2025-12-09,member,80828,9.891411785313661,7.226374953185704
2025-12-09,casual,6595,12.944070722769787,8.745722624235079
2025-12-10,member,81404,10.05688081400585,7.4535838057262485
2025-12-10,casual,7606,13.912731146463305,8.950380345461038
2025-12-11,casual,8022,14.231734798055351,8.838601265310686
2025-12-11,member,84231,9.880327334750092,7.358519887235251
2025-12-12,casual,9272,14.204927149841822,9.162012514831176
2025-12-12,member,82174,9.694835552202239,7.182702166039208
2025-12-13,casual,13090,17.112077378405903,11.005571529915434
2025-12-13,member,73950,10.29468156907824,7.703415780055479
2025-12-14,casual,2436,15.71276438149973,10.032775588642659
2025-12-14,member,21721,9.941618583398526,7.455408279559962
2025-12-15,casual,3522,14.213418469619546,8.826967761824129
2025-12-15,member,49569,10.22474816820997,7.36297184811205
2025-12-16,member,65606,10.053274962147759,7.497301473782811
2025-12-16,casual,5248,13.541489710365854,8.874684351140095
2025-12-17,casual,8032,14.562280517513267,9.548794412431905
2025-12-17,member,82347,10.225913207321854,7.660009925556111
2025-12-18,member,93850,10.439265866808745,7.925744910527498
2025-12-18,casual,11503,14.962777728998239,10.2433477847896
2025-12-19,member,55032,9.760530910803425,7.036511751310902
2025-12-19,casual,7405,14.919280510916051,9.404633304926548
2025-12-20,member,60550,10.11882762537847,7.412953493545055
2025-12-20,casual,10650,16.780049112676057,10.7418619880939
2025-12-21,casual,8482,18.707689375540376,10.516365508521961
2025-12-21,member,49386,10.310497545525736,7.228583279077181
2025-12-22,member,61591,10.076034904179732,7.066343406981942
2025-12-22,casual,7059,16.74949067384427,9.68615805797335
2025-12-23,member,43516,9.728826160875679,6.910007508880065
2025-12-23,casual,4919,14.640781310564483,9.200180811802232
2025-12-24,casual,6786,18.397347897632383,10.22120886227298
2025-12-24,member,44062,9.634857192138336,6.910555410291323
2025-12-25,member,20273,10.762704174682245,6.970179908685896
2025-12-25,casual,5263,27.075302134397358,14.789300401923738
2025-12-26,member,26832,9.472779271019675,6.466644862931699
2025-12-26,casual,3320,18.410828810240957,9.1441081835476
2025-12-27,member,11421,11.365330172489287,7.4418878333765015
2025-12-27,casual,1450,15.96570481609195,10.512076859504132
2025-12-28,member,20904,9.952597690234741,7.122547474622274
2025-12-28,casual,2598,16.539423890171925,10.5492710625
2025-12-29,casual,4165,16.044049199679865,9.744056205400785
2025-12-29,member,37011,9.781767168769663,6.948950148106066
2025-12-30,member,44395,9.596735123324697,6.766054423394691
2025-12-30,casual,4921,16.345307799905157,9.341029609928633
2025-12-31,member,44831,10.696808449510385,6.767767584562411
2025-12-31,casual,6381,18.107420759546567,10.117402162550352
2026-01-01,member,24018,11.067624539928385,6.687132587653696
2026-01-01,casual,4280,18.626541888629273,10.644315494791666
2026-01-02,member,41597,10.655531124840737,6.583273135472243
2026-01-02,casual,4758,18.16198497618047,9.474814424902103
2026-01-03,member,41377,10.055112042519578,6.773908860439606
2026-01-03,casual,5593,15.74810888908755,9.838636841312857
2026-01-04,casual,5833,16.572712777873026,9.920760336235801
2026-01-04,member,44266,10.102338819485245,6.885698965214793
2026-01-05,casual,5324,13.73815499624344,8.624767953878598
2026-01-05,member,67168,9.725259820400616,7.105654833993423
2026-01-06,member,79750,10.073195621734566,7.376383566307008
2026-01-06,casual,6416,14.457383063175396,8.872264683299159
2026-01-07,member,89409,10.27727297885745,7.639647990792008
2026-01-07,casual,8421,15.436885029489778,9.479370137188207
2026-01-08,casual,10187,15.913663410883126,10.148685811676481
2026-01-08,member,96425,10.442276198254252,7.754840920153525
2026-01-09,casual,10870,17.582384708678344,10.107503310597176
2026-01-09,member,89847,10.008068007279077,7.535084106447607
2026-01-10,member,47348,9.799313606347331,7.121839159354428
2026-01-10,casual,7565,16.29020349416171,10.255287838499406
2026-01-11,casual,10435,16.88567946973327,10.975899687825143
2026-01-11,member,66424,10.588091204484307,7.594326798720108
2026-01-12,member,79602,9.92016534278873,7.235552206865138
2026-01-12,casual,6702,15.239498587486331,9.4869229113434
2026-01-13,casual,8408,15.535395224785916,9.424764175951209
2026-01-13,member,92321,10.12169089553474,7.577533423297016
2026-01-14,member,95539,10.456504432570279,7.670507751756092
2026-01-14,casual,9312,14.97185072487114,9.777814134316667
2026-01-15,member,84376,9.849336396605672,7.190129914444162
2026-01-15,casual,7273,14.065658847793202,8.689248627707242
2026-01-16,member,70801,9.348752117201768,6.8261195927510485
2026-01-16,casual,6534,13.11443021885523,8.630049600000003
2026-01-17,casual,5124,16.26318242258653,9.677917438271606
2026-01-17,member,39098,9.914645673691757,7.114823353221869
2026-01-18,casual,3256,14.587346442465197,9.54092924568668
2026-01-18,member,27945,9.418239227053126,6.767179197705167
2026-01-19,casual,4295,14.117064877764838,9.427399004780531
2026-01-19,member,46778,9.468345154061025,6.904707902239131
2026-01-20,casual,3334,12.433354529094176,7.677839040927021
2026-01-20,member,56502,9.122689393295811,6.667041894916502
2026-01-21,casual,4616,12.242740442663196,8.142546440972223
2026-01-21,member,68990,9.308505166207663,6.966369799039798
2026-01-22,casual,7691,14.535772238113825,9.159075686501545
2026-01-22,member,89122,9.919273620991444,7.4611337156116475
2026-01-23,casual,6285,12.69952441792628,8.339096471088435
2026-01-23,member,75235,9.096666942026076,6.798577621188198
2026-01-24,casual,3224,14.292455671009096,7.888641970933827
2026-01-24,member,38751,8.102735882514867,6.099355360582352
2026-01-25,casual,306,11.10921917211329,8.05348125
2026-01-25,member,2747,9.734632562795785,6.013628442632636
2026-01-26,casual,328,35.239968597560974,13.572756666666669
2026-01-26,member,5739,20.017596076552234,10.407406793686373
2026-01-27,casual,997,29.313188431962555,13.10541511111111
2026-01-27,member,15198,21.281328633153485,10.896782055458846
2026-01-28,casual,1222,26.296727100381894,12.317797114496766
2026-01-28,member,19557,19.140715209387924,10.194636042357072
2026-01-29,casual,1461,30.7150211156742,11.895446371882086
2026-01-29,member,21201,19.857426752668886,9.758913636725532
2026-01-30,member,19213,19.641206346397393,9.22915416428421
2026-01-30,casual,1373,36.56218232580726,11.671959863945577
2026-01-31,casual,1546,28.512730659767133,12.004142942659104
2026-01-31,member,16983,17.57820808848063,8.806654119956326
2026-02-01,casual,1082,34.18874430067776,11.434924791666665
2026-02-01,member,14883,15.632753991130842,8.229584489935673
2026-02-02,casual,1774,17.557064543404735,10.84031859853681
2026-02-02,member,29302,14.666143954906397,8.785145671415737
2026-02-03,casual,2442,19.33306723314224,10.484422183748848
2026-02-03,member,37276,12.047392553743258,8.599838900196723
2026-02-04,casual,2792,15.902327238538685,10.335113333333334
2026-02-04,member,41857,12.447764094018522,8.453725082752312
2026-02-05,casual,3015,22.157316932006626,10.165918318998038
2026-02-05,member,42447,12.027020255063205,8.33078515614847
2026-02-06,member,41780,10.987833979176665,7.990260452505212
2026-02-06,casual,3289,15.84778837539273,9.86834264024749
2026-02-07,casual,1336,17.629594311377243,9.152212367630788
2026-02-07,member,17396,10.291274163600809,6.927780186672368
2026-02-08,member,16649,10.654411426111679,6.865602443728819
2026-02-08,casual,1225,15.833912149659858,9.068178272604587
2026-02-09,casual,2162,18.52266759944496,9.352255348943986
2026-02-09,member,35613,11.726206901974008,7.65283444748486
2026-02-10,member,48397,11.032101412621998,7.968736843391893
2026-02-10,casual,3052,16.74988028069026,9.509385166122005
2026-02-11,member,54595,10.998653609915456,8.060171371628787
2026-02-11,casual,3769,14.521756712655879,9.841811896962398
2026-02-12,member,54137,10.42155024197871,7.801899861727914
2026-02-12,casual,3887,15.403808987222364,9.306422222222222
2026-02-13,member,54592,10.473589799482214,7.730186116003135
2026-02-13,casual,5037,15.569020769638023,9.913323973769147
2026-02-14,member,42925,11.029763271597732,8.081820524869391
2026-02-14,casual,6683,21.05618372238015,12.268042974913708
2026-02-15,casual,5232,18.94139334543833,11.454268147869675
2026-02-15,member,37488,10.561469228375302,7.639380735062228
2026-02-16,member,40168,9.969356864502435,7.326991332783568
2026-02-16,casual,4023,17.344363621675374,10.27957790027226
2026-02-17,casual,4986,18.370791726835154,10.073905901243174
2026-02-17,member,58774,10.568935909302276,7.685233200108484
2026-02-18,member,49735,9.92934640058977,7.171468383026152
2026-02-18,casual,3950,15.128959481012654,9.025194805677502
2026-02-19,casual,5907,14.854027137294725,9.392268037311036
2026-02-19,member,65929,10.067991828077659,7.405425221102606
2026-02-20,casual,3212,12.595380204441671,8.392971213333334
2026-02-20,member,34754,9.836170912221139,6.68192166905788
2026-02-21,casual,11133,18.874596868169697,11.867937541113402
2026-02-21,member,65314,11.311025558583651,7.8411174979238325
2026-02-22,member,17065,10.316346939154194,6.29065878387979
2026-02-22,casual,1972,16.036053617308994,8.981592777777776
2026-02-24,casual,957,27.353750278648565,12.36576548148148
2026-02-24,member,12178,17.434932558712447,9.855733991408412
2026-02-25,member,26107,12.804877231521568,8.608227186291852
2026-02-25,casual,2395,17.85671357689632,11.238163242396
2026-02-26,member,49776,11.883316210623592,8.089409861593754
2026-02-26,casual,4306,15.840135736956185,9.961669579818539
2026-02-27,member,59419,11.016329289733338,7.986044841836167
2026-02-27,casual,6830,16.4258853660322,10.526264058683774
2026-02-28,member,62415,12.28099506261849,8.747479783539058
2026-02-28,casual,12287,21.641473381080278,13.612287748954476
2026-03-01,member,47944,10.546175662230933,7.577324402491121
2026-03-01,casual,7048,18.520033380628085,11.444363166212588
2026-03-02,member,57837,9.803161409363106,7.04836557010486
2026-03-02,casual,4466,15.573095611285261,9.035598505315493
2026-03-03,member,39433,9.217861410071084,6.84093959031583
2026-03-03,casual,2605,12.86591103007038,7.9054528627069125
2026-03-04,casual,7336,16.33032176026901,10.009947535572618
2026-03-04,member,78010,10.736575117292638,7.778027522028351
2026-03-05,casual,3199,14.135733932478903,8.745034702152244
2026-03-05,member,35370,9.342827855527267,6.813197662985914
2026-03-06,member,72901,10.157737757140994,7.318250156853179
2026-03-06,casual,8344,14.868677804410362,9.670358790825516
2026-03-07,member,69416,11.00022543625871,8.083989991354336
2026-03-07,casual,13470,20.138425331601063,12.230130373635873
2026-03-08,member,82298,12.782088830024234,9.045872415473301
2026-03-08,casual,21891,25.26165806800356,15.208250664338928
2026-03-09,casual,19905,24.577925836054632,14.192626462193983
2026-03-09,member,110672,12.496991733982703,8.845605492103923
2026-03-10,member,128422,12.691395055104788,9.093554208017595
2026-03-10,casual,24385,24.38289009773765,14.35141617419093
2026-03-11,casual,17591,21.663792674284196,12.529047850090635
2026-03-11,member,116759,11.771909925858704,8.37085664727268
2026-03-12,casual,5331,14.85015443631587,8.896838846354166
2026-03-12,member,54769,9.343410481294155,6.837837642439851
2026-03-13,member,82278,9.856888517789335,7.244877963444245
2026-03-13,casual,10118,16.597910336364237,9.852552177044407
2026-03-14,casual,17610,20.973273802763597,12.493102338894165
2026-03-14,member,79776,11.364526382412427,8.28097136145413
2026-03-15,member,64171,10.54043761252486,7.538286448095563
2026-03-15,casual,11885,18.105326192679836,11.25706355688079
2026-03-16,casual,5235,15.161797016873606,9.295463624350797
2026-03-16,member,48791,10.147710948057357,6.958258242417443
2026-03-17,casual,7831,15.524799776529184,9.424453258172667
2026-03-17,member,77579,10.105381574695862,7.192698784454067
2026-03-18,member,78013,9.636430956592703,7.075728214199096
2026-03-18,casual,7327,14.571001414858289,9.160002263797582
2026-03-19,member,85477,10.021260159848097,7.415791954492935
2026-03-19,casual,9801,16.17843277556711,9.58231115654651
2026-03-20,member,85880,10.566470596374797,7.576436499985132
2026-03-20,casual,14097,19.335039990778196,11.288498258048993
2026-03-21,member,95167,12.393663535329122,9.035249175366763
2026-03-21,casual,27149,22.145201801171382,14.64933885166201
2026-03-22,casual,20363,22.017950511548705,14.13165015405012
2026-03-22,member,79887,11.938844201392824,8.44922499771249
2026-03-23,casual,5235,15.81563882839859,8.910879679747127
2026-03-23,member,55643,9.423712922559863,6.889172055385938
2026-03-24,member,91017,10.481570698697297,7.560962229365827
2026-03-24,casual,10106,17.10219185797215,10.479343843669257
2026-03-25,member,99984,10.582206944277763,7.742495798421714
2026-03-25,casual,11613,16.831865825655168,10.423746053645562
2026-03-26,member,123821,12.375605005343678,8.83826038136209
2026-03-26,casual,22355,22.72862371505256,13.300950260250316
2026-03-27,casual,15188,17.81421350298481,10.793669631486734
2026-03-27,member,99683,10.446941305271064,7.6729781352740325
2026-03-28,member,74625,10.9927929891681,7.973147450998988
2026-03-28,casual,14916,18.60432735764729,11.896802206997156
2026-03-29,member,79784,11.865782682409165,8.519145018107128
2026-03-29,casual,18702,21.07037354026308,13.738623881708227
2026-03-30,casual,18729,21.34961382882162,13.577161109280722
2026-03-30,member,111460,11.974423357258196,8.584174250945672
2026-03-31,casual,23575,20.480943732767738,13.933234547783059
2026-03-31,member,131047,12.154416235142122,9.07938642782314
2026-04-01,member,124827,11.820463968265425,8.664814936270613
2026-04-01,casual,21256,21.269722178051705,12.722004920385595
2026-04-02,member,80510,9.996777944975765,7.364282450531635
2026-04-02,casual,10240,16.545129944661472,10.106327555091186
2026-04-03,casual,22634,23.147821306441635,13.517066169141769
2026-04-03,member,99994,11.54934913194792,8.333178511482316
2026-04-04,member,93090,12.854831070290423,9.154331606883666
2026-04-04,casual,30808,26.40775549748986,16.220029386128196
2026-04-05,casual,8458,19.200670771261937,11.603434349455627
2026-04-05,member,43752,10.438464184875338,7.401387620490488
2026-04-06,member,94698,10.850366854632595,7.828523980438341
2026-04-06,casual,15546,23.877115974098377,12.873195347157708
2026-04-07,member,97447,10.44299653657888,7.644288936046643
2026-04-07,casual,13353,21.08741091889463,11.49400136382895
2026-04-08,member,91845,10.373087549494628,7.445108527093011
2026-04-08,casual,11161,17.40673048263298,10.290469861511689
2026-04-09,casual,13196,18.129975730019222,10.679070695505427
2026-04-09,member,97076,10.57421081025865,7.771280095562387
2026-04-10,member,106756,11.294414955131318,8.160850175903546
2026-04-10,casual,20043,21.858801333799004,12.367623056227423
2026-04-11,member,109140,13.15488596542666,9.545210007280927
2026-04-11,casual,34369,23.390149956840958,15.346414998717684
2026-04-12,casual,22086,21.142731292070373,13.736016706275544
2026-04-12,member,87045,12.014589802401042,8.64701738130438
2026-04-13,casual,19813,20.575680152761628,13.048934733295022
2026-04-13,member,120990,12.035353257156316,8.819545563455167
2026-04-14,member,145453,12.628549569505816,9.225667293488424
2026-04-14,casual,26208,21.676791708002643,13.648111683359728
2026-04-15,casual,27454,21.07994954226462,12.998766075567733
2026-04-15,member,149688,12.521528517761338,9.086161189541668
2026-04-16,member,149985,12.23464829038459,9.05042182696804
2026-04-16,casual,28908,20.78820026693878,13.25395538583774
2026-04-17,member,137040,11.927348965387232,8.764945565567357
2026-04-17,casual,30410,20.562621331250657,13.179005004937688
2026-04-18,member,122919,13.480275667716093,9.67261214468559
2026-04-18,casual,41450,23.504680496582196,15.685955895299974
2026-04-19,casual,12876,17.229317888578244,11.271139648067765
2026-04-19,member,65360,10.27813559185024,7.488717364592638
2026-04-20,casual,13680,16.834836442495135,10.633813886483207
2026-04-20,member,104305,10.50576844142979,7.730113663737727
2026-04-21,member,110938,10.800821468147369,7.857083423479031
2026-04-21,casual,14265,16.42251323869612,10.632435550502048
2026-04-22,casual,14371,15.594946670377846,10.266459025456777
2026-04-22,member,109620,10.569673929787726,7.871260932741336
2026-04-23,member,143765,12.099851469643786,8.959983176104302
2026-04-23,casual,27114,20.0679388427873,13.137992948420967
2026-04-24,member,132152,11.608886325847006,8.632104937469164
2026-04-24,casual,28039,19.868305401999596,13.088800148177608
2026-04-25,member,32404,9.960318353701197,7.050078397508454
2026-04-25,casual,6683,17.25406077111079,10.582712147036402
2026-04-26,casual,25194,21.110965073033285,14.294865777651706
2026-04-26,member,90745,12.494381662350547,8.841097614547069
2026-04-27,member,125195,11.604476285394805,8.48273438608151
2026-04-27,casual,21000,20.231654027777797,12.945076082458849
2026-04-28,member,132571,11.305560883853405,8.415106337309076
2026-04-28,casual,19268,17.384330971040036,11.59434206067339
2026-04-29,casual,17065,16.6221238763551,10.873698204764056
2026-04-29,member,124389,11.093426675590312,8.233497161037691
2026-04-30,member,121385,10.94622094973295,8.338814655793607
2026-04-30,casual,17827,15.597141694246545,11.090120274621146
