unique_row,source_row,true_class,prediction,probability_p
59699,59845,p,p,0.9943140015347798
617,617,p,p,0.9999882766705744
30345,30347,p,p,0.9991797501793016
49026,49028,e,e,0.020557459275579944
10036,10037,p,p,0.9922484907722726
45518,45520,e,e,0.022022185821475276
51993,51995,e,e,0.0017237969286140959
43585,43587,e,e,0.014342844949707181
22758,22760,p,p,0.9390094967266934
40725,40727,p,p,0.9820278386175706
10953,10954,p,p,0.9615410935216369
36414,36416,p,p,1.0
45862,45864,e,e,0.014316647515915987
17905,17907,e,e,0.08226761011112331
26425,26427,e,e,0.03661680122275022
17114,17116,p,p,0.9943375083660462
33671,33673,e,e,0.03245856002904349
42457,42459,e,e,0.02535975090055436
4962,4962,e,e,0.016319233533650442
36138,36140,e,e,0.016673501419674833
24111,24113,e,e,0.020939300447130868
43766,43768,e,e,0.008884280936454849
24756,24758,e,e,0.03279388694267334
26466,26468,e,e,0.04452632728938858
44343,44345,p,p,0.9998461538461538
53762,53764,p,p,0.996376636821364
714,714,p,p,0.9742427496772357
25075,25077,e,e,0.019968454441848065
46263,46265,e,e,0.14590741589475298
55554,55556,e,e,0.01247916704468784
45323,45325,e,e,0.01756536521309315
53439,53441,p,p,0.9921046439263533
50288,50290,p,p,0.9675117544674618
41807,41809,p,p,0.9979060517779295
10622,10623,p,p,0.9834641681322952
44769,44771,p,p,0.9743152351794024
47097,47099,p,p,0.9996954412499107
56535,56539,p,p,1.0
52904,52906,e,e,0.006989894503524777
17969,17971,e,e,0.04847973096464187
21625,21627,e,e,0.041282285901508536
1002,1002,p,p,0.979149346478697
49518,49520,e,e,0.01237236028026403
58182,58328,e,e,0.020831417398812887
21166,21168,p,p,0.9607616059801333
5942,5942,e,e,0.020031903876522258
28850,28852,p,p,0.9880242780903856
6914,6914,e,e,0.12282975643902676
52902,52904,e,e,0.006954437443645867
6695,6695,e,e,0.00951618136364037
34596,34598,p,p,0.9765970597896387
39512,39514,p,p,0.9878892271093156
6958,6958,e,e,0.03432394899051663
7882,7882,p,p,0.9862592100529386
39299,39301,p,p,0.9071987412836312
41549,41551,p,p,0.999972602739726
53097,53099,e,e,0.10621407534236489
33459,33461,p,p,0.9328008560880785
46231,46233,e,e,0.007947483566299138
51491,51493,e,e,0.009555430590651885
40035,40037,p,p,0.9911685583137195
54428,54430,e,e,0.0037037712093597147
18317,18319,e,e,0.006723033060449562
51391,51393,e,e,0.021745793524485114
27668,27670,p,p,0.9654530530314244
8995,8995,p,p,0.9979176179604262
55670,55672,e,e,0.015832399277925794
53458,53460,p,p,0.9972799039667768
45618,45620,e,e,0.02165463032176443
15164,15166,e,e,0.00016666666666666666
46857,46859,e,e,0.0021876172607879925
38263,38265,p,p,0.9504820445885046
48742,48744,e,e,0.04590460920004236
26276,26278,e,e,0.10663533708365165
6807,6807,e,e,0.04222839910291484
49847,49849,p,p,0.970344827586207
33258,33260,p,p,0.9150004183313593
23400,23402,p,p,0.9791512192579798
3084,3084,e,e,0.0020509756362305427
24613,24615,e,e,0.04756654383170631
20324,20326,e,e,0.0036339235870609986
45203,45205,e,e,0.028695841940423045
24692,24694,e,e,0.018440032979164852
6258,6258,p,p,0.9719988038642416
20102,20104,p,p,0.9879345149794865
39803,39805,p,p,0.9879437515972621
51748,51750,e,e,0.0010777777777777778
5924,5924,e,e,0.023400330824485126
35230,35232,e,e,0.00599379703606889
14540,14542,e,e,0.03320935444261226
7380,7380,p,p,0.967237195790622
32736,32738,p,p,0.9742715334371632
51368,51370,e,e,0.02101272046601297
6257,6257,p,p,0.9467567520255503
30670,30672,e,e,0.012178799664011792
25407,25409,e,e,0.036734040386299134
51827,51829,e,e,0.0030777777777777782
11370,11371,e,e,0.04025849019031212
56705,56721,p,p,1.0
51930,51932,e,e,0.016333171928614096
6568,6568,e,e,0.02025020460298199
30134,30136,p,p,0.9993107545461138
21834,21836,e,e,0.048036051287558654
13974,13976,p,p,0.9997260273972602
11600,11601,e,e,0.012054459797670145
50735,50737,e,e,0.02112184521110914
10126,10127,p,p,0.991864552986632
2588,2588,e,e,0.0015302720108870014
38549,38551,p,p,0.9994030399434429
46387,46389,e,e,0.0950475229036321
20675,20677,e,e,0.06924804828424622
33160,33162,p,p,0.9930965279117169
59057,59203,p,p,0.9994098831960326
26212,26214,e,e,0.04305005568249597
56106,56108,e,e,0.030926988863642885
14003,14005,p,p,0.9997619047619049
16966,16968,p,p,0.9847169121600841
45451,45453,e,e,0.028695841940423045
38998,39000,p,p,0.99984375
42059,42061,e,e,0.002436843258833844
19511,19513,p,p,0.9822896246992721
56192,56194,p,p,0.989355126756483
16982,16984,p,p,0.9978096414617087
11574,11575,e,e,0.013151175538244665
35163,35165,e,e,0.01243468045909194
32300,32302,p,p,0.9738269895507239
27082,27084,e,e,0.007280079209139482
23957,23959,p,p,0.7966134736802778
7923,7923,p,p,0.9894812655715036
18050,18052,e,e,0.018157674021755693
33510,33512,p,p,0.9355849077087879
58399,58545,e,e,0.007563272550456451
60290,60436,e,e,0.0044045016224946755
58483,58629,p,p,0.9223627914632396
25874,25876,p,p,0.98842861963089
26806,26808,p,p,0.9441824288090498
20704,20706,e,e,0.10859731320595133
2099,2099,e,e,0.007424290134199021
35153,35155,e,e,0.008121317983467422
44707,44709,p,p,0.9724068382328376
17534,17536,e,e,0.003412496022973628
47280,47282,p,p,0.9996954412499107
30681,30683,e,e,0.031102481435750225
13695,13697,p,p,0.9989336904568594
41876,41878,p,p,0.9896614490587929
2275,2275,p,p,0.9989737470167064
38394,38396,p,p,0.9944388388278327
29262,29264,p,p,0.982627198207991
9882,9883,p,p,0.993564865116062
30116,30118,p,p,0.9967761130595072
26023,26025,p,p,0.9716136349474088
52720,52722,e,e,0.0035745168906163387
37290,37292,p,p,1.0
30125,30127,p,p,0.9964286584762447
22184,22186,e,e,0.0557129344911488
38817,38819,p,p,0.9993737598466492
26992,26994,e,e,0.007280079209139482
55473,55475,e,e,0.018769712248276522
17123,17125,p,p,0.9948108811471112
13407,13409,p,p,1.0
15107,15109,e,e,0.016076777319736748
15690,15692,p,p,1.0
18485,18487,p,p,0.9613363964325543
37974,37976,p,p,0.997894959665506
12853,12854,p,p,0.988480296286817
47806,47808,p,p,0.9997203579418344
53829,53831,p,p,0.9964115573617505
42079,42081,e,e,0.021983540416638213
25698,25700,p,p,0.9959839582448986
22384,22386,e,e,0.08336705034232729
1914,1914,e,e,0.006125893071399149
7566,7566,p,p,0.9640372564172498
25471,25473,p,p,0.9915181562123113
26639,26641,p,p,0.8250779120393422
5321,5321,e,e,0.031274868452278025
15479,15481,e,e,0.004731904193204502
44327,44329,p,p,0.9877322297955209
40238,40240,p,p,0.9959768249515796
55253,55255,e,e,0.005301402225668147
8642,8642,e,e,0.0009992270578726948
42019,42021,e,e,0.027961320369586914
52115,52117,e,e,0.0034007394961816633
53618,53620,p,p,0.982286019058071
53450,53452,p,p,0.9892541265902323
54042,54044,p,p,0.986536777144418
8374,8374,p,p,0.9823784661267534
57443,57473,p,p,0.9957718698139274
60292,60438,e,e,0.0032072869468842925
38503,38505,p,p,0.9999363732767762
48249,48251,p,p,0.9994444444444445
26637,26639,p,p,0.8307429780657527
52076,52078,e,e,0.0018400759983815376
48737,48739,e,e,0.02243394931617556
34826,34828,p,p,0.9966006748611561
10526,10527,e,e,0.027266913491394713
22547,22549,e,e,0.08444672669737345
9337,9337,e,e,0.01008770874565945
44667,44669,p,p,0.9406345679635497
49400,49402,e,e,0.016953805727325397
698,698,p,p,0.9989620236872808
25046,25048,e,e,0.10827907824902916
52302,52304,e,e,0.00636588467776279
1713,1713,p,p,1.0
5552,5552,e,e,0.045845800056489416
8846,8846,p,p,0.9964721169349916
59197,59343,p,p,0.9992296072507553
32721,32723,p,p,0.9949926589113797
16851,16853,e,e,0.07233003717950334
25886,25888,p,p,0.9722489105824557
19240,19242,p,p,0.9821347833520769
25883,25885,p,p,0.98842861963089
13903,13905,p,p,1.0
39895,39897,p,p,0.9960466612488149
57117,57147,e,e,0.006578550905785258
11268,11269,p,p,0.9345169208461305
57175,57205,p,p,0.990682653885392
40302,40304,p,p,0.9788494265712174
45622,45624,e,e,0.02014797200029751
49384,49386,e,e,0.006194127800805503
32676,32678,p,p,0.9776073495888841
44264,44266,p,p,1.0
26020,26022,p,p,0.9511668714407914
10311,10312,e,e,0.0023107182876434167
36631,36633,p,p,1.0
17403,17405,e,e,0.015209400337738316
2682,2682,e,e,0.0004150759324556285
8320,8320,p,p,0.9493568199778484
12866,12867,p,p,0.9885423901495932
41241,41243,p,p,0.996038177135261
36718,36720,p,p,0.999235266265706
3942,3942,p,p,0.9998765432098764
12764,12765,p,p,0.9881670225661301
19886,19888,p,p,0.9750621275112787
60293,60439,e,e,0.02028417900713788
52598,52600,e,e,0.006869412575813933
39095,39097,p,p,0.99984375
32320,32322,p,p,0.986617055432245
17697,17699,e,e,0.04892028506188031
57591,57622,p,p,0.9972190784155214
6938,6938,e,e,0.04222839910291484
39260,39262,p,p,0.9962201833944314
49972,49974,p,p,0.9915140995523248
55835,55837,e,e,0.0365790265486915
4377,4377,e,e,0.016414063429385523
29088,29090,p,p,0.9765870746419246
13671,13673,p,p,0.9996954993148849
35792,35794,p,p,0.9906886067373927
46808,46810,e,e,0.01041488998806072
35355,35357,p,p,0.9813955050874194
4431,4431,e,e,0.0217689256446008
3600,3600,p,p,1.0
47577,47579,p,p,1.0
21648,21650,e,e,0.0649541912865486
30677,30679,e,e,0.02470988123020038
43774,43776,e,e,0.0023347825941433796
1200,1200,e,e,0.0012776544245248615
57278,57308,p,p,0.9957609357058952
22572,22574,e,e,0.04249075104368173
26554,26556,p,p,0.9216910076265273
6204,6204,p,p,0.9381376665920859
57852,57894,p,p,1.0
13780,13782,p,p,0.9990900701365818
20475,20477,e,e,0.06520407650833335
33903,33905,p,p,0.9654301754859368
27093,27095,e,e,0.01771852229755818
17564,17566,e,e,0.005227695446847631
44379,44381,p,p,0.9985377426312005
41872,41874,p,p,0.998056980570499
55406,55408,e,e,0.002152806823821818
35348,35350,p,p,0.9518377689854046
13166,13168,p,p,0.9999095022624434
33435,33437,p,p,0.957286657351856
21005,21007,p,p,0.9736166279192383
22302,22304,e,e,0.058871561456754797
15374,15376,e,e,0.011866971190154176
14870,14872,e,e,0.00016666666666666666
10625,10626,p,p,0.9956420094612614
4608,4608,e,e,0.028478817410844553
52899,52901,e,e,0.003694998818327182
15027,15029,e,e,0.002131484794275492
12762,12763,p,p,0.9997508896797153
59200,59346,p,p,0.9935852866283335
28753,28755,p,p,0.9859664851283816
57989,58054,p,p,1.0
55655,55657,e,e,0.02563073490403212
8357,8357,p,p,0.9641805648400036
20130,20132,e,e,0.009233510781474476
24980,24982,e,e,0.016444128715467098
3702,3702,p,p,0.9923985217453403
20690,20692,e,e,0.09994903386690906
39008,39010,p,p,0.99984375
30710,30712,p,p,0.9855865912123855
10416,10417,e,e,0.01937108015806138
50883,50885,p,p,0.9747599966391399
49274,49276,e,e,0.13371899916065264
45157,45159,p,p,0.9963598817165902
25054,25056,e,e,0.01482561108756172
40367,40369,p,p,0.9831858020212816
31148,31150,e,e,0.0048573240134613125
22442,22444,e,e,0.06927690373007832
51380,51382,e,e,0.01514217845823204
12993,12995,p,p,0.9881670225661301
23800,23802,p,p,0.9305501069328389
9079,9079,p,p,0.9975700243775385
40654,40656,p,p,0.9846999002531082
33751,33753,e,e,0.03907174346625984
34948,34950,e,e,0.015532694424781623
40537,40539,p,p,0.9779662157509492
47046,47048,p,p,0.9996954412499107
20882,20884,p,p,0.9769528712459806
56831,56861,e,e,0.006578550905785258
34377,34379,p,p,0.9972204426114282
48585,48587,e,e,0.01577915969001816
43121,43123,p,p,0.9853624871377578
14304,14306,e,e,0.05634395567129757
34827,34829,p,p,0.9683356164383562
34314,34316,p,p,0.9863345127928715
16442,16444,e,e,0.039282322623413406
49156,49158,e,e,0.013137633258226327
4413,4413,e,e,0.007296009167263464
43394,43396,p,p,0.9887835222572674
21547,21549,e,e,0.030498949831362566
47730,47732,p,p,0.9995640002217417
6102,6102,p,p,0.9710102775757155
47326,47328,p,p,1.0
13998,14000,p,p,0.9990900701365818
2334,2334,p,p,0.9971555651985247
29312,29314,p,p,0.9869529454656188
18697,18699,p,p,0.9834259143008464
35778,35780,p,p,0.9791389195996946
21791,21793,e,e,0.04090494175349292
43625,43627,e,e,0.009477304192268802
31340,31342,e,e,0.012974122176516835
26573,26575,p,p,0.8204095070137876
51007,51009,p,p,0.9902617510251049
41262,41264,p,p,1.0
1957,1957,e,e,0.00365697711480844
43383,43385,p,p,0.9895069315822022
14303,14305,e,e,0.009553744318492157
56443,56445,p,p,0.9841886496317132
1413,1413,p,p,1.0
55102,55104,e,e,0.0047296209552509004
17829,17831,e,e,0.035236864715192134
35206,35208,e,e,0.005528145543892458
4824,4824,e,e,0.028314882984615045
19648,19650,p,p,0.9888915223145056
55356,55358,e,e,0.0002930424074501655
30012,30014,p,p,0.9964286584762447
45461,45463,e,e,0.01567561601237911
15361,15363,e,e,0.004297944595379358
6903,6903,e,e,0.09714783118426532
18020,18022,e,e,0.008916855394434105
48153,48155,p,p,0.9998214285714286
9388,9388,e,e,0.01881963926790422
36565,36567,p,p,1.0
14180,14182,e,e,0.009462058777175828
14575,14577,e,e,0.05618893088100587
21980,21982,e,e,0.064536314114294
21111,21113,p,p,0.9761347136284594
18838,18840,e,e,0.022044152290627
40683,40685,p,p,0.9823996334893654
39764,39766,p,p,0.9821327577527461
23734,23736,p,p,0.9137331133096152
2430,2430,p,p,0.9989737470167064
34515,34517,p,p,0.9940014616620537
38775,38777,p,p,0.9965301801984521
36162,36164,e,e,0.020538380268469845
50170,50172,p,p,0.9663063973246047
36502,36504,p,p,1.0
1141,1141,e,e,0.01339180073184908
45591,45593,e,e,0.004508640303537191
56855,56885,e,e,0.008876994608679224
25655,25657,p,p,0.9959839582448986
23914,23916,p,p,0.9241450353950101
51149,51151,p,p,0.9959175727299442
55237,55239,e,e,0.0047131669315504995
51850,51852,e,e,0.0030777777777777782
13034,13036,p,p,0.9996708896797153
59187,59333,p,p,0.995823414172431
46649,46651,e,e,0.0021876172607879925
8243,8243,p,p,0.9677306435070505
4701,4701,e,e,0.02665111368279893
54257,54259,p,p,0.97722998873741
41379,41381,p,p,0.996999629766753
22153,22155,e,e,0.10904647875777611
36760,36762,p,p,0.9900049374079761
36925,36927,p,p,0.9811639895094132
56743,56762,p,p,0.9997142857142858
29190,29192,p,p,0.9839488528331701
5139,5139,e,e,0.04379382883237847
12072,12073,p,p,0.9699975341751705
40645,40647,p,p,0.996496182591524
49954,49956,p,p,0.9915140995523248
17839,17841,e,e,0.043316033796661574
14665,14667,e,e,0.029434814403059076
5644,5644,e,e,0.017631031514660125
30059,30061,p,p,0.9964286584762447
48747,48749,e,e,0.02704257011184671
56926,56956,e,e,0.015086165717541716
11842,11843,e,e,0.035607797197655985
53881,53883,p,p,0.9857711206214934
25026,25028,e,e,0.01123324202874957
59095,59241,p,p,0.9998175186640128
44189,44191,p,p,1.0
13724,13726,p,p,0.9990100020625827
43505,43507,e,e,0.023758407756801422
637,637,p,p,0.9989620236872808
55846,55848,e,e,0.03185581550030175
18303,18305,e,e,0.008289243225523005
54324,54326,p,p,0.9525858688770859
52649,52651,e,e,0.0073524676029399815
1083,1083,e,e,0.0016348401916902395
39039,39041,p,p,0.99984375
8567,8567,e,e,0.0009240390879478827
23191,23193,p,p,0.9790979799774489
49444,49446,e,e,0.011945009852913604
31989,31991,p,p,0.9986688169736173
38718,38720,p,p,0.9971274144552073
39873,39875,p,p,0.9879437515972621
45847,45849,e,e,0.015147972000297508
15156,15158,e,e,0.0022342342342342343
21516,21518,e,e,0.025332907762071404
54041,54043,p,p,0.9574866125505949
23681,23683,p,p,0.9151777630016771
46069,46071,e,e,0.018408932019362854
54168,54170,p,p,0.9934613917352862
49472,49474,e,e,0.01674479471322964
13264,13266,p,p,1.0
33369,33371,p,p,0.9484347105758251
7209,7209,p,p,0.9477902211776658
31705,31707,e,e,0.03126313433848825
4057,4057,p,p,0.9954028589993501
21728,21730,e,e,0.031998095553061046
44367,44369,p,p,1.0
33572,33574,e,e,0.06525591227162453
16509,16511,e,e,0.05808611192576468
50692,50694,e,e,0.01803147322721684
60035,60181,p,p,0.9993478260869566
57023,57053,e,e,0.006578550905785258
43157,43159,p,p,0.9954465748421574
21421,21423,e,e,0.008999049182262221
36895,36897,p,p,0.9719633507853404
45919,45921,e,e,0.01243068710915602
46566,46568,e,e,0.17415765799020672
60550,60696,e,e,0.0022659408299366556
20153,20155,e,e,0.019992935302443997
50126,50128,p,p,0.944676801586748
6638,6638,e,e,0.020563735956117303
10824,10825,p,p,0.9988689291464344
57552,57582,p,p,1.0
5454,5454,e,e,0.018849365863647615
26705,26707,p,p,0.955477050598891
5583,5583,e,e,0.04248326347736071
48487,48489,e,e,0.03550146906641469
37502,37504,p,p,0.9991554573547888
14319,14321,e,e,0.012249519218934808
43814,43816,e,e,9.383378016085791e-05
34077,34079,p,p,0.9700264758558029
3599,3599,p,p,0.9802941176470589
46019,46021,e,e,0.005544983890576433
17079,17081,p,p,0.9978096414617087
18635,18637,p,p,0.9565740003533917
54607,54609,e,e,0.009314337300080496
19222,19224,p,p,0.9878959210567124
58520,58666,p,p,0.9762370256772069
20559,20561,e,e,0.06387739030845987
19883,19885,p,p,0.9433628966108424
24437,24439,e,e,0.02126646424301838
38006,38008,p,p,0.997894959665506
58683,58829,p,p,0.9675474876306375
21781,21783,e,e,0.04484698371686201
629,629,p,p,0.9999028065851043
15500,15502,e,e,0.003907795229784758
54741,54743,e,e,0.008121620033682959
59714,59860,p,p,0.9963140015347798
17011,17013,p,p,0.9982830142427739
51314,51316,e,e,0.018779350802857864
9318,9318,e,e,0.011106573007607921
23845,23847,p,p,0.9126932913268885
54705,54707,e,e,0.10367062871507787
12507,12508,e,e,0.029791866523095147
42075,42077,e,e,0.01965711312342286
47812,47814,p,p,0.9994393241167435
29714,29716,e,e,0.038595351432679205
26185,26187,e,e,0.024246856570238062
11112,11113,p,p,0.9254642383327892
33150,33152,p,p,0.9822623033127864
25658,25660,p,p,0.9988008596533493
10038,10039,p,p,0.9671097573545857
60651,60797,p,p,0.9963412473572061
53392,53394,p,p,0.9887274789209389
20943,20945,p,p,0.9740767742668005
26629,26631,p,p,0.955477050598891
213,213,p,p,0.9999028065851043
58243,58389,e,e,0.007196972184156084
27397,27399,p,p,0.9682895016512505
36320,36322,e,e,0.04027583471079531
55740,55742,e,e,0.014286560368379093
23918,23920,p,p,0.9288699520188953
58590,58736,p,p,0.9631760421787399
60261,60407,e,e,0.00277336273849538
24096,24098,e,e,0.03872681279345798
46367,46369,e,e,0.12754631966356492
5851,5851,e,e,0.01072116146006159
44646,44648,p,p,0.9407884141173959
16665,16667,e,e,0.08903297857367697
30613,30615,e,e,0.025728771671828455
17989,17991,e,e,0.06621931558417575
57721,57755,p,p,1.0
1752,1752,p,p,1.0
57498,57528,p,p,0.9884337126602933
44204,44206,p,p,0.9998461538461538
42411,42413,e,e,0.015256440023788106
30188,30190,p,p,0.9990531679008205
38385,38387,p,p,0.9736066803171545
22489,22491,e,e,0.04726131885145549
14878,14880,e,e,0.0022342342342342343
16187,16189,e,e,0.007822121294995252
53609,53611,p,p,0.9835870140692594
31468,31470,e,e,0.019125419965064002
45593,45595,e,e,0.03514822006535417
3729,3729,p,p,0.9810449871044485
19421,19423,p,p,0.9955483659580133
13404,13406,p,p,0.9939118375945649
58508,58654,p,p,0.8873135033072785
38748,38750,p,p,0.9994030399434429
13745,13747,p,p,0.9996556586774347
14950,14952,e,e,0.00851969696969697
4171,4171,p,p,0.9982724225981486
5171,5171,e,e,0.026936570074563307
19110,19112,p,p,0.987502835359515
2961,2961,e,e,0.006926339552369666
58942,59088,p,p,0.9983176054874247
29311,29313,p,p,0.9868167513259128
356,356,p,p,0.9999882766705744
42393,42395,e,e,0.017259078631384636
41024,41026,p,p,1.0
26599,26601,p,p,0.9415728659966552
2853,2853,e,e,0.006726679592456597
16237,16239,e,e,0.08694568762325819
47270,47272,p,p,0.9996954412499107
49427,49429,e,e,0.01237236028026403
24712,24714,e,e,0.018694703032904453
47119,47121,p,p,0.9996954412499107
60243,60389,e,e,0.002944456812935303
33469,33471,p,p,0.9529770357796187
22573,22575,e,e,0.04581341154413202
43970,43972,e,e,0.0020318776063652875
22069,22071,e,e,0.041542523258902404
32712,32714,p,p,0.9962719602404069
4419,4419,e,e,0.0022651503349431375
55478,55480,e,e,0.052891545530763924
5733,5733,e,e,0.02471212158335702
2274,2274,p,p,0.9989737470167064
46373,46375,e,e,0.09059905441736901
46532,46534,e,e,0.08396623152553266
27309,27311,p,p,0.9726647565769793
49271,49273,e,e,0.011268681350498144
43577,43579,e,e,0.0005930232558139535
53967,53969,p,p,0.9981351306537886
36584,36586,p,p,1.0
4647,4647,e,e,0.02648717925656942
56759,56779,p,p,1.0
7077,7077,p,p,0.9646591242949214
10045,10046,p,p,0.9954151574389393
13140,13142,p,p,0.9942478614011769
53900,53902,p,p,0.9943113314072005
11713,11714,e,e,0.03437919353470841
37255,37257,p,p,0.9787720868653507
43183,43185,p,p,0.9890510780828754
26521,26523,p,p,0.7718120923964183
50156,50158,p,p,0.9389371168943248
31510,31512,e,e,0.019125419965064002
45899,45901,e,e,0.010228915942929538
40927,40929,p,p,0.9755244393817
46999,47001,p,p,0.9996954412499107
51296,51298,e,e,0.02063967083507212
7056,7056,e,e,0.09237412974088927
10623,10624,p,p,0.9956420094612614
39467,39469,p,p,0.9932052950569624
49157,49159,e,e,0.015319908105966057
47465,47467,p,p,0.999802095459837
2357,2357,p,p,0.9989737470167064
10527,10528,e,e,0.01240024818633066
13749,13751,p,p,0.9996556586774347
6550,6550,e,e,0.01810126823606653
33487,33489,p,p,0.9324447771194393
3146,3146,e,e,0.006330858591647186
36444,36446,p,p,1.0
55396,55398,e,e,0.010458718008171336
6735,6735,e,e,0.04413356638779416
27721,27723,p,p,0.9945679995451028
42567,42569,e,e,0.0208996262444548
42399,42401,e,e,0.020385206919683645
11951,11952,e,e,0.029924088477049117
31376,31378,e,e,0.0031279683303629883
39784,39786,p,p,0.9812980470089444
59823,59969,p,p,0.9956371070937426
572,572,p,p,0.9999882766705744
27014,27016,e,e,0.017974932553968436
50599,50601,e,e,0.01922318529933774
49846,49848,p,p,0.9915140995523248
4323,4323,e,e,0.0022651503349431375
6231,6231,p,p,0.9732233674937233
42365,42367,e,e,0.013609464434408351
38637,38639,p,p,0.9816738505747127
16779,16781,e,e,0.052465096512136516
23622,23624,p,p,0.9118101924962807
35557,35559,p,p,0.9932187471608331
47746,47748,p,p,1.0
24619,24621,e,e,0.05381497886900762
46977,46979,p,p,0.9996954412499107
40059,40061,p,p,0.9944760197986006
33593,33595,e,e,0.03854354056056409
24294,24296,e,e,0.025426090981364627
7500,7500,p,p,0.9848936220001347
2352,2352,p,p,0.9989737470167064
4186,4186,p,p,1.0
13136,13138,p,p,1.0
30031,30033,p,p,0.9990531679008205
57527,57557,p,p,1.0
47424,47426,p,p,0.999802095459837
9237,9237,e,e,0.0009139569236426748
46097,46099,e,e,0.012199384149748084
30162,30164,p,p,0.9964286584762447
56875,56905,e,e,0.006578550905785258
40015,40017,p,p,0.9642160008665543
51021,51023,p,p,0.9937950843584383
16121,16123,e,e,0.017659350729085005
5465,5465,e,e,0.031076316253675466
24697,24699,e,e,0.03981166467013288
16650,16652,e,e,0.05470300736802191
55285,55287,e,e,0.0017374853783115338
56617,56624,p,p,1.0
2199,2199,p,p,0.9989737470167064
2719,2719,e,e,0.006536823690049496
37390,37392,p,p,1.0
6326,6326,p,p,0.9057076677788198
22591,22593,p,p,0.9402299816119757
39717,39719,p,p,0.9812980470089444
22638,22640,p,p,0.9842257665621754
60757,60903,p,p,0.9972666929874099
54693,54695,e,e,0.053565484356261725
33788,33790,e,e,0.04741249797247036
42025,42027,e,e,0.02092471875722568
16450,16452,e,e,0.11258210725836083
14022,14024,p,p,1.0
54778,54780,e,e,0.008121620033682959
50622,50624,e,e,0.025905233003293674
43727,43729,e,e,0.0030234113712374585
46929,46931,e,e,0.004321150644133829
25485,25487,p,p,0.9915181562123113
22905,22907,p,p,0.9277507225938948
10018,10019,p,p,0.9849576545513237
24287,24289,e,e,0.008462328949409325
46340,46342,e,e,0.1761686987629187
53357,53359,p,p,0.9749188365189757
6275,6275,p,p,0.9593712282442138
49662,49664,e,e,0.01674479471322964
22420,22422,e,e,0.07186655317464992
38160,38162,p,p,0.9772038197327788
3986,3986,p,p,0.9932758620689655
39725,39727,p,p,0.9879437515972621
37147,37149,p,p,0.9706301330802714
9167,9167,p,p,0.9947371313323589
58073,58196,p,p,1.0
46582,46584,e,e,0.06084754010365922
33441,33443,p,p,0.8753318962541162
45212,45214,e,e,0.028646445380895166
3601,3601,p,p,0.974639910277978
21763,21765,e,e,0.07339768274626915
15895,15897,e,e,0.018791570756423265
13676,13678,p,p,0.9996556586774347
53033,53035,e,e,0.0012216209730368617
50707,50709,e,e,0.025783589743965777
16134,16136,e,e,0.010727645924777467
35216,35218,e,e,0.005528145543892458
22731,22733,p,p,0.9855121659675986
4960,4960,e,e,0.06688324277352586
23922,23924,p,p,0.8431346546990188
33407,33409,p,p,0.9547860928465808
26720,26722,p,p,0.7957659823131238
21506,21508,e,e,0.041973402869021646
35798,35800,p,p,0.9961198984077119
40934,40936,p,p,0.9901056332498541
14773,14775,e,e,0.04887023937689327
39151,39153,p,p,1.0
54125,54127,p,p,0.9862752023085559
43200,43202,p,p,0.9957378369780797
27088,27090,e,e,0.020762000558427744
38730,38732,p,p,0.9999363732767762
55474,55476,e,e,0.015832399277925794
14486,14488,e,e,0.013215438745988482
44927,44929,p,p,0.9961264892812111
43084,43086,p,p,0.9768508860187847
20499,20501,e,e,0.07781469609562576
13048,13050,p,p,0.9881670225661301
58769,58915,p,p,0.9175110008604235
32015,32017,p,p,0.995226294438251
39588,39590,p,p,0.9879437515972621
28367,28369,p,p,0.991131063400853
11693,11694,e,e,0.04629027747952545
47548,47550,p,p,1.0
60518,60664,e,e,0.139392773599757
28859,28861,p,p,0.9775577352536193
28659,28661,p,p,0.9863703169210676
1148,1148,e,e,0.0014117811327703528
15210,15212,e,e,0.0105634952543253
12125,12126,p,p,0.9895561220700171
32743,32745,p,p,0.9929075710647121
29482,29484,p,p,0.9706167922638451
46620,46622,e,e,0.00035346097201767305
58606,58752,p,p,0.9276153978215684
19468,19470,p,p,0.9664068459732844
21299,21301,e,e,0.028719041884013512
2626,2626,e,e,0.0
2459,2459,p,p,0.9989737470167064
22173,22175,e,e,0.04148579514627486
32527,32529,p,p,0.9917514122952014
47042,47044,p,p,0.9996954412499107
5557,5557,e,e,0.013503149255467193
46568,46570,e,e,0.1248738625144334
26363,26365,e,e,0.09148484475326894
33775,33777,e,e,0.041152487898524666
23364,23366,p,p,0.9776496678217864
7440,7440,p,p,0.9986398348494867
17840,17842,e,e,0.05423866567953215
55863,55865,e,e,0.02679658169313458
36953,36955,p,p,0.9857799901375046
30317,30319,p,p,0.9993107545461138
39446,39448,p,p,0.8072240333657517
4339,4339,e,e,0.0027370927809863034
23315,23317,p,p,0.8293941007211824
2421,2421,p,p,0.9989737470167064
4037,4037,p,p,0.9956944444444444
31471,31473,e,e,0.04639867327096206
6318,6318,p,p,0.9373230194679476
30973,30975,p,p,0.9542329400816283
9007,9007,p,p,0.9995554502683249
19099,19101,p,p,0.9889754949915495
11907,11908,e,e,0.03198260275906955
47862,47864,p,p,0.9995216824451457
24946,24948,e,e,0.01172640825691331
25789,25791,p,p,0.9899684255865507
28911,28913,p,p,0.9889393526062142
27579,27581,p,p,0.9980803175901315
57052,57082,e,e,0.009429904632930126
8426,8426,p,p,0.966515315406571
4451,4451,e,e,0.00910609219462431
31470,31472,e,e,0.029982185281853493
55660,55662,e,e,0.010199444061220064
1607,1607,p,p,1.0
31316,31318,e,e,0.0025349450745490347
30148,30150,p,p,0.999201265495019
27685,27687,p,p,0.975317443925219
39795,39797,p,p,0.9879437515972621
4515,4515,e,e,0.0022651503349431375
20015,20017,p,p,0.9962636912467572
2073,2073,e,e,0.006283125775801663
37011,37013,p,p,0.9999363732767762
39660,39662,p,p,0.9821327577527461
36635,36637,p,p,1.0
48714,48716,e,e,0.03242906799635632
33022,33024,p,p,0.98531453739039
16988,16990,p,p,0.9922549021143601
28865,28867,p,p,0.9841134038566132
6300,6300,p,p,0.9467549282593818
56054,56056,e,e,0.050399830479302604
48312,48314,p,p,1.0
21023,21025,p,p,0.9802796416400653
7598,7598,p,p,0.9896072852233676
58181,58327,e,e,0.01934134698660752
48147,48149,p,p,1.0
40168,40170,p,p,0.990138056522944
52169,52171,e,e,0.0014494509983815377
20932,20934,p,p,0.9782956674652921
6028,6028,p,p,0.9821314348415371
47318,47320,p,p,0.999802095459837
5475,5475,e,e,0.013222253475637755
8044,8044,p,p,0.9959789014099154
679,679,p,p,0.9999882766705744
16213,16215,e,e,0.01676775982608848
1456,1456,p,p,1.0
6049,6049,p,p,0.9376698303347759
59316,59462,p,p,0.9961362165487628
9848,9848,p,p,0.9928334777704412
50199,50201,p,p,0.9367262409281701
40575,40577,p,p,0.970677799527806
13118,13120,p,p,1.0
43569,43571,e,e,0.02434284494970718
33956,33958,p,p,0.9881984545293296
8548,8548,e,e,0.0009992270578726948
17008,17010,p,p,0.9335954213850193
26655,26657,p,p,0.9422274171434702
11347,11348,e,e,0.030258490190312116
4162,4162,p,p,0.9982724225981486
58306,58452,e,e,0.007563272550456451
43969,43971,e,e,0.007117278836417195
25765,25767,p,p,0.9988008596533493
51138,51140,p,p,0.980461751025105
34232,34234,p,p,0.9664723127870343
39741,39743,p,p,0.9272196139422069
8929,8929,p,p,0.9932662269091841
26916,26918,e,e,0.007680079209139482
17278,17280,p,p,0.9982830142427739
47631,47633,p,p,0.999802095459837
21339,21341,e,e,0.041973402869021646
24863,24865,e,e,0.0768191052543317
45085,45087,p,p,0.9959067090614308
40738,40740,p,p,0.981289248664377
48554,48556,e,e,0.013049058913817574
46920,46922,e,e,0.00035346097201767305
53178,53180,e,e,0.011646060618773782
18349,18351,e,e,0.12607374642075148
10232,10233,p,p,0.9939696463380675
18058,18060,e,e,0.008551212936333546
2304,2304,p,p,0.9989737470167064
43368,43370,p,p,0.9926252730272972
44226,44228,p,p,1.0
4081,4081,p,p,0.9961265432098765
52331,52333,e,e,0.00636588467776279
34806,34808,p,p,0.9981685120943274
25114,25116,e,e,0.03271368973258498
52277,52279,e,e,0.006443404057607751
49797,49799,p,p,0.9815140995523248
4567,4567,e,e,0.020889804765479917
19083,19085,p,p,0.9882197410658157
3552,3552,p,p,0.9625160326880073
16267,16269,e,e,0.03758906430675238
9784,9784,p,p,0.993564865116062
32163,32165,p,p,0.9704595621237853
8886,8886,p,p,0.9931922595374871
32286,32288,p,p,0.9780543662368691
33432,33434,p,p,0.9059772627141949
33424,33426,p,p,0.9113868622202516
39850,39852,p,p,0.9879437515972621
17909,17911,e,e,0.024249523827107326
56978,57008,e,e,0.006578550905785258
34136,34138,p,p,0.9552684656962039
13587,13589,p,p,0.9989686244609887
59331,59477,p,p,0.9969914797066576
43723,43725,e,e,0.0030234113712374585
29390,29392,p,p,0.9865464810556426
17605,17607,e,e,0.00450561374716106
23472,23474,p,p,0.8947763604258957
10794,10795,p,p,0.9773941354669158
60671,60817,p,p,0.9987443662865377
42132,42134,e,e,0.0026932535152441
9204,9204,e,e,0.007286264868526268
50650,50652,e,e,0.02262016704583405
31037,31039,p,p,0.9592265219933627
894,894,p,p,0.9393824878717086
20567,20569,e,e,0.11082730564554705
20957,20959,p,p,0.9948585310965631
9322,9322,e,e,0.0025962239554242696
21656,21658,e,e,0.05816843284772186
10709,10710,p,p,0.9985269435876188
51241,51243,e,e,0.0128994077469343
42474,42476,e,e,0.017642945001185628
33748,33750,e,e,0.029272955324859865
46831,46833,e,e,0.00035346097201767305
31593,31595,e,e,0.03126313433848825
9925,9926,p,p,0.9650604840414738
17575,17577,e,e,0.00450561374716106
35926,35928,p,p,0.9634597413433457
53385,53387,p,p,0.9786498043231912
6254,6254,p,p,0.9710102775757155
13775,13777,p,p,0.9903174603174604
28310,28312,p,p,0.9797673454577485
55317,55319,e,e,0.00158915279078003
30156,30158,p,p,0.9993107545461138
25905,25907,p,p,0.9716136349474088
345,345,p,p,0.9962761554584532
5257,5257,e,e,0.021848208487867737
6507,6507,e,e,0.019610026195748326
23289,23291,p,p,0.9278642295870212
53481,53483,p,p,0.9885005505918478
19000,19002,e,e,0.022044152290627
20222,20224,e,e,0.010451354492369882
6551,6551,e,e,0.022750095802264537
33880,33882,e,e,0.046198289887346686
56918,56948,e,e,0.006578550905785258
23122,23124,p,p,0.9653123320125219
53522,53524,p,p,0.9972799039667768
12209,12210,p,p,0.9550081343296729
27821,27823,p,p,0.9190716935710418
26435,26437,e,e,0.05792062749765156
46251,46253,e,e,0.09647192246582403
17625,17627,e,e,0.01219224623372553
6332,6332,p,p,0.9007887744632486
50643,50645,e,e,0.019633557383394035
41064,41066,p,p,0.9897203579418344
44072,44074,e,e,0.0005555555555555556
24499,24501,e,e,0.03137530573490026
57794,57832,p,p,0.9997142857142858
59528,59674,p,p,0.9880418333500007
9501,9501,e,e,0.0008042463727556534
21927,21929,e,e,0.05785802995842354
47835,47837,p,p,0.9997203579418344
44523,44525,p,p,0.9724068382328376
55757,55759,e,e,0.008422667089719435
27193,27195,p,p,0.9823853578148218
52684,52686,e,e,0.007231985675229138
38788,38790,p,p,0.998450658991062
20602,20604,e,e,0.05845401307092575
18450,18452,p,p,0.9547818910791722
56620,56627,p,p,1.0
50396,50398,p,p,0.9078926880426885
36415,36417,p,p,1.0
56427,56429,p,p,0.9604722971080988
31435,31437,e,e,0.020321250824563028
45093,45095,p,p,0.9861100327880356
14560,14562,e,e,0.02100761762455362
13232,13234,p,p,1.0
40851,40853,p,p,0.9902111741469517
12038,12039,p,p,0.9989292712215264
34645,34647,p,p,0.9966006748611561
41121,41123,p,p,0.9759046500210853
53526,53528,p,p,0.9922646529060217
25064,25066,e,e,0.01101332382813852
25102,25104,e,e,0.008468641749731352
5749,5749,e,e,0.006476789964552625
37787,37789,p,p,0.9969858687564152
14807,14809,e,e,0.03928515905334084
17249,17251,p,p,0.9977078508440811
12482,12483,e,e,0.038931057861099023
59856,60002,p,p,0.9882686662099834
50665,50667,e,e,0.025340078076370016
17973,17975,e,e,0.10629820339422853
21939,21941,e,e,0.047973366527767444
39560,39562,p,p,0.988565696383617
46558,46560,e,e,0.12078347344186259
38564,38566,p,p,0.9963189125928182
40609,40611,p,p,0.996496182591524
24879,24881,e,e,0.014391632363392408
1470,1470,p,p,0.99
54583,54585,e,e,0.0037037712093597147
4370,4370,e,e,0.003005883262633743
33507,33509,p,p,0.955746544823982
30941,30943,p,p,0.9542825678731915
6794,6794,e,e,0.08653038514433213
25269,25271,e,e,0.0030663716814159294
38761,38763,p,p,0.9965027829381781
53219,53221,e,e,0.0017855039137934642
24390,24392,e,e,0.024373490828096155
19226,19228,p,p,0.9732104587585847
54895,54897,e,e,0.04195635153052893
50571,50573,e,e,0.01045234073269189
36103,36105,e,e,0.020979511180734257
41787,41789,p,p,0.998056980570499
3668,3668,p,p,0.9893885971492874
14616,14618,e,e,0.0037726327362400166
10851,10852,p,p,0.9863997045326489
47466,47468,p,p,1.0
29373,29375,p,p,0.9796054814299501
51612,51614,e,e,0.0010777777777777778
25582,25584,p,p,0.9999662731871838
34951,34953,e,e,0.01737587141113318
13435,13437,p,p,0.9996556586774347
22816,22818,p,p,0.9576813812533018
23045,23047,p,p,0.9784249030543719
9738,9738,p,p,0.959629153335563
56564,56568,p,p,1.0
4973,4973,e,e,0.027596046051764845
11738,11739,e,e,0.041213384571917075
59563,59709,p,p,0.9957909532475888
6688,6688,e,e,0.012918848409924244
26284,26286,e,e,0.08374835068234
39839,39841,p,p,0.9633757064276358
45184,45186,e,e,0.00713947713973601
47323,47325,p,p,0.999802095459837
60690,60836,p,p,0.9985319510634376
31895,31897,p,p,0.995226294438251
47723,47725,p,p,0.9796774193548388
49901,49903,p,p,1.0
55792,55794,e,e,0.06002481171797305
2869,2869,e,e,0.006330858591647186
1164,1164,e,e,0.009209903599115263
26938,26940,e,e,0.01835954793858382
56960,56990,e,e,0.006578550905785258
50850,50852,p,p,0.9911178147705325
1254,1254,e,e,0.009114209819210956
60490,60636,e,e,0.025405711935918816
15146,15148,e,e,0.019337264537264538
22541,22543,e,e,0.050917592727235866
22236,22238,e,e,0.0793662803142241
51945,51947,e,e,0.0034007394961816633
45004,45006,p,p,0.9961264892812111
44693,44695,p,p,0.9319184262608553
26503,26505,p,p,0.9484464829133015
15324,15326,e,e,0.0026374345549738222
10833,10834,p,p,0.9987948007304759
27395,27397,p,p,0.9888673043241353
58660,58806,p,p,0.8658951355332263
50379,50381,p,p,0.9007329084721519
14409,14411,e,e,0.005084047348795187
29738,29740,e,e,0.0294631825716115
4695,4695,e,e,0.01582155147526313
44916,44918,p,p,0.9876107348179416
52091,52093,e,e,0.0015275759983815376
38625,38627,p,p,0.9939381199811054
41735,41737,p,p,0.9896614490587929
20631,20633,e,e,0.020737933969448816
20477,20479,e,e,0.01721461974538369
6453,6453,e,e,0.020563735956117303
37479,37481,p,p,0.9999655172413793
58536,58682,p,p,0.8871321971889091
18026,18028,e,e,0.07638304885825405
59443,59589,p,p,0.9992296072507553
41648,41650,p,p,0.999972602739726
40714,40716,p,p,0.996496182591524
22310,22312,e,e,0.10274367033930007
32340,32342,p,p,0.9647659725482306
20400,20402,e,e,0.016181911321582226
38950,38952,p,p,1.0
11204,11205,p,p,0.9325431515919838
23105,23107,p,p,0.9790979799774489
28357,28359,p,p,0.9914041183607811
19822,19824,p,p,0.9036107366101781
7579,7579,p,p,0.9865528953898977
27945,27947,p,p,0.9770080542648116
10418,10419,e,e,0.018273682783136565
5707,5707,e,e,0.009288291758104925
22206,22208,e,e,0.07953855050868688
45450,45452,e,e,0.017614761772621022
37818,37820,p,p,0.998108108108108
56887,56917,e,e,0.006578550905785258
52291,52293,e,e,0.006443404057607751
38266,38268,p,p,0.9785755696518639
34239,34241,p,p,0.9858099430312164
4385,4385,e,e,0.0032644492911668484
57068,57098,e,e,0.006578550905785258
45067,45069,p,p,0.9876318395410331
21682,21684,e,e,0.05456598460024448
14736,14738,e,e,0.07358708681205144
28796,28798,p,p,0.984963166538509
39395,39397,p,p,0.953778803139021
48824,48826,e,e,0.019133385689042152
31305,31307,e,e,0.0032773516520067563
55210,55212,e,e,0.0025623969379372207
30191,30193,p,p,0.9991797501793016
18739,18741,e,e,0.10438198978897105
4922,4922,e,e,0.02635139063091211
4195,4195,p,p,0.9998765432098764
34218,34220,p,p,0.9918346468464238
57225,57255,p,p,0.9966414350313186
39413,39415,p,p,0.9590626063579433
17931,17933,e,e,0.042881817459677105
48668,48670,e,e,0.03314024095397289
25929,25931,p,p,0.9821210428354086
58584,58730,p,p,0.9732806791494079
40271,40273,p,p,0.9761715607948837
60014,60160,p,p,0.9990537084398977
30566,30568,e,e,0.026483450493419526
41188,41190,p,p,0.9930337055417701
47407,47409,p,p,1.0
26160,26162,e,e,0.06864315512228653
48039,48041,p,p,0.9994444444444445
53557,53559,p,p,0.9920740589345379
15963,15965,e,e,0.009743815006544037
49470,49472,e,e,0.010833898741802492
33146,33148,p,p,0.9897841109957668
58788,58934,p,p,0.8782412037977491
30526,30528,e,e,0.012319528032776104
52505,52507,e,e,0.00636588467776279
21617,21619,e,e,0.03467436839294827
16455,16457,e,e,0.0652480744404919
52406,52408,e,e,0.00636588467776279
20360,20362,e,e,0.046277252528701095
59114,59260,p,p,0.9998175186640128
49448,49450,e,e,0.01674479471322964
5651,5651,e,e,0.0035198287246960914
40348,40350,p,p,0.9680184939766754
12799,12800,p,p,0.9881670225661301
25192,25194,e,e,0.01833706280236293
7907,7907,p,p,0.9900421253218942
9358,9358,e,e,0.006378642425200723
43594,43596,e,e,0.009477304192268802
28288,28290,p,p,0.9834683258499054
23634,23636,p,p,0.9774614957787757
15638,15640,p,p,0.9992592592592593
29528,29530,p,p,0.9780089682460857
8342,8342,p,p,0.945005648441458
11699,11700,e,e,0.040239358231987064
1184,1184,e,e,0.009052670894712747
45835,45837,e,e,0.015409083111408619
17243,17245,p,p,0.9981383972599912
16432,16434,e,e,0.049209343634104445
54819,54821,e,e,0.04421012966592848
20522,20524,e,e,0.037086028854987664
50201,50203,p,p,0.9130513141418716
24333,24335,e,e,0.012451281318980705
59524,59670,p,p,0.9980222965311708
30619,30621,e,e,0.012178799664011792
35561,35563,p,p,0.9613782475180643
782,782,p,p,0.979149346478697
7589,7589,p,p,0.9721633581013297
23330,23332,p,p,0.9709397148441576
9657,9657,p,p,0.9933819785938439
15563,15565,p,p,0.9998091603053436
27488,27490,p,p,0.9998019801980198
51564,51566,e,e,0.0010777777777777778
6555,6555,e,e,0.02025020460298199
34352,34354,p,p,0.986521805558175
2,2,p,p,0.9999028065851043
41772,41774,p,p,0.9982324191669902
58080,58207,p,p,1.0
57722,57756,p,p,1.0
30889,30891,p,p,0.9581429350427044
50325,50327,p,p,0.9395163304789087
13405,13407,p,p,0.9939706611239767
33978,33980,p,p,0.9655053099114448
11645,11646,e,e,0.012054459797670145
58318,58464,e,e,0.007196972184156084
52801,52803,e,e,0.007231985675229138
50594,50596,e,e,0.01305691609189058
7966,7966,p,p,0.9977688087774296
56735,56754,p,p,1.0
53859,53861,p,p,0.996376636821364
13532,13534,p,p,0.9989686244609887
6783,6783,e,e,0.14209899754666838
28915,28917,p,p,0.9768437644259405
37542,37544,p,p,0.9996432622328376
47960,47962,p,p,0.9995640002217417
38403,38405,p,p,0.9944388388278327
19286,19288,p,p,0.9870649791610537
9231,9231,e,e,0.0008042463727556534
41074,41076,p,p,0.9957585350770954
24678,24680,e,e,0.04132792423663755
55718,55720,e,e,0.009991046628123971
45685,45687,e,e,0.008172425660323456
28037,28039,p,p,0.9635854812823559
46777,46779,e,e,0.00035346097201767305
58928,59074,p,p,0.9998175186640128
28620,28622,p,p,0.989238084863979
6327,6327,p,p,0.9580450126544374
43086,43088,p,p,0.9952960187962614
12975,12976,p,p,0.9881670225661301
9443,9443,e,e,0.010958363302502543
25775,25777,p,p,0.9284854174714444
25393,25395,e,e,0.04059821606963695
41028,41030,p,p,0.993265812487289
9849,9849,p,p,0.994654303168494
27776,27778,p,p,0.9706360750126839
36023,36025,e,e,0.03597234688182638
16636,16638,e,e,0.08047368066519173
35575,35577,p,p,0.9767013345254003
53058,53060,e,e,0.01149291647909819
37824,37826,p,p,0.998108108108108
41251,41253,p,p,1.0
20277,20279,e,e,0.04947587409139669
17000,17002,p,p,0.9890540511617489
28183,28185,p,p,0.9843372053754379
54286,54288,p,p,0.9900950991412738
50961,50963,p,p,0.9911178147705325
13625,13627,p,p,0.9989336904568594
23826,23828,p,p,0.8469304459187263
54367,54369,e,e,0.022942293454532754
45178,45180,p,p,0.988063907473101
613,613,p,p,0.9989620236872808
35782,35784,p,p,0.9917647058823529
6652,6652,e,e,0.02025020460298199
22870,22872,p,p,0.9792448449776968
44770,44772,p,p,0.9406345679635497
54340,54342,p,p,0.9949498800319916
35095,35097,e,e,0.016670038720406618
42277,42279,e,e,0.0024714989989366594
20633,20635,e,e,0.01619783992511181
20315,20317,e,e,0.014293445510668325
46084,46086,e,e,0.010890984522210182
10995,10996,p,p,0.9290090211888846
13548,13550,p,p,0.9996556586774347
21025,21027,p,p,0.9600617892012642
58539,58685,p,p,0.887949488711405
23014,23016,p,p,0.9707913434050462
21258,21260,e,e,0.05338504435512257
9114,9114,p,p,0.9945029896983663
30817,30819,p,p,0.9542825678731915
30725,30727,p,p,0.9617331955482578
5606,5606,e,e,0.01928235051455485
9905,9906,p,p,0.980453886846473
44033,44035,e,e,0.0072418810117177565
37436,37438,p,p,0.9998560281902844
25174,25176,e,e,0.06822735016377623
58051,58153,p,p,1.0
41129,41131,p,p,0.9897146477234962
41746,41748,p,p,0.9896614490587929
26687,26689,p,p,0.9672930819050164
26804,26806,p,p,0.9640890002723633
36179,36181,e,e,0.022923501419674835
12953,12954,p,p,0.9896269919570767
51,51,p,p,0.9949882766705744
39923,39925,p,p,0.9975
21357,21359,e,e,0.02546196386133011
30999,31001,p,p,0.9449174285302587
47737,47739,p,p,0.9992835872070505
49215,49217,e,e,0.029968910893922573
15193,15195,e,e,0.004365479238264264
5839,5839,e,e,0.015756270409756058
55630,55632,e,e,0.03914780235532503
25958,25960,p,p,0.9963182100220203
645,645,p,p,0.9999028065851043
10849,10850,p,p,0.9956420094612614
32140,32142,p,p,0.9829834746278854
51050,51052,p,p,0.9911178147705325
2380,2380,p,p,0.9988642579656115
8456,8456,p,p,0.9650702431999604
59806,59952,p,p,0.9965245278505693
53910,53912,p,p,0.9981543061092055
23916,23918,p,p,0.9182959338134995
31134,31136,e,e,0.0035825987387360374
16044,16046,e,e,0.007822121294995252
54631,54633,e,e,0.0038435144266033196
6298,6298,p,p,0.9627045615775472
28022,28024,p,p,0.9846775743688292
18343,18345,e,e,0.00502806409650041
5723,5723,e,e,0.01841996871328348
9239,9239,e,e,0.026666666666666665
9444,9444,e,e,0.01942116967999321
21268,21270,e,e,0.025340094515592458
24389,24391,e,e,0.04346757864862751
46600,46602,e,e,0.010086285399498589
49685,49687,e,e,0.010833898741802492
26395,26397,e,e,0.041639161513816074
25915,25917,p,p,0.9901354739696302
25623,25625,p,p,0.9894749434229827
29713,29715,e,e,0.029947987509974305
12178,12179,p,p,0.9979498897782274
30376,30378,e,e,0.012319528032776104
54185,54187,p,p,0.9976335028607756
37800,37802,p,p,0.997894959665506
60081,60227,p,p,0.9880456268940604
45821,45823,e,e,0.007519999924838947
17390,17392,e,e,0.005769036074996633
45681,45683,e,e,0.007519999924838947
36582,36584,p,p,1.0
29400,29402,p,p,0.9851671738318418
11120,11121,p,p,0.9061103344619424
21147,21149,p,p,0.9813474286500391
41323,41325,p,p,0.999972602739726
30591,30593,e,e,0.02085498538118309
27861,27863,p,p,0.9482895804932415
12814,12815,p,p,0.9881670225661301
39889,39891,p,p,0.9874990056441669
54211,54213,p,p,0.9584098629667163
24459,24461,e,e,0.018779085758418787
9590,9590,p,p,0.9936676928795581
24060,24062,e,e,0.0065101113057358575
32945,32947,p,p,0.9978956133735545
42437,42439,e,e,0.05661186084530228
20564,20566,e,e,0.06856889675957496
47017,47019,p,p,0.9996954412499107
17745,17747,e,e,0.03235708277956424
52099,52101,e,e,0.0013331719286140957
24513,24515,e,e,0.017874390521064296
39162,39164,p,p,1.0
14930,14932,e,e,0.00016666666666666666
9975,9976,p,p,0.9908155006231644
487,487,p,p,0.9999882766705744
15934,15936,e,e,0.009743815006544037
33949,33951,p,p,0.9761043296420692
42162,42164,e,e,0.0016792077783799142
36814,36816,p,p,0.9903102809194264
54246,54248,p,p,0.9731062158489159
16834,16836,e,e,0.1173280836972975
48286,48288,p,p,1.0
40999,41001,p,p,0.9914981635237828
23746,23748,p,p,0.9217805443943249
15775,15777,p,p,0.9975925925925925
16352,16354,e,e,0.04661469840951085
14770,14772,e,e,0.00844716971917847
36086,36088,e,e,0.021721248695870523
35410,35412,p,p,0.9792691051458978
55589,55591,e,e,0.01665281229534389
26825,26827,p,p,0.9403015487974707
8196,8196,p,p,0.9420648111157237
55903,55905,e,e,0.023433043250052143
24235,24237,e,e,0.01725116134568005
14275,14277,e,e,0.005084047348795187
31759,31761,e,e,0.01793236193567414
59921,60067,p,p,0.9948759560948308
22903,22905,p,p,0.9369672834320144
44165,44167,p,p,0.9998461538461538
50311,50313,p,p,0.8905460362829407
28579,28581,p,p,0.9659305493057282
10570,10571,e,e,0.1057573920332541
485,485,p,p,0.9989620236872808
52548,52550,e,e,0.00636588467776279
56149,56151,p,p,0.9893805720491038
1831,1831,e,e,0.0037104530506373175
53393,53395,p,p,0.9887274789209389
42746,42748,e,e,0.000657487813202646
48638,48640,e,e,0.024473574287306222
60768,60914,p,p,0.9705330396520135
51877,51879,e,e,0.0010777777777777778
2486,2486,e,e,0.0005651787697090828
50606,50608,e,e,0.010019362277176229
59956,60102,p,p,0.9968614633412075
3969,3969,p,p,1.0
3608,3608,p,p,1.0
9993,9994,p,p,0.9879498798972484
27632,27634,p,p,0.965175746760249
10179,10180,p,p,0.9954151574389393
58259,58405,e,e,0.007196972184156084
32677,32679,p,p,0.9441495976122822
45444,45446,e,e,0.028695841940423045
57831,57873,p,p,1.0
40303,40305,p,p,0.9784790562008471
11552,11553,e,e,0.012054459797670145
43792,43794,e,e,0.007133533383345836
41045,41047,p,p,0.9703505097315341
3282,3282,e,e,0.013753367527009768
43555,43557,e,e,0.014342844949707181
10369,10370,e,e,0.06914946735779569
13958,13960,p,p,0.9990900701365818
9879,9880,p,p,0.994654303168494
37342,37344,p,p,0.9841174448071851
41557,41559,p,p,0.998917750419051
17993,17995,e,e,0.030360540256143084
11510,11511,e,e,0.07515176574714111
17647,17649,e,e,0.012755900266767317
46804,46806,e,e,0.0021876172607879925
10602,10603,p,p,0.9884210249243297
12984,12986,p,p,0.9882470225661301
2188,2188,p,p,0.9989737470167064
22993,22995,p,p,0.9501110626701881
47867,47869,p,p,0.9995216824451457
53629,53631,p,p,0.9982566481528233
60650,60796,p,p,0.9898363000573174
50281,50283,p,p,0.8990621168943248
166,166,p,p,0.9999882766705744
26731,26733,p,p,0.9418138298520767
46273,46275,e,e,0.08175103036098584
38993,38995,p,p,1.0
16619,16621,e,e,0.09756179098807131
33042,33044,p,p,0.9978956133735545
41622,41624,p,p,0.998917750419051
57610,57641,p,p,0.9972190784155214
31832,31834,p,p,0.9966233624281629
47507,47509,p,p,0.999802095459837
3578,3578,p,p,0.9934511533242876
23016,23018,p,p,0.8698479576648669
19390,19392,p,p,0.9428783954044875
2412,2412,p,p,0.9988642579656115
16289,16291,e,e,0.06292179629966267
5623,5623,e,e,0.0332124633058386
11105,11106,p,p,0.8305991170297671
2097,2097,e,e,0.010757623467532354
19387,19389,p,p,0.9020737137907454
17600,17602,e,e,0.015025340782551754
60230,60376,e,e,0.02028417900713788
49968,49970,p,p,0.9915140995523248
25076,25078,e,e,0.009800980931814654
5422,5422,e,e,0.011054624996403766
2882,2882,e,e,0.010277487707666415
28963,28965,p,p,0.9575096903267059
41705,41707,p,p,0.9896614490587929
38955,38957,p,p,1.0
25693,25695,p,p,0.9988008596533493
900,900,p,p,0.9801659088630423
50016,50018,p,p,0.9907998138380392
50228,50230,p,p,0.9727380140458745
21442,21444,e,e,0.017891131042599775
26623,26625,p,p,0.9265458302940646
6466,6466,e,e,0.018868508194711288
7337,7337,p,p,0.9643942733728866
57076,57106,e,e,0.006578550905785258
59373,59519,p,p,0.9992296072507553
8759,8759,e,e,0.0015653823461648025
26442,26444,e,e,0.03214545721612815
31651,31653,e,e,0.01793236193567414
15087,15089,e,e,0.0
9948,9949,p,p,0.9990792313109057
41713,41715,p,p,0.9982324191669902
57913,57963,p,p,1.0
48968,48970,e,e,0.03681149301677877
42215,42217,e,e,0.010344630144079745
28481,28483,p,p,0.977047430568716
13514,13516,p,p,0.9989686244609887
52655,52657,e,e,0.0068838010650225665
38846,38848,p,p,0.99984375
41806,41808,p,p,0.9896614490587929
39309,39311,p,p,0.9871769735178881
14310,14312,e,e,0.0032073355914960344
46617,46619,e,e,0.002486994355363509
15244,15246,e,e,0.009304101221640488
44103,44105,e,e,0.038850812219763026
40562,40564,p,p,0.9838925443673427
57998,58067,p,p,1.0
46697,46699,e,e,0.0021876172607879925
7327,7327,p,p,0.9638306970616592
36314,36316,e,e,0.02789891178549543
43789,43791,e,e,0.006214670370283967
55126,55128,e,e,0.09857206514112629
14047,14049,p,p,0.9993281653746771
58021,58100,p,p,1.0
57269,57299,p,p,0.9942006210205805
9545,9545,p,p,0.9936676928795581
4520,4520,e,e,0.0027644492911668484
55958,55960,e,e,0.029942058071967925
45639,45641,e,e,0.014959686551880744
55816,55818,e,e,0.03552237170521699
42495,42497,e,e,0.014309611667852296
29773,29775,e,e,0.06898458732026122
34987,34989,e,e,0.01576620005460457
59042,59188,p,p,0.999920611447518
49476,49478,e,e,0.029018859731848225
5103,5103,e,e,0.033514016699164276
58292,58438,e,e,0.007563272550456451
26231,26233,e,e,0.02262712942825311
9116,9116,p,p,0.9975700243775385
37285,37287,p,p,0.9998214285714286
14565,14567,e,e,0.01998130672910401
37246,37248,p,p,0.9896666666666667
60519,60665,e,e,0.021379836209814252
4403,4403,e,e,0.0033363917372100137
25333,25335,e,e,0.059627497263380916
15437,15439,e,e,0.015187296118183211
33192,33194,p,p,0.9529770357796187
9804,9804,p,p,0.9944144891036281
47478,47480,p,p,0.9988571428571429
17042,17044,p,p,0.9981383972599912
23081,23083,p,p,0.9747860162230482
8827,8827,p,p,0.9975700243775385
7184,7184,p,p,0.9775759732957227
3650,3650,p,p,0.9892844866576209
20232,20234,e,e,0.01906753887130565
52514,52516,e,e,0.006238138609032301
31594,31596,e,e,0.03126313433848825
22486,22488,e,e,0.05199697951695547
34328,34330,p,p,0.9863345127928715
28410,28412,p,p,0.9862843532061814
575,575,p,p,0.9999882766705744
29415,29417,p,p,0.9825188392523175
3672,3672,p,p,0.9923686174391202
39411,39413,p,p,0.9878892271093156
22648,22650,p,p,0.9576813812533018
52679,52681,e,e,0.010249333128843463
11686,11687,e,e,0.024823494524482265
13398,13400,p,p,0.9939706611239767
6190,6190,p,p,0.991155549131058
42045,42047,e,e,0.018989904471285388
4401,4401,e,e,0.0027644492911668484
761,761,p,p,0.9718996368387436
31670,31672,e,e,0.019125419965064002
2396,2396,p,p,0.9798642579656115
41727,41729,p,p,0.9982324191669902
42510,42512,e,e,0.01698416106782477
48555,48557,e,e,0.048410447034940615
40315,40317,p,p,0.9780485221804605
10861,10862,p,p,0.9863997045326489
47473,47475,p,p,0.999802095459837
32731,32733,p,p,0.9874955107447747
55818,55820,e,e,0.03180482839993278
39357,39359,p,p,0.98153832492508
30280,30282,p,p,0.9991797501793016
36318,36320,e,e,0.02385478207921636
51387,51389,e,e,0.017445858920882004
54416,54418,e,e,0.0038435144266033196
30469,30471,e,e,0.02454568945580036
18518,18520,p,p,0.9858637717037354
35322,35324,p,p,0.9851637839601632
34271,34273,p,p,0.9929884936402903
21751,21753,e,e,0.03134039187281351
12012,12013,p,p,0.9894934749918656
60294,60440,e,e,0.014404501622494676
20768,20770,e,e,0.09074679210908826
53158,53160,e,e,0.00463025213299677
51378,51380,e,e,0.0444586348427378
12931,12932,p,p,0.9768708206728711
51738,51740,e,e,0.0010777777777777778
41077,41079,p,p,1.0
4911,4911,e,e,0.018342556124816164
57016,57046,e,e,0.01657855090578526
39680,39682,p,p,0.9100090876264173
177,177,p,p,0.9999882766705744
45679,45681,e,e,0.015409083111408619
28912,28914,p,p,0.9420837708398437
25788,25790,p,p,0.9803929027881034
50028,50030,p,p,0.9999636363636364
35098,35100,e,e,0.006903083083389428
55395,55397,e,e,0.0047131669315504995
60615,60761,p,p,0.9753139858154307
58857,59003,p,p,0.999777754304661
23510,23512,p,p,0.9785192330391778
47551,47553,p,p,0.999802095459837
29217,29219,p,p,0.9696992541713513
47401,47403,p,p,0.999802095459837
3447,3447,e,e,0.009178614576831962
56110,56112,e,e,0.024119937593232724
15375,15377,e,e,0.0026374345549738222
23060,23062,p,p,0.9784035355330044
42076,42078,e,e,0.0025682535152441
36533,36535,p,p,1.0
14229,14231,e,e,0.008346768667110357
38220,38222,p,p,0.9618146515693095
29405,29407,p,p,0.9834175958300371
54617,54619,e,e,0.0038810652004670353
27191,27193,p,p,0.9919751014045655
59979,60125,p,p,0.9968614633412075
55411,55413,e,e,0.005423043474760376
12582,12583,e,e,0.07675895490488133
48144,48146,p,p,1.0
49615,49617,e,e,0.01674479471322964
27545,27547,p,p,0.9624520770542181
9144,9144,p,p,0.9975700243775385
57392,57422,p,p,0.9846172501726632
42604,42606,e,e,0.014617666979844377
7930,7930,p,p,0.999628994403322
5844,5844,e,e,0.010293254033354644
59271,59417,p,p,0.9864092508061495
56350,56352,p,p,0.9937772813023207
246,246,p,p,0.9899028065851043
56109,56111,e,e,0.027184340077215163
53702,53704,p,p,0.9908261520680343
5813,5813,e,e,0.005913135931510837
34817,34819,p,p,0.9965709105560033
33391,33393,p,p,0.9506363911114325
52180,52182,e,e,0.0014112969286140958
59241,59387,p,p,0.9992296072507553
24144,24146,e,e,0.011335257126204906
18779,18781,e,e,0.09915900884246948
59010,59156,p,p,0.9983176054874247
13095,13097,p,p,0.9999411764705883
18107,18109,e,e,0.008916855394434105
40611,40613,p,p,0.9825051743864631
54773,54775,e,e,0.013333244871344163
52452,52454,e,e,0.006027285895854007
14480,14482,e,e,0.03822307843742495
29418,29420,p,p,0.9781700249390289
10224,10225,p,p,0.9954151574389393
143,143,p,p,0.9999882766705744
23803,23805,p,p,0.9654913878580962
30877,30879,p,p,0.9381429350427044
16718,16720,e,e,0.08463335155230686
47935,47937,p,p,1.0
28499,28501,p,p,0.9912719084712756
34445,34447,p,p,0.9911517062434037
30196,30198,p,p,0.9991797501793016
39347,39349,p,p,0.9588042698605282
57058,57088,e,e,0.006019851751536367
18416,18418,p,p,0.978447143177105
39263,39265,p,p,0.9932052950569624
34553,34555,p,p,0.982394129719564
22064,22066,e,e,0.0724800779785941
19562,19564,p,p,0.9870645992375826
20086,20088,p,p,0.9402306978225771
35468,35470,p,p,0.9805385139612329
52664,52666,e,e,0.008902930791628426
35685,35687,p,p,0.997094017094017
14531,14533,e,e,0.016004698426594244
19484,19486,p,p,0.8791504962760722
21796,21798,e,e,0.05655237238221247
59216,59362,p,p,0.9992296072507553
54854,54856,e,e,0.030211943397294005
24930,24932,e,e,0.011865265057023256
6717,6717,e,e,0.03388572039646691
44753,44755,p,p,0.9742929638882917
6237,6237,p,p,0.9654528498890652
37232,37234,p,p,0.9921335333833459
38473,38475,p,p,0.9791477098800496
30853,30855,p,p,0.9596675626350556
35998,36000,p,p,0.9842084387778055
32680,32682,p,p,0.9941819338572191
59228,59374,p,p,0.9935852866283335
43092,43094,p,p,0.9821355367831479
5543,5543,e,e,0.010251614869451737
39887,39889,p,p,0.9616604453109987
39906,39908,p,p,0.970983879813245
7797,7797,p,p,0.9954419191919192
3089,3089,e,e,0.002196005228526526
7322,7322,p,p,0.8801548051292982
52977,52979,e,e,0.0027316043341017535
28127,28129,p,p,0.971615198355949
12543,12544,e,e,0.012742133043399738
14502,14504,e,e,0.047324794256065096
22986,22988,p,p,0.974091571778604
9041,9041,p,p,0.9952516527999705
56863,56893,e,e,0.006578550905785258
16977,16979,p,p,0.9922549021143601
7315,7315,p,p,0.9506556649737701
16807,16809,e,e,0.07714250126611667
14774,14776,e,e,0.0033251393585043633
9471,9471,e,e,0.0008042463727556534
30525,30527,e,e,0.01708183663096295
3570,3570,p,p,1.0
56482,56484,p,p,1.0
45072,45074,p,p,0.988063907473101
57240,57270,p,p,0.994014922572687
59307,59453,p,p,0.9919914797066576
33090,33092,p,p,0.9922623033127864
22415,22417,e,e,0.04180695245424009
41306,41308,p,p,0.9900716126407161
43223,43225,p,p,0.989071170311413
15630,15632,p,p,0.9909056675926052
2581,2581,e,e,0.0
43560,43562,e,e,0.008884280936454849
38294,38296,p,p,0.9710723019603232
53985,53987,p,p,0.9901754267306991
13367,13369,p,p,0.9994549568078981
44600,44602,p,p,0.9323893576738063
15763,15765,p,p,1.0
40925,40927,p,p,0.9972679791040818
34632,34634,p,p,0.9927901021739314
49220,49222,e,e,0.018192910697922015
28780,28782,p,p,0.9990461831488324
25689,25691,p,p,0.9959839582448986
49405,49407,e,e,0.013617455419649037
55185,55187,e,e,0.003162703742862055
34702,34704,p,p,0.9966831253634092
23718,23720,p,p,0.9604755455169532
26993,26995,e,e,0.016858259334365504
31014,31016,p,p,0.9617331955482578
4233,4233,p,p,0.9864213415347607
38735,38737,p,p,0.9976447066101095
1530,1530,p,p,1.0
10348,10349,e,e,0.010962962962962963
59808,59954,p,p,0.9964492407574082
50636,50638,e,e,0.016117525021494834
47818,47820,p,p,0.9994795148146757
33139,33141,p,p,0.9701477473594031
48505,48507,e,e,0.012608914747398116
33328,33330,p,p,0.915659530819092
53606,53608,p,p,0.9921046439263533
51518,51520,e,e,0.020417291109026174
30294,30296,p,p,0.9964286584762447
31906,31908,p,p,0.995226294438251
47657,47659,p,p,1.0
32673,32675,p,p,0.987729139121274
39190,39192,p,p,0.9506463860675268
45761,45763,e,e,0.0036023618016302744
49453,49455,e,e,0.011945009852913604
26004,26006,p,p,0.9853634710461424
58625,58771,p,p,0.92820229786525
60234,60380,e,e,0.002944456812935303
26428,26430,e,e,0.0765232209966716
5987,5987,e,e,0.01190344041128681
20581,20583,e,e,0.13014647859163297
11299,11300,e,e,0.03129787692073089
33076,33078,p,p,0.9926259396764228
40224,40226,p,p,0.995138056522944
19368,19370,p,p,0.980859397097378
72,72,p,p,0.9819882766705744
11435,11436,e,e,0.0118931694750895
54852,54854,e,e,0.008121620033682959
52265,52267,e,e,0.014547702859580972
21642,21644,e,e,0.07693125096959641
9794,9794,p,p,0.9933819785938439
30756,30758,p,p,0.954178512274101
54914,54916,e,e,0.01630885337805743
39429,39431,p,p,0.9871769735178881
56726,56744,p,p,1.0
16823,16825,e,e,0.07444745582443303
56182,56184,p,p,0.9895295380490468
14775,14777,e,e,0.27466476871539625
868,868,p,p,0.9765671755678766
20262,20264,e,e,0.013491300238242427
60392,60538,e,e,0.021744223816697255
42116,42118,e,e,0.0016792077783799142
18302,18304,e,e,0.008873459350150105
46512,46514,e,e,0.06877620566366265
59439,59585,p,p,0.9992296072507553
13525,13527,p,p,0.992939048335689
59356,59502,p,p,0.9992296072507553
58437,58583,e,e,0.026517382808791377
51853,51855,e,e,0.0010777777777777778
9522,9522,e,e,0.024227476236211513
12840,12841,p,p,0.9881670225661301
9958,9959,p,p,0.9929533577784977
59878,60024,p,p,0.9948759560948308
27445,27447,p,p,0.9582772374603696
32561,32563,p,p,0.9995936342708438
54478,54480,e,e,0.003800904879825753
27574,27576,p,p,0.9667224362044337
21013,21015,p,p,0.9399709246216542
32846,32848,p,p,0.9925201255906337
39102,39104,p,p,0.99984375
6730,6730,e,e,0.0582603369925132
35140,35142,e,e,0.0076223113477984165
13361,13363,p,p,0.992187617260788
40987,40989,p,p,0.9838213680428445
1614,1614,p,p,1.0
60684,60830,p,p,0.9880079140238728
8379,8379,p,p,0.991941712296913
41351,41353,p,p,0.998917750419051
20620,20622,e,e,0.13688760419762308
1197,1197,e,e,0.01339180073184908
24552,24554,e,e,0.05723827059491656
1554,1554,p,p,1.0
19376,19378,p,p,0.987091909019988
6642,6642,e,e,0.01841280877861583
14233,14235,e,e,0.009553744318492157
27859,27861,p,p,0.9579166666666665
48197,48199,p,p,0.9998214285714286
56041,56043,e,e,0.025843220514863204
48097,48099,p,p,1.0
54144,54146,p,p,0.875341127255092
57274,57304,p,p,0.9938650164157211
41132,41134,p,p,0.9999503722084367
23749,23751,p,p,0.8948041785940768
40472,40474,p,p,0.9904476410533907
21425,21427,e,e,0.08063149631301642
54234,54236,p,p,0.94857349969857
28856,28858,p,p,0.9316696836025161
38211,38213,p,p,0.955935955855596
2046,2046,e,e,0.01529696890914165
28009,28011,p,p,0.9893928532511483
32576,32578,p,p,0.994571674030437
34809,34811,p,p,0.9986224679957542
48142,48144,p,p,1.0
10896,10897,p,p,0.9977013103442719
2720,2720,e,e,0.00043859649122807013
42028,42030,e,e,0.003104134479390589
13379,13381,p,p,0.9991323761627368
1926,1926,e,e,0.006125893071399149
59986,60132,p,p,0.9947221099409846
9731,9731,p,p,0.993564865116062
14387,14389,e,e,0.007791213111554802
56486,56488,p,p,0.9997142857142858
32231,32233,p,p,0.9844837144837144
44797,44799,p,p,0.9317332410756701
6375,6375,e,e,0.01279100868339003
41724,41726,p,p,0.9896614490587929
43868,43870,e,e,0.0003135313531353135
57724,57758,p,p,0.9972190784155214
51534,51536,e,e,0.018598531594565794
46214,46216,e,e,0.02219938414974808
59244,59390,p,p,0.995823414172431
10426,10427,e,e,0.02388837160816233
50312,50314,p,p,0.9337092381780415
2026,2026,e,e,0.007424290134199021
28709,28711,p,p,0.9785846435852337
23051,23053,p,p,0.8994511322680414
36309,36311,e,e,0.016673501419674833
50674,50676,e,e,0.013370976665564487
60031,60177,p,p,0.9989021626730762
23578,23580,p,p,0.952444449596264
51215,51217,e,e,0.018438091243445448
52096,52098,e,e,0.0014494509983815377
22061,22063,e,e,0.06457776803861283
54085,54087,p,p,0.9903954936759615
49714,49716,e,e,0.01237236028026403
45266,45268,e,e,0.017614761772621022
59088,59234,p,p,0.9962370166752447
49990,49992,p,p,1.0
41171,41173,p,p,0.9927286917096935
19335,19337,p,p,0.9896095952662749
6103,6103,p,p,0.9808499265589868
53527,53529,p,p,0.9968957044956298
46202,46204,e,e,0.005548798891918284
34833,34835,p,p,0.9943579394071027
19165,19167,p,p,0.9831082259178578
37519,37521,p,p,0.9998560281902844
3461,3461,e,e,0.009771637832645917
41462,41464,p,p,0.9984415599428604
23722,23724,p,p,0.9111759180265071
13490,13492,p,p,0.9989686244609887
58132,58278,e,e,0.026517382808791377
32334,32336,p,p,0.9932189807639118
3303,3303,e,e,0.022721544217819297
39504,39506,p,p,0.9122613846445857
3515,3515,e,e,0.014161762749416985
20975,20977,p,p,0.9722853410502692
46323,46325,e,e,0.09289153523948508
5438,5438,e,e,0.040183903249743906
36510,36512,p,p,1.0
41903,41905,p,p,0.9894202209886174
650,650,p,p,0.9999882766705744
32886,32888,p,p,0.9917168412435067
23571,23573,p,p,0.9648886799472699
36640,36642,p,p,0.99
55984,55986,e,e,0.050645335364364864
46217,46219,e,e,0.00977437873126553
54254,54256,p,p,0.9914531859836537
36192,36194,e,e,0.03128043086433247
13519,13521,p,p,0.9989686244609887
2890,2890,e,e,0.008340096703027173
55628,55630,e,e,0.010547268706591775
25299,25301,e,e,0.006891631196986864
172,172,p,p,0.9999882766705744
35092,35094,e,e,0.00849928456598406
51667,51669,e,e,0.0010777777777777778
59521,59667,p,p,0.9447312685167115
32655,32657,p,p,0.991573897502302
34525,34527,p,p,0.9858099430312164
60271,60417,e,e,0.02394566712635944
37326,37328,p,p,0.9933333333333333
20933,20935,p,p,0.9485490364853303
31226,31228,e,e,0.008764850200368171
35753,35755,p,p,0.9894292653916658
21174,21176,p,p,0.9665338328397195
145,145,p,p,0.996190685372983
1070,1070,e,e,0.00402394959187266
6849,6849,e,e,0.03209374984938523
5894,5894,e,e,0.01035948769059268
54560,54562,e,e,0.0038435144266033196
42331,42333,e,e,0.02494117054097885
4273,4273,e,e,0.00910609219462431
49242,49244,e,e,0.016953805727325397
9670,9670,p,p,0.9936676928795581
8006,8006,p,p,0.9833123265715246
44950,44952,p,p,0.9884898556970625
860,860,p,p,0.964278984763546
32843,32845,p,p,0.9928837619542701
9961,9962,p,p,0.999206181945908
33338,33340,p,p,0.9498503519472837
21564,21566,e,e,0.05156021478526668
52228,52230,e,e,0.0014112969286140958
38497,38499,p,p,0.9988404265133158
43673,43675,e,e,0.011977304192268803
19816,19818,p,p,0.9653789522067727
11776,11777,e,e,0.020246080261005633
10200,10201,p,p,0.9942484907722726
56359,56361,p,p,0.988516882841586
54319,54321,p,p,0.9274500635203686
39154,39156,p,p,1.0
18293,18295,e,e,0.008593551828901692
59946,60092,p,p,0.9989021626730762
8939,8939,p,p,0.9996089262041538
14439,14441,e,e,0.008346768667110357
52568,52570,e,e,0.014209104077672188
44391,44393,p,p,0.9801342281879195
26553,26555,p,p,0.9524292532554668
32864,32866,p,p,0.9930965279117169
43621,43623,e,e,0.009477304192268802
60666,60812,p,p,0.9972666929874099
57589,57620,p,p,1.0
11445,11446,e,e,0.0118931694750895
32281,32283,p,p,0.978571007316113
48838,48840,e,e,0.05349316058578649
57080,57110,e,e,0.006578550905785258
49967,49969,p,p,1.0
16584,16586,e,e,0.045437911238989576
55872,55874,e,e,0.041742886179767194
7752,7752,p,p,0.9924611478339256
4391,4391,e,e,0.0022651503349431375
43251,43253,p,p,0.9910246363078784
47024,47026,p,p,0.9996954412499107
16694,16696,e,e,0.05851045395481742
49657,49659,e,e,0.01674479471322964
40677,40679,p,p,0.9788577727150334
15836,15838,p,p,0.991046052631579
44431,44433,p,p,0.9975804776739357
33893,33895,p,p,0.9743996838264032
47775,47777,p,p,1.0
37340,37342,p,p,0.9743970868653506
3168,3168,e,e,0.0022954674765919302
36589,36591,p,p,1.0
20437,20439,e,e,0.003902401132496762
41340,41342,p,p,0.999972602739726
7565,7565,p,p,0.9662521738276431
17323,17325,e,e,0.02019017182434635
35750,35752,p,p,0.9848835510836363
132,132,p,p,0.9849882766705744
20556,20558,e,e,0.06300689827801413
55550,55552,e,e,0.021939637034059344
4083,4083,p,p,1.0
41570,41572,p,p,0.998917750419051
19598,19600,p,p,0.9808061113743152
25446,25448,p,p,0.9929472011167639
38460,38462,p,p,0.9772038197327788
24717,24719,e,e,0.013334746307482074
26035,26037,p,p,0.9867270437370721
54202,54204,p,p,0.9862752023085559
5323,5323,e,e,0.010998234018960157
26332,26334,e,e,0.0628306044680353
40480,40482,p,p,0.970677799527806
12059,12060,p,p,0.9865533109633446
27491,27493,p,p,0.9919129896033231
49492,49494,e,e,0.011268681350498144
56215,56217,p,p,0.989355126756483
22009,22011,e,e,0.07698508329393128
35077,35079,e,e,0.015980997152009083
54271,54273,p,p,0.9723760089218705
42119,42121,e,e,0.019125521496550956
28901,28903,p,p,0.9867168167136005
9989,9990,p,p,0.9798121726597476
17247,17249,p,p,0.9919510208587187
46529,46531,e,e,0.12412030428811431
50516,50518,e,e,0.015318540310909205
8110,8110,p,p,0.9894812655715036
1341,1341,e,e,0.005633170954726884
20294,20296,e,e,0.02032311718993025
40135,40137,p,p,0.9792642818291655
5001,5001,e,e,0.01294746255218137
24908,24910,e,e,0.016208758229751125
58840,58986,p,p,0.9975472127381798
60136,60282,p,p,0.9998484542331785
32494,32496,p,p,0.9895116961097973
23888,23890,p,p,0.9493737744468145
45735,45737,e,e,0.0037412506905191633
54142,54144,p,p,0.9729334461176804
19767,19769,p,p,0.954235523758461
9750,9750,p,p,0.9936676928795581
41373,41375,p,p,0.9995238095238095
33336,33338,p,p,0.9155180134041376
42919,42921,e,e,0.022665175726849007
44863,44865,p,p,0.9961264892812111
10346,10347,e,e,0.0011659946236559139
54071,54073,p,p,0.9945343329538018
43872,43874,e,e,0.003818926641772803
32442,32444,p,p,0.9822851429019201
12666,12667,e,e,0.011032481097515
48031,48033,p,p,0.9994444444444445
15386,15388,e,e,0.005040647003499527
59152,59298,p,p,0.9998175186640128
55582,55584,e,e,0.02238678577621722
8560,8560,e,e,0.10264672578298475
52280,52282,e,e,0.006443404057607751
21238,21240,e,e,0.04530673620235498
48268,48270,p,p,1.0
18119,18121,e,e,0.004806785154251907
16666,16668,e,e,0.0758487463552404
23986,23988,p,p,0.9394014212835095
9462,9462,e,e,0.0025962239554242696
20264,20266,e,e,0.014890657572614627
203,203,p,p,0.9999028065851043
10333,10334,e,e,0.0013454121264429822
1777,1777,e,e,0.006283125775801663
21139,21141,p,p,0.9776917840212491
24038,24040,e,e,0.01115216220322085
39845,39847,p,p,0.9812980470089444
6631,6631,e,e,0.028722258847584933
50935,50937,p,p,0.9911178147705325
37018,37020,p,p,0.9889127408794194
43398,43400,p,p,0.9949202590526837
30851,30853,p,p,0.9955865912123855
15003,15005,e,e,0.009147499540356683
21911,21913,e,e,0.044945058751556057
25474,25476,p,p,0.9999662731871838
42142,42144,e,e,0.018650207083304882
26404,26406,e,e,0.04092859450987327
60356,60502,e,e,0.021379836209814252
14485,14487,e,e,0.07568015877224955
43158,43160,p,p,0.9853624871377578
22347,22349,e,e,0.044802658855959986
4170,4170,p,p,0.999626764253201
57051,57081,e,e,0.014527466563292823
30682,30684,e,e,0.07465988568302345
20160,20162,e,e,0.04947587409139669
3507,3507,e,e,0.012463587531711147
3395,3395,e,e,0.019072700286471702
11432,11433,e,e,0.03162212655394848
33024,33026,p,p,0.9926259396764228
912,912,p,p,0.979149346478697
57867,57909,p,p,1.0
473,473,p,p,0.9999882766705744
8727,8727,e,e,0.007989776665295963
54076,54078,p,p,0.990751340903168
44746,44748,p,p,0.9325432038276523
7976,7976,p,p,0.9946508361423011
58808,58954,p,p,0.9994960900925843
44475,44477,p,p,0.9998461538461538
54264,54266,p,p,0.9337418958451872
41936,41938,p,p,0.9982982086406744
37973,37975,p,p,0.997894959665506
3354,3354,e,e,0.011742700794266845
7937,7937,p,p,0.9911028818942401
21714,21716,e,e,0.07569872310832629
39356,39358,p,p,0.9962201833944314
25363,25365,e,e,0.07380916278847083
48893,48895,e,e,0.019133385689042152
35573,35575,p,p,0.9621416976072745
47881,47883,p,p,0.9992835872070505
43049,43051,e,e,0.007546457631667292
40975,40977,p,p,0.9997146477234962
18202,18204,e,e,0.0040927413634735685
10704,10705,p,p,0.979719326671807
25769,25771,p,p,0.9722489105824557
52681,52683,e,e,0.008782448863917582
29085,29087,p,p,0.9521834440760375
7511,7511,p,p,0.9986398348494867
55942,55944,e,e,0.021228560613933335
54522,54524,e,e,0.022335770878214346
51406,51408,e,e,0.02955075132094119
60350,60496,e,e,0.0034707726024089873
27883,27885,p,p,0.9991666666666665
60108,60254,p,p,0.9884297999876186
53794,53796,p,p,0.990126636821364
56298,56300,p,p,0.9893805720491038
22186,22188,e,e,0.07742803575468368
50390,50392,p,p,0.9161061477100689
4749,4749,e,e,0.018342556124816164
43570,43572,e,e,0.01785802795316129
3321,3321,e,e,0.008645083217420246
58825,58971,p,p,0.9965584452466731
52342,52344,e,e,0.006238138609032301
10391,10392,e,e,0.001176470588235294
58122,58268,e,e,0.007196972184156084
38871,38873,p,p,0.9999095022624434
47660,47662,p,p,0.999802095459837
14926,14928,e,e,0.01625052984338699
7714,7714,p,p,0.9721633581013297
18488,18490,p,p,0.9513012459027794
22124,22126,e,e,0.06758058563970434
49549,49551,e,e,0.01674479471322964
18878,18880,e,e,0.008223723338304364
47381,47383,p,p,0.999802095459837
43385,43387,p,p,0.9954501889239341
49354,49356,e,e,0.016953805727325397
31089,31091,e,e,0.004786812284404023
23150,23152,p,p,0.9754868688663378
30382,30384,e,e,0.014352712707490054
6380,6380,e,e,0.013105523499840833
29515,29517,p,p,0.9750868825268458
17052,17054,p,p,0.994912671764739
20541,20543,e,e,0.11064267540576748
57405,57435,p,p,0.9957456918034562
893,893,p,p,0.979149346478697
41261,41263,p,p,0.9956224224006945
57265,57295,p,p,0.9957718698139274
44145,44147,p,p,0.9718746840206197
18513,18515,p,p,0.978447143177105
56239,56241,p,p,0.9882041014608685
29067,29069,p,p,0.9661635703366775
12609,12610,e,e,0.02205100180237284
40555,40557,p,p,0.982744141440045
7671,7671,p,p,0.9638741547063318
56286,56288,p,p,0.982520904073243
19945,19947,p,p,0.9768939207862302
23280,23282,p,p,0.9442991743305688
11881,11882,e,e,0.02454400534571893
2932,2932,e,e,0.002725059405864051
7878,7878,p,p,0.990852884811635
38431,38433,p,p,0.9791477098800496
26462,26464,e,e,0.04025729385356502
53187,53189,e,e,0.013616445542998845
57216,57246,p,p,0.9846406693764103
31123,31125,e,e,0.012866833772652459
26813,26815,p,p,0.9182335606673265
53170,53172,e,e,0.008324651276067165
18184,18186,e,e,0.004578531999616367
50320,50322,p,p,0.9391930194645579
22841,22843,p,p,0.9325872069037929
35070,35072,e,e,0.0076223113477984165
20333,20335,e,e,0.027481564585806154
28824,28826,p,p,0.9807869179033006
25798,25800,p,p,0.9892510976594682
40690,40692,p,p,0.9903402213567826
22807,22809,p,p,0.9477383943641255
33155,33157,p,p,0.9994389140271493
58315,58461,e,e,0.020831417398812887
26590,26592,p,p,0.9642665327610075
5061,5061,e,e,0.04186962419208313
8847,8847,p,p,0.9910224217276631
24007,24009,e,e,0.022305941861476396
27498,27500,p,p,0.9294899258294054
19728,19730,p,p,0.998495478424304
3597,3597,p,p,0.9889473684210526
47228,47230,p,p,0.9996954412499107
13864,13866,p,p,0.9993281653746771
31943,31945,p,p,0.999257052267735
10080,10081,p,p,0.9761052289349142
60829,60975,p,p,0.9992083375497441
16446,16448,e,e,0.04157172628482013
40779,40781,p,p,0.9825278386175706
51162,51164,p,p,0.9937950843584383
21131,21133,p,p,0.9698162090640259
37534,37536,p,p,0.9996432622328376
46579,46581,e,e,0.08382225544464966
54419,54421,e,e,0.0038435144266033196
57030,57060,e,e,0.06713371268159025
53478,53480,p,p,0.9921046439263533
17034,17036,p,p,0.9980012732554073
26917,26919,e,e,0.02603297628967884
15831,15833,p,p,0.9899632352941177
1017,1017,p,p,0.974001221876027
9130,9130,p,p,0.9968481735159817
32898,32900,p,p,0.9901509410611262
6572,6572,e,e,0.02025020460298199
26181,26183,e,e,0.012091186793497258
34903,34905,p,p,0.9983472937207342
20782,20784,e,e,0.0037339327159999947
38905,38907,p,p,1.0
15596,15598,p,p,0.9975925925925925
55937,55939,e,e,0.025965319174382846
47152,47154,p,p,0.9996954412499107
29385,29387,p,p,0.9889846784873353
9658,9658,p,p,0.9936676928795581
12143,12144,p,p,0.9941097093857725
48625,48627,e,e,0.010247455353788267
42404,42406,e,e,0.01621945262960369
9906,9907,p,p,0.9953016888854515
9931,9932,p,p,0.9869669080185153
6303,6303,p,p,0.9721151421883732
178,178,p,p,0.9949882766705744
25365,25367,e,e,0.012829894497168204
39499,39501,p,p,0.9730262313690616
31874,31876,p,p,0.9995133349508533
22205,22207,e,e,0.045589323823727206
58637,58783,p,p,0.9093649560661694
18208,18210,e,e,0.003199884220616426
39922,39924,p,p,0.9937241138692751
35919,35921,p,p,0.9614741641337387
33344,33346,p,p,0.9363361443479485
8442,8442,p,p,0.9383893443437314
16514,16516,e,e,0.05657536315549688
2428,2428,p,p,0.9989737470167064
47330,47332,p,p,0.999802095459837
2382,2382,p,p,0.9989737470167064
16646,16648,e,e,0.06860031515477322
44437,44439,p,p,1.0
14982,14984,e,e,0.00851969696969697
40858,40860,p,p,0.9968371536771758
15838,15840,p,p,0.9615239020068828
34180,34182,p,p,0.9918346468464238
36904,36906,p,p,0.9857799901375046
27403,27405,p,p,0.9998019801980198
43978,43980,e,e,0.004374482197328358
29629,29631,p,p,0.9836469776682749
22677,22679,p,p,0.966427307386485
35350,35352,p,p,0.9920645962892151
1653,1653,p,p,1.0
12615,12616,e,e,0.008289896818168042
30688,30690,e,e,0.02758419676207624
622,622,p,p,0.9999882766705744
12830,12831,p,p,0.9896269919570767
41120,41122,p,p,0.9927286917096935
41127,41129,p,p,0.9960438873535992
53062,53064,e,e,0.01803206384137189
57179,57209,p,p,0.9941853771181415
16753,16755,e,e,0.08252382512675145
24582,24584,e,e,0.07978551376148851
29075,29077,p,p,0.9602199678869239
9998,9999,p,p,0.9932080217885195
23487,23489,p,p,0.8072131643625944
38692,38694,p,p,0.9999363732767762
28737,28739,p,p,0.9723805805211397
8261,8261,p,p,0.959863504378084
27251,27253,p,p,0.9919751014045655
12469,12470,e,e,0.03958865260855496
41244,41246,p,p,0.9999632352941177
14587,14589,e,e,0.045849656549206724
21189,21191,e,e,0.0487301596257784
11850,11851,e,e,0.03856890012753792
8701,8701,e,e,0.0015653823461648025
19742,19744,p,p,0.9992502755178417
40116,40118,p,p,0.9737947762945319
27908,27910,p,p,0.9843372053754379
51644,51646,e,e,0.0014226053639846742
50978,50980,p,p,0.9828220121430161
15695,15697,p,p,1.0
45913,45915,e,e,0.00910447977915929
54414,54416,e,e,0.0037037712093597147
32421,32423,p,p,0.9935043330404154
38265,38267,p,p,0.9944388388278327
6565,6565,e,e,0.021173973237406437
35398,35400,p,p,0.991239884938188
15456,15458,e,e,0.0019444444444444444
41707,41709,p,p,0.998056980570499
56145,56147,p,p,0.9765037511826794
5385,5385,e,e,0.02772037706559345
31972,31974,p,p,0.9935133349508533
14994,14996,e,e,0.007696053558844257
36448,36450,p,p,1.0
35357,35359,p,p,0.968483510675959
50852,50854,p,p,0.9739465995099534
6346,6346,p,p,0.9385549213153211
10103,10104,p,p,0.9961589247090329
50593,50595,e,e,0.01830174349748711
48063,48065,p,p,1.0
7699,7699,p,p,0.9869092230215937
59414,59560,p,p,0.9969914797066576
14220,14222,e,e,0.03872982580274782
54496,54498,e,e,0.0038810652004670353
4464,4464,e,e,0.011538417170024528
49817,49819,p,p,0.9999636363636364
14848,14850,e,e,0.01625052984338699
27079,27081,e,e,0.03112858884641341
25322,25324,e,e,0.0343715807855721
2321,2321,p,p,0.9989737470167064
59064,59210,p,p,0.9998175186640128
38683,38685,p,p,0.9999363732767762
18663,18665,p,p,0.974321134104517
40386,40388,p,p,0.9767893787950653
33521,33523,p,p,0.9464830626849193
60141,60287,p,p,0.9882475520508849
49073,49075,e,e,0.006382314464571413
20698,20700,e,e,0.05522355166277998
50437,50439,p,p,0.9337092381780415
15121,15123,e,e,0.00726969696969697
45183,45185,e,e,0.038646445380895164
4407,4407,e,e,0.23160467599017828
42401,42403,e,e,0.01933593241108522
40789,40791,p,p,0.9972510229419644
21949,21951,e,e,0.07992993434726589
46797,46799,e,e,0.00035346097201767305
55922,55924,e,e,0.03715192441134806
18594,18596,p,p,0.9703185470066251
16429,16431,e,e,0.04093890370116611
58940,59086,p,p,0.997920611447518
52321,52323,e,e,0.006443404057607751
53927,53929,p,p,0.9989281929656354
9704,9704,p,p,0.99092890872793
5911,5911,e,e,0.004837621882719849
27103,27105,e,e,0.024751777252210512
32474,32476,p,p,0.9962603009375105
50447,50449,p,p,0.9682574702214254
37401,37403,p,p,0.9921335333833459
43863,43865,e,e,0.007953931089965019
34405,34407,p,p,0.9972204426114282
49949,49951,p,p,1.0
48652,48654,e,e,0.012224288829235968
54601,54603,e,e,0.005391432286940196
8084,8084,p,p,0.983768976236126
7198,7198,p,p,0.9627983413014579
12572,12573,e,e,0.05871721132116553
18371,18373,p,p,0.989184564746978
4152,4152,p,p,0.999218844525106
42358,42360,e,e,0.015615648696093947
7370,7370,p,p,0.9842536636696679
44254,44256,p,p,0.9663345073970604
30379,30381,e,e,0.024581660678821934
45529,45531,e,e,0.022614761772621027
41944,41946,p,p,0.9979060517779295
20483,20485,e,e,0.01870279387306559
1938,1938,e,e,0.013366388736088303
24450,24452,e,e,0.018779085758418787
51894,51896,e,e,0.0014494509983815377
53377,53379,p,p,0.9972799039667768
36671,36673,p,p,1.0
34489,34491,p,p,0.9898183729100702
51096,51098,p,p,0.9911178147705325
34482,34484,p,p,0.9883836530898712
53413,53415,p,p,0.9921046439263533
48274,48276,p,p,1.0
15059,15061,e,e,0.016076777319736748
34648,34650,p,p,0.9950250437511314
30221,30223,p,p,0.9993962003957517
6249,6249,p,p,0.9677394479254068
38847,38849,p,p,1.0
13572,13574,p,p,0.9990498427000332
48327,48329,p,p,0.9956436487638534
56655,56664,p,p,1.0
56854,56884,e,e,0.006578550905785258
33454,33456,p,p,0.9161697114087732
29082,29084,p,p,0.9451616863944371
35292,35294,e,e,0.023181842861372513
104,104,p,p,0.9999882766705744
11509,11510,e,e,0.011773647562738902
56990,57020,e,e,0.009464626855152349
40589,40591,p,p,0.978180101127829
9216,9216,e,e,0.004092556530419176
9736,9736,p,p,0.9936676928795581
14922,14924,e,e,0.007696053558844257
11001,11002,p,p,0.9361173528411301
37078,37080,p,p,0.9839264986300565
51655,51657,e,e,0.007544227994227995
52800,52802,e,e,0.009582666462176797
1328,1328,e,e,0.0016470752504174119
16250,16252,e,e,0.053902335167330125
7926,7926,p,p,0.997392016078603
17638,17640,e,e,0.004942833339947286
54803,54805,e,e,0.01785206325460064
50024,50026,p,p,0.9999636363636364
20911,20913,p,p,0.9551202763742798
7747,7747,p,p,0.9795640567280786
52545,52547,e,e,0.014209104077672188
5391,5391,e,e,0.01041734698288813
20667,20669,e,e,0.14333219557941382
30854,30856,p,p,0.9291579646383293
48704,48706,e,e,0.03737592204545571
60921,61067,p,p,0.9992083375497441
52828,52830,e,e,0.006869412575813933
54537,54539,e,e,0.0038810652004670353
40838,40840,p,p,0.9972510229419644
42080,42082,e,e,0.018321821693623074
46865,46867,e,e,0.00035346097201767305
5271,5271,e,e,0.010306216509926849
37760,37762,p,p,0.9999655172413793
11476,11477,e,e,0.0118931694750895
22571,22573,e,e,0.049301419626126615
42966,42968,e,e,0.0007012514893514426
58133,58279,e,e,0.020831417398812887
7219,7219,p,p,0.967237195790622
57739,57776,p,p,0.9955294117647058
29708,29710,e,e,0.09392818130758322
43946,43948,e,e,0.008280069534091614
34992,34994,e,e,0.0034992845659840587
26270,26272,e,e,0.0310798249344347
4574,4574,e,e,0.006710003109828835
47938,47940,p,p,0.9996774193548387
3905,3905,p,p,0.9786897113460465
53332,53334,p,p,0.9863891274276888
55230,55232,e,e,0.0047131669315504995
49021,49023,e,e,0.02052148805255836
5480,5480,e,e,0.015819915838203375
47941,47943,p,p,1.0
42374,42376,e,e,0.01697708811005762
46984,46986,p,p,0.9996954412499107
51545,51547,e,e,0.0010777777777777778
26156,26158,e,e,0.03182373278495576
29742,29744,e,e,0.03916339379356185
53197,53199,e,e,0.0012216209730368617
39780,39782,p,p,0.9812980470089444
30429,30431,e,e,0.023480094216119646
6454,6454,e,e,0.021760953373249802
4630,4630,e,e,0.028478817410844553
1360,1360,e,e,0.0029493365061865535
3212,3212,e,e,0.011742700794266845
33540,33542,e,e,0.04379345035342275
7795,7795,p,p,0.9982050816696915
26500,26502,p,p,0.8007853453339568
8952,8952,p,p,0.9965255928708204
7194,7194,p,p,0.9646591242949214
46490,46492,e,e,0.09685612168116908
2111,2111,e,e,0.006125893071399149
4904,4904,e,e,0.025129529828298178
37139,37141,p,p,0.923435946840244
28278,28280,p,p,0.9917158328447658
4629,4629,e,e,0.051666103410725264
1586,1586,p,p,0.9672178208137714
9520,9520,e,e,0.007286264868526268
6525,6525,e,e,0.018994204127453042
55192,55194,e,e,0.0038413574161087743
40305,40307,p,p,0.9820933211039818
17241,17243,p,p,0.9890540511617489
22872,22874,p,p,0.9814448449776968
16833,16835,e,e,0.08163469915800407
50286,50288,p,p,0.9617485134804472
610,610,p,p,0.9989620236872808
48447,48449,e,e,0.022658099565429846
51962,51964,e,e,0.0014112969286140958
31243,31245,e,e,0.012866833772652459
56181,56183,p,p,0.9650761968488052
44867,44869,p,p,0.9881741150996316
21027,21029,p,p,0.9827489555455289
13700,13702,p,p,0.9996556586774347
8263,8263,p,p,0.9632724357524316
17128,17130,p,p,0.9922549021143601
41984,41986,p,p,0.9955569805704989
3885,3885,p,p,1.0
7358,7358,p,p,0.978720710137828
43928,43930,e,e,0.0005555555555555556
52197,52199,e,e,0.0014112969286140958
8386,8386,p,p,0.9527370002622664
48156,48158,p,p,1.0
22256,22258,e,e,0.056789387599030745
58491,58637,p,p,0.9615611573624014
6342,6342,p,p,0.9347412744256723
60413,60559,e,e,0.0044045016224946755
56680,56691,p,p,1.0
28019,28021,p,p,0.9947089211987954
52747,52749,e,e,0.0073524676029399815
38124,38126,p,p,0.9772038197327788
60320,60466,e,e,0.0032072869468842925
34745,34747,p,p,0.9950250437511314
46601,46603,e,e,0.011920441688268908
43107,43109,p,p,0.9957378369780797
2549,2549,e,e,0.004699074074074074
22427,22429,e,e,0.042554427201714845
32752,32754,p,p,0.9929599524187154
60155,60301,p,p,0.9968614633412075
11845,11846,e,e,0.019497494851092992
38525,38527,p,p,0.9965301801984521
8987,8987,p,p,0.9964721169349916
51207,51209,e,e,0.02298054712956633
56954,56984,e,e,0.006019851751536367
54025,54027,p,p,0.8870841521572409
2335,2335,p,p,0.9923070803500397
4568,4568,e,e,0.00960609219462431
42575,42577,e,e,0.013609464434408351
47569,47571,p,p,1.0
20795,20797,e,e,0.06625599152759162
56471,56473,p,p,0.9747641248219526
31792,31794,p,p,0.9993461108705857
46968,46970,p,p,0.9996954412499107
15285,15287,e,e,0.004297944595379358
17284,17286,p,p,0.9981383972599912
12399,12400,e,e,0.032849984440964146
14175,14177,e,e,0.007280779796557191
5456,5456,e,e,0.029846990914761607
45075,45077,p,p,0.9967858299405516
36997,36999,p,p,0.9812350961381349
24518,24520,e,e,0.021832106701118938
40428,40430,p,p,0.9784207612054946
3841,3841,p,p,0.9982272727272727
22689,22691,p,p,0.9652437114094269
47257,47259,p,p,0.9996954412499107
25993,25995,p,p,0.9382329823078216
15534,15536,p,p,1.0
46461,46463,e,e,0.09017535821420872
23618,23620,p,p,0.9581720858950327
50968,50970,p,p,0.9909178147705324
32422,32424,p,p,0.983174662960558
6933,6933,e,e,0.09736379135159429
57450,57480,p,p,0.9938127478080401
41338,41340,p,p,0.9999089760165023
47635,47637,p,p,0.999802095459837
52427,52429,e,e,0.006443404057607751
57812,57852,p,p,0.9972190784155214
49621,49623,e,e,0.01674479471322964
22725,22727,p,p,0.9790041473383105
17580,17582,e,e,0.020600428234602765
5491,5491,e,e,0.022042310621737126
24466,24468,e,e,0.03353223187584661
52256,52258,e,e,0.00636588467776279
36463,36465,p,p,1.0
35677,35679,p,p,0.9952224625102759
52799,52801,e,e,0.0073524676029399815
56184,56186,p,p,0.9834050223486769
7811,7811,p,p,0.993063571346038
60503,60649,e,e,0.029619242255893116
52560,52562,e,e,0.006238138609032301
39456,39458,p,p,0.930061550066455
9595,9595,p,p,0.9941781126923036
7942,7942,p,p,0.9960849331006397
32475,32477,p,p,0.9843926484907497
21729,21731,e,e,0.031451490821587436
13177,13179,p,p,0.9999411764705883
40123,40125,p,p,0.9944093360296598
38941,38943,p,p,1.0
6970,6970,e,e,0.05275141415966557
19896,19898,p,p,0.9951868092165997
40200,40202,p,p,0.9789250562838332
25061,25063,e,e,0.06967992162183129
34687,34689,p,p,0.9943579394071027
55681,55683,e,e,0.019930243962900017
533,533,p,p,0.9999028065851043
36946,36948,p,p,0.9900049374079761
2916,2916,e,e,0.00218214244545868
46211,46213,e,e,0.010228915942929538
16829,16831,e,e,0.04077897757041384
12447,12448,e,e,0.009912414868929305
32125,32127,p,p,0.9919837144837145
32796,32798,p,p,0.9948955715327389
54154,54156,p,p,0.9930692348725411
54939,54941,e,e,0.009720406599292488
48419,48421,e,e,0.05774846220034485
26845,26847,e,e,0.01940350398253986
58913,59059,p,p,0.9998175186640128
42508,42510,e,e,0.023903381265558656
49812,49814,p,p,0.9915140995523248
41871,41873,p,p,0.9982324191669902
4176,4176,p,p,0.999626764253201
28351,28353,p,p,0.9836898590606884
34572,34574,p,p,0.9970667737677862
7770,7770,p,p,0.9948736382520208
23298,23300,p,p,0.9539581308223556
23976,23978,p,p,0.9159981667879875
32719,32721,p,p,0.9877143225211867
49057,49059,e,e,0.05349316058578649
47672,47674,p,p,0.9997619047619049
27894,27896,p,p,0.9740812467356378
49887,49889,p,p,0.9999636363636364
12865,12866,p,p,0.988480296286817
1588,1588,p,p,1.0
40722,40724,p,p,0.981289248664377
50740,50742,e,e,0.07011213847950151
21218,21220,e,e,0.008580001563214604
29158,29160,p,p,0.9778891268121864
23840,23842,p,p,0.8909349127992954
9676,9676,p,p,0.9848058183200092
2965,2965,e,e,0.0038513803394999214
35087,35089,e,e,0.01243468045909194
55618,55620,e,e,0.015052376689873012
59225,59371,p,p,0.9992296072507553
28622,28624,p,p,1.0
56723,56740,p,p,1.0
4867,4867,e,e,0.014917192241762904
10627,10628,p,p,0.9956420094612614
10252,10253,e,e,0.03108646871308948
32006,32008,p,p,0.9990587894963078
50666,50668,e,e,0.00948027891706756
57566,57597,p,p,0.9955294117647058
47620,47622,p,p,0.999802095459837
25099,25101,e,e,0.09595422709518285
35018,35020,e,e,0.009306046287557452
5166,5166,e,e,0.046228956944157316
32705,32707,p,p,0.9959793074458296
15600,15602,p,p,0.998276436255436
51972,51974,e,e,0.0034007394961816633
20606,20608,e,e,0.0953617209915859
59870,60016,p,p,0.9882475520508849
46083,46085,e,e,0.0036809252135270192
19623,19625,p,p,0.998884996774629
26451,26453,e,e,0.026846746993137716
51631,51633,e,e,0.0032501915708812263
23532,23534,p,p,0.9606400454640969
29120,29122,p,p,0.9775599639442811
12118,12119,p,p,0.9795416607772712
8594,8594,e,e,0.0013231099986292971
37331,37333,p,p,1.0
52543,52545,e,e,0.005286857322139689
1015,1015,p,p,0.965713365689495
5340,5340,e,e,0.014789175831035674
43830,43832,e,e,0.003714670370283967
22874,22876,p,p,0.9814448449776968
10368,10369,e,e,0.016767380465750034
6589,6589,e,e,0.018841815612394005
52732,52734,e,e,0.007231985675229138
20985,20987,p,p,0.97818796253469
55014,55016,e,e,0.008143105152564976
56053,56055,e,e,0.025219652090407933
39076,39078,p,p,0.9999095022624434
20408,20410,e,e,0.026978587845852307
25128,25130,e,e,0.01777824836736905
16722,16724,e,e,0.05475274991690608
4882,4882,e,e,0.017579211272603982
4576,4576,e,e,0.03225278421145391
56111,56113,e,e,0.033809347248399964
39562,39564,p,p,0.9887784623410638
32942,32944,p,p,0.9898251667142418
18475,18477,p,p,0.9660252206467383
28693,28695,p,p,0.9676152948688288
40018,40020,p,p,0.9413811281774859
17205,17207,p,p,0.9972344780630159
43350,43352,p,p,0.9957378369780797
40849,40851,p,p,0.9903402213567826
33084,33086,p,p,0.9917979998846556
49684,49686,e,e,0.011268681350498144
12188,12189,p,p,0.9950890908290715
25048,25050,e,e,0.013688767096942151
26868,26870,e,e,0.010645501995959648
60429,60575,e,e,0.0022865620760931984
16887,16889,e,e,0.06741371382410848
30115,30117,p,p,0.9991797501793016
49829,49831,p,p,1.0
44593,44595,p,p,0.9318535486552386
6451,6451,e,e,0.014901457806500935
7139,7139,p,p,0.9754287521513844
56957,56987,e,e,0.009580011470536965
48682,48684,e,e,0.010100488344435762
56354,56356,p,p,0.9877987688182778
40601,40603,p,p,0.9848062832318317
58773,58919,p,p,0.9089728236471085
9598,9598,p,p,0.9933819785938439
22628,22630,p,p,0.9814448449776968
30719,30721,p,p,0.9542329400816283
5860,5860,e,e,0.023253886967921203
55593,55595,e,e,0.01465281229534389
51290,51292,e,e,0.07483298946762011
17329,17331,e,e,0.004942833339947286
33500,33502,p,p,0.9560708897124042
30279,30281,p,p,0.9991797501793016
13595,13597,p,p,0.9996556586774347
34081,34083,p,p,0.9918346468464238
56389,56391,p,p,0.9742021236357813
21408,21410,e,e,0.007543452794931725
23406,23408,p,p,0.9087324474183055
40526,40528,p,p,0.9861715607948837
3744,3744,p,p,0.9934511533242876
678,678,p,p,0.9989620236872808
56568,56572,p,p,1.0
34988,34990,e,e,0.00860567596012112
59083,59229,p,p,0.9998175186640128
43117,43119,p,p,0.990880191863434
50259,50261,p,p,0.9301684392551718
59450,59596,p,p,0.9864092508061495
31085,31087,e,e,0.022029908077814114
7842,7842,p,p,0.9944019831570866
54183,54185,p,p,0.9982617079889807
31815,31817,p,p,0.995226294438251
42143,42145,e,e,0.00812662066540676
8779,8779,e,e,0.0013231099986292971
11410,11411,e,e,0.0118931694750895
13099,13101,p,p,0.9939706611239767
44002,44004,e,e,0.0009629206888517269
46055,46057,e,e,0.00910447977915929
48677,48679,e,e,0.013286403417253734
22105,22107,e,e,0.05637224896065
56096,56098,e,e,0.023445853823599216
42134,42136,e,e,0.04043046495004022
29744,29746,e,e,0.04141808881100682
6227,6227,p,p,0.9200820009056756
36393,36395,p,p,1.0
50567,50569,e,e,0.03487184521110914
53186,53188,e,e,0.01067386886005057
12991,12993,p,p,0.9885423901495932
48469,48471,e,e,0.03455275111769674
32275,32277,p,p,0.9905934981384291
53188,53190,e,e,0.003295487274858356
1683,1683,p,p,1.0
14847,14849,e,e,0.00016666666666666666
3443,3443,e,e,0.008081429184378458
26048,26050,p,p,0.9963182100220203
34726,34728,p,p,0.9942675064866917
36261,36263,e,e,0.022782656349252296
37837,37839,p,p,0.997894959665506
17548,17550,e,e,0.020907923716250606
54769,54771,e,e,0.015013997171344318
31407,31409,e,e,0.003338696299711648
18508,18510,p,p,0.9939584958426784
12045,12046,p,p,0.9507779077301954
14044,14046,p,p,1.0
58720,58866,p,p,0.9131961247965728
48446,48448,e,e,0.036701838275822206
60582,60728,p,p,0.9989167800796411
35501,35503,p,p,0.9692975809258734
6349,6349,p,p,0.9916888824643912
26318,26320,e,e,0.05180454387299708
25940,25942,p,p,0.9918348127092144
18234,18236,e,e,0.00547138914247351
10472,10473,e,e,0.002414884954310083
41726,41728,p,p,0.9982982086406744
7948,7948,p,p,0.9900421253218942
18996,18998,e,e,0.017209807990807482
12823,12824,p,p,0.9768708206728711
27714,27716,p,p,0.9699936216739081
32491,32493,p,p,0.9837974103955116
39995,39997,p,p,0.9722644989228182
38960,38962,p,p,1.0
47520,47522,p,p,0.999802095459837
42679,42681,e,e,0.018373079793951835
44553,44555,p,p,0.9406345679635497
57382,57412,p,p,0.9957718698139274
3662,3662,p,p,0.9934511533242876
9662,9662,p,p,0.9928334777704412
14786,14788,e,e,0.016662657710381345
24419,24421,e,e,0.018368829348162374
47646,47648,p,p,1.0
55968,55970,e,e,0.03800659560718057
21343,21345,e,e,0.025863718800352643
58344,58490,e,e,0.020959622527018013
5070,5070,e,e,0.02065553077445002
57618,57649,p,p,0.9969333641298072
43437,43439,e,e,0.0005930232558139535
27817,27819,p,p,0.993916520325596
30314,30316,p,p,0.9991797501793016
43254,43256,p,p,0.9959778369780797
59129,59275,p,p,0.9998175186640128
12292,12293,p,p,0.9990086363008914
37689,37691,p,p,0.9999655172413793
60783,60929,p,p,0.9992083375497441
28141,28143,p,p,0.9903993086055124
40088,40090,p,p,0.9809784833274307
2846,2846,e,e,0.002756763967026783
48845,48847,e,e,0.021045846952659347
7577,7577,p,p,0.9760917892982248
48492,48494,e,e,0.012798533861312324
35058,35060,e,e,0.020239388696693287
43268,43270,p,p,0.9895773938723491
44977,44979,p,p,0.9883938953194119
23899,23901,p,p,0.9242304520616769
9286,9286,e,e,0.0025962239554242696
21072,21074,p,p,0.9985137730270176
11342,11343,e,e,0.01787278877047408
58260,58406,e,e,0.007196972184156084
58689,58835,p,p,0.8737560484621926
26789,26791,p,p,0.7986499481195508
46643,46645,e,e,0.01041488998806072
41249,41251,p,p,0.9957585350770954
7443,7443,p,p,0.9987409764985355
3726,3726,p,p,0.9975862733757471
32437,32439,p,p,0.9829467099220031
4476,4476,e,e,0.006626517641839735
59115,59261,p,p,0.999588454624604
25968,25970,p,p,0.9903182100220203
24467,24469,e,e,0.0246976639589112
48094,48096,p,p,0.9998214285714286
30145,30147,p,p,0.9964286584762447
20798,20800,e,e,0.023958491378028718
54734,54736,e,e,0.04490890710940731
60816,60962,p,p,0.9985319510634376
59364,59510,p,p,0.995823414172431
52696,52698,e,e,0.007231985675229138
3289,3289,e,e,0.011415467582069185
39191,39193,p,p,0.9878892271093156
21670,21672,e,e,0.052448952568175194
22956,22958,p,p,0.9790979799774489
11791,11792,e,e,0.027320627668456377
2620,2620,e,e,0.0015302720108870014
27847,27849,p,p,0.9833174439252188
4334,4334,e,e,0.003005883262633743
34753,34755,p,p,0.9950250437511314
44784,44786,p,p,0.9741391177344457
49395,49397,e,e,0.013602749537296096
50245,50247,p,p,0.943046838023836
26905,26907,e,e,0.010645501995959648
32800,32802,p,p,0.9959793074458296
31196,31198,e,e,0.008764850200368171
41755,41757,p,p,0.9895956595851086
33066,33068,p,p,0.9992410094869864
9173,9173,p,p,0.9965255928708204
46732,46734,e,e,0.012548423371406556
26550,26552,p,p,0.9341824288090499
50215,50217,p,p,0.9382328896864331
2452,2452,p,p,0.9989737470167064
10685,10686,p,p,0.9869260203221226
31395,31397,e,e,0.00524317442524932
42398,42400,e,e,0.015256440023788106
32004,32006,p,p,0.9996835221883892
29205,29207,p,p,0.9702176982407579
13949,13951,p,p,0.9997619047619049
37392,37394,p,p,0.9848118017215672
38695,38697,p,p,0.9994030399434429
37927,37929,p,p,0.997894959665506
15290,15292,e,e,0.008918499125702008
28536,28538,p,p,0.9734858849123258
15461,15463,e,e,0.0009417782885747814
9387,9387,e,e,0.0008042463727556534
34207,34209,p,p,0.9915846468464237
783,783,p,p,0.9601659088630423
56361,56363,p,p,0.9883049744027735
7371,7371,p,p,0.9684094735147304
15307,15309,e,e,0.010616971190154176
57793,57831,p,p,0.999655172413793
18618,18620,p,p,0.9911143374679762
26379,26381,e,e,0.033868110740021155
48305,48307,p,p,1.0
2040,2040,e,e,0.006125893071399149
1900,1900,e,e,0.06123381394372283
43655,43657,e,e,0.00891025641025641
44152,44154,p,p,0.9998461538461538
8048,8048,p,p,0.995318715682552
28112,28114,p,p,0.9853385211006604
40985,40987,p,p,0.9973333333333333
54786,54788,e,e,0.06089704607183913
38810,38812,p,p,0.9991001056711424
53932,53934,p,p,0.9975716053748233
4097,4097,p,p,0.9998765432098764
46130,46132,e,e,0.004021937798392063
35249,35251,e,e,0.02107015780278799
37135,37137,p,p,0.9905405405405405
48166,48168,p,p,0.9998214285714286
11102,11103,p,p,0.9425670387777733
53007,53009,e,e,0.0017855039137934642
8731,8731,e,e,0.0009992270578726948
46495,46497,e,e,0.1500985629785908
59394,59540,p,p,0.9928028832154295
1774,1774,e,e,0.006283125775801663
17991,17993,e,e,0.04592028586902276
22059,22061,e,e,0.07265916028349435
4457,4457,e,e,0.0033363917372100137
27305,27307,p,p,0.9888673043241353
51364,51366,e,e,0.029973303757802924
37517,37519,p,p,0.9998560281902844
55296,55298,e,e,0.004135947890019246
48496,48498,e,e,0.023606732298267215
13365,13367,p,p,0.9942478614011769
18439,18441,p,p,0.9668808355653904
29103,29105,p,p,0.9765156460704959
14646,14648,e,e,0.02936542873175529
47930,47932,p,p,0.9994822627037392
31553,31555,e,e,0.022180975520619553
39028,39030,p,p,0.99984375
22231,22233,e,e,0.037404687282021815
38727,38729,p,p,0.9937486186371569
46077,46079,e,e,0.008297403183158237
51796,51798,e,e,0.0010777777777777778
42832,42834,e,e,0.008139480887481246
53449,53451,p,p,0.9821202042962637
11238,11239,p,p,0.9384175075585693
9316,9316,e,e,0.010740237382448767
31129,31131,e,e,0.013582598738736039
4798,4798,e,e,0.01901095474098419
48412,48414,e,e,0.01157872213675799
3225,3225,e,e,0.014080600739207425
41079,41081,p,p,0.9955856576948122
11774,11775,e,e,0.025188547293331455
49755,49757,e,e,0.013945009852913604
12142,12143,p,p,0.9561048953833061
9529,9529,e,e,0.004588898835457133
28924,28926,p,p,0.9843417550794118
49004,49006,e,e,0.03052148805255836
12841,12842,p,p,0.9885423901495932
57014,57044,e,e,0.015619331945705455
52445,52447,e,e,0.00636588467776279
49813,49815,p,p,0.9966666666666666
16392,16394,e,e,0.042677781234044636
45423,45425,e,e,0.017614761772621022
56307,56309,p,p,0.9775105213067551
25542,25544,p,p,0.9988008596533493
12933,12934,p,p,0.9827218887760517
20719,20721,e,e,0.046881672295217475
54600,54602,e,e,0.016740147432920852
23629,23631,p,p,0.9165849713836443
11755,11756,e,e,0.022278690311647534
7623,7623,p,p,0.9613089037362741
22580,22582,e,e,0.09292758842708311
8068,8068,p,p,0.9945153580396854
13400,13402,p,p,0.9967074053650383
7981,7981,p,p,0.9963443010964359
16904,16906,e,e,0.06318155161830936
23415,23417,p,p,0.9753624335117513
57383,57413,p,p,0.9862582924922262
8980,8980,p,p,0.9979176179604262
9878,9879,p,p,0.9944144891036281
9430,9430,e,e,0.0008042463727556534
5114,5114,e,e,0.034819368547122115
9570,9570,p,p,0.9944144891036281
14713,14715,e,e,0.023190013019025468
28860,28862,p,p,0.9690042930356603
23530,23532,p,p,0.9039552205017203
32337,32339,p,p,0.9944837144837144
31852,31854,p,p,0.9990587894963078
39112,39114,p,p,1.0
53236,53238,e,e,0.005266344583033818
30153,30155,p,p,0.9893209159268908
60491,60637,e,e,0.021225525124085518
58670,58816,p,p,0.9816234253944677
8123,8123,p,p,0.9226885776890067
21710,21712,e,e,0.05108313439644348
31317,31319,e,e,0.0035825987387360374
37957,37959,p,p,0.9977885766867826
6075,6075,p,p,0.9116556087267607
7452,7452,p,p,0.9942506731676752
1260,1260,e,e,0.009481182296275177
52623,52625,e,e,0.007231985675229138
50521,50523,e,e,0.028835913657197964
5206,5206,e,e,0.03189009821143265
25479,25481,p,p,0.9929472011167639
2634,2634,e,e,0.00043859649122807013
11694,11695,e,e,0.01389692965521352
50970,50972,p,p,0.9811178147705326
23684,23686,p,p,0.8658345610812727
52060,52062,e,e,0.0014494509983815377
22563,22565,e,e,0.050543760951534934
45570,45572,e,e,0.014959686551880744
46054,46056,e,e,0.007947483566299138
45938,45940,e,e,0.010676338057563716
21406,21408,e,e,0.02756733220826203
49237,49239,e,e,0.02132725719185527
44802,44804,p,p,0.9725920234180228
51613,51615,e,e,0.00518034188034188
32943,32945,p,p,0.9830965279117169
26297,26299,e,e,0.0711478250671484
16381,16383,e,e,0.04992362552470387
53165,53167,e,e,0.004831561974338167
872,872,p,p,0.9845611423853728
38751,38753,p,p,0.9887208055112084
25925,25927,p,p,0.9821210428354086
54051,54053,p,p,0.9953782971077291
45695,45697,e,e,0.008654630321764426
28964,28966,p,p,0.9429933278361089
33943,33945,p,p,0.9755531576957358
33113,33115,p,p,0.9994988317648337
40488,40490,p,p,0.9784207612054946
4713,4713,e,e,0.025129529828298178
48222,48224,p,p,0.9998214285714286
49080,49082,e,e,0.011140776227618089
50709,50711,e,e,0.017332337535532264
49617,49619,e,e,0.01674479471322964
27775,27777,p,p,0.9773655419914619
40263,40265,p,p,0.9047003154735601
2592,2592,e,e,0.00043859649122807013
60431,60577,e,e,0.0037259856394960284
13702,13704,p,p,0.9989336904568594
58849,58995,p,p,0.9994098831960326
42369,42371,e,e,0.025540052306079888
25631,25633,p,p,0.9988008596533493
35093,35095,e,e,0.017141038388932158
26090,26092,p,p,0.9853634710461424
2899,2899,e,e,0.001982482485545611
10387,10388,e,e,0.028917894781067863
25126,25128,e,e,0.010414632828225173
10767,10768,p,p,0.9956420094612614
3154,3154,e,e,0.006052595822823089
46635,46637,e,e,0.012548423371406556
58117,58263,e,e,0.01934134698660752
58049,58148,p,p,1.0
3069,3069,e,e,0.0022954674765919302
10946,10947,p,p,0.9711916776863019
41568,41570,p,p,0.996999629766753
46527,46529,e,e,0.18353178134634254
9435,9435,e,e,0.01008770874565945
25724,25726,p,p,0.9959839582448986
51488,51490,e,e,0.020928332280358963
16592,16594,e,e,0.05299647747712985
48157,48159,p,p,1.0
26351,26353,e,e,0.0345296206747166
39275,39277,p,p,0.9928930155933068
43133,43135,p,p,0.9761735677856442
10629,10630,p,p,0.9950144928076199
25429,25431,p,p,0.9999662731871838
39322,39324,p,p,0.9158587278973448
21584,21586,e,e,0.04659120006152285
7032,7032,e,e,0.04420922086546355
2687,2687,e,e,0.00043859649122807013
137,137,p,p,0.9999882766705744
15158,15160,e,e,0.008353030303030303
26479,26481,p,p,0.810419228321216
57021,57051,e,e,0.006578550905785258
19570,19572,p,p,0.9859513025618653
30713,30715,p,p,0.9369755072274226
35761,35763,p,p,0.9700100823537846
28381,28383,p,p,0.9892655615970262
28086,28088,p,p,0.9892173358163967
10378,10379,e,e,0.022385603933215266
43163,43165,p,p,0.9957378369780797
44149,44151,p,p,0.9802670283303193
59458,59604,p,p,0.9969914797066576
20024,20026,p,p,0.9985121137720405
43129,43131,p,p,0.9895773938723491
15533,15535,p,p,1.0
37238,37240,p,p,0.999375
348,348,p,p,0.9999882766705744
15190,15192,e,e,0.005040647003499527
41017,41019,p,p,0.9992592592592593
36710,36712,p,p,0.9998867454852128
40408,40410,p,p,0.981630348155696
38764,38766,p,p,0.9993737598466492
22627,22629,p,p,0.9344053887219747
51425,51427,e,e,0.02841109940650069
33005,33007,p,p,0.9978956133735545
20671,20673,e,e,0.007419195377706424
59085,59231,p,p,0.9946446521432251
54856,54858,e,e,0.025446322380382056
31446,31448,e,e,0.016484245950981764
11258,11259,p,p,0.980123141774016
34559,34561,p,p,0.9929884936402903
46522,46524,e,e,0.1500139878201321
2902,2902,e,e,0.01311806473840087
31315,31317,e,e,0.0050053629663783135
5915,5915,e,e,0.00817657170869009
59028,59174,p,p,0.9994098831960326
10122,10123,p,p,0.9670134558479926
36067,36069,e,e,0.0825899667503332
16797,16799,e,e,0.06489512050457207
55141,55143,e,e,0.00158915279078003
58902,59048,p,p,0.999920611447518
2700,2700,e,e,0.0015302720108870014
35424,35426,p,p,0.9718694377216229
39628,39630,p,p,0.9887784623410638
28413,28415,p,p,0.9794827989855734
47271,47273,p,p,0.9996954412499107
40834,40836,p,p,0.9653801577552861
34708,34710,p,p,0.9986377118981932
55748,55750,e,e,0.023263955865070397
41247,41249,p,p,0.9880337055417701
41232,41234,p,p,0.9914981635237828
36644,36646,p,p,1.0
55540,55542,e,e,0.023779454461248135
53014,53016,e,e,0.002757695672516673
33117,33119,p,p,0.9978956133735545
17816,17818,e,e,0.0462717194279574
4441,4441,e,e,0.0027370927809863034
58358,58504,e,e,0.019607725584859233
4853,4853,e,e,0.018342556124816164
53753,53755,p,p,0.9989281929656354
38707,38709,p,p,0.9999363732767762
15688,15690,p,p,0.9995710650672485
12648,12649,e,e,0.00123182742861651
40114,40116,p,p,0.9574534170593259
30215,30217,p,p,0.9964286584762447
40871,40873,p,p,0.996496182591524
32619,32621,p,p,0.9915622381994056
16629,16631,e,e,0.05642999341454811
22315,22317,e,e,0.05259089060401724
50166,50168,p,p,0.9367262409281701
31112,31114,e,e,0.015660951419711282
18911,18913,e,e,0.036655252833459585
15634,15636,p,p,0.9903598808428616
53288,53290,e,e,0.011277218148548158
3401,3401,e,e,0.012246654302833802
52881,52883,e,e,0.006869412575813933
23915,23917,p,p,0.9258240796773911
8582,8582,e,e,0.0009240390879478827
35393,35395,p,p,0.9992187471608333
9630,9630,p,p,0.9936676928795581
539,539,p,p,0.9999028065851043
51732,51734,e,e,0.0010777777777777778
34247,34249,p,p,0.986521805558175
35970,35972,p,p,0.9990698536223828
50884,50886,p,p,0.9881317676206091
56417,56419,p,p,0.99782060561137
49863,49865,p,p,0.9915140995523248
37580,37582,p,p,0.9999655172413793
21899,21901,e,e,0.05512845624617109
5446,5446,e,e,0.01009460716868166
15283,15285,e,e,0.0019444444444444444
12241,12242,p,p,0.9908161157582139
43413,43415,p,p,0.9746427847727679
60649,60795,p,p,0.9470505857716033
34878,34880,p,p,0.9973163856691254
41646,41648,p,p,0.999972602739726
39619,39621,p,p,0.9819199917952993
21545,21547,e,e,0.031451490821587436
51797,51799,e,e,0.0012563492063492063
4494,4494,e,e,0.002836391737210014
43613,43615,e,e,0.008884280936454849
23691,23693,p,p,0.8984610523302214
51452,51454,e,e,0.019221275964669934
13827,13829,p,p,0.9997260273972602
20436,20438,e,e,0.0210317860024737
14407,14409,e,e,0.016137922653700048
25492,25494,p,p,0.9988008596533493
44913,44915,p,p,0.9884650006846348
24151,24153,e,e,0.018462328949409326
6338,6338,p,p,0.9808499265589868
14846,14848,e,e,0.008973747016706444
28949,28951,p,p,0.9742319485006153
26814,26816,p,p,0.7761192723586201
25352,25354,e,e,0.08662166409010441
34428,34430,p,p,0.9945235271863989
55129,55131,e,e,0.00158915279078003
30911,30913,p,p,0.9956906468114759
56798,56827,p,p,0.9997142857142858
53869,53871,p,p,0.9945309429305697
55316,55318,e,e,0.00158915279078003
12396,12397,e,e,0.027835739426719134
48116,48118,p,p,0.9998214285714286
23360,23362,p,p,0.919052357187319
46696,46698,e,e,0.004321150644133829
8236,8236,p,p,0.9608168184751846
22864,22866,p,p,0.9477383943641255
45966,45968,e,e,0.009931978111547222
3106,3106,e,e,0.006330858591647186
2546,2546,e,e,0.003162438052143934
40782,40784,p,p,0.996496182591524
8536,8536,e,e,0.0015653823461648025
18496,18498,p,p,0.972397121081676
44756,44758,p,p,0.9323893576738063
31137,31139,e,e,0.009127968330362987
30602,30604,e,e,0.02454568945580036
3526,3526,e,e,0.012517932999993715
20370,20372,e,e,0.03327571435256712
51087,51089,p,p,0.9909178147705324
59958,60104,p,p,1.0
51384,51386,e,e,0.0128994077469343
3005,3005,e,e,0.006252255782736159
58325,58471,e,e,0.013655381576629027
57600,57631,p,p,1.0
39055,39057,p,p,1.0
34497,34499,p,p,0.9701281949049573
35751,35753,p,p,0.9971135375184238
3861,3861,p,p,0.9902941176470589
16757,16759,e,e,0.07748779788459385
53028,53030,e,e,0.005065034741692422
24254,24256,e,e,0.014497343957654639
20913,20915,p,p,0.9750575854777993
39968,39970,p,p,0.996177017561905
17391,17393,e,e,0.0028488419899318396
5228,5228,e,e,0.024999505955638088
26230,26232,e,e,0.07651636420809439
59022,59168,p,p,0.999920611447518
4732,4732,e,e,0.04544123958742865
12412,12413,e,e,0.00575729453035082
18156,18158,e,e,0.02845602519094637
7195,7195,p,p,0.9826259732957228
40676,40678,p,p,0.9966025655702473
31693,31695,e,e,0.03126313433848825
31811,31813,p,p,0.9986688169736173
7646,7646,p,p,0.9584098011994552
31678,31680,e,e,0.015817579284315098
47626,47628,p,p,0.999802095459837
43217,43219,p,p,0.9954465748421574
27374,27376,p,p,0.9919129896033231
15804,15806,p,p,0.9904545454545455
36868,36870,p,p,0.9743988803042671
2867,2867,e,e,0.006038626586090349
44301,44303,p,p,1.0
24298,24300,e,e,0.008294519480712274
19879,19881,p,p,0.9456747297112783
47366,47368,p,p,0.999802095459837
36046,36048,e,e,0.013467326129885642
32046,32048,p,p,0.9974095022624434
5662,5662,e,e,0.009808091751001412
21117,21119,p,p,0.9456329471060116
54941,54943,e,e,0.02049762384690492
46014,46016,e,e,0.010228915942929538
8814,8814,e,e,0.0009992270578726948
9558,9558,p,p,0.993564865116062
59181,59327,p,p,0.9969914797066576
4008,4008,p,p,0.9917602976365468
46733,46735,e,e,0.01041488998806072
4225,4225,p,p,1.0
30816,30818,p,p,0.9956906468114759
31679,31681,e,e,0.022180975520619553
48347,48349,p,p,1.0
26218,26220,e,e,0.045739928505016875
2897,2897,e,e,0.0022954674765919302
39791,39793,p,p,0.9887784623410638
28240,28242,p,p,0.9861314981722351
58580,58726,p,p,0.8783067059811551
60900,61046,p,p,0.9987443662865377
30690,30692,e,e,0.02400000218968631
14408,14410,e,e,0.006470951560095075
6022,6022,p,p,0.9507189859643228
27294,27296,p,p,0.9850185796654348
31820,31822,p,p,0.995226294438251
19427,19429,p,p,0.9975051020408163
4459,4459,e,e,0.0022651503349431375
14886,14888,e,e,0.0022342342342342343
34097,34099,p,p,0.9664723127870343
11423,11424,e,e,0.0118931694750895
60352,60498,e,e,0.023357431832241794
38033,38035,p,p,0.997894959665506
56033,56035,e,e,0.018931909748533968
5777,5777,e,e,0.009464791172337029
44931,44933,p,p,0.9293237726936657
34374,34376,p,p,0.9980573054257266
46347,46349,e,e,0.09359271777865528
35669,35671,p,p,0.9973996551393811
25852,25854,p,p,0.98842861963089
34880,34882,p,p,0.9950250437511314
16819,16821,e,e,0.06221197490488097
4352,4352,e,e,0.003984145625366999
451,451,p,p,0.9989620236872808
18222,18224,e,e,0.01177658677992382
38858,38860,p,p,1.0
28504,28506,p,p,0.998406862745098
12123,12124,p,p,0.994409283391512
41540,41542,p,p,0.999972602739726
16928,16930,e,e,0.05924725698129407
20010,20012,p,p,0.9483846541874301
12697,12698,e,e,0.00011952191235059761
32483,32485,p,p,0.9959793074458296
34440,34442,p,p,0.9893846406684691
47204,47206,p,p,0.9996954412499107
28677,28679,p,p,0.9807869179033006
2057,2057,e,e,0.007424290134199021
13539,13541,p,p,0.9989336904568594
39844,39846,p,p,0.9887784623410638
12649,12650,e,e,0.03762444372898216
59466,59612,p,p,0.995823414172431
41527,41529,p,p,0.9984415599428604
35084,35086,e,e,0.004777540217015944
18494,18496,p,p,0.9944846879967776
3044,3044,e,e,0.006052595822823089
57809,57849,p,p,0.9972190784155214
60432,60578,e,e,0.021225525124085518
43438,43440,e,e,0.009477304192268802
12443,12444,e,e,0.07041440048277814
22380,22382,e,e,0.05045605426569741
14252,14254,e,e,0.005060181825828945
31604,31606,e,e,0.019125419965064002
49248,49250,e,e,0.019224306783820113
4849,4849,e,e,0.028478817410844553
32433,32435,p,p,0.9906150189418724
44457,44459,p,p,0.99
55167,55169,e,e,0.00158915279078003
25320,25322,e,e,0.0026979506287843503
9871,9872,p,p,0.99092890872793
58042,58132,p,p,1.0
8485,8485,e,e,0.0013231099986292971
23953,23955,p,p,0.9552373531863174
49451,49453,e,e,0.01674479471322964
113,113,p,p,0.9999028065851043
18546,18548,p,p,0.9631396063988937
15482,15484,e,e,0.0026374345549738222
26802,26804,p,p,0.8932351966746875
6811,6811,e,e,0.08178045926203226
14054,14056,p,p,0.9990541927719373
16546,16548,e,e,0.049108084387409046
44257,44259,p,p,0.9811260940461318
33334,33336,p,p,0.9458474061499891
18254,18256,e,e,0.006494779905814021
11889,11890,e,e,0.04136964079220339
48473,48475,e,e,0.013049058913817574
56017,56019,e,e,0.028359577888220935
27192,27194,p,p,0.9937537397107495
55034,55036,e,e,0.013513021719810059
11752,11753,e,e,0.056849774642655594
52776,52778,e,e,0.003709387307535815
57271,57301,p,p,0.9924941292952281
31522,31524,e,e,0.04992965911486979
49702,49704,e,e,0.018192910697922015
44785,44787,p,p,0.932213384844154
88,88,p,p,0.9999882766705744
9258,9258,e,e,0.004358478123483023
35594,35596,p,p,0.9676494950554995
1716,1716,p,p,1.0
50758,50760,e,e,0.022224149122645236
59797,59943,p,p,0.969041310063763
1156,1156,e,e,0.0016470752504174119
27094,27096,e,e,0.020762000558427744
14769,14771,e,e,0.07186419508881185
43951,43953,e,e,0.0006493893357164135
14978,14980,e,e,0.00016666666666666666
18737,18739,e,e,0.03850502685909651
13489,13491,p,p,0.9989336904568594
24354,24356,e,e,0.011335257126204906
48861,48863,e,e,0.019133385689042152
14821,14823,e,e,0.08564929174841711
34398,34400,p,p,0.9940014616620537
57572,57603,p,p,0.9968742508293144
21992,21994,e,e,0.0617704513433567
37016,37018,p,p,0.9892906516936903
26415,26417,e,e,0.06559676872243154
14257,14259,e,e,0.008398400558315118
4961,4961,e,e,0.04146486929603273
59192,59338,p,p,0.9992296072507553
10986,10987,p,p,0.9334716883197106
28121,28123,p,p,0.9843372053754379
59391,59537,p,p,0.9969914797066576
54214,54216,p,p,0.9768049623214119
37874,37876,p,p,0.997894959665506
29523,29525,p,p,0.9832492417619152
17898,17900,e,e,0.03631095347928358
49834,49836,p,p,0.9999636363636364
13483,13485,p,p,0.9989686244609887
3855,3855,p,p,0.9832415576171766
35584,35586,p,p,0.9470774251965166
29491,29493,p,p,0.9492253079031764
44268,44270,p,p,0.9998461538461538
16110,16112,e,e,0.02395720308953853
41200,41202,p,p,1.0
35196,35198,e,e,0.00840776399059178
53250,53252,e,e,0.01149291647909819
21942,21944,e,e,0.0366814380371619
52614,52616,e,e,0.005245462007015627
15007,15009,e,e,0.00016666666666666666
20484,20486,e,e,0.04641317618683104
52094,52096,e,e,0.01006740616284833
48529,48531,e,e,0.05028262974855058
29569,29571,p,p,0.9834834179925795
23577,23579,p,p,0.987259539161839
54610,54612,e,e,0.05582107750890912
24653,24655,e,e,0.0441023479836674
48264,48266,p,p,1.0
57788,57826,p,p,0.999655172413793
29139,29141,p,p,0.9670163320089388
14717,14719,e,e,0.35225572887299256
46175,46177,e,e,0.01250252618961579
18572,18574,p,p,0.9882893449433076
54366,54368,e,e,0.0037037712093597147
46056,46058,e,e,0.015964189083004655
51239,51241,e,e,0.021796500743719364
22513,22515,e,e,0.07041118279229068
46576,46578,e,e,0.08180189938596891
10883,10884,p,p,0.9473599522456274
9369,9369,e,e,0.00044123740105102944
46374,46376,e,e,0.1008105462361683
11644,11645,e,e,0.006484508871578
34601,34603,p,p,0.9981685120943274
48558,48560,e,e,0.011934830977764608
22283,22285,e,e,0.04180695245424009
10110,10111,p,p,0.9861036641710776
49643,49645,e,e,0.010833898741802492
21030,21032,p,p,0.9802796416400653
14833,14835,e,e,0.0
29718,29720,e,e,0.04193671330154726
55725,55727,e,e,0.0525297841748188
31515,31517,e,e,0.029222691610967418
49435,49437,e,e,0.010833898741802492
46284,46286,e,e,0.09262842898130515
933,933,p,p,0.964816414174745
56008,56010,e,e,0.03832839499958336
52996,52998,e,e,0.0012216209730368617
48693,48695,e,e,0.010100488344435762
16943,16945,p,p,0.9947169121600841
43205,43207,p,p,0.9800931042134908
18968,18970,e,e,0.045174834175962644
33805,33807,e,e,0.04458015765148702
23007,23009,p,p,0.9704221880505969
34140,34142,p,p,0.9664723127870343
7578,7578,p,p,0.9852178353070561
35621,35623,p,p,0.96
46658,46660,e,e,0.00035346097201767305
39423,39425,p,p,0.98153832492508
38593,38595,p,p,0.9903345648604269
6759,6759,e,e,0.032990615657183295
30919,30921,p,p,0.9620485187529821
22704,22706,p,p,0.9402299816119757
514,514,p,p,0.9999882766705744
133,133,p,p,0.9999882766705744
30922,30924,p,p,0.954178512274101
13028,13030,p,p,0.9768708206728711
19932,19934,p,p,0.9519764434680544
34989,34991,e,e,0.0070231364967147355
46451,46453,e,e,0.11252992091928815
22901,22903,p,p,0.9679315001883048
59388,59534,p,p,0.9935852866283335
10759,10760,p,p,0.9995614263462395
58981,59127,p,p,0.9978175186640127
54619,54621,e,e,0.01250767431812168
11031,11032,p,p,0.9311173528411301
6066,6066,p,p,0.9577045615775472
3393,3393,e,e,0.014080600739207425
53832,53834,p,p,0.9989281929656354
28166,28168,p,p,0.9650459144756381
45956,45958,e,e,0.010819145441750413
33725,33727,e,e,0.029889242559766837
21904,21906,e,e,0.04693680696833368
55954,55956,e,e,0.02085263593300617
18734,18736,e,e,0.008753668176759842
29562,29564,p,p,0.9731657541310199
8162,8162,p,p,0.9807850920390864
18693,18695,p,p,0.9827691764653592
37711,37713,p,p,0.9999655172413793
25306,25308,e,e,0.0025663716814159293
8487,8487,e,e,0.0009240390879478827
60020,60166,p,p,0.9989021626730762
60733,60879,p,p,0.9970079140238728
23815,23817,p,p,0.898657644871091
52971,52973,e,e,0.009834634637132057
50120,50122,p,p,0.9915140995523248
28629,28631,p,p,0.9930242780903856
52740,52742,e,e,0.006869412575813933
47252,47254,p,p,0.9996954412499107
49458,49460,e,e,0.011268681350498144
30861,30863,p,p,0.99341374629264
30857,30859,p,p,0.9842102064696312
43073,43075,p,p,0.9895773938723491
25879,25881,p,p,0.9479165804275981
6392,6392,e,e,0.013372404032227241
57528,57558,p,p,0.9968742508293144
51421,51423,e,e,0.02018325507438306
32085,32087,p,p,0.9945133349508533
34646,34648,p,p,0.9975663856691255
55288,55290,e,e,0.00158915279078003
23822,23824,p,p,0.9307808732351692
10292,10293,e,e,0.003571047008547008
28548,28550,p,p,0.9825866931131008
42835,42837,e,e,0.008228829759890794
24475,24477,e,e,0.023956923218170455
44677,44679,p,p,0.9766916402323581
29728,29730,e,e,0.06874431302698436
13380,13382,p,p,0.9942478614011769
15753,15755,p,p,0.9610476190476192
1704,1704,p,p,1.0
46681,46683,e,e,0.01041488998806072
28394,28396,p,p,0.9741554937952366
34244,34246,p,p,0.9927561332080314
17772,17774,e,e,0.04281063831745154
8802,8802,e,e,0.0013231099986292971
1274,1274,e,e,0.0017907267283817296
55745,55747,e,e,0.010547268706591775
59367,59513,p,p,0.9969914797066576
11490,11491,e,e,0.006484508871578
33644,33646,e,e,0.03466346485201762
38972,38974,p,p,1.0
36279,36281,e,e,0.004561994377987431
32566,32568,p,p,0.9839164580145592
25593,25595,p,p,0.9959839582448986
31398,31400,e,e,0.00524317442524932
39646,39648,p,p,0.9879437515972621
3889,3889,p,p,1.0
16351,16353,e,e,0.05360149475037043
33598,33600,e,e,0.037652731225650896
3909,3909,p,p,1.0
8839,8839,p,p,0.9936138204920718
21677,21679,e,e,0.05108313439644348
56757,56777,p,p,0.9997142857142858
29995,29997,e,e,0.07787135725816909
46878,46880,e,e,0.00035346097201767305
57203,57233,p,p,0.990682653885392
25166,25168,e,e,0.006891631196986864
9134,9134,p,p,0.9948505832812539
51243,51245,e,e,0.0169476016671412
33899,33901,p,p,0.9664723127870343
18782,18784,e,e,0.03182709429927026
25119,25121,e,e,0.029151001294901467
46087,46089,e,e,0.016487235175189022
32885,32887,p,p,0.9930965279117169
33029,33031,p,p,0.9917168412435067
24943,24945,e,e,0.016381870654066388
57100,57130,e,e,0.008871205478681234
30914,30916,p,p,0.9923573134781427
7548,7548,p,p,0.9654137498531388
25732,25734,p,p,0.9988008596533493
47823,47825,p,p,0.9994393241167435
23909,23911,p,p,0.8851107959103375
59239,59385,p,p,0.9992296072507553
42362,42364,e,e,0.023197182532272834
35109,35111,e,e,0.01830070741021126
819,819,p,p,0.9616661892641991
43644,43646,e,e,0.0005930232558139535
53049,53051,e,e,0.004267679033581565
19787,19789,p,p,0.9603362606303781
60064,60210,p,p,0.9754226134164721
8593,8593,e,e,0.0009992270578726948
20013,20015,p,p,0.9946120589568835
27157,27159,e,e,0.012895189104845757
47088,47090,p,p,0.9996954412499107
33433,33435,p,p,0.924079200449669
9887,9888,p,p,0.9856243212179904
2041,2041,e,e,0.02620048114770249
47966,47968,p,p,0.9995216824451457
43228,43230,p,p,0.9954501889239341
6962,6962,e,e,0.049298248964823016
57682,57715,p,p,0.9969333641298072
46571,46573,e,e,0.08312807461458077
60590,60736,p,p,0.9519509885383398
58811,58957,p,p,0.999588454624604
39065,39067,p,p,1.0
2760,2760,e,e,0.00043859649122807013
8309,8309,p,p,0.9700596161738533
47670,47672,p,p,0.9998013245033113
46184,46186,e,e,0.007909604778420348
5220,5220,e,e,0.009456252723675819
52520,52522,e,e,0.006027285895854007
14214,14216,e,e,0.009175083059736536
46028,46030,e,e,0.009168607846430378
42261,42263,e,e,0.04963742086788195
44005,44007,e,e,0.0005555555555555556
38962,38964,p,p,1.0
28028,28030,p,p,0.9888879672006357
56198,56200,p,p,0.9879926759685627
59074,59220,p,p,0.9962370166752447
8667,8667,e,e,0.0009240390879478827
35937,35939,p,p,0.9910735203094777
3143,3143,e,e,0.006017873600600867
26125,26127,e,e,0.03948916437262091
46668,46670,e,e,0.002486994355363509
31267,31269,e,e,0.0031279683303629883
7764,7764,p,p,0.979849497281364
46080,46082,e,e,0.02534149734175621
56074,56076,e,e,0.03660951435356956
21496,21498,e,e,0.009799049182262223
21304,21306,e,e,0.026426078513305796
24679,24681,e,e,0.05588491091553667
29426,29428,p,p,0.9770376470433833
2461,2461,p,p,0.9989737470167064
35078,35080,e,e,0.03608673993143707
31359,31361,e,e,0.0031279683303629883
537,537,p,p,0.9971713752621237
27646,27648,p,p,0.9689330156133021
52390,52392,e,e,0.006238138609032301
20458,20460,e,e,0.03578996918024689
60008,60154,p,p,0.9998484542331785
18111,18113,e,e,0.39846607779212945
26087,26089,p,p,0.9853634710461424
40492,40494,p,p,0.9288506168137215
24100,24102,e,e,0.013361608704651178
7298,7298,p,p,0.8707375635455776
41963,41965,p,p,0.9982324191669902
11536,11537,e,e,0.03129787692073089
899,899,p,p,0.9734876328379921
21125,21127,p,p,0.9926107798558682
58663,58809,p,p,0.9854848838086946
20839,20841,p,p,0.9689377914275069
18500,18502,p,p,0.9885296595806667
27268,27270,p,p,0.9967994249899372
29322,29324,p,p,0.9844097526927823
55456,55458,e,e,0.00924562486710288
45866,45868,e,e,0.023066329311443586
31001,31003,p,p,0.9597716182341461
5366,5366,e,e,0.016559903628827467
8876,8876,p,p,0.9958819200724556
2733,2733,e,e,0.0029541047188106013
40493,40495,p,p,0.9521338032871383
48817,48819,e,e,0.030767282649508895
14888,14890,e,e,0.016076777319736748
27863,27865,p,p,0.9766602883405748
3747,3747,p,p,0.997567932067932
11626,11627,e,e,0.018456767531253387
19724,19726,p,p,0.9991626543855976
30400,30402,e,e,0.026978771671828453
30636,30638,e,e,0.0322034653956621
1220,1220,e,e,0.022201324541372885
57993,58061,p,p,1.0
54657,54659,e,e,0.009314337300080496
51135,51137,p,p,0.9937950843584383
9247,9247,e,e,0.005572675677509389
20516,20518,e,e,0.10831564886087573
24335,24337,e,e,0.02047776198559241
21874,21876,e,e,0.026761183416082954
47972,47974,p,p,0.9995216824451457
32390,32392,p,p,0.9944837144837144
22915,22917,p,p,0.9402299816119757
11624,11625,e,e,0.012054459797670145
58923,59069,p,p,0.997461005841628
642,642,p,p,0.9989620236872808
44983,44985,p,p,0.9957005410572496
57824,57866,p,p,1.0
29203,29205,p,p,0.9470547738881508
11565,11566,e,e,0.0118931694750895
51464,51466,e,e,0.018598531594565794
31406,31408,e,e,0.0025349450745490347
43472,43474,e,e,0.010192307692307691
25270,25272,e,e,0.01742002327423031
40293,40295,p,p,0.9771119594402267
47555,47557,p,p,0.9979839136416553
49711,49713,e,e,0.011268681350498144
53761,53763,p,p,0.9937308245445828
1941,1941,e,e,0.00365697711480844
26716,26718,p,p,0.9523613765303227
31653,31655,e,e,0.01767730398037163
21265,21267,e,e,0.042981597180772955
1916,1916,e,e,0.006283125775801663
7993,7993,p,p,0.9813941612599237
50808,50810,e,e,0.012250774476064572
45066,45068,p,p,0.9878305150377219
19234,19236,p,p,0.991616558968954
52507,52509,e,e,0.006027285895854007
27530,27532,p,p,0.9919129896033231
44997,44999,p,p,0.988063907473101
44092,44094,e,e,0.013714670370283968
58679,58825,p,p,0.9005429126677252
42429,42431,e,e,0.017538559249083645
44989,44991,p,p,0.9889067090614309
34676,34678,p,p,0.9981685120943274
298,298,p,p,0.9999882766705744
46394,46396,e,e,0.06877620566366265
41216,41218,p,p,0.9910560156366468
6134,6134,p,p,0.9586854363955386
20599,20601,e,e,0.04661829571844822
57398,57428,p,p,0.990682653885392
1212,1212,e,e,0.01339180073184908
13893,13895,p,p,0.9997260273972602
9262,9262,e,e,0.0025962239554242696
53612,53614,p,p,0.9972799039667768
54086,54088,p,p,0.9937218231857546
53700,53702,p,p,0.9981351306537886
21351,21353,e,e,0.02340960049012266
46494,46496,e,e,0.09289153523948508
24830,24832,e,e,0.028595250190020623
41508,41510,p,p,0.998917750419051
42982,42984,e,e,0.007028388794886257
54229,54231,p,p,0.9685637480670394
13251,13253,p,p,1.0
6203,6203,p,p,0.9719988038642416
25461,25463,p,p,0.9929472011167639
27002,27004,e,e,0.010645501995959648
52022,52024,e,e,0.0017237969286140959
5044,5044,e,e,0.01519985798786698
41926,41928,p,p,0.9963845067029032
35467,35469,p,p,0.9735152520389022
9409,9409,e,e,0.0024330794241280173
31390,31392,e,e,0.011317101615326263
13237,13239,p,p,0.9942478614011769
52425,52427,e,e,0.006238138609032301
8566,8566,e,e,0.0013231099986292971
9446,9446,e,e,0.002233214983719646
56556,56560,p,p,1.0
38520,38522,p,p,0.9999363732767762
18704,18706,p,p,0.9432668803470105
2979,2979,e,e,0.006926339552369666
127,127,p,p,0.9999028065851043
41740,41742,p,p,0.9982982086406744
32545,32547,p,p,0.9960944454475075
46197,46199,e,e,0.008705869850745169
38281,38283,p,p,0.9785755696518639
41732,41734,p,p,0.9982982086406744
53815,53817,p,p,0.9945309429305697
24522,24524,e,e,0.027722828715825473
57521,57551,p,p,0.9968742508293144
43639,43641,e,e,0.0001923076923076923
30282,30284,p,p,0.9991797501793016
1317,1317,e,e,0.005177846182847319
44420,44422,p,p,0.9999418604651162
41100,41102,p,p,0.9957585350770954
13421,13423,p,p,0.9989686244609887
26995,26997,e,e,0.007280079209139482
55168,55170,e,e,0.009663934426229507
58506,58652,p,p,0.9227928075677856
40625,40627,p,p,0.9895366713447893
49889,49891,p,p,0.9899636363636364
44758,44760,p,p,0.9317332410756701
45729,45731,e,e,0.007519999924838947
5432,5432,e,e,0.043182894151755774
57373,57403,p,p,0.9912839168393299
286,286,p,p,0.9966549433372411
28440,28442,p,p,0.984428736771397
47445,47447,p,p,0.999802095459837
29815,29817,e,e,0.10175727144274999
705,705,p,p,1.0
496,496,p,p,0.9989620236872808
34372,34374,p,p,0.9857865238274693
33525,33527,p,p,0.9309277758715055
45950,45952,e,e,0.012085859522949122
52192,52194,e,e,0.0013331719286140957
43824,43826,e,e,0.010461538461538461
39113,39115,p,p,0.9999095022624434
15247,15249,e,e,0.0
17488,17490,e,e,0.0160564205079131
51621,51623,e,e,0.0010777777777777778
25862,25864,p,p,0.9321254882284208
18426,18428,p,p,0.972104048202431
28529,28531,p,p,0.9792371965643407
30168,30170,p,p,0.9969721114261874
59703,59849,p,p,0.9965839923404356
30572,30574,e,e,0.024581660678821934
21177,21179,p,p,0.9949631777189762
47003,47005,p,p,0.9996954412499107
45647,45649,e,e,0.010969345587413207
55499,55501,e,e,0.008441936492216995
59565,59711,p,p,0.9982835408165424
570,570,p,p,0.9989620236872808
60566,60712,e,e,0.0034707726024089873
35653,35655,p,p,0.9978751789665494
28017,28019,p,p,0.9887125811423049
57042,57072,e,e,0.006578550905785258
42511,42513,e,e,0.013397639217420963
57343,57373,p,p,0.9925175484989751
32896,32898,p,p,0.9897841109957668
16195,16197,e,e,0.010727645924777467
39484,39486,p,p,0.9690028554163796
13437,13439,p,p,0.9996556586774347
20105,20107,p,p,0.8770227813607308
44876,44878,p,p,0.9967858299405516
42350,42352,e,e,0.021419639143609778
23132,23134,p,p,0.9747860162230482
11109,11110,p,p,0.9384175075585693
60787,60933,p,p,0.9932403935933347
39596,39598,p,p,0.9646577577096872
42822,42824,e,e,0.0007012514893514426
14991,14993,e,e,0.009147499540356683
49285,49287,e,e,0.014265853683083337
37754,37756,p,p,0.9998560281902844
24643,24645,e,e,0.04060863863702298
35654,35656,p,p,0.9975860582299579
3977,3977,p,p,0.9996842355175687
53346,53348,p,p,0.9873665352637455
10001,10002,p,p,0.9929606028173472
39605,39607,p,p,0.9812980470089444
17557,17559,e,e,0.004725494187686189
2780,2780,e,e,0.010477459471463469
44628,44630,p,p,0.9323893576738063
60055,60201,p,p,0.9989021626730762
50105,50107,p,p,0.9999636363636364
16277,16279,e,e,0.06914659704231324
38758,38760,p,p,0.9994030399434429
7893,7893,p,p,0.98628388910716
31591,31593,e,e,0.042021926650007924
22322,22324,e,e,0.08768580265073991
56722,56739,p,p,0.9997142857142858
3919,3919,p,p,0.99625
43199,43201,p,p,0.9925188900485737
37652,37654,p,p,0.9999655172413793
56874,56904,e,e,0.009580011470536965
51556,51558,e,e,0.0010777777777777778
42710,42712,e,e,0.02403548490406717
15776,15778,p,p,0.99041974423444
13091,13093,p,p,0.9939706611239767
8260,8260,p,p,0.9858143196250441
33225,33227,p,p,0.9391042550332557
15799,15801,p,p,1.0
1633,1633,p,p,1.0
19529,19531,p,p,0.9957308677547367
57432,57462,p,p,0.9894724414294939
33398,33400,p,p,0.9537018280876686
32487,32489,p,p,0.86131946263644
21794,21796,e,e,0.06505937215077834
40820,40822,p,p,0.996496182591524
9616,9616,p,p,0.9933819785938439
35886,35888,p,p,0.9968891291769427
10092,10093,p,p,0.9812074854145897
16871,16873,e,e,0.05490088367692502
14970,14972,e,e,0.0015384615384615385
41125,41127,p,p,0.9650335700165362
22865,22867,p,p,0.9697095831239664
14537,14539,e,e,0.05002018172903304
11585,11586,e,e,0.006484508871578
18399,18401,p,p,0.9631396063988937
41175,41177,p,p,0.9935454545454544
54208,54210,p,p,0.9905583026044772
11870,11871,e,e,0.0332835710711797
42962,42964,e,e,0.0012942747451653964
45625,45627,e,e,0.0233239659506429
10910,10911,p,p,0.9950144928076199
55739,55741,e,e,0.02943141881054864
20915,20917,p,p,0.9980105401844531
32881,32883,p,p,0.9927328915480805
14901,14903,e,e,0.007696053558844257
44303,44305,p,p,0.99
45674,45676,e,e,0.00839822006535417
52872,52874,e,e,0.0073524676029399815
35016,35018,e,e,0.007269187865708213
56255,56257,p,p,0.9733156497642568
6021,6021,p,p,0.9647208624338223
58179,58325,e,e,0.026517382808791377
53771,53773,p,p,0.9777711206214934
57429,57459,p,p,0.9955273392796913
12932,12933,p,p,0.9993358742605956
21720,21722,e,e,0.08302706633800516
15368,15370,e,e,0.0
33650,33652,e,e,0.045287478253356876
21208,21210,e,e,0.028738623182848828
8274,8274,p,p,0.9608697633619125
19890,19892,p,p,0.9650458313217887
27592,27594,p,p,0.9787237332501353
48781,48783,e,e,0.04395937823022524
52034,52036,e,e,0.0013331719286140957
49362,49364,e,e,0.013617455419649037
49138,49140,e,e,0.013790936201062002
58195,58341,e,e,0.026517382808791377
44020,44022,e,e,0.004270225925839522
52814,52816,e,e,0.006869412575813933
60460,60606,e,e,0.021744223816697255
27966,27968,p,p,0.9896532733230847
56729,56747,p,p,0.9997142857142858
6207,6207,p,p,0.9430914345245385
450,450,p,p,0.9988765536018107
25451,25453,p,p,0.9534970630131544
10046,10047,p,p,0.9559781457167956
53792,53794,p,p,0.9823137915105733
4084,4084,p,p,1.0
49089,49091,e,e,0.013602749537296096
36334,36336,e,e,0.027498168478070507
57631,57662,p,p,0.9972190784155214
15182,15184,e,e,0.01566564700349953
15822,15824,p,p,0.9905979760809568
19455,19457,p,p,0.9839496112082613
26525,26527,p,p,0.8184021769591865
19582,19584,p,p,0.9965265913073155
713,713,p,p,0.9845611423853728
3569,3569,p,p,0.9861443123086958
35699,35701,p,p,0.9896041011003578
11891,11892,e,e,0.019470334161415373
49491,49493,e,e,0.010833898741802492
7402,7402,p,p,0.944806589248291
43858,43860,e,e,0.002867398814389399
39506,39508,p,p,0.9962201833944314
55889,55891,e,e,0.022912687595435476
59661,59807,p,p,0.9851587487728862
60245,60391,e,e,0.0044045016224946755
3402,3402,e,e,0.012306354827308632
22292,22294,e,e,0.10507718021506421
54088,54090,p,p,0.9458545802716629
57563,57593,p,p,1.0
53134,53136,e,e,0.003295487274858356
33878,33880,e,e,0.035130346505016445
30900,30902,p,p,0.9529434201043885
26621,26623,p,p,0.9640890002723633
50872,50874,p,p,0.9909178147705324
24815,24817,e,e,0.013268017641338494
28103,28105,p,p,0.9947089211987954
27015,27017,e,e,0.01771852229755818
14349,14351,e,e,0.005060181825828945
6511,6511,e,e,0.01841280877861583
2622,2622,e,e,0.0004150759324556285
29659,29661,e,e,0.06787572309111697
21563,21565,e,e,0.11892987779866263
58908,59054,p,p,0.9978175186640127
24249,24251,e,e,0.011335257126204906
52104,52106,e,e,0.0034007394961816633
50427,50429,p,p,0.95526189162334
33275,33277,p,p,0.9317041873462705
18238,18240,e,e,0.003199884220616426
44105,44107,e,e,0.0060494529644273464
7684,7684,p,p,0.9818497852997972
3465,3465,e,e,0.013753367527009768
40875,40877,p,p,0.9823996334893654
58912,59058,p,p,0.9998175186640128
105,105,p,p,0.9999028065851043
41875,41877,p,p,0.9982982086406744
52454,52456,e,e,0.006238138609032301
32071,32073,p,p,0.9906835221883891
24455,24457,e,e,0.0417842995244411
47513,47515,p,p,0.999802095459837
32420,32422,p,p,0.9812102589670544
59894,60040,p,p,0.9774619115533912
8023,8023,p,p,0.9979623277366553
46350,46352,e,e,0.09654541626972424
31529,31531,e,e,0.029222691610967418
51279,51281,e,e,0.02063967083507212
40248,40250,p,p,0.9702456348689578
39105,39107,p,p,0.99984375
17581,17583,e,e,0.03546754680113402
51940,51942,e,e,0.0013331719286140957
3054,3054,e,e,0.028709370521459915
10630,10631,p,p,0.9950144928076199
49994,49996,p,p,1.0
3174,3174,e,e,0.006926339552369666
33677,33679,e,e,0.030632788623208288
17641,17643,e,e,0.015883484107371827
49754,49756,e,e,0.010833898741802492
22935,22937,p,p,0.9506383635676517
43461,43463,e,e,0.0005930232558139535
27487,27489,p,p,0.9967994249899372
18429,18431,p,p,0.9947316482878936
31518,31520,e,e,0.019125419965064002
52364,52366,e,e,0.006238138609032301
49306,49308,e,e,0.013137633258226327
12508,12509,e,e,0.011495349883747095
6008,6008,p,p,0.981967419690022
28738,28740,p,p,1.0
7395,7395,p,p,0.9646591242949214
38217,38219,p,p,0.9606717944264525
1068,1068,e,e,0.0014117811327703528
30324,30326,p,p,0.9964286584762447
60878,61024,p,p,0.8803438456811971
51956,51958,e,e,0.0034007394961816633
15720,15722,p,p,0.9903598808428616
5089,5089,e,e,0.07239637291412078
10605,10606,p,p,0.9956420094612614
43798,43800,e,e,0.02589971402854856
4106,4106,p,p,0.9998765432098764
18375,18377,p,p,0.9817421494383322
1246,1246,e,e,0.0013853213229763242
12647,12648,e,e,0.03070044234775063
55806,55808,e,e,0.028515098883555304
3307,3307,e,e,0.013036281834607904
23010,23012,p,p,0.9707913434050462
11855,11856,e,e,0.035981575335700025
34582,34584,p,p,0.9774672209200136
14735,14737,e,e,0.016658707196031436
50931,50933,p,p,0.9935950843584382
21543,21545,e,e,0.032476520484826805
26263,26265,e,e,0.057950106049301356
59435,59581,p,p,0.9992296072507553
45588,45590,e,e,0.015147972000297508
3444,3444,e,e,0.007810150487218543
23865,23867,p,p,0.9724223109174183
15762,15764,p,p,0.989594968447149
36711,36713,p,p,0.999235266265706
57043,57073,e,e,0.006578550905785258
57431,57461,p,p,0.9905696311250441
59804,59950,p,p,0.9957735593354582
42522,42524,e,e,0.013903381265558663
23242,23244,p,p,0.9786813133107821
26976,26978,e,e,0.007680079209139482
16709,16711,e,e,0.07973718117972345
57674,57707,p,p,1.0
34021,34023,p,p,0.9842598409254262
14597,14599,e,e,0.11470421181486161
17688,17690,e,e,0.048506186888641986
37741,37743,p,p,0.9996432622328376
43698,43700,e,e,0.005816885738712581
13888,13890,p,p,1.0
24629,24631,e,e,0.02943828090422473
2993,2993,e,e,0.007039664583502916
6995,6995,e,e,0.11416079983664325
50347,50349,p,p,0.9395163304789087
7742,7742,p,p,0.9662553661505113
49670,49672,e,e,0.016445009852913604
20443,20445,e,e,0.021833720043716448
35764,35766,p,p,0.9972190784155214
14571,14573,e,e,0.022987621729782068
4622,4622,e,e,0.027579211272603984
5638,5638,e,e,0.02714094004030923
30553,30555,e,e,0.01724108619466278
27218,27220,p,p,0.9957562949188321
24873,24875,e,e,0.014752122542627593
39233,39235,p,p,0.9958976027492702
37813,37815,p,p,0.997894959665506
33734,33736,e,e,0.03852939955842532
11618,11619,e,e,0.012054459797670145
1261,1261,e,e,0.01339180073184908
40824,40826,p,p,0.9788577727150334
39891,39893,p,p,0.9824423418152033
26494,26496,p,p,0.7893572279514145
36696,36698,p,p,1.0
3246,3246,e,e,0.014644254772249211
6424,6424,e,e,0.018994204127453042
55030,55032,e,e,0.014533244871344164
58416,58562,e,e,0.01934134698660752
25780,25782,p,p,0.9821354739696302
42105,42107,e,e,0.01965711312342286
12809,12810,p,p,0.9768708206728711
38359,38361,p,p,0.983531571480918
22873,22875,p,p,0.9740499605877571
32662,32664,p,p,0.9949926589113797
46632,46634,e,e,0.00035346097201767305
28451,28453,p,p,0.9852546851182465
27805,27807,p,p,0.9968984729370048
7308,7308,p,p,0.9533949141204096
60427,60573,e,e,0.15842352128654885
14688,14690,e,e,0.018492801882916483
40902,40904,p,p,0.9903402213567826
49433,49435,e,e,0.010833898741802492
26909,26911,e,e,0.007280079209139482
9166,9166,p,p,0.9979176179604262
56049,56051,e,e,0.023377235185112557
43797,43799,e,e,0.007398375534409462
33781,33783,e,e,0.024317942458434227
22413,22415,e,e,0.11131191937804598
13187,13189,p,p,0.9995869216172821
35363,35365,p,p,0.9831488868030204
36202,36204,e,e,0.022243423493235947
56953,56983,e,e,0.006578550905785258
60559,60705,e,e,0.0024112905847715636
47190,47192,p,p,0.9996954412499107
22937,22939,p,p,0.9579751018643355
4664,4664,e,e,0.014917192241762904
11320,11321,e,e,0.039755208749530674
6070,6070,p,p,0.8992224750826504
29248,29250,p,p,0.9891128259221516
42885,42887,e,e,0.00013759745630965439
24502,24504,e,e,0.042678221623136316
31731,31733,e,e,0.01767730398037163
38499,38501,p,p,0.9988404265133158
39165,39167,p,p,1.0
47384,47386,p,p,1.0
12622,12623,e,e,0.008323352612727089
59857,60003,p,p,0.9982328228469604
51947,51949,e,e,0.0071845078210309036
5435,5435,e,e,0.03988966912223224
20577,20579,e,e,0.032592425479047116
23673,23675,p,p,0.8213406091572705
49162,49164,e,e,0.005729011521735737
2062,2062,e,e,0.007424290134199021
4688,4688,e,e,0.02488350072265523
40125,40127,p,p,0.995138056522944
25399,25401,e,e,0.010359057156860025
13098,13100,p,p,1.0
43598,43600,e,e,0.013440078037904125
27913,27915,p,p,0.9703632802173062
18829,18831,e,e,0.04237023924714874
45865,45867,e,e,0.03853239253763812
28424,28426,p,p,0.9888586899876229
58900,59046,p,p,0.9983176054874247
10456,10457,e,e,0.0057335509742459925
41747,41749,p,p,0.9895956595851086
27835,27837,p,p,0.9353062376342821
37503,37505,p,p,0.9998560281902844
36750,36752,p,p,1.0
15922,15924,e,e,0.01625171430309485
35311,35313,p,p,0.9864514051218118
53964,53966,p,p,0.9981351306537886
58360,58506,e,e,0.007563272550456451
54671,54673,e,e,0.0037037712093597147
42094,42096,e,e,0.018989904471285388
15531,15533,p,p,0.9897138047138047
4765,4765,e,e,0.017453375809749518
40105,40107,p,p,0.9942955424407037
58975,59121,p,p,0.9996746615211558
3296,3296,e,e,0.007810150487218543
1526,1526,p,p,1.0
23981,23983,p,p,0.915773415439107
29383,29385,p,p,0.9722878379645334
49951,49953,p,p,0.9999636363636364
41345,41347,p,p,0.9668625233978416
50316,50318,p,p,0.9309348648411355
21531,21533,e,e,0.029992233873323934
39753,39755,p,p,0.9821327577527461
25292,25294,e,e,0.03157725762092036
9969,9970,p,p,0.9914226762359317
55525,55527,e,e,0.012286560368379097
47951,47953,p,p,0.9997203579418344
37499,37501,p,p,0.9999655172413793
15900,15902,e,e,0.017659350729085005
22157,22159,e,e,0.03643552532269961
50285,50287,p,p,0.9355274199962235
5523,5523,e,e,0.02943592466171298
39982,39984,p,p,0.9481294892182096
24285,24287,e,e,0.013107001301297437
47760,47762,p,p,0.9996774193548387
32513,32515,p,p,0.9899459905255579
28301,28303,p,p,0.9769249295537784
26932,26934,e,e,0.007280079209139482
8101,8101,p,p,0.9950560980888357
23103,23105,p,p,0.9747860162230482
6626,6626,e,e,0.03298781500083731
24871,24873,e,e,0.0329017129688864
49197,49199,e,e,0.0637425381216916
4027,4027,p,p,0.9961265432098765
14170,14172,e,e,0.0032073355914960344
52704,52706,e,e,0.006869412575813933
57606,57637,p,p,1.0
56942,56972,e,e,0.006578550905785258
57599,57630,p,p,1.0
49878,49880,p,p,0.9915140995523248
38869,38871,p,p,1.0
52581,52583,e,e,0.00636588467776279
31479,31481,e,e,0.029815018353795873
59243,59389,p,p,0.995823414172431
37875,37877,p,p,0.997894959665506
11076,11077,p,p,0.9747631062577305
6690,6690,e,e,0.01746108982883287
12503,12504,e,e,0.008289896818168042
33966,33968,p,p,0.9881984545293296
42630,42632,e,e,0.01041106279887262
57186,57216,p,p,0.9966414350313186
12128,12129,p,p,0.9888272304051999
59157,59303,p,p,0.9998175186640128
41861,41863,p,p,0.9979060517779295
22939,22941,p,p,0.9855121659675986
9365,9365,e,e,0.0003427128427128427
23065,23067,p,p,0.8834054016371427
42971,42973,e,e,9.383378016085791e-05
44269,44271,p,p,0.9998461538461538
26918,26920,e,e,0.021128588846413412
21606,21608,e,e,0.05967076998356721
31623,31625,e,e,0.01767730398037163
35659,35661,p,p,0.9945535012932273
32569,32571,p,p,0.9918484996738421
20630,20632,e,e,0.06275897810897738
56837,56867,e,e,0.01958001147053696
25955,25957,p,p,0.9716136349474088
27756,27758,p,p,0.9767125369078284
23237,23239,p,p,0.9784249030543719
48587,48589,e,e,0.00953212851626441
42038,42040,e,e,0.0177410564513358
48095,48097,p,p,1.0
58854,59000,p,p,0.9994098831960326
11941,11942,e,e,0.03945002526922201
5337,5337,e,e,0.034727194209763966
50983,50985,p,p,0.9764266633058066
60736,60882,p,p,0.9898363000573174
39313,39315,p,p,0.9928930155933068
10929,10930,p,p,0.9988689291464344
53778,53780,p,p,0.9981351306537886
17630,17632,e,e,0.0028488419899318396
2236,2236,p,p,0.9989737470167064
28090,28092,p,p,0.9940286490899518
36220,36222,e,e,0.020979511180734257
6001,6001,p,p,0.9706259568486084
55345,55347,e,e,0.00158915279078003
25197,25199,e,e,0.016856306129972954
32631,32633,p,p,0.9928333701402343
17753,17755,e,e,0.07300440402777622
41491,41493,p,p,0.9945684094101129
9844,9844,p,p,0.994654303168494
18599,18601,p,p,0.9866329850079171
42833,42835,e,e,0.01063772810711586
12475,12476,e,e,0.028186043678401284
16516,16518,e,e,0.049108084387409046
36263,36265,e,e,0.023713937008793824
36142,36144,e,e,0.0063901742538714145
47839,47841,p,p,0.9996774193548387
57614,57645,p,p,0.9972190784155214
18577,18579,p,p,0.9882893449433076
7754,7754,p,p,0.98939355542122
17809,17811,e,e,0.03832400105346623
36557,36559,p,p,1.0
34144,34146,p,p,0.9640156967349737
57547,57577,p,p,1.0
59509,59655,p,p,0.9845877928939977
35660,35662,p,p,0.9979160074685366
25336,25338,e,e,0.0030663716814159294
30937,30939,p,p,0.9619444631538916
46032,46034,e,e,0.015777957078547466
53631,53633,p,p,0.9921046439263533
30267,30269,p,p,0.9969721114261874
13685,13687,p,p,0.9990100020625827
30784,30786,p,p,0.9597171904266188
35710,35712,p,p,0.9964351732755159
52314,52316,e,e,0.00636588467776279
41454,41456,p,p,0.998917750419051
19791,19793,p,p,0.9861902449385075
23493,23495,p,p,0.9757225125077995
43574,43576,e,e,0.0401332059003101
42482,42484,e,e,0.01697708811005762
43315,43317,p,p,0.9895773938723491
46780,46782,e,e,0.00035346097201767305
40444,40446,p,p,0.9831858020212816
5600,5600,e,e,0.01731112558461242
34446,34448,p,p,0.9707865238274693
52363,52365,e,e,0.006238138609032301
2587,2587,e,e,0.00020833333333333332
1262,1262,e,e,0.0015129485421719203
8185,8185,p,p,0.974880851226501
15055,15057,e,e,0.009147499540356683
11011,11012,p,p,0.9675876051495439
26378,26380,e,e,0.04636045276118545
19238,19240,p,p,0.984406509866783
227,227,p,p,0.9999882766705744
30353,30355,p,p,0.9964286584762447
47751,47753,p,p,0.9995216824451457
29476,29478,p,p,0.9865464810556426
36856,36858,p,p,0.9899653724583668
13063,13065,p,p,0.9942478614011769
14816,14818,e,e,0.015351217750838562
60368,60514,e,e,0.021379836209814252
20986,20988,p,p,0.96709486084162
56549,56553,p,p,1.0
2182,2182,p,p,0.9989737470167064
31843,31845,p,p,0.995303020780962
33992,33994,p,p,0.9640156967349737
47059,47061,p,p,0.9996954412499107
55280,55282,e,e,0.00158915279078003
37194,37196,p,p,0.9952238805970148
20733,20735,e,e,0.03893940346942019
36938,36940,p,p,0.9919633507853404
1245,1245,e,e,0.009481182296275177
30742,30744,p,p,0.9542329400816283
53803,53805,p,p,0.9981543061092055
59279,59425,p,p,0.9942296072507553
29100,29102,p,p,0.9577646164252615
11722,11723,e,e,0.01543921821242745
50959,50961,p,p,0.9914266633058066
20537,20539,e,e,0.03906618233253803
54976,54978,e,e,0.022843765783973007
26894,26896,e,e,0.007280079209139482
27540,27542,p,p,0.9843761201574012
29402,29404,p,p,0.9865009928801214
41923,41925,p,p,0.9982324191669902
22826,22828,p,p,0.9630437114094269
20498,20500,e,e,0.04311165640220053
36594,36596,p,p,1.0
40509,40511,p,p,0.9780248966083173
6714,6714,e,e,0.08558943147383895
14528,14530,e,e,0.0656149252659486
58969,59115,p,p,0.9998175186640128
49269,49271,e,e,0.013310047051329774
6460,6460,e,e,0.013372404032227241
36803,36805,p,p,0.9903102809194264
45283,45285,e,e,0.017614761772621022
59397,59543,p,p,0.995896273917422
50908,50910,p,p,0.9878229190853349
37690,37692,p,p,0.9999655172413793
36066,36068,e,e,0.04572125321727911
42270,42272,e,e,0.09249014223856193
10532,10533,e,e,0.006380402195689394
58546,58692,p,p,0.9157928075677856
15833,15835,p,p,0.999021164021164
14580,14582,e,e,0.02044911468636289
20895,20897,p,p,0.9841345990892109
22441,22443,e,e,0.049469325522626645
11415,11416,e,e,0.01833724561890279
28797,28799,p,p,0.9931273864600034
13720,13722,p,p,0.9990498427000332
56495,56497,p,p,1.0
4675,4675,e,e,0.017579211272603982
1263,1263,e,e,0.003752670894712746
34270,34272,p,p,0.9944301647177781
46464,46466,e,e,0.11200560461727377
28493,28495,p,p,0.9875709280791187
60090,60236,p,p,0.9884297999876186
13305,13307,p,p,1.0
54200,54202,p,p,0.9373096697400538
52223,52225,e,e,0.0014494509983815377
34850,34852,p,p,0.9983472937207342
11793,11794,e,e,0.015215651387227363
7415,7415,p,p,0.9882374153761873
53541,53543,p,p,0.9887274789209389
56748,56768,p,p,1.0
31200,31202,e,e,0.05566095141971128
23616,23618,p,p,0.9243030380965319
17794,17796,e,e,0.027544419512304925
7368,7368,p,p,0.9677600620030646
23964,23966,p,p,0.8444948360654458
28883,28885,p,p,0.9929463909848902
12749,12750,p,p,0.9885423901495932
12293,12294,p,p,0.9208497946594497
1576,1576,p,p,1.0
39167,39169,p,p,0.99984375
45112,45114,p,p,0.983063907473101
50601,50603,e,e,0.03050013864147208
30086,30088,p,p,0.9993107545461138
47789,47791,p,p,0.9995216824451457
13558,13560,p,p,0.9990100020625827
45829,45831,e,e,0.007519999924838947
36757,36759,p,p,0.9999363732767762
1981,1981,e,e,0.013366388736088303
57113,57143,e,e,0.006578550905785258
48633,48635,e,e,0.011934830977764608
18837,18839,e,e,0.011602239792381688
14111,14113,p,p,0.9993281653746771
43239,43241,p,p,0.9984679667017119
51824,51826,e,e,0.010000191570881225
10201,10202,p,p,0.9500503252103577
37247,37249,p,p,0.9912639681659546
47677,47679,p,p,1.0
40989,40991,p,p,0.9963235294117646
50117,50119,p,p,0.9915140995523248
28893,28895,p,p,0.9893986784957879
22862,22864,p,p,0.9748036512971819
42942,42944,e,e,0.007048148500973041
22949,22951,p,p,0.9653123320125219
835,835,p,p,0.9792981179623967
18211,18213,e,e,0.004806785154251907
37644,37646,p,p,0.9996432622328376
29739,29741,e,e,0.015657505252483928
27793,27795,p,p,0.9718066643179343
54591,54593,e,e,0.0038435144266033196
16046,16048,e,e,0.013441731673210701
13461,13463,p,p,0.9989336904568594
43012,43014,e,e,0.0012745150390786122
22488,22490,e,e,0.08362808100693529
16119,16121,e,e,0.0237963493564599
1171,1171,e,e,0.0029493365061865535
51617,51619,e,e,0.0047559386973180075
14174,14176,e,e,0.0032312011144622764
21974,21976,e,e,0.03656402013227223
42060,42062,e,e,0.0023106180347901707
744,744,p,p,0.9717981179623968
711,711,p,p,0.9855867834110138
30142,30144,p,p,0.9967761130595072
26001,26003,p,p,0.9722489105824557
30594,30596,e,e,0.017045114971641195
13221,13223,p,p,1.0
47238,47240,p,p,0.9996954412499107
38850,38852,p,p,1.0
58165,58311,e,e,0.007563272550456451
29299,29301,p,p,0.9641516768574292
2491,2491,e,e,0.0020460829493087556
40234,40236,p,p,0.9920389656592893
60196,60342,p,p,0.9998484542331785
27789,27791,p,p,0.9644580103147586
29998,30000,e,e,0.04213889616101425
5068,5068,e,e,0.03497451698582514
50421,50423,p,p,0.9657641393817873
35585,35587,p,p,0.9830284048753096
18066,18068,e,e,0.004806785154251907
33818,33820,e,e,0.029655659027086306
17033,17035,p,p,0.9977602811320623
23862,23864,p,p,0.9043845609160389
31878,31880,p,p,0.9940587894963078
47010,47012,p,p,0.9996954412499107
21798,21800,e,e,0.026936878573645885
2336,2336,p,p,0.9989737470167064
21133,21135,p,p,0.9742271717917612
55366,55368,e,e,0.0025623969379372207
55178,55180,e,e,0.00158915279078003
30981,30983,p,p,0.9506744613898607
52897,52899,e,e,0.006869412575813933
23650,23652,p,p,0.8667461778057663
58368,58514,e,e,0.028561835843194158
28889,28891,p,p,0.9941342076696604
24147,24149,e,e,0.013591198627305623
41343,41345,p,p,0.9991176470588234
27533,27535,p,p,0.9770491084860262
40848,40850,p,p,0.9972510229419644
20908,20910,p,p,0.9903130201901663
18070,18072,e,e,0.0196683550353477
2325,2325,p,p,0.9989737470167064
28398,28400,p,p,0.993588293096472
43841,43843,e,e,0.0
52469,52471,e,e,0.006238138609032301
17180,17182,p,p,0.9883078887854149
6663,6663,e,e,0.020563735956117303
33657,33659,e,e,0.03132279812062688
6027,6027,p,p,0.9581490952706652
42004,42006,p,p,0.9982324191669902
29679,29681,e,e,0.0947638620455607
27129,27131,e,e,0.007280079209139482
32709,32711,p,p,0.9839164580145592
57768,57806,p,p,0.9965885365436001
7355,7355,p,p,0.9837707101378279
41900,41902,p,p,0.9896614490587929
52002,52004,e,e,0.0014494509983815377
12102,12103,p,p,0.9796168142513254
15616,15618,p,p,0.99041974423444
10030,10031,p,p,0.9980417983842642
26244,26246,e,e,0.028552826445834584
6187,6187,p,p,0.9376698303347759
17674,17676,e,e,0.026508209703813436
48386,48388,e,e,0.05682891964707383
23787,23789,p,p,0.9529732985191963
4043,4043,p,p,0.9918837544266704
57624,57655,p,p,1.0
45140,45142,p,p,0.9881741150996316
35478,35480,p,p,0.9780513842352336
59317,59463,p,p,0.9992296072507553
59428,59574,p,p,0.9992296072507553
10238,10239,e,e,0.0049688713571791505
15878,15880,p,p,0.9948993674888598
20474,20476,e,e,0.059394111735552764
6331,6331,p,p,0.9665114519351673
34268,34270,p,p,0.9948531975160693
36902,36904,p,p,0.9712350961381349
6455,6455,e,e,0.01103082988638904
6931,6931,e,e,0.04531446282000058
5605,5605,e,e,0.014248619916362113
36082,36084,e,e,0.025115089314079374
57478,57508,p,p,0.9764958606332409
40411,40413,p,p,0.9765579986018232
17501,17503,e,e,0.004549281869431802
25015,25017,e,e,0.013306948345865427
54307,54309,p,p,0.9779619766594468
48057,48059,p,p,1.0
4297,4297,e,e,0.011538417170024528
8308,8308,p,p,0.9937754031960025
55264,55266,e,e,0.00158915279078003
3940,3940,p,p,0.9992307692307691
14860,14862,e,e,0.009337264537264538
22837,22839,p,p,0.9814448449776968
51928,51930,e,e,0.0071845078210309036
16480,16482,e,e,0.056539664080835286
30069,30071,p,p,0.9964286584762447
32777,32779,p,p,0.9948955715327389
18418,18420,p,p,0.9684283212193405
20529,20531,e,e,0.07468365534336732
44568,44570,p,p,0.9323893576738063
38587,38589,p,p,0.9866214783821478
55864,55866,e,e,0.026093957411292962
58345,58491,e,e,0.007107419945350114
50579,50581,e,e,0.03012184521110914
34578,34580,p,p,0.986521805558175
56574,56579,p,p,1.0
48923,48925,e,e,0.06030797275597094
60217,60363,e,e,0.002944456812935303
54191,54193,p,p,0.9900950991412738
13862,13864,p,p,0.9990900701365818
52832,52834,e,e,0.009582666462176797
43404,43406,p,p,0.9789107818961048
32933,32935,p,p,0.9965530953307251
36245,36247,e,e,0.01961870422433902
32228,32230,p,p,0.978571007316113
26120,26122,e,e,0.035045342175814
23494,23496,p,p,0.876766442076502
5062,5062,e,e,0.034612009135105516
55892,55894,e,e,0.043205096693038396
51785,51787,e,e,0.01684937246216316
35511,35513,p,p,0.9775719756756546
58388,58534,e,e,0.013565829337823056
16944,16946,p,p,0.9982830142427739
1870,1870,e,e,0.007424290134199021
38929,38931,p,p,0.9999095022624434
49818,49820,p,p,0.9915140995523248
32538,32540,p,p,0.9961798735232519
46936,46938,e,e,0.0021876172607879925
36145,36147,e,e,0.016532656349252293
1195,1195,e,e,0.01339180073184908
54983,54985,e,e,0.008013997171344317
42269,42271,e,e,0.001554207778379914
25583,25585,p,p,0.9999662731871838
42694,42696,e,e,0.026345338001038377
47802,47804,p,p,0.9997203579418344
52736,52738,e,e,0.0073524676029399815
23284,23286,p,p,0.9747860162230482
5334,5334,e,e,0.025368981175294673
58727,58873,p,p,0.9740499099186387
6215,6215,p,p,0.9720075308197434
40818,40820,p,p,0.9848062832318317
14752,14754,e,e,0.08528444493096521
21573,21575,e,e,0.04600840862185476
26651,26653,p,p,0.947911095639669
40185,40187,p,p,0.988878251990511
49780,49782,p,p,0.9415924799954111
28934,28936,p,p,0.974718400011736
51294,51296,e,e,0.03296263093399988
21048,21050,p,p,0.9894962122559834
37352,37354,p,p,1.0
37322,37324,p,p,0.9990878306118363
51174,51176,p,p,0.9694895857520016
37313,37315,p,p,0.999541786513263
19749,19751,p,p,0.9937816933481319
53280,53282,e,e,0.01149291647909819
30243,30245,p,p,0.9964286584762447
12879,12880,p,p,0.9896269919570767
53067,53069,e,e,0.01067386886005057
58839,58985,p,p,0.9998175186640128
31521,31523,e,e,0.030131782520058326
11273,11274,p,p,0.8845363458029921
15935,15937,e,e,0.009743815006544037
26339,26341,e,e,0.05249291817797947
13924,13926,p,p,0.9973529411764706
39258,39260,p,p,0.9950437128061961
44865,44867,p,p,0.9884898556970625
46782,46784,e,e,0.0021876172607879925
32256,32258,p,p,0.9944837144837144
1717,1717,p,p,1.0
38219,38221,p,p,0.9772038197327788
26968,26970,e,e,0.024565951642057816
32331,32333,p,p,0.9775862328220721
46025,46027,e,e,0.010228915942929538
27258,27260,p,p,0.996756294918832
38233,38235,p,p,0.9944388388278327
12196,12197,p,p,0.9926034650376805
32023,32025,p,p,0.995226294438251
30094,30096,p,p,0.9963020761977637
26071,26073,p,p,0.9533937055972201
28593,28595,p,p,0.969718400011736
23036,23038,p,p,0.9553716098462145
53104,53106,e,e,0.008672835886273737
49411,49413,e,e,0.023617455419649037
11443,11444,e,e,0.018456767531253387
46833,46835,e,e,0.01041488998806072
54577,54579,e,e,0.003656139790334709
56944,56974,e,e,0.006578550905785258
55193,55195,e,e,0.013582732148941805
35582,35584,p,p,0.9356989873415391
14138,14140,e,e,0.008346768667110357
615,615,p,p,0.9989620236872808
49992,49994,p,p,0.9915140995523248
31824,31826,p,p,0.995226294438251
24793,24795,e,e,0.012885248201589077
5010,5010,e,e,0.05593377133408332
33646,33648,e,e,0.037983789567332484
20434,20436,e,e,0.03373775418023511
8046,8046,p,p,0.9819012389869269
12591,12592,e,e,0.1275069424864978
51036,51038,p,p,0.9937950843584383
39653,39655,p,p,0.9812980470089444
40012,40014,p,p,0.9965016928865802
4965,4965,e,e,0.0194914381579223
42016,42018,e,e,0.02233386938919476
31848,31850,p,p,0.9997115977222805
38193,38195,p,p,0.9933233789452494
51622,51624,e,e,0.0014226053639846742
2233,2233,p,p,0.9989737470167064
36251,36253,e,e,0.0024284609946415947
46761,46763,e,e,0.0021876172607879925
15168,15170,e,e,0.0015384615384615385
7616,7616,p,p,0.9729384350911368
48231,48233,p,p,1.0
1744,1744,p,p,1.0
44077,44079,e,e,0.0009629206888517269
20175,20177,e,e,0.01919260641399148
11263,11264,p,p,0.9798943707577347
29786,29788,e,e,0.07328056478954735
20901,20903,p,p,0.9852503844120171
46396,46398,e,e,0.06954319227757226
50988,50990,p,p,0.9878229190853349
4211,4211,p,p,0.9941591747349008
33676,33678,e,e,0.049557287313203705
58003,58072,p,p,1.0
45815,45817,e,e,0.013172425660323455
4661,4661,e,e,0.014917192241762904
13121,13123,p,p,1.0
37447,37449,p,p,0.9999655172413793
6065,6065,p,p,0.9325900853588835
51245,51247,e,e,0.029635139506595198
12604,12605,e,e,0.035901692362190644
15185,15187,e,e,0.0009417782885747814
27803,27805,p,p,0.9766602883405748
54684,54686,e,e,0.003656139790334709
41264,41266,p,p,0.996038177135261
3718,3718,p,p,0.9953781512605042
7965,7965,p,p,0.9915463793689875
21674,21676,e,e,0.05035410541663908
11139,11140,p,p,0.9593388722627807
56906,56936,e,e,0.01573471656109007
44242,44244,p,p,0.9735632183908046
46361,46363,e,e,0.1490088092485567
52779,52781,e,e,0.006869412575813933
8361,8361,p,p,0.9738802801376835
47460,47462,p,p,0.999802095459837
42993,42995,e,e,0.007665175726849006
17673,17675,e,e,0.04198245493993925
6377,6377,e,e,0.02025020460298199
34937,34939,p,p,0.9980663856691254
30419,30421,e,e,0.023401588227772226
34890,34892,p,p,0.9988356164383562
44968,44970,p,p,0.9962286079747003
35917,35919,p,p,0.9924809254659129
56789,56817,p,p,0.9997142857142858
28925,28927,p,p,0.9765874192819317
56420,56422,p,p,0.989355126756483
21232,21234,e,e,0.03341284588183965
27091,27093,e,e,0.01764293830359975
7559,7559,p,p,0.9735099253246855
52328,52330,e,e,0.00636588467776279
60545,60691,e,e,0.023879836209814254
26975,26977,e,e,0.010645501995959648
10809,10810,p,p,0.9844116343641146
11832,11833,e,e,0.02168141575693063
52702,52704,e,e,0.0068838010650225665
50882,50884,p,p,0.9816814688035744
8918,8918,p,p,0.9945029896983663
11162,11163,p,p,0.9645396485507131
51253,51255,e,e,0.0128994077469343
2484,2484,e,e,0.00020674259912229523
59372,59518,p,p,0.9992296072507553
29771,29773,e,e,0.13573905743908837
53434,53436,p,p,0.9792754927422815
36187,36189,e,e,0.02385478207921636
1330,1330,e,e,0.00402394959187266
55878,55880,e,e,0.02028898189996438
35071,35073,e,e,0.023309130319885577
21336,21338,e,e,0.025833501937855368
6536,6536,e,e,0.01279100868339003
14732,14734,e,e,0.03448224569249938
29227,29229,p,p,0.9501796534949566
19153,19155,p,p,0.9887400300488837
32096,32098,p,p,0.9946548658668223
31914,31916,p,p,0.9986688169736173
3370,3370,e,e,0.009375010224719517
43507,43509,e,e,0.011511741270777415
44407,44409,p,p,0.9998461538461538
17107,17109,p,p,0.9923304246527566
11094,11095,p,p,0.9645396485507131
44791,44793,p,p,0.9768454863862043
53198,53200,e,e,0.0015698055832434332
36990,36992,p,p,0.9903102809194264
22647,22649,p,p,0.9814448449776968
4245,4245,e,e,0.02351956789418248
21607,21609,e,e,0.03247783618890722
15664,15666,p,p,0.989182698594312
45362,45364,e,e,0.028695841940423045
60907,61053,p,p,0.9936745806905394
20464,20466,e,e,0.01636306925117688
59497,59643,p,p,0.9992296072507553
58600,58746,p,p,0.9531930000881725
53305,53307,p,p,0.9910814573562543
27255,27257,p,p,0.9919129896033231
21199,21201,e,e,0.007285835651382192
8096,8096,p,p,0.9855926882852917
1972,1972,e,e,0.006125893071399149
41625,41627,p,p,0.9994964122635355
1505,1505,p,p,0.9971830985915493
54035,54037,p,p,0.9976335028607756
3973,3973,p,p,1.0
17354,17356,e,e,0.015435597192808166
41863,41865,p,p,0.9979060517779295
56073,56075,e,e,0.030475224300131668
50869,50871,p,p,0.9935950843584382
11710,11711,e,e,0.015215651387227363
30699,30701,e,e,0.024581660678821934
17980,17982,e,e,0.06011885101195636
58144,58290,e,e,0.020831417398812887
47306,47308,p,p,0.999802095459837
28271,28273,p,p,0.9947058823529411
44185,44187,p,p,0.9611608332104735
45565,45567,e,e,0.0013349557634294118
3294,3294,e,e,0.01531174988408691
13838,13840,p,p,0.9841463414634147
4485,4485,e,e,0.005507191717551369
47683,47685,p,p,0.9897203579418344
18232,18234,e,e,0.035247390860021016
39122,39124,p,p,0.99984375
26467,26469,e,e,0.031811187442456805
25923,25925,p,p,0.9722489105824557
8767,8767,e,e,0.0013231099986292971
26413,26415,e,e,0.06291738766609345
31893,31895,p,p,0.9940587894963078
60909,61055,p,p,0.9992083375497441
33561,33563,e,e,0.034619359224565924
31713,31715,e,e,0.01793236193567414
3899,3899,p,p,0.9995238095238095
37889,37891,p,p,0.998108108108108
2618,2618,e,e,0.0020460829493087556
47469,47471,p,p,0.989802095459837
22708,22710,p,p,0.9814448449776968
39196,39198,p,p,0.9958976027492702
26472,26474,e,e,0.03910143020734827
57204,57234,p,p,0.9955425831821303
39368,39370,p,p,0.9506463860675268
21000,21002,p,p,0.9776422460107128
36652,36654,p,p,1.0
17308,17310,e,e,0.005227695446847631
41918,41920,p,p,0.9982982086406744
52220,52222,e,e,0.0018400759983815376
23721,23723,p,p,0.8950116445823015
18236,18238,e,e,0.003199884220616426
21105,21107,p,p,0.9674579134514092
35734,35736,p,p,0.9993343870741132
13615,13617,p,p,0.9989686244609887
27075,27077,e,e,0.01771852229755818
33583,33585,e,e,0.04407916463913703
56664,56674,p,p,0.9997142857142858
57835,57877,p,p,0.9972190784155214
48700,48702,e,e,0.043242986807932426
28358,28360,p,p,0.9843975158469108
9018,9018,p,p,0.988200671623709
12227,12228,p,p,0.9753558435350804
51088,51090,p,p,0.9914266633058066
17020,17022,p,p,0.9977602811320623
28309,28311,p,p,0.9528807639020493
28592,28594,p,p,1.0
7615,7615,p,p,0.9987198348494869
28696,28698,p,p,0.9570383331153997
19319,19321,p,p,0.984406509866783
13929,13931,p,p,0.9997619047619049
45753,45755,e,e,0.003781728326625215
35403,35405,p,p,0.9575980659673198
46626,46628,e,e,0.002486994355363509
14538,14540,e,e,0.01555021288983553
8345,8345,p,p,0.9463153292068438
13830,13832,p,p,0.9957567368032484
44313,44315,p,p,1.0
28,28,p,p,0.9999882766705744
46988,46990,p,p,0.9996954412499107
6634,6634,e,e,0.018680672774317727
55251,55253,e,e,0.018404152044978198
13182,13184,p,p,0.9991323761627368
30825,30827,p,p,0.9956906468114759
15930,15932,e,e,0.0166864969117905
13366,13368,p,p,0.9994549568078981
21001,21003,p,p,0.9690654943212929
26126,26128,e,e,0.0832642852142018
8743,8743,e,e,0.0013231099986292971
22038,22040,e,e,0.07092635302494368
58109,58255,e,e,0.007563272550456451
37991,37993,p,p,0.998108108108108
43918,43920,e,e,0.003912760421933661
23227,23229,p,p,0.9784035355330044
7186,7186,p,p,0.9533949141204096
38072,38074,p,p,0.998108108108108
30955,30957,p,p,0.9481429350427044
41235,41237,p,p,0.9923822263222633
44533,44535,p,p,0.9766916402323581
5574,5574,e,e,0.013177471966550154
57457,57487,p,p,0.9955273392796913
7277,7277,p,p,0.9364012116412647
31332,31334,e,e,0.012029908077814115
50894,50896,p,p,0.9794886788096828
30679,30681,e,e,0.012319528032776104
1114,1114,e,e,0.0016348401916902395
27742,27744,p,p,0.9969159340284877
9346,9346,e,e,0.0032452720137812947
44793,44795,p,p,0.9319184262608553
56593,56599,p,p,1.0
55517,55519,e,e,0.013592002691653957
41178,41180,p,p,0.9996122498337263
22962,22964,p,p,0.9790979799774489
28670,28672,p,p,0.9890434082053045
46783,46785,e,e,0.01041488998806072
36621,36623,p,p,1.0
4013,4013,p,p,0.9999425287356323
45228,45230,e,e,0.018119335848345602
36364,36366,p,p,0.99
55948,55950,e,e,0.029045802827167212
14042,14044,p,p,0.9990900701365818
58196,58342,e,e,0.020831417398812887
4823,4823,e,e,0.01901095474098419
41657,41659,p,p,0.9881670881565373
39399,39401,p,p,0.9450972617886049
35445,35447,p,p,0.9616669290726293
20687,20689,e,e,0.12611368015408594
34147,34149,p,p,0.9852818550402926
57702,57735,p,p,1.0
20243,20245,e,e,0.04647075229303695
25802,25804,p,p,0.9722489105824557
16096,16098,e,e,0.009600874563572335
60114,60260,p,p,0.996216302050885
5083,5083,e,e,0.02468575770854005
34039,34041,p,p,0.965473559433876
33031,33033,p,p,0.9994988317648337
9716,9716,p,p,0.9928334777704412
3782,3782,p,p,1.0
54977,54979,e,e,0.03790578183984152
48848,48850,e,e,0.04395937823022524
25316,25318,e,e,0.0073413058105533
27462,27464,p,p,0.9969955034213097
47739,47741,p,p,1.0
57886,57929,p,p,1.0
27345,27347,p,p,0.9944176410431447
11808,11809,e,e,0.02045919353470841
59659,59805,p,p,0.9932162475817133
48760,48762,e,e,0.04395937823022524
58575,58721,p,p,0.9631760421787399
4187,4187,p,p,0.9984647302904563
38887,38889,p,p,0.99984375
14205,14207,e,e,0.005084047348795187
18137,18139,e,e,0.006494779905814021
8599,8599,e,e,0.0009992270578726948
7504,7504,p,p,0.9983612296630924
39919,39921,p,p,0.996177017561905
25252,25254,e,e,0.022157302770895112
36954,36956,p,p,0.9900049374079761
1211,1211,e,e,0.003752670894712746
33250,33252,p,p,0.9329434421457199
23440,23442,p,p,0.9642632795755476
28188,28190,p,p,0.9887125811423049
28735,28737,p,p,0.9888624127301914
42388,42390,e,e,0.01983267689614247
15580,15582,p,p,1.0
21170,21172,p,p,0.9945601627981947
22853,22855,p,p,0.9357887879314607
3392,3392,e,e,0.02074726740587409
51648,51650,e,e,0.0010777777777777778
35534,35536,p,p,0.9829991067952464
55842,55844,e,e,0.03324490360042321
22890,22892,p,p,0.9493055579678655
6420,6420,e,e,0.020163965058282392
5081,5081,e,e,0.05157842672136579
49873,49875,p,p,1.0
33998,34000,p,p,0.9688068927672094
26751,26753,p,p,0.8180473443537527
27808,27810,p,p,0.9536819971513444
28354,28356,p,p,0.9950123793351737
33811,33813,e,e,0.046198289887346686
7633,7633,p,p,0.9747683832173436
51377,51379,e,e,0.01654107558866746
54323,54325,p,p,0.9435409107250757
43602,43604,e,e,0.014508858982859738
54263,54265,p,p,0.9542068777443795
11108,11109,p,p,0.9799566188180273
6586,6586,e,e,0.01614824233354771
52309,52311,e,e,0.006443404057607751
31814,31816,p,p,0.995226294438251
2083,2083,e,e,0.007424290134199021
19600,19602,p,p,0.9622932253298079
18010,18012,e,e,0.00708867551855012
48494,48496,e,e,0.024473574287306222
56880,56910,e,e,0.015086165717541716
46593,46595,e,e,0.11839202797651557
51767,51769,e,e,0.0010777777777777778
29586,29588,p,p,0.9856168859428736
21537,21539,e,e,0.06225433698661938
53269,53271,e,e,0.004702461642277217
59974,60120,p,p,0.9968614633412075
864,864,p,p,0.9755693415505488
8321,8321,p,p,0.934312414266604
13439,13441,p,p,0.9990498427000332
45981,45983,e,e,0.012864543433940579
27750,27752,p,p,0.9891666666666665
5695,5695,e,e,0.004040662058029425
16292,16294,e,e,0.05292163438678637
54445,54447,e,e,0.0038435144266033196
14328,14330,e,e,0.009961137370680767
49457,49459,e,e,0.019039026946930698
5862,5862,e,e,0.004837621882719849
54713,54715,e,e,0.01868375506658696
60362,60508,e,e,0.03670826055896271
4807,4807,e,e,0.033321551475263125
15338,15340,e,e,0.010616971190154176
45113,45115,p,p,0.9876107348179416
55118,55120,e,e,0.005301402225668147
58400,58546,e,e,0.020831417398812887
5738,5738,e,e,0.0029279394986906726
50108,50110,p,p,0.9915140995523248
23761,23763,p,p,0.8765659840639745
4369,4369,e,e,0.002836391737210014
37085,37087,p,p,0.9860416666666666
48927,48929,e,e,0.04395937823022524
29965,29967,e,e,0.11262112322414156
43849,43851,e,e,0.0003135313531353135
41113,41115,p,p,0.9955856576948122
23810,23812,p,p,0.9676762111405556
24332,24334,e,e,0.01222897693296819
5258,5258,e,e,0.02948556227472633
41618,41620,p,p,0.999972602739726
27182,27184,p,p,0.9851072962155585
53852,53854,p,p,0.9989281929656354
56844,56874,e,e,0.008876994608679224
8410,8410,p,p,0.9843185460586342
53772,53774,p,p,0.9901754267306991
57297,57327,p,p,0.990682653885392
21101,21103,p,p,0.9569036186543483
38943,38945,p,p,0.99984375
57349,57379,p,p,0.9931971418240237
9999,10000,p,p,0.979715557526379
28265,28267,p,p,0.989718261688115
18391,18393,p,p,0.9837540404594479
35165,35167,e,e,0.014926111740728052
49173,49175,e,e,0.012862580747718315
16341,16343,e,e,0.059310423225810184
6178,6178,p,p,0.8777531788821272
2283,2283,p,p,0.9989737470167064
43083,43085,p,p,0.9895773938723491
32717,32719,p,p,0.9827263972079316
31076,31078,e,e,0.0027456730438976938
26658,26660,p,p,0.7923276470951222
35688,35690,p,p,0.9958022618831108
59673,59819,p,p,0.9965245278505693
1691,1691,p,p,0.99
13131,13133,p,p,0.9942478614011769
15765,15767,p,p,0.9995710650672485
12885,12886,p,p,0.9885423901495932
45398,45400,e,e,0.022022185821475276
18893,18895,e,e,0.07558369956381665
40549,40551,p,p,0.9933472521449289
2778,2778,e,e,0.02208494592954415
483,483,p,p,0.9999882766705744
11669,11670,e,e,0.026064262079187453
58371,58517,e,e,0.10120521399649272
27394,27396,p,p,0.9788673043241353
28366,28368,p,p,0.9744080159301776
12524,12525,e,e,0.019262617806624246
53462,53464,p,p,0.9922646529060217
51987,51989,e,e,0.0015275759983815376
56195,56197,p,p,0.9808105639103897
43289,43291,p,p,0.9925188900485737
56658,56667,p,p,1.0
8290,8290,p,p,0.9599502431999604
28586,28588,p,p,0.9829081961033925
8606,8606,e,e,0.0009992270578726948
10025,10026,p,p,0.99460954599231
59579,59725,p,p,0.9959274054893044
48501,48503,e,e,0.028814324723606392
16167,16169,e,e,0.01676775982608848
56489,56491,p,p,1.0
56709,56725,p,p,1.0
17088,17090,p,p,0.9953169501014179
53905,53907,p,p,0.9908261520680343
55570,55572,e,e,0.014783060504194721
3844,3844,p,p,0.9921712490180675
16443,16445,e,e,0.06202614804724625
52533,52535,e,e,0.00636588467776279
60478,60624,e,e,0.0037259856394960284
8232,8232,p,p,0.9313293912294014
5188,5188,e,e,0.058825992982642815
48618,48620,e,e,0.023606732298267215
1776,1776,e,e,0.006283125775801663
36875,36877,p,p,0.988048457168319
28675,28677,p,p,0.9992836757990866
60334,60480,e,e,0.0037259856394960284
45395,45397,e,e,0.0335523179707893
32622,32624,p,p,0.9998224852071006
34307,34309,p,p,0.9834878405251045
23570,23572,p,p,0.9804986277540622
18235,18237,e,e,0.005199884220616426
2156,2156,p,p,0.9989737470167064
59873,60019,p,p,0.9996946080793323
11978,11979,e,e,0.06492273592630879
20046,20048,p,p,0.9982727685668863
10420,10421,e,e,0.025733550974245997
49166,49168,e,e,0.018192910697922015
12803,12804,p,p,0.9827218887760517
6500,6500,e,e,0.018868508194711288
13577,13579,p,p,0.9990100020625827
58141,58287,e,e,0.007563272550456451
3657,3657,p,p,1.0
30206,30208,p,p,0.9963020761977637
35231,35233,e,e,0.02027060825323844
26614,26616,p,p,0.9570584325867738
13918,13920,p,p,0.9985294117647059
7657,7657,p,p,0.9262823936286009
17678,17680,e,e,0.035502472898592895
52706,52708,e,e,0.010249333128843463
20278,20280,e,e,0.008083312247807692
49719,49721,e,e,0.01237236028026403
42976,42978,e,e,0.008228829759890794
25943,25945,p,p,0.9356836489730899
58883,59029,p,p,0.996644652143225
25846,25848,p,p,0.9716136349474088
22869,22871,p,p,0.9710946102359128
6857,6857,e,e,0.07660207519188326
34689,34691,p,p,0.9981685120943274
10066,10067,p,p,0.9805664160947605
55734,55736,e,e,0.014811542454074046
49510,49512,e,e,0.01674479471322964
10098,10099,p,p,0.9931268262216025
47606,47608,p,p,1.0
20820,20822,e,e,0.06303840659277386
4995,4995,e,e,0.040703375119571596
52592,52594,e,e,0.007554515168718863
17516,17518,e,e,0.015883484107371827
55801,55803,e,e,0.059240846506210774
38980,38982,p,p,1.0
21597,21599,e,e,0.035238047247701215
47836,47838,p,p,0.9997203579418344
37079,37081,p,p,0.9775966178812702
9568,9568,p,p,0.994654303168494
15351,15353,e,e,0.015176878958173174
29416,29418,p,p,0.9817515622100685
49210,49212,e,e,0.013790936201062002
52191,52193,e,e,0.0013331719286140957
60249,60395,e,e,0.04652886309285892
29907,29909,e,e,0.05170743799443204
425,425,p,p,0.9989620236872808
19668,19670,p,p,0.981901025943251
55204,55206,e,e,0.00158915279078003
10119,10120,p,p,0.979701074908225
39359,39361,p,p,0.9590028554163798
23463,23465,p,p,0.930556327622277
29127,29129,p,p,0.9976394060434636
45163,45165,p,p,0.9961264892812111
14702,14704,e,e,0.04152540787932512
259,259,p,p,0.9699882766705744
35958,35960,p,p,0.9971135375184238
48260,48262,p,p,1.0
37583,37585,p,p,0.9996432622328376
41162,41164,p,p,0.969615880329894
15556,15558,p,p,0.9902808553455512
21103,21105,p,p,0.968579647426879
19652,19654,p,p,0.9910394767781304
52483,52485,e,e,0.006443404057607751
19988,19990,p,p,0.970797081359699
2082,2082,e,e,0.01352362144049082
28108,28110,p,p,0.9837424159299648
2200,2200,p,p,0.9989737470167064
45030,45032,p,p,0.986526167211635
34257,34259,p,p,0.9939829866458584
48691,48693,e,e,0.03680600494248887
57158,57188,p,p,0.990706073089139
39807,39809,p,p,0.9557051054577741
5282,5282,e,e,0.03768686857334124
10632,10633,p,p,0.9922769435876188
41036,41038,p,p,0.9797692307692307
40684,40686,p,p,0.9900619793435933
38840,38842,p,p,1.0
23038,23040,p,p,0.9781471252765942
59743,59889,p,p,0.9779783226723525
52176,52178,e,e,0.0034007394961816633
21328,21330,e,e,0.024578259415674247
14823,14825,e,e,0.07069313589989615
21825,21827,e,e,0.036154051697259354
24412,24414,e,e,0.034554035778585714
59646,59792,p,p,0.9882686662099834
26051,26053,p,p,0.9536857817736076
44253,44255,p,p,0.9985377426312005
29393,29395,p,p,0.9512316897774317
12048,12049,p,p,0.9893724486006293
20509,20511,e,e,0.054604985170716054
8424,8424,p,p,0.9870294088526415
6434,6434,e,e,0.020563735956117303
57780,57818,p,p,1.0
17812,17814,e,e,0.041581155154617286
1904,1904,e,e,0.007424290134199021
20710,20712,e,e,0.05207720165640177
22418,22420,e,e,0.044802658855959986
16824,16826,e,e,0.07559370294220984
48915,48917,e,e,0.02052148805255836
51540,51542,e,e,0.001847008547008547
40998,41000,p,p,0.99
8045,8045,p,p,0.9958486913730188
40548,40550,p,p,0.9774467013408266
24803,24805,e,e,0.013578216621024602
34386,34388,p,p,0.9871187058538625
7242,7242,p,p,0.9551961512501788
4564,4564,e,e,0.00960609219462431
56400,56402,p,p,0.9673294399652416
16677,16679,e,e,0.05730677932479243
16158,16160,e,e,0.017659350729085005
9808,9808,p,p,0.994654303168494
26884,26886,e,e,0.018523807642732724
26668,26670,p,p,0.8034226209500898
41958,41960,p,p,0.9982324191669902
59628,59774,p,p,0.9965245278505693
33700,33702,e,e,0.037023649996464646
19610,19612,p,p,0.9824105246971071
33813,33815,e,e,0.04650966826558465
50078,50080,p,p,0.9915140995523248
24693,24695,e,e,0.025071495734612127
60836,60982,p,p,0.9972666929874099
767,767,p,p,0.9552608586191894
37870,37872,p,p,0.997894959665506
53951,53953,p,p,0.9981543061092055
27875,27877,p,p,0.9962148270174176
27995,27997,p,p,0.9682346340610208
45467,45469,e,e,0.01756536521309315
11439,11440,e,e,0.030258490190312116
21549,21551,e,e,0.055798951221767396
45491,45493,e,e,0.028695841940423045
49332,49334,e,e,0.005620598389040799
20990,20992,p,p,0.9305489466312228
30599,30601,e,e,0.012319528032776104
22493,22495,e,e,0.10144383319809651
42894,42896,e,e,0.0006377281071158622
32232,32234,p,p,0.9651389526838835
49612,49614,e,e,0.012894176508085388
38700,38702,p,p,0.9853146124328842
54582,54584,e,e,0.0038435144266033196
22367,22369,e,e,0.0494168571825955
31291,31293,e,e,0.012622931333628068
60638,60784,p,p,0.9084298961164309
27637,27639,p,p,0.983755364275388
6469,6469,e,e,0.02025020460298199
10639,10640,p,p,0.9545593536554559
50764,50766,e,e,0.04050013864147208
6043,6043,p,p,0.9382068907756365
11675,11676,e,e,0.08298331026126585
39904,39906,p,p,0.9890217391304348
45711,45713,e,e,0.04014797200029751
49047,49049,e,e,0.021607787503151062
42481,42483,e,e,0.017177932718736178
40807,40809,p,p,0.996496182591524
31790,31792,p,p,0.995226294438251
57902,57949,p,p,1.0
40156,40158,p,p,0.988221137515849
13346,13348,p,p,1.0
5885,5885,e,e,0.016762119440292517
36333,36335,e,e,0.0071239515093878
14346,14348,e,e,0.007842845002759564
28216,28218,p,p,0.9782818650226157
49312,49314,e,e,0.006194127800805503
43120,43122,p,p,0.9957378369780797
31061,31063,p,p,0.9557474767824354
22100,22102,e,e,0.03679732169271771
876,876,p,p,0.979149346478697
51150,51152,p,p,0.9905001886732407
2121,2121,p,p,0.9989737470167064
38322,38324,p,p,0.9830375512186842
34816,34818,p,p,0.9981685120943274
52032,52034,e,e,0.0013331719286140957
19838,19840,p,p,0.9978224585996267
52447,52449,e,e,0.006027285895854007
52440,52442,e,e,0.00636588467776279
56310,56312,p,p,0.985942258315523
35429,35431,p,p,0.9546821478424454
57321,57351,p,p,0.9862582924922262
3966,3966,p,p,0.9948765432098764
40767,40769,p,p,0.9792179501856318
29427,29429,p,p,0.9917987944478317
46587,46589,e,e,0.08355527262142308
57575,57606,p,p,1.0
52337,52339,e,e,0.00636588467776279
46976,46978,p,p,0.9996954412499107
3588,3588,p,p,1.0
28891,28893,p,p,0.87927865745221
964,964,p,p,0.979149346478697
36970,36972,p,p,0.9725706151355991
40860,40862,p,p,0.9902111741469517
54973,54975,e,e,0.02049762384690492
8696,8696,e,e,0.0009240390879478827
46116,46118,e,e,0.04330997252511736
32584,32586,p,p,0.9949926589113797
48100,48102,p,p,0.9994444444444445
12636,12637,e,e,0.0060697945303508204
34279,34281,p,p,0.9927561332080314
32068,32070,p,p,0.9996835221883892
34634,34636,p,p,0.9978780939168683
25559,25561,p,p,0.9988008596533493
3017,3017,e,e,0.00218214244545868
48267,48269,p,p,0.9994444444444445
36272,36274,e,e,0.008847708663701716
21579,21581,e,e,0.033199410151828423
19131,19133,p,p,0.9919047315791605
45244,45246,e,e,0.00713947713973601
42336,42338,e,e,0.02412798703625358
55990,55992,e,e,0.025560279926839215
40338,40340,p,p,0.970677799527806
33219,33221,p,p,0.9220264137282704
52874,52876,e,e,0.0068838010650225665
23861,23863,p,p,0.8424679404535091
35601,35603,p,p,0.9992187471608333
16111,16113,e,e,0.0166864969117905
16101,16103,e,e,0.010727645924777467
60917,61063,p,p,0.8572978686697027
33224,33226,p,p,0.92097634525052
60807,60953,p,p,0.9724471773940928
37727,37729,p,p,0.9999655172413793
49316,49318,e,e,0.012237171677167513
44462,44464,p,p,0.99
39021,39023,p,p,0.9999095022624434
7737,7737,p,p,0.9902300654374369
30293,30295,p,p,0.9991797501793016
53934,53936,p,p,0.9981543061092055
54443,54445,e,e,0.003575979469693426
5361,5361,e,e,0.016639903628827467
48653,48655,e,e,0.028140240953972887
49784,49786,p,p,0.9992857142857143
24188,24190,e,e,0.01597466479265929
21926,21928,e,e,0.09183984309068997
6791,6791,e,e,0.05557246555009393
47893,47895,p,p,0.9996774193548387
53836,53838,p,p,1.0
53455,53457,p,p,0.9927408433822121
16714,16716,e,e,0.06722676452604195
41104,41106,p,p,0.9696845654590883
34004,34006,p,p,0.9392080783555404
27845,27847,p,p,0.9998302565569943
13666,13668,p,p,0.9836556586774345
57071,57101,e,e,0.03512064752773089
53693,53695,p,p,0.9989281929656354
50645,50647,e,e,0.18542593531107315
53652,53654,p,p,0.9788767326522823
20508,20510,e,e,0.06433840959442783
11991,11992,e,e,0.035426198311813525
55851,55853,e,e,0.020319469704842427
55975,55977,e,e,0.03260297223320876
16190,16192,e,e,0.010647485604136184
23679,23681,p,p,0.9251815654566031
25030,25032,e,e,0.009850594101463899
12629,12630,e,e,0.02978035770747678
43651,43653,e,e,0.02034219231619307
9420,9420,e,e,0.00044123740105102944
59872,60018,p,p,0.9993478260869566
14378,14380,e,e,0.01334387022312188
6106,6106,p,p,0.9196141646483657
12871,12872,p,p,0.9881670225661301
58131,58277,e,e,0.007196972184156084
1249,1249,e,e,0.009052670894712747
27739,27741,p,p,0.9950093794654645
29599,29601,p,p,0.9808884934724488
14734,14736,e,e,0.03656885553952214
2765,2765,e,e,0.011400577890711921
27136,27138,e,e,0.021128588846413412
50798,50800,e,e,0.008807497870396568
18283,18285,e,e,0.05100277725611431
29697,29699,e,e,0.2946545824841713
52668,52670,e,e,0.0073524676029399815
56405,56407,p,p,0.9798875886059245
23312,23314,p,p,0.9762603210836953
47697,47699,p,p,0.9994787438581499
3065,3065,e,e,0.03222937314444306
24230,24232,e,e,0.0065101113057358575
19581,19583,p,p,0.9917221695386078
55927,55929,e,e,0.031325123346436376
28294,28296,p,p,0.9833525851091646
47370,47372,p,p,0.999802095459837
48005,48007,p,p,0.999802095459837
3804,3804,p,p,0.9993406593406593
19539,19541,p,p,0.9979757657139203
15075,15077,e,e,0.0005930232558139535
18590,18592,p,p,0.984321134104517
2399,2399,p,p,0.9989737470167064
58812,58958,p,p,0.9962370166752447
23708,23710,p,p,0.8093795691474854
16672,16674,e,e,0.07220020209737818
19036,19038,e,e,0.01995855363405903
32656,32658,p,p,0.9995936342708438
56209,56211,p,p,0.989355126756483
39815,39817,p,p,0.9887784623410638
29030,29032,p,p,0.8959654420031601
37544,37546,p,p,0.9999655172413793
1266,1266,e,e,0.011364773704822053
20846,20848,p,p,0.9792843526792301
25675,25677,p,p,0.9999662731871838
20905,20907,p,p,0.956139305579848
36408,36410,p,p,0.9866666666666666
22012,22014,e,e,0.05526594685299638
19192,19194,p,p,0.9877780233294398
44511,44513,p,p,0.9341217817907189
27809,27811,p,p,0.9733491446989713
5649,5649,e,e,0.009464791172337029
16884,16886,e,e,0.08909237304799256
57506,57536,p,p,0.9826826538853921
8479,8479,e,e,0.0009992270578726948
10711,10712,p,p,0.9977013103442719
15109,15111,e,e,0.00726969696969697
23824,23826,p,p,0.8453924454097178
30064,30066,p,p,0.9967512391214061
53118,53120,e,e,0.003295487274858356
8965,8965,p,p,0.9980704646656924
54459,54461,e,e,0.003656139790334709
45350,45352,e,e,0.025121645377126658
32007,32009,p,p,0.9993154304106904
58155,58301,e,e,0.007563272550456451
2044,2044,e,e,0.00365697711480844
22788,22790,p,p,0.9357887879314607
27813,27815,p,p,0.9701296666729301
36526,36528,p,p,1.0
24422,24424,e,e,0.018779085758418787
38581,38583,p,p,0.9999363732767762
42289,42291,e,e,0.018650207083304882
23142,23144,p,p,0.9747860162230482
10397,10398,e,e,4.807692307692308e-05
37179,37181,p,p,0.9997203579418344
44346,44348,p,p,0.9998461538461538
30897,30899,p,p,0.9449253446595288
35543,35545,p,p,0.9803722431650885
53977,53979,p,p,0.9981543061092055
34544,34546,p,p,0.9946330162374938
26260,26262,e,e,0.03509675311878946
18621,18623,p,p,0.9837540404594479
34658,34660,p,p,0.9983472937207342
12259,12260,p,p,0.9722848076991139
15980,15982,e,e,0.01676775982608848
37361,37363,p,p,0.9985714285714287
35499,35501,p,p,0.9741102179063575
5906,5906,e,e,0.004837621882719849
3982,3982,p,p,0.9941591747349008
29260,29262,p,p,0.9973662752821117
18965,18967,e,e,0.02495485923725386
54863,54865,e,e,0.013256221799110061
13429,13431,p,p,0.9990100020625827
54936,54938,e,e,0.028503054273225078
41768,41770,p,p,0.9979060517779295
20580,20582,e,e,0.03601391619071964
2684,2684,e,e,0.004484376729697603
42137,42139,e,e,0.005145273719896918
25843,25845,p,p,0.9716136349474088
56696,56711,p,p,1.0
40284,40286,p,p,0.9767893787950653
7250,7250,p,p,0.9732342763134454
6959,6959,e,e,0.08873770600319039
2384,2384,p,p,0.9989737470167064
28484,28486,p,p,0.9830381445192963
46448,46450,e,e,0.08555968184675733
59640,59786,p,p,0.9963140015347798
22510,22512,e,e,0.05146680695386945
41574,41576,p,p,0.9999089760165023
1185,1185,e,e,0.003948245387448376
21632,21634,e,e,0.05231136716234033
685,685,p,p,0.9999882766705744
56611,56618,p,p,0.9997142857142858
57849,57891,p,p,1.0
12301,12302,p,p,0.9774004941727891
23934,23936,p,p,0.9644891190448339
43308,43310,p,p,0.9957378369780797
19532,19534,p,p,0.9955659919296455
8938,8938,p,p,0.9930180040957336
14915,14917,e,e,0.0022342342342342343
52107,52109,e,e,0.008400739496181663
41194,41196,p,p,0.9969527089783281
23423,23425,p,p,0.978802378825467
55289,55291,e,e,0.0047131669315504995
48854,48856,e,e,0.027944574500230964
17457,17459,e,e,0.014232270967086813
20611,20613,e,e,0.04547924868837546
58824,58970,p,p,0.9998175186640128
6328,6328,p,p,0.9850908324460268
32840,32842,p,p,0.9999095022624434
17726,17728,e,e,0.0633761317034864
24787,24789,e,e,0.014258956314463854
53954,53956,p,p,0.9981351306537886
58538,58684,p,p,0.9531930000881725
29316,29318,p,p,0.9875188392523175
42663,42665,e,e,0.016557723505804613
9251,9251,e,e,0.006923255896821644
16976,16978,p,p,0.9982139197983877
29784,29786,e,e,0.04124636919363184
39769,39771,p,p,0.9819199917952993
16403,16405,e,e,0.056839229723328624
32829,32831,p,p,0.9901509410611262
22164,22166,e,e,0.07864678632892966
57323,57353,p,p,0.99565784292239
9188,9188,e,e,0.002233214983719646
33386,33388,p,p,0.9223103974985214
3560,3560,p,p,0.9934511533242876
9035,9035,p,p,0.9958819200724556
2610,2610,e,e,0.012172665227789769
5039,5039,e,e,0.021757915745047932
37900,37902,p,p,0.997894959665506
17191,17193,p,p,0.9981383972599912
56365,56367,p,p,0.9972155950359017
40134,40136,p,p,0.9831685583137195
12249,12250,p,p,0.9761016335358488
22714,22716,p,p,0.9739115116443635
355,355,p,p,0.9891703570206141
32461,32463,p,p,0.9932189807639118
26011,26013,p,p,0.9793482919643046
38583,38585,p,p,0.9953554208958237
19318,19320,p,p,0.987466842147939
31664,31666,e,e,0.030131782520058326
36600,36602,p,p,1.0
17014,17016,p,p,0.9890290665439978
24030,24032,e,e,0.01597466479265929
33375,33377,p,p,0.9484782971198115
36672,36674,p,p,1.0
51856,51858,e,e,0.0018493724621631597
29689,29691,e,e,0.02402148380972506
34754,34756,p,p,0.9980663856691254
28067,28069,p,p,0.9853385211006604
52108,52110,e,e,0.0014112969286140958
42161,42163,e,e,0.020939040994510195
11040,11041,p,p,0.960111120611547
41257,41259,p,p,0.9963235294117646
38357,38359,p,p,0.9562098128596319
29280,29282,p,p,0.9975679774720351
30617,30619,e,e,0.012319528032776104
25880,25882,p,p,0.9722489105824557
10878,10879,p,p,0.9987948007304759
45698,45700,e,e,0.004508640303537191
35739,35741,p,p,0.9736908752451039
55383,55385,e,e,0.0007521697203471553
55893,55895,e,e,0.026767166198320435
12536,12537,e,e,0.04947089993152
13474,13476,p,p,0.9989336904568594
40457,40459,p,p,0.9867467241935763
51569,51571,e,e,0.0014287629994526546
55661,55663,e,e,0.013750732850384115
20888,20890,p,p,0.9256525519355085
7873,7873,p,p,0.9781643388278476
4663,4663,e,e,0.036243501714379234
24638,24640,e,e,0.02993071325517033
21026,21028,p,p,0.9449127924101769
49377,49379,e,e,0.013617455419649037
15968,15970,e,e,0.006515280299953899
51375,51377,e,e,0.02022746678755024
25154,25156,e,e,0.007118903924259591
48385,48387,e,e,0.023606732298267215
46036,46038,e,e,0.007594022594281464
20417,20419,e,e,0.011059691729077024
45177,45179,p,p,0.9878305150377219
47957,47959,p,p,1.0
17803,17805,e,e,0.056089503383472364
36167,36169,e,e,0.02385478207921636
18689,18691,p,p,0.9690812992300887
1011,1011,p,p,0.9792981179623967
34566,34568,p,p,0.982417548923311
12345,12346,p,p,0.9841426463704589
47903,47905,p,p,0.9994795148146757
41520,41522,p,p,0.999972602739726
9625,9625,p,p,0.99092890872793
44734,44736,p,p,0.9742929638882917
8227,8227,p,p,0.9548627404050956
59827,59973,p,p,0.9963140015347798
3410,3410,e,e,0.008081429184378458
34338,34340,p,p,0.9869924756969533
24538,24540,e,e,0.017874390521064296
26994,26996,e,e,0.010645501995959648
34419,34421,p,p,0.9971970234076811
29201,29203,p,p,0.9891128259221516
54695,54697,e,e,0.0037037712093597147
15672,15674,p,p,1.0
3792,3792,p,p,0.9865565292172195
15501,15503,e,e,0.029432163662603896
54538,54540,e,e,0.01602195925786794
21469,21471,e,e,0.0625813910274925
16822,16824,e,e,0.06831421523627594
31897,31899,p,p,0.9985519338567344
45009,45011,p,p,0.9882911802003737
234,234,p,p,0.9999882766705744
46702,46704,e,e,0.00035346097201767305
1207,1207,e,e,0.00402394959187266
33082,33084,p,p,0.985101771432943
11295,11296,e,e,0.0118931694750895
58089,58220,p,p,1.0
10698,10699,p,p,0.9904587617694369
43269,43271,p,p,0.9811017134419524
58514,58660,p,p,0.8467109691242465
38025,38027,p,p,0.998108108108108
12064,12065,p,p,0.9590496826426184
9776,9776,p,p,0.9931915024033677
33397,33399,p,p,0.9496940647592633
52449,52451,e,e,0.006238138609032301
9164,9164,p,p,0.9965255928708204
47462,47464,p,p,0.999802095459837
26272,26274,e,e,0.05160213249370055
58384,58530,e,e,0.020831417398812887
30644,30646,e,e,0.05161430087740744
21830,21832,e,e,0.05945433495757932
40091,40093,p,p,0.9968463901689708
30485,30487,e,e,0.024581660678821934
11901,11902,e,e,0.07505705949540571
24774,24776,e,e,0.01468986448122688
24881,24883,e,e,0.017298834980218183
40371,40373,p,p,0.9610100257508971
19631,19633,p,p,0.9750324586635891
19002,19004,e,e,0.0383184525556869
29186,29188,p,p,0.9540834986337259
14573,14575,e,e,0.05561519193237638
9201,9201,e,e,0.009050437296995595
41964,41966,p,p,0.9979060517779295
58651,58797,p,p,0.9266158461613346
37993,37995,p,p,0.9977885766867826
57296,57326,p,p,0.9868299596214827
42810,42812,e,e,0.008139480887481246
12801,12802,p,p,0.9881670225661301
13396,13398,p,p,1.0
30608,30610,e,e,0.012319528032776104
18851,18853,e,e,0.04850816750929598
40019,40021,p,p,0.990043632423726
57034,57064,e,e,0.006578550905785258
58082,58209,p,p,1.0
5161,5161,e,e,0.0571263155799293
45772,45774,e,e,0.005984808399535463
53598,53600,p,p,0.9921046439263533
30090,30092,p,p,0.9990531679008205
47981,47983,p,p,0.9997203579418344
59980,60126,p,p,0.9967076171873613
46151,46153,e,e,0.007961509904728674
13343,13345,p,p,1.0
4801,4801,e,e,0.01584969727583533
46552,46554,e,e,0.1000753477048371
36504,36506,p,p,1.0
17705,17707,e,e,0.06367132255302786
36832,36834,p,p,0.993880266075388
19810,19812,p,p,0.9689347334360251
27837,27839,p,p,0.974718400011736
5525,5525,e,e,0.011608458093999241
25147,25149,e,e,0.042099592000763915
53141,53143,e,e,0.004267679033581565
513,513,p,p,0.9989620236872808
21836,21838,e,e,0.03355430513104061
44767,44769,p,p,0.9724068382328376
25268,25270,e,e,0.03064919319115183
8202,8202,p,p,0.9860473618427936
45164,45166,p,p,0.9881316673513015
1438,1438,p,p,1.0
57194,57224,p,p,0.9966414350313186
33396,33398,p,p,0.9271206676660394
57615,57646,p,p,0.9997142857142858
48092,48094,p,p,0.9998214285714286
60275,60421,e,e,0.03394420199916685
5798,5798,e,e,0.024974518015624395
56892,56922,e,e,0.006693935521169874
5167,5167,e,e,0.014442770487335617
21489,21491,e,e,0.018121016100071042
59413,59559,p,p,0.995823414172431
27284,27286,p,p,0.994674051299555
15225,15227,e,e,0.011359673598274342
13928,13930,p,p,0.9997260273972602
1225,1225,e,e,0.0013768049801471415
59024,59170,p,p,0.9997313117674611
33144,33146,p,p,0.9897841109957668
47452,47454,p,p,0.999802095459837
33958,33960,p,p,0.9767598409254262
6114,6114,p,p,0.9615078212958289
52468,52470,e,e,0.006027285895854007
3132,3132,e,e,0.008749346864059943
41554,41556,p,p,0.999972602739726
55332,55334,e,e,0.00158915279078003
34263,34265,p,p,0.978709422818963
34455,34457,p,p,0.9929884936402903
15295,15297,e,e,0.004297944595379358
57228,57258,p,p,0.990682653885392
58836,58982,p,p,0.9997313117674611
35678,35680,p,p,0.9805477510337084
53244,53246,e,e,0.012617779993546591
2534,2534,e,e,0.008046082949308754
22281,22283,e,e,0.060764881120611375
55376,55378,e,e,0.002454828653649838
25796,25798,p,p,0.9716136349474088
55931,55933,e,e,0.04096863548448119
52490,52492,e,e,0.007475401880546382
20012,20014,p,p,0.9933808400301506
3686,3686,p,p,0.9865565292172195
21099,21101,p,p,0.9928514893153277
52453,52455,e,e,0.00636588467776279
44056,44058,e,e,0.002648313947278693
46890,46892,e,e,0.01041488998806072
55989,55991,e,e,0.022605157716023245
45408,45410,e,e,0.00713947713973601
43993,43995,e,e,0.005955619184266489
7419,7419,p,p,0.9964149931039527
58056,58164,p,p,1.0
49403,49405,e,e,0.014509630339683164
52079,52081,e,e,0.0071845078210309036
29840,29842,e,e,0.033659849293136916
52460,52462,e,e,0.006443404057607751
26113,26115,p,p,0.9716136349474088
3036,3036,e,e,0.006760450520919306
2102,2102,e,e,0.06627478193825065
9867,9868,p,p,0.9928334777704412
1112,1112,e,e,0.0011415108625000827
2647,2647,e,e,0.0021726652277897687
23434,23436,p,p,0.9586600962255182
26613,26615,p,p,0.9596338796997831
27130,27132,e,e,0.01835954793858382
30000,30002,e,e,0.05716767098590813
28153,28155,p,p,0.9887125811423049
21323,21325,e,e,0.008999049182262221
10483,10484,e,e,0.03185114833015632
38726,38728,p,p,0.9941492278174997
32798,32800,p,p,0.9355956299178131
35450,35452,p,p,0.9644978229664618
46418,46420,e,e,0.08533654802637153
33332,33334,p,p,0.9293820328110336
50996,50998,p,p,0.9914266633058066
11457,11458,e,e,0.03129787692073089
19020,19022,e,e,0.02395620876892354
53131,53133,e,e,0.0037563612219689273
7914,7914,p,p,0.9971120523918212
52818,52820,e,e,0.008902930791628426
1969,1969,e,e,0.017424290134199022
41448,41450,p,p,0.999972602739726
25551,25553,p,p,0.994554913340446
34822,34824,p,p,0.9931108753938066
3051,3051,e,e,0.006330858591647186
7732,7732,p,p,0.9818960759140422
24062,24064,e,e,0.02035871436654479
46133,46135,e,e,0.007341497341756212
35224,35226,e,e,0.016976527541281632
40412,40414,p,p,0.9274096307605859
14753,14755,e,e,0.033904374332680565
8873,8873,p,p,0.9979176179604262
24041,24043,e,e,0.008462328949409325
39358,39360,p,p,0.9665594897205869
16652,16654,e,e,0.06354245175444319
53500,53502,p,p,0.9959818270436999
63,63,p,p,0.9999882766705744
17178,17180,p,p,0.9982830142427739
16688,16690,e,e,0.02574103218232146
44629,44631,p,p,0.9407884141173959
22919,22921,p,p,0.9810121659675985
43671,43673,e,e,0.0056245780464048885
26018,26020,p,p,0.9853634710461424
22467,22469,e,e,0.056224370448241606
10239,10240,e,e,0.0013801129426129427
30967,30969,p,p,0.954178512274101
5346,5346,e,e,0.02877316746212335
38417,38419,p,p,0.9766970599197349
4099,4099,p,p,0.98
55326,55328,e,e,0.00158915279078003
59735,59881,p,p,0.9959274054893044
42220,42222,e,e,0.005012541111713247
20113,20115,p,p,0.9982813759833629
19393,19395,p,p,0.98551098123906
29590,29592,p,p,0.9915646182171673
4610,4610,e,e,0.025129529828298178
15960,15962,e,e,0.010653553723883703
12492,12493,e,e,0.007934400990996886
8947,8947,p,p,0.9953051287357993
39276,39278,p,p,0.9208617890922196
54584,54586,e,e,0.02315613979033471
43357,43359,p,p,0.9926230791515368
48846,48848,e,e,0.04016077531342949
47371,47373,p,p,0.999802095459837
20897,20899,p,p,0.9924971180028623
29289,29291,p,p,0.9888572634655368
14209,14211,e,e,0.005060181825828945
31941,31943,p,p,0.9990587894963078
16067,16069,e,e,0.017659350729085005
6838,6838,e,e,0.11989577369415409
25136,25138,e,e,0.07618694238491579
55315,55317,e,e,0.00158915279078003
56504,56506,p,p,1.0
29704,29706,e,e,0.08843189373193125
9566,9566,p,p,0.994654303168494
14402,14404,e,e,0.005084047348795187
54331,54333,p,p,0.9926335028607756
50457,50459,p,p,0.961770848364318
3072,3072,e,e,0.007441047564931056
32245,32247,p,p,0.9886257772291025
23817,23819,p,p,0.8383873354149182
30336,30338,p,p,0.9964286584762447
1373,1373,e,e,0.011364773704822053
40430,40432,p,p,0.9729000217500281
27710,27712,p,p,0.9980306897985681
18457,18459,p,p,0.9912490528532086
53405,53407,p,p,0.9982566481528233
22096,22098,e,e,0.06195707365638813
7125,7125,p,p,0.9653400964192655
2858,2858,e,e,0.007039664583502916
17262,17264,p,p,0.997665024478926
4925,4925,e,e,0.019527231914075807
35382,35384,p,p,0.9546968886650502
52005,52007,e,e,0.0014112969286140958
38122,38124,p,p,0.9615407945652734
46605,46607,e,e,0.002486994355363509
25587,25589,p,p,0.9999662731871838
39618,39620,p,p,0.9879437515972621
45123,45125,p,p,0.988063907473101
16106,16108,e,e,0.0237963493564599
9308,9308,e,e,0.005906009010842723
3432,3432,e,e,0.007810150487218543
33181,33183,p,p,0.933057913870322
47997,47999,p,p,0.9994393241167435
38548,38550,p,p,0.9892655009334862
18322,18324,e,e,0.015196988761914809
30749,30751,p,p,0.9539672446684672
28111,28113,p,p,0.9887125811423049
3979,3979,p,p,0.9883835333833458
4469,4469,e,e,0.016003096618418713
40086,40088,p,p,0.9893101582849129
45582,45584,e,e,0.0036023618016302744
39709,39711,p,p,0.9821327577527461
54765,54767,e,e,0.014799431675653271
18583,18585,p,p,0.9685672101082293
33327,33329,p,p,0.9509234470227728
8680,8680,e,e,0.0009992270578726948
34222,34224,p,p,0.9655053099114448
17899,17901,e,e,0.032457492786845496
22533,22535,e,e,0.04583733663263637
2042,2042,e,e,0.007424290134199021
22280,22282,e,e,0.07967486649512161
42643,42645,e,e,0.027041878732581966
52583,52585,e,e,0.00636588467776279
27143,27145,e,e,0.02861741132706798
39398,39400,p,p,0.956597518805676
40502,40504,p,p,0.9778575204826677
9123,9123,p,p,0.9924509931562345
57277,57307,p,p,0.9955273392796913
11482,11483,e,e,0.03129787692073089
27393,27395,p,p,0.987489080162351
18659,18661,p,p,0.9828588206557773
34227,34229,p,p,0.9655053099114448
43747,43749,e,e,0.013915835727045784
49614,49616,e,e,0.016855905824340753
28157,28159,p,p,0.9880296591384529
58661,58807,p,p,0.9005429126677252
57961,58023,p,p,1.0
51741,51743,e,e,0.011250191570881226
58343,58489,e,e,0.03839234431777043
46364,46366,e,e,0.11905970550090593
60405,60551,e,e,0.02394566712635944
15188,15190,e,e,0.02901889593209872
38398,38400,p,p,0.9944388388278327
53894,53896,p,p,0.9931163628537414
37637,37639,p,p,0.9996432622328376
53986,53988,p,p,0.9989281929656354
45654,45656,e,e,0.008172425660323456
3210,3210,e,e,0.013753367527009768
58074,58198,p,p,1.0
58496,58642,p,p,0.9531930000881725
58570,58716,p,p,0.92820229786525
58170,58316,e,e,0.007196972184156084
35989,35991,p,p,0.9917116946966822
8043,8043,p,p,0.9933754586552273
44702,44704,p,p,0.9319184262608553
33857,33859,e,e,0.031899520247046516
51729,51731,e,e,0.00518034188034188
12052,12053,p,p,0.9980292548575924
54134,54136,p,p,0.9963780721548815
21067,21069,p,p,0.9817449464008221
56510,56512,p,p,1.0
160,160,p,p,0.9999882766705744
51821,51823,e,e,0.0010777777777777778
53494,53496,p,p,0.9988928476086822
19200,19202,p,p,0.9861954139436625
38206,38208,p,p,0.9830375512186842
51942,51944,e,e,0.0034007394961816633
55131,55133,e,e,0.002115468580253714
34277,34279,p,p,0.9911517062434037
305,305,p,p,0.9962761554584532
58438,58584,e,e,0.01934134698660752
34083,34085,p,p,0.9720985347920761
19311,19313,p,p,0.9666083341541178
30775,30777,p,p,0.9956906468114759
18344,18346,e,e,0.015196988761914809
51359,51361,e,e,0.032753731196698575
31482,31484,e,e,0.019125419965064002
8533,8533,e,e,0.0009992270578726948
42940,42942,e,e,0.007091912177121838
34466,34468,p,p,0.9939829866458584
47348,47350,p,p,1.0
4025,4025,p,p,0.9919526053288545
35365,35367,p,p,0.9575980659673198
15717,15719,p,p,0.9995652173913043
14705,14707,e,e,0.10229083381738141
30564,30566,e,e,0.01653597341270789
5511,5511,e,e,0.01385155573618366
58205,58351,e,e,0.007196972184156084
26109,26111,p,p,0.9015694432086011
60144,60290,p,p,0.9902429873772792
4366,4366,e,e,0.002836391737210014
9516,9516,e,e,0.0012153574838667646
56500,56502,p,p,1.0
23359,23361,p,p,0.9439953115819335
57438,57468,p,p,0.9905543478880127
57837,57879,p,p,1.0
13826,13828,p,p,0.9997619047619049
21771,21773,e,e,0.05805450575197227
56497,56499,p,p,1.0
34506,34508,p,p,0.9940014616620537
40369,40371,p,p,0.9785268459260561
25396,25398,e,e,0.03880110042589353
29860,29862,e,e,0.13409320734048005
26859,26861,e,e,0.01771852229755818
9110,9110,p,p,0.9979176179604262
4856,4856,e,e,0.017579211272603982
9779,9779,p,p,0.994654303168494
25027,25029,e,e,0.02608550520342212
720,720,p,p,0.9801659088630423
15754,15756,p,p,0.9933333333333333
56583,56589,p,p,0.9997142857142858
16869,16871,e,e,0.07492639397561683
31041,31043,p,p,0.9353461562568057
39733,39735,p,p,0.9879437515972621
22379,22381,e,e,0.06553367983647367
51299,51301,e,e,0.01927416416529215
7078,7078,p,p,0.9680941905990312
6692,6692,e,e,0.020563735956117303
9650,9650,p,p,0.994654303168494
28718,28720,p,p,0.9893986784957879
46242,46244,e,e,0.07397167769033666
56800,56829,p,p,1.0
42581,42583,e,e,0.025540052306079888
53854,53856,p,p,0.9945309429305697
33325,33327,p,p,0.9503682548996514
9811,9811,p,p,0.99092890872793
57138,57168,e,e,0.015060632791456563
24229,24231,e,e,0.019008868237316016
53865,53867,p,p,0.9937308245445828
53791,53793,p,p,0.9981351306537886
18535,18537,p,p,0.974001666931022
9919,9920,p,p,0.9835542859173994
60509,60655,e,e,0.029553411339347933
25050,25052,e,e,0.02654784738656317
42308,42310,e,e,0.018216370864581874
10870,10871,p,p,0.9988689291464344
35780,35782,p,p,0.9968891291769427
40715,40717,p,p,0.9788577727150334
10534,10535,e,e,0.022400248186330664
5775,5775,e,e,0.010356852563615562
46001,46003,e,e,0.010890984522210182
52072,52074,e,e,0.012867406162848326
22408,22410,e,e,0.05925399910099513
43147,43149,p,p,0.9798730876522533
19030,19032,e,e,0.029615671116799587
51837,51839,e,e,0.0010777777777777778
58871,59017,p,p,0.9983176054874247
18814,18816,e,e,0.04415181713716807
35451,35453,p,p,0.9435793472935633
38932,38934,p,p,0.99984375
15731,15733,p,p,0.9968280235570234
44783,44785,p,p,0.9768454863862043
15679,15681,p,p,0.9992592592592593
55041,55043,e,e,0.017304444721759377
57730,57767,p,p,0.9972190784155214
20177,20179,e,e,0.05474208289828483
2905,2905,e,e,0.002196005228526526
26405,26407,e,e,0.06261897672366316
17844,17846,e,e,0.06498218723224007
50851,50853,p,p,0.9917950843584383
40793,40795,p,p,0.9825278386175706
14184,14186,e,e,0.0032073355914960344
51901,51903,e,e,0.016333171928614096
56916,56946,e,e,0.009580011470536965
29033,29035,p,p,0.9877129050082669
49235,49237,e,e,0.013325819921992235
40364,40366,p,p,0.969635237134543
21039,21041,p,p,0.9679417898342987
50196,50198,p,p,0.9372348913857401
49378,49380,e,e,0.016953805727325397
19001,19003,e,e,0.013712267812697894
4640,4640,e,e,0.031515325057141615
7160,7160,p,p,0.9709411398584231
47294,47296,p,p,0.9996954412499107
26299,26301,e,e,0.08915575643087101
42969,42971,e,e,0.00013759745630965439
59752,59898,p,p,0.9983081099401215
37448,37450,p,p,0.9996432622328376
27208,27210,p,p,0.987489080162351
18495,18497,p,p,0.9964063072749088
31695,31697,e,e,0.050660455092993245
46455,46457,e,e,0.12001792320262814
9200,9200,e,e,0.0044555655021238
31827,31829,p,p,0.9996835221883892
26196,26198,e,e,0.030192437446934898
16544,16546,e,e,0.05136259747111355
3077,3077,e,e,0.006330858591647186
6407,6407,e,e,0.021019435372212764
59146,59292,p,p,0.996644652143225
35143,35145,e,e,0.03563123400668141
51156,51158,p,p,0.9935950843584382
35873,35875,p,p,0.99
21176,21178,p,p,0.9896499378879697
45538,45540,e,e,0.008172425660323456
45676,45678,e,e,0.021920613238898247
14474,14476,e,e,0.02118985542710363
44057,44059,e,e,0.002867398814389399
45091,45093,p,p,0.9889067090614309
52783,52785,e,e,0.006869412575813933
25555,25557,p,p,0.9959839582448986
28404,28406,p,p,0.978969160971048
38830,38832,p,p,0.99984375
14745,14747,e,e,0.06536548144500799
32899,32901,p,p,0.9897841109957668
12537,12538,e,e,0.005746015669057259
14948,14950,e,e,0.0
47906,47908,p,p,1.0
38933,38935,p,p,1.0
18935,18937,e,e,0.022044152290627
8302,8302,p,p,0.9818660973606957
56040,56042,e,e,0.031325123346436376
50596,50598,e,e,0.01978851187777581
21718,21720,e,e,0.027682826642080754
27031,27033,e,e,0.018523807642732724
49830,49832,p,p,0.9915140995523248
23531,23533,p,p,0.9548119327189722
45965,45967,e,e,0.005544983890576433
846,846,p,p,0.9734876328379921
46343,46345,e,e,0.06887497986947513
49441,49443,e,e,0.026445009852913603
11779,11780,e,e,0.025188547293331455
44507,44509,p,p,0.9742929638882917
43466,43468,e,e,0.0001923076923076923
18487,18489,p,p,0.979057055253238
15814,15816,p,p,0.9888324426471385
33896,33898,p,p,0.9664723127870343
52837,52839,e,e,0.008782448863917582
6388,6388,e,e,0.02025020460298199
24516,24518,e,e,0.0430173635853407
17394,17396,e,e,0.004725494187686189
8446,8446,p,p,0.9821064831172592
37582,37584,p,p,0.9999655172413793
31954,31956,p,p,0.9988608849561449
11633,11634,e,e,0.017550208125312793
2315,2315,p,p,0.9989737470167064
46960,46962,p,p,0.9996954412499107
58011,58085,p,p,1.0
60375,60521,e,e,0.0032072869468842925
20423,20425,e,e,0.01574455679538993
27377,27379,p,p,0.967849420757683
46713,46715,e,e,0.002486994355363509
11867,11868,e,e,0.014868311969663641
20367,20369,e,e,0.01022848994024804
33916,33918,p,p,0.9655053099114448
2870,2870,e,e,0.002196005228526526
53022,53024,e,e,0.0027316043341017535
47756,47758,p,p,1.0
18534,18536,p,p,0.9781398091607245
50928,50930,p,p,0.9911178147705325
55685,55687,e,e,0.015536819365537937
29249,29251,p,p,0.9419277527240785
48321,48323,p,p,1.0
47840,47842,p,p,0.9997203579418344
34280,34282,p,p,0.9905318474239384
47439,47441,p,p,1.0
30274,30276,p,p,0.9991797501793016
50563,50565,e,e,0.05809083927473223
11906,11907,e,e,0.06548032946996249
13260,13262,p,p,0.9967074053650383
55090,55092,e,e,0.00158915279078003
20914,20916,p,p,0.9870210590859639
18438,18440,p,p,0.9414747710727913
1853,1853,e,e,0.00365697711480844
38824,38826,p,p,0.9911017578921608
2624,2624,e,e,0.004484376729697603
26328,26330,e,e,0.03135398644623584
29711,29713,e,e,0.04258124136462193
41902,41904,p,p,0.9974855519990704
46787,46789,e,e,0.0021876172607879925
32968,32970,p,p,0.9994988317648337
5209,5209,e,e,0.012497738404105497
48429,48431,e,e,0.013286403417253734
16872,16874,e,e,0.04716187150554809
50929,50931,p,p,0.9985948423178499
28244,28246,p,p,0.9714400895838027
5545,5545,e,e,0.026872173550286184
25624,25626,p,p,0.9929472011167639
15525,15527,e,e,0.03413926940639269
41788,41790,p,p,0.9896614490587929
12239,12240,p,p,0.9803118677460831
60552,60698,e,e,0.003431257475337485
397,397,p,p,0.9999882766705744
56127,56129,p,p,0.9905796904027564
42906,42908,e,e,0.000657487813202646
24239,24241,e,e,0.00951274745892857
41640,41642,p,p,0.9994964122635355
29661,29663,e,e,0.07862765212195154
32769,32771,p,p,0.9949926589113797
55301,55303,e,e,0.005945855584553762
41798,41800,p,p,0.9982324191669902
18389,18391,p,p,0.9976443928843166
22827,22829,p,p,0.9737987607917331
27006,27008,e,e,0.04749356746744105
56823,56853,e,e,0.011641390613925738
48127,48129,p,p,1.0
48448,48450,e,e,0.015230189297640332
7154,7154,p,p,0.6606283174992836
29061,29063,p,p,0.968132777148616
55533,55535,e,e,0.03699177759315093
2694,2694,e,e,0.0
52141,52143,e,e,0.0014112969286140958
38222,38224,p,p,0.9715989810231014
4939,4939,e,e,0.017135140585534777
23701,23703,p,p,0.9105318505571922
22669,22671,p,p,0.9760755318203914
46167,46169,e,e,0.005889811476783329
20460,20462,e,e,0.013411139917601145
50319,50321,p,p,0.863851407600608
31920,31922,p,p,0.9993380736910149
48528,48530,e,e,0.012224288829235968
45463,45465,e,e,0.033601714530317184
42776,42778,e,e,0.008695055461552923
21407,21409,e,e,0.010187643888529198
46979,46981,p,p,0.9996954412499107
31780,31782,p,p,0.9996835221883892
2466,2466,p,p,0.9988642579656115
58672,58818,p,p,0.960019362549744
976,976,p,p,0.9712922036215541
42583,42585,e,e,0.016493749995009063
39958,39960,p,p,0.9899159314163484
43451,43453,e,e,0.016915835727045785
51282,51284,e,e,0.0128994077469343
26566,26568,p,p,0.9593919442159122
36880,36882,p,p,0.9811639895094132
58809,58955,p,p,0.9997313117674611
5992,5992,e,e,0.009464791172337029
8662,8662,e,e,0.0009992270578726948
15308,15310,e,e,0.011816741587860563
14465,14467,e,e,0.005060181825828945
35858,35860,p,p,0.9952224625102759
27518,27520,p,p,0.9819751014045655
41493,41495,p,p,0.999972602739726
6224,6224,p,p,0.9381376665920859
33277,33279,p,p,0.9527951458346092
18057,18059,e,e,0.00708867551855012
29108,29110,p,p,0.9678772146920014
53907,53909,p,p,0.9975716053748233
13706,13708,p,p,0.9990100020625827
38565,38567,p,p,0.9734381199811054
55583,55585,e,e,0.021319478962010557
39012,39014,p,p,0.99984375
39283,39285,p,p,0.9862201833944314
28539,28541,p,p,0.9934192420802718
56710,56726,p,p,0.9997142857142858
32597,32599,p,p,0.9994161194779444
34555,34557,p,p,0.9706700474678139
30956,30958,p,p,0.9955865912123855
58163,58309,e,e,0.01934134698660752
24384,24386,e,e,0.025696990767285027
58684,58830,p,p,0.9158466153921039
57362,57392,p,p,0.9966414350313186
37438,37440,p,p,0.9999655172413793
49802,49804,p,p,1.0
50432,50434,p,p,0.9115850640036627
22248,22250,e,e,0.039804980292693595
55950,55952,e,e,0.026155720514863205
21373,21375,e,e,0.0112313509230746
43352,43354,p,p,0.9957378369780797
59591,59737,p,p,0.9952032554302869
6842,6842,e,e,0.076951299686095
35520,35522,p,p,0.9851637839601632
56937,56967,e,e,0.006019851751536367
10657,10658,p,p,0.9953108021335824
34469,34471,p,p,0.9869449257192628
31475,31477,e,e,0.03562998185278091
51596,51598,e,e,0.0010777777777777778
51984,51986,e,e,0.0034007394961816633
35909,35911,p,p,0.9766213223610484
60652,60798,p,p,0.9992083375497441
49849,49851,p,p,0.9915140995523248
33868,33870,e,e,0.044623825773757765
27538,27540,p,p,0.9541709764009115
42152,42154,e,e,0.02056626375539194
2005,2005,e,e,0.007424290134199021
8688,8688,e,e,0.0031512898745132815
40041,40043,p,p,0.9856655819602933
52266,52268,e,e,0.007554515168718863
21660,21662,e,e,0.12991418516760947
58,58,p,p,0.9999882766705744
30107,30109,p,p,0.9998497854077253
22436,22438,e,e,0.04393778326249025
54492,54494,e,e,0.026612435448344133
1433,1433,p,p,0.98
3071,3071,e,e,0.0020826801973932753
54855,54857,e,e,0.01777109608027469
48751,48753,e,e,0.01687840775715419
8898,8898,p,p,0.9996089262041538
30707,30709,e,e,0.012178799664011792
54920,54922,e,e,0.01777109608027469
6141,6141,p,p,0.9613962861184643
20196,20198,e,e,0.04314057845630824
3639,3639,p,p,0.9902941176470589
33226,33228,p,p,0.9358735577324279
32220,32222,p,p,0.9944837144837144
7268,7268,p,p,0.9709411398584231
32287,32289,p,p,0.9893858028881312
46429,46431,e,e,0.09289153523948508
4209,4209,p,p,1.0
18046,18048,e,e,0.006634965030135891
12994,12996,p,p,0.9830308408538185
34173,34175,p,p,0.9886151883736259
57092,57122,e,e,0.006578550905785258
52817,52819,e,e,0.003588905379824972
45325,45327,e,e,0.022022185821475276
51562,51564,e,e,0.0032501915708812263
59759,59905,p,p,0.9112386420076015
10680,10681,p,p,0.9863997045326489
19391,19393,p,p,0.9870649791610537
50420,50422,p,p,0.9299133372143555
55916,55918,e,e,0.03832839499958336
57987,58052,p,p,1.0
5696,5696,e,e,0.015121475307807641
27717,27719,p,p,0.9968488451454415
59153,59299,p,p,0.9998175186640128
20398,20400,e,e,0.024319194349966086
21420,21422,e,e,0.00823376920346365
48340,48342,p,p,1.0
51319,51321,e,e,0.02298054712956633
9526,9526,e,e,0.011106573007607921
56998,57028,e,e,0.006578550905785258
16362,16364,e,e,0.03054960260802797
22432,22434,e,e,0.05999697951695546
28551,28553,p,p,0.9698827989855734
43212,43214,p,p,0.9830552263405492
28396,28398,p,p,0.9704862082220973
14954,14956,e,e,0.007696053558844257
16290,16292,e,e,0.065573222983786
38067,38069,p,p,0.997894959665506
47457,47459,p,p,0.999802095459837
36808,36810,p,p,0.993880266075388
10954,10955,p,p,0.967157175572664
5443,5443,e,e,0.028338526883134155
1573,1573,p,p,1.0
14312,14314,e,e,0.04872982580274783
19485,19487,p,p,0.9879470542293264
41638,41640,p,p,0.998917750419051
29073,29075,p,p,0.9451679699671
53493,53495,p,p,0.9873665352637455
39794,39796,p,p,0.9734107230652824
59309,59455,p,p,0.9992296072507553
6562,6562,e,e,0.015940074741151427
1901,1901,e,e,0.006125893071399149
10138,10139,p,p,0.9947353194750456
49639,49641,e,e,0.010833898741802492
33485,33487,p,p,0.9550488047412946
8422,8422,p,p,0.9637327210143798
7214,7214,p,p,0.9636820375074753
4294,4294,e,e,0.0022651503349431375
34182,34184,p,p,0.9745560648808368
8066,8066,p,p,0.9967657342657342
11252,11253,p,p,0.9693388722627807
6751,6751,e,e,0.12628570521185636
4378,4378,e,e,0.006710003109828835
11078,11079,p,p,0.9705231099415198
36660,36662,p,p,1.0
20836,20838,p,p,0.9608979011369226
6833,6833,e,e,0.04498857937009655
58963,59109,p,p,0.9964155881038161
60680,60826,p,p,0.9987443662865377
15582,15584,p,p,0.9864758269720102
31116,31118,e,e,0.022327618086377943
49574,49576,e,e,0.01674479471322964
1603,1603,p,p,1.0
45240,45242,e,e,0.01756536521309315
30140,30142,p,p,0.9964286584762447
52834,52836,e,e,0.008540357692213223
39701,39703,p,p,0.9812980470089444
52376,52378,e,e,0.006238138609032301
2532,2532,e,e,0.0065353818122805465
54706,54708,e,e,0.032668964640702326
1335,1335,e,e,0.00402394959187266
7305,7305,p,p,0.9607983413014577
52709,52711,e,e,0.007231985675229138
13985,13987,p,p,0.9990900701365818
19714,19716,p,p,0.9767471800294817
58114,58260,e,e,0.007563272550456451
34066,34068,p,p,0.9655053099114448
43958,43960,e,e,0.0003135313531353135
49963,49965,p,p,0.9999636363636364
47331,47333,p,p,0.999802095459837
24252,24254,e,e,0.04479495851062583
3711,3711,p,p,0.9913014436543848
35883,35885,p,p,0.9927257953394124
60404,60550,e,e,0.02394566712635944
60158,60304,p,p,0.9989021626730762
41794,41796,p,p,0.9982324191669902
5342,5342,e,e,0.014789175831035674
37330,37332,p,p,0.9865625027426773
39091,39093,p,p,0.99984375
44157,44159,p,p,0.99
16247,16249,e,e,0.051042677202645305
38789,38791,p,p,0.9933131199811054
47518,47520,p,p,0.999802095459837
40128,40130,p,p,0.9821393115121729
41959,41961,p,p,0.9979060517779295
50451,50453,p,p,0.947190268359928
15697,15699,p,p,0.9902808553455512
56259,56261,p,p,0.9891789458212419
42831,42833,e,e,0.000657487813202646
12372,12373,e,e,0.016199716923366293
14029,14031,p,p,1.0
1019,1019,p,p,0.94888135632434
35083,35085,e,e,0.007466669324452112
54309,54311,p,p,0.9627638534638996
52503,52505,e,e,0.006238138609032301
8728,8728,e,e,0.0013231099986292971
30884,30886,p,p,0.9833593184851128
17747,17749,e,e,0.05583192812698827
43242,43244,p,p,0.9987835222572674
36328,36330,e,e,0.020538380268469845
35981,35983,p,p,0.9958022618831108
2536,2536,e,e,0.001888708181473789
8670,8670,e,e,0.0009240390879478827
55802,55804,e,e,0.025965319174382846
31873,31875,p,p,0.9988608849561449
55291,55293,e,e,0.006129107981220658
59507,59653,p,p,0.9992296072507553
34872,34874,p,p,0.9971714480810313
34194,34196,p,p,0.9664723127870343
52938,52940,e,e,0.007231985675229138
47390,47392,p,p,0.999802095459837
58630,58776,p,p,0.9266158461613346
24027,24029,e,e,0.00561693261575124
37102,37104,p,p,1.0
40080,40082,p,p,0.9821181475895735
34543,34545,p,p,0.9733457571377347
25595,25597,p,p,0.9988008596533493
50948,50950,p,p,0.9909178147705324
37051,37053,p,p,0.994235266265706
57708,57742,p,p,0.9997142857142858
24792,24794,e,e,0.02233985341155731
20096,20098,p,p,0.9729950064532845
24404,24406,e,e,0.030667469508515552
33638,33640,e,e,0.038979568004613434
57063,57093,e,e,0.009580011470536965
46436,46438,e,e,0.06663000741342112
50729,50731,e,e,0.020335641802571854
56210,56212,p,p,0.9833758020727303
58752,58898,p,p,0.970392444900111
28879,28881,p,p,0.984550122607624
16684,16686,e,e,0.08928381181064646
23694,23696,p,p,0.9542704173118252
59488,59634,p,p,0.995823414172431
58847,58993,p,p,0.9998175186640128
55022,55024,e,e,0.019811659919220213
37621,37623,p,p,0.9991554573547888
8673,8673,e,e,0.007665893724539361
60854,61000,p,p,0.9963412473572061
59573,59719,p,p,0.9964999587269903
20507,20509,e,e,0.020183234808043585
19045,19047,e,e,0.025070765185346212
56818,56848,e,e,0.006578550905785258
28885,28887,p,p,0.9548506663204119
54213,54215,p,p,0.9530544405855024
23077,23079,p,p,0.9747860162230482
38550,38552,p,p,0.9999363732767762
12127,12128,p,p,0.9835257236491576
5608,5608,e,e,0.031472538791950014
22856,22858,p,p,0.9810121659675985
42686,42688,e,e,0.02191783671748661
56187,56189,p,p,0.9874050223486769
58621,58767,p,p,0.9531930000881725
1681,1681,p,p,1.0
13510,13512,p,p,0.9989686244609887
51417,51419,e,e,0.016590294442924418
55180,55182,e,e,0.00158915279078003
31281,31283,e,e,0.0032773516520067563
39720,39722,p,p,0.9812980470089444
51558,51560,e,e,0.004411111111111111
30934,30936,p,p,0.9574040187865468
22771,22773,p,p,0.9760755318203914
9226,9226,e,e,0.010572675677509389
14883,14885,e,e,0.0022342342342342343
24550,24552,e,e,0.024330754993871388
26161,26163,e,e,0.09915666860835781
25586,25588,p,p,0.9999662731871838
18537,18539,p,p,0.9885963294528604
47215,47217,p,p,0.9996954412499107
47001,47003,p,p,0.9996954412499107
34870,34872,p,p,0.9950250437511314
52357,52359,e,e,0.006238138609032301
36052,36054,e,e,0.014451733402956479
10579,10580,e,e,0.019266913491394713
9176,9176,p,p,0.9914196563650328
29766,29768,e,e,0.07517092258635316
8459,8459,p,p,0.9813648100180381
52890,52892,e,e,0.009582666462176797
27672,27674,p,p,0.9940238959681647
58395,58541,e,e,0.013655381576629027
26302,26304,e,e,0.11514090334694331
1285,1285,e,e,0.009114209819210956
46493,46495,e,e,0.10387591063997961
16376,16378,e,e,0.09086467378664925
6955,6955,e,e,0.038547374370824054
14707,14709,e,e,0.024235525796596345
260,260,p,p,0.9999028065851043
44040,44042,e,e,0.0005555555555555556
35490,35492,p,p,0.9691435513939136
21998,22000,e,e,0.09029024941346331
43795,43797,e,e,0.0018121800333908322
59177,59323,p,p,0.9935852866283335
45788,45790,e,e,0.007519999924838947
20610,20612,e,e,0.14719130098107258
49013,49015,e,e,0.044800606455091166
27290,27292,p,p,0.9929955034213097
25898,25900,p,p,0.9722489105824557
27063,27065,e,e,0.01764293830359975
39616,39618,p,p,0.9879437515972621
39418,39420,p,p,0.8617521402886045
59937,60083,p,p,0.9888927133412075
52785,52787,e,e,0.006869412575813933
42420,42422,e,e,0.012347742229147174
337,337,p,p,0.9999882766705744
31290,31292,e,e,0.012622931333628068
57612,57643,p,p,1.0
34028,34030,p,p,0.985741838477269
995,995,p,p,0.9640979733862346
11797,11798,e,e,0.018703791703791706
55902,55904,e,e,0.026093957411292962
39129,39131,p,p,0.9999095022624434
12264,12265,p,p,0.989832647498025
8887,8887,p,p,0.9996089262041538
40961,40963,p,p,0.99
7692,7692,p,p,0.9809414269489859
7314,7314,p,p,0.9561903789730173
14125,14127,e,e,0.0032073355914960344
46827,46829,e,e,0.002486994355363509
38470,38472,p,p,0.9627567567652023
37236,37238,p,p,0.9613560765093929
56183,56185,p,p,0.9560217934231495
51275,51277,e,e,0.01889397490557438
18764,18766,e,e,0.042171091759356995
60173,60319,p,p,0.9615299511117621
56763,56783,p,p,0.9997142857142858
60454,60600,e,e,0.021225525124085518
50868,50870,p,p,0.9911178147705325
53390,53392,p,p,0.9920740589345379
35819,35821,p,p,0.9988461538461538
12365,12366,e,e,0.008289896818168042
19616,19618,p,p,0.9954438136693092
11590,11591,e,e,0.03129787692073089
11183,11184,p,p,0.9731697330765754
57903,57950,p,p,1.0
3314,3314,e,e,0.013753367527009768
19645,19647,p,p,0.9787096292097947
27001,27003,e,e,0.007280079209139482
59801,59947,p,p,0.9982835408165424
26510,26512,p,p,0.8065043347041947
49759,49761,e,e,0.04993094092529406
21010,21012,p,p,0.9820753200667468
18506,18508,p,p,0.9531273820777103
996,996,p,p,0.979149346478697
35155,35157,e,e,0.005327830709340748
16900,16902,e,e,0.05986521859861009
34272,34274,p,p,0.9930784661213058
52738,52740,e,e,0.007231985675229138
52473,52475,e,e,0.005286857322139689
28236,28238,p,p,0.973488365181405
34320,34322,p,p,0.9874483761835329
47949,47951,p,p,0.9697203579418344
40150,40152,p,p,0.9681501032175004
18925,18927,e,e,0.02557709429927026
46750,46752,e,e,0.01041488998806072
48200,48202,p,p,1.0
12848,12849,p,p,0.9768708206728711
10350,10351,e,e,0.2187192517462094
38509,38511,p,p,0.9994030399434429
13467,13469,p,p,0.9989686244609887
17212,17214,p,p,0.9947169121600841
5888,5888,e,e,0.015987670293387057
37954,37956,p,p,0.998108108108108
41823,41825,p,p,0.9895956595851086
60633,60779,p,p,0.9963412473572061
48318,48320,p,p,0.9994444444444445
19795,19797,p,p,0.9746575528638899
53258,53260,e,e,0.0030797889443083255
10240,10241,e,e,0.013409220550441924
43682,43684,e,e,0.0007853309481216459
37736,37738,p,p,0.9994777123633305
11395,11396,e,e,0.01787278877047408
35042,35044,e,e,0.017015088399241804
4940,4940,e,e,0.01582155147526313
12812,12813,p,p,0.9831670225661301
58304,58450,e,e,0.007691477678661578
18699,18701,p,p,0.9828588206557773
50927,50929,p,p,0.9935950843584382
32083,32085,p,p,0.995226294438251
47969,47971,p,p,0.9997203579418344
42867,42869,e,e,0.007546457631667292
25194,25196,e,e,0.020391570931700524
34769,34771,p,p,0.9983472937207342
21708,21710,e,e,0.04782765267862585
9384,9384,e,e,0.0008644519731476252
11744,11745,e,e,0.029484145630462148
38349,38351,p,p,0.9774327125090068
50509,50511,e,e,0.012293362154546182
51460,51462,e,e,0.017737090733023705
18658,18660,p,p,0.953279104668194
4287,4287,e,e,0.002836391737210014
57375,57405,p,p,0.9955273392796913
21083,21085,p,p,0.9536823625380054
56662,56672,p,p,1.0
54221,54223,p,p,0.9692749619391958
9255,9255,e,e,0.003693075843938066
28428,28430,p,p,0.9820784067874715
21884,21886,e,e,0.05165749171711515
51891,51893,e,e,0.0015275759983815376
33980,33982,p,p,0.9799553914728558
15359,15361,e,e,0.010616971190154176
4118,4118,p,p,0.9998190719455087
46031,46033,e,e,0.007492938111753682
16565,16567,e,e,0.05336952960626168
17364,17366,e,e,0.02019017182434635
49841,49843,p,p,0.9999636363636364
50214,50216,p,p,0.9172280160757964
29326,29328,p,p,0.9744995731792992
29208,29210,p,p,0.9363392128119155
37100,37102,p,p,0.9925
42949,42951,e,e,0.007028388794886257
51615,51617,e,e,0.0010777777777777778
48452,48454,e,e,0.03767284693152788
27308,27310,p,p,0.9998019801980198
44520,44522,p,p,0.9724068382328376
38306,38308,p,p,0.9759596853210634
49987,49989,p,p,1.0
5310,5310,e,e,0.03261771831831778
53582,53584,p,p,0.9826488570494962
30696,30698,e,e,0.061608313566605816
41940,41942,p,p,0.9982982086406744
38906,38908,p,p,0.99984375
44291,44293,p,p,1.0
10550,10551,e,e,0.0709920634920635
25163,25165,e,e,0.003994927956510674
36114,36116,e,e,0.02983727325739973
28678,28680,p,p,0.9825421784312305
11986,11987,e,e,0.04092519634775895
38537,38539,p,p,0.9853146124328842
46030,46032,e,e,0.00910447977915929
13491,13493,p,p,0.9996556586774347
6478,6478,e,e,0.01704950449413133
32142,32144,p,p,0.9944837144837144
38112,38114,p,p,0.998108108108108
48814,48816,e,e,0.03681042602846925
32470,32472,p,p,0.9935043330404154
40393,40395,p,p,0.9689652567149364
52876,52878,e,e,0.016869412575813935
40132,40134,p,p,0.9935718582301775
36601,36603,p,p,1.0
3027,3027,e,e,0.006052595822823089
17382,17384,e,e,0.015575253996274902
15179,15181,e,e,0.0026374345549738222
552,552,p,p,0.9999882766705744
52407,52409,e,e,0.014209104077672188
21853,21855,e,e,0.07012248980257023
54950,54952,e,e,0.008137951153558518
52765,52767,e,e,0.009582666462176797
39116,39118,p,p,1.0
7988,7988,p,p,0.9968027650462791
18984,18986,e,e,0.034556913790416796
19204,19206,p,p,0.9889754949915495
2161,2161,p,p,0.9988642579656115
3128,3128,e,e,0.003306194201810395
42893,42895,e,e,0.0007012514893514426
12333,12334,p,p,0.9904728564351646
4953,4953,e,e,0.044267966525814224
22014,22016,e,e,0.1582124536195896
36679,36681,p,p,1.0
21057,21059,p,p,0.9854579307981807
8625,8625,e,e,0.0015653823461648025
25087,25089,e,e,0.012871176059811305
38414,38416,p,p,0.9785755696518639
32371,32373,p,p,0.9908420857090506
52654,52656,e,e,0.0073524676029399815
58503,58649,p,p,0.9502953112140824
23371,23373,p,p,0.9079391052040087
5028,5028,e,e,0.09685958421282209
56793,56822,p,p,1.0
22577,22579,e,e,0.044802658855959986
18335,18337,e,e,0.008873459350150105
39351,39353,p,p,0.9799450700510063
47410,47412,p,p,0.999802095459837
54053,54055,p,p,0.9967114054882148
22086,22088,e,e,0.05047068021050542
46967,46969,p,p,0.9996954412499107
54114,54116,p,p,0.9929405721548815
28172,28174,p,p,0.9947089211987954
22667,22669,p,p,0.9448055579678655
22924,22926,p,p,0.9477383943641255
21646,21648,e,e,0.0321837185418484
32528,32530,p,p,0.9929599524187154
56925,56955,e,e,0.006578550905785258
6090,6090,p,p,0.9057076677788198
59560,59706,p,p,0.9964492407574082
56612,56619,p,p,1.0
4440,4440,e,e,0.007337092780986303
23066,23068,p,p,0.9747860162230482
4563,4563,e,e,0.0022651503349431375
23149,23151,p,p,0.9747860162230482
16683,16685,e,e,0.09090932780377045
46893,46895,e,e,0.0021876172607879925
45506,45508,e,e,0.028646445380895166
16361,16363,e,e,0.05451620128692519
46786,46788,e,e,0.002486994355363509
24988,24990,e,e,0.013418414429752817
58413,58559,e,e,0.026517382808791377
47543,47545,p,p,1.0
5765,5765,e,e,0.029582079944452114
55549,55551,e,e,0.012659456813616314
47177,47179,p,p,0.9996954412499107
16979,16981,p,p,0.9982038994433973
18904,18906,e,e,0.02557709429927026
33985,33987,p,p,0.9881984545293296
16269,16271,e,e,0.05331458420026329
57609,57640,p,p,0.9972190784155214
39324,39326,p,p,0.996011850061098
36556,36558,p,p,1.0
8523,8523,e,e,0.003323109998629297
21515,21517,e,e,0.008999049182262221
42569,42571,e,e,0.012680346011006476
60697,60843,p,p,0.9985319510634376
59429,59575,p,p,0.9992296072507553
4577,4577,e,e,0.00893660066920058
602,602,p,p,0.9999882766705744
38043,38045,p,p,0.9912282929988393
55292,55294,e,e,0.0047131669315504995
43677,43679,e,e,0.016915835727045785
23588,23590,p,p,0.8903849197044446
47641,47643,p,p,0.999802095459837
47028,47030,p,p,0.9996954412499107
59436,59582,p,p,0.995823414172431
50560,50562,e,e,0.02430671824696857
3562,3562,p,p,0.9877941176470588
4503,4503,e,e,0.020579134163594536
4901,4901,e,e,0.015737106009446087
22072,22074,e,e,0.04630984089681802
10323,10324,e,e,0.028351965792715598
26279,26281,e,e,0.04015263162671584
8967,8967,p,p,0.9995554502683249
14662,14664,e,e,0.06718654802657474
23164,23166,p,p,0.8921136267453679
13876,13878,p,p,0.9993281653746771
36528,36530,p,p,1.0
11661,11662,e,e,0.03919383652436357
60284,60430,e,e,0.0022659408299366556
26323,26325,e,e,0.024226624362145524
30747,30749,p,p,0.9542329400816283
10772,10773,p,p,0.9869260203221226
19619,19621,p,p,0.9992502755178417
37288,37290,p,p,0.9855143660967147
8984,8984,p,p,0.9975700243775385
42047,42049,e,e,0.001554207778379914
25838,25840,p,p,0.9834693648370447
33661,33663,e,e,0.04106222661586433
22936,22938,p,p,0.9692640385695109
49239,49241,e,e,0.014509630339683164
55844,55846,e,e,0.029942058071967925
56989,57019,e,e,0.008338039250517494
8225,8225,p,p,0.952730771614913
50510,50512,e,e,0.011720660945585182
22409,22411,e,e,0.09426679184743782
56463,56465,p,p,0.9809991283246245
26202,26204,e,e,0.025053309159258155
55487,55489,e,e,0.022693395895402556
37789,37791,p,p,0.998108108108108
14090,14092,p,p,0.9993281653746771
58464,58610,p,p,0.7681692347061738
40821,40823,p,p,0.9903402213567826
44218,44220,p,p,0.9888888888888888
43988,43990,e,e,0.0004615384615384616
17108,17110,p,p,0.9702816619313885
23631,23633,p,p,0.9802252428754484
6906,6906,e,e,0.14067934818107936
693,693,p,p,0.9989620236872808
45074,45076,p,p,0.9883938953194119
56095,56097,e,e,0.03260297223320876
20285,20287,e,e,0.02353666856208508
19356,19358,p,p,0.9712852328587438
35939,35941,p,p,0.9832525618561664
22335,22337,e,e,0.04717637353021886
11959,11960,e,e,0.029924088477049117
34706,34708,p,p,0.9927380067140945
55891,55893,e,e,0.030475224300131668
12671,12672,e,e,0.0263373787023195
41514,41516,p,p,0.9999363732767762
41184,41186,p,p,0.9947692509307643
11539,11540,e,e,0.039935909545150826
59138,59284,p,p,0.996644652143225
56144,56146,p,p,0.9971901497432808
39232,39234,p,p,0.9809776448585492
26897,26899,e,e,0.08776961448743904
31257,31259,e,e,0.014966050795568923
47356,47358,p,p,0.989802095459837
11081,11082,p,p,0.9019124653817232
46368,46370,e,e,0.1073112439355333
36161,36163,e,e,0.028854782079216365
23458,23460,p,p,0.9568292037642094
14082,14084,p,p,0.9990541927719373
14760,14762,e,e,0.02741568620355174
31797,31799,p,p,0.9994549568078981
13849,13851,p,p,1.0
51704,51706,e,e,0.001250191570881226
30686,30688,e,e,0.0227130867414984
47865,47867,p,p,1.0
7824,7824,p,p,0.9664098811456837
25058,25060,e,e,0.01640046059319636
10880,10881,p,p,0.9573819343006171
60384,60530,e,e,0.0044045016224946755
27188,27190,p,p,0.9936720403643443
6150,6150,p,p,0.9314649785650961
25567,25569,p,p,0.9988008596533493
14196,14198,e,e,0.005084047348795187
30578,30580,e,e,0.0246739100071788
33015,33017,p,p,0.9999095022624434
23000,23002,p,p,0.9662833012192732
9221,9221,e,e,0.004963211087262271
36952,36954,p,p,0.9938166393521644
23314,23316,p,p,0.9701243486168392
8512,8512,e,e,0.0013231099986292971
21319,21321,e,e,0.016490061003494868
1848,1848,e,e,0.013710453050637316
8694,8694,e,e,0.0013231099986292971
13410,13412,p,p,1.0
51606,51608,e,e,0.0010777777777777778
35898,35900,p,p,0.9964351732755159
34674,34676,p,p,0.9943579394071027
18395,18397,p,p,0.984321134104517
35384,35386,p,p,0.9929215874154015
36617,36619,p,p,1.0
23598,23600,p,p,0.910323960038383
57964,58026,p,p,1.0
25837,25839,p,p,0.9462847433899162
50566,50568,e,e,0.02144547181283486
18185,18187,e,e,0.010421731704785678
16143,16145,e,e,0.017321452846453242
26088,26090,p,p,0.9879806460425476
22454,22456,e,e,0.056372345285009465
315,315,p,p,0.9999882766705744
26828,26830,e,e,0.007680079209139482
38969,38971,p,p,0.9989095022624435
12657,12658,e,e,0.02133557287608942
52855,52857,e,e,0.006954437443645867
16937,16939,e,e,0.08338178088722953
36907,36909,p,p,0.9899017457351431
50045,50047,p,p,0.9915140995523248
26962,26964,e,e,0.010645501995959648
46553,46555,e,e,0.08957866659888394
45597,45599,e,e,0.013753876953145427
18631,18633,p,p,0.9547818910791722
50277,50279,p,p,0.9366717503180699
33495,33497,p,p,0.922417418626556
33649,33651,e,e,0.038850952536585395
51603,51605,e,e,0.0030777777777777782
21495,21497,e,e,0.034417712539489644
27100,27102,e,e,0.018286830762936933
18548,18550,p,p,0.9946549703765131
58731,58877,p,p,0.962796638384702
43273,43275,p,p,0.9892861317364268
29310,29312,p,p,0.9865464810556426
34855,34857,p,p,0.9983472937207342
32451,32453,p,p,0.9761534338359367
27159,27161,e,e,0.017974932553968436
36091,36093,e,e,0.01109703370556097
10166,10167,p,p,0.986804653862755
16697,16699,e,e,0.0720193160650984
50540,50542,e,e,0.016117525021494834
54893,54895,e,e,0.02914811361005996
38416,38418,p,p,0.9791477098800496
20804,20806,e,e,0.13141453057211597
50786,50788,e,e,0.021306433885386677
16026,16028,e,e,0.04261862581473684
35662,35664,p,p,0.9956499633699635
56711,56727,p,p,0.9997142857142858
40997,40999,p,p,0.9838400322294362
60328,60474,e,e,0.021744223816697255
40268,40270,p,p,0.9771119594402267
12804,12805,p,p,0.9885423901495932
30837,30839,p,p,0.9542329400816283
8445,8445,p,p,0.9893336709437041
7619,7619,p,p,0.9736555621196689
44423,44425,p,p,0.9821655205694293
24002,24004,e,e,0.01597466479265929
41283,41285,p,p,0.9963235294117646
47080,47082,p,p,0.9996954412499107
8913,8913,p,p,0.9927985867391221
18767,18769,e,e,0.008223723338304364
46659,46661,e,e,0.004321150644133829
11269,11270,p,p,0.9397452844310348
7528,7528,p,p,0.98939355542122
7283,7283,p,p,0.9758007222538387
51494,51496,e,e,0.02768287953338106
46467,46469,e,e,0.13939395516387854
21152,21154,p,p,0.9224895310618081
33846,33848,e,e,0.041152487898524666
36166,36168,e,e,0.018422531276331203
4007,4007,p,p,1.0
2659,2659,e,e,0.0034961946395544747
48233,48235,p,p,1.0
17592,17594,e,e,0.01538233673827959
55031,55033,e,e,0.02698174616848689
36948,36950,p,p,0.9898521179435797
57157,57187,p,p,0.995642599019951
45646,45648,e,e,0.008172425660323456
24714,24716,e,e,0.014101870654066389
997,997,p,p,0.9694897130498675
34933,34935,p,p,0.9945558439472657
32464,32466,p,p,0.9944837144837144
54507,54509,e,e,0.009314337300080496
11495,11496,e,e,0.006484508871578
32817,32819,p,p,0.9873694949349797
28905,28907,p,p,0.9670040671435187
28605,28607,p,p,0.9654323057270133
12240,12241,p,p,0.9895510200292007
7695,7695,p,p,0.944946121737191
11023,11024,p,p,0.9731697330765754
53212,53214,e,e,0.012209943559530383
43765,43767,e,e,0.015576885738712581
18726,18728,e,e,0.015321463214996745
32990,32992,p,p,0.9927328915480805
19892,19894,p,p,0.9524723675383905
60608,60754,p,p,0.9987443662865377
45932,45934,e,e,0.00886454343394058
11307,11308,e,e,0.018456767531253387
43663,43665,e,e,0.008031554790590936
41541,41543,p,p,0.998917750419051
10686,10687,p,p,0.9683983195673342
19655,19657,p,p,0.9980842230130488
44972,44974,p,p,0.9863696679748551
26537,26539,p,p,0.9640890002723633
140,140,p,p,0.9999882766705744
21983,21985,e,e,0.049788168787654456
46012,46014,e,e,0.014254910986363096
49108,49110,e,e,0.018827257191855268
42778,42780,e,e,0.00011783775022287058
2764,2764,e,e,0.00020674259912229523
31630,31632,e,e,0.02777457562627504
59898,60044,p,p,0.9948759560948308
35342,35344,p,p,0.9737210879457068
57829,57871,p,p,1.0
19307,19309,p,p,0.9652272670467755
39295,39297,p,p,0.9871769735178881
37827,37829,p,p,0.997894959665506
21953,21955,e,e,0.05122299662714746
8139,8139,p,p,0.9725456623239171
42485,42487,e,e,0.017632393029244502
7653,7653,p,p,0.9197144885480963
43305,43307,p,p,0.9746427847727679
25801,25803,p,p,0.9853634710461424
17544,17546,e,e,0.024219462955634458
36966,36968,p,p,0.978048457168319
43513,43515,e,e,0.005816885738712581
54103,54105,p,p,0.9902135358488424
58432,58578,e,e,0.14139549175270372
33575,33577,e,e,0.035041248119667405
19457,19459,p,p,0.9955483659580133
28480,28482,p,p,0.9648185325477655
38371,38373,p,p,0.9410300974757636
55078,55080,e,e,0.0002930424074501655
39466,39468,p,p,0.9513196639106282
11619,11620,e,e,0.01787278877047408
32480,32482,p,p,0.9694228645066275
32600,32602,p,p,0.9948955715327389
41470,41472,p,p,0.9930640918824656
21930,21932,e,e,0.04292340433742601
8330,8330,p,p,0.9570107951248561
35779,35781,p,p,0.9925803837768267
21416,21418,e,e,0.008999049182262221
47253,47255,p,p,0.9996954412499107
55940,55942,e,e,0.02649848540254658
10064,10065,p,p,0.9836227795376538
3356,3356,e,e,0.009771637832645917
43444,43446,e,e,0.03880458213725082
12706,12707,e,e,0.03483784801001242
27291,27293,p,p,0.9937537397107495
40648,40650,p,p,0.9825051743864631
53309,53311,p,p,0.9982566481528233
37915,37917,p,p,0.9975017251293846
209,209,p,p,0.9999028065851043
38603,38605,p,p,0.9994030399434429
41406,41408,p,p,0.9930640918824656
52639,52641,e,e,0.0035745168906163387
35596,35598,p,p,0.9591770989981625
42221,42223,e,e,0.020257510105088205
41423,41425,p,p,0.999972602739726
35538,35540,p,p,0.96114520123546
4839,4839,e,e,0.023007686567205816
13389,13391,p,p,1.0
19322,19324,p,p,0.9884984091686941
16422,16424,e,e,0.053902335167330125
17818,17820,e,e,0.06603510598345105
16980,16982,p,p,0.9685601342657049
34819,34821,p,p,0.9861234355072648
4052,4052,p,p,0.99625
11939,11940,e,e,0.04920860289652233
7945,7945,p,p,0.987845194268747
7753,7753,p,p,0.9987198348494869
12452,12453,e,e,0.05436323082372912
58084,58211,p,p,1.0
28716,28718,p,p,0.937438914371747
5921,5921,e,e,0.019673098039503612
9780,9780,p,p,0.9944144891036281
11209,11210,p,p,0.9583976935126145
51805,51807,e,e,0.0032501915708812263
19482,19484,p,p,0.9876235271713608
17481,17483,e,e,0.009692920944295368
6335,6335,p,p,0.971771531136969
54365,54367,e,e,0.0222327250919854
21409,21411,e,e,0.007948054917749364
42539,42541,e,e,0.013986969245651026
25917,25919,p,p,0.9963182100220203
33589,33591,e,e,0.03004677659310302
17375,17377,e,e,0.030143934860478366
50781,50783,e,e,0.02400713938711291
56128,56130,p,p,0.9905796904027564
5320,5320,e,e,0.010808892882967373
7892,7892,p,p,0.9951433261519468
2569,2569,e,e,0.00020674259912229523
18889,18891,e,e,0.028813242904340845
33735,33737,e,e,0.026764480285350726
15591,15593,p,p,0.9998091603053436
36738,36740,p,p,0.9800788831264344
13188,13190,p,p,0.9968259270129717
28447,28449,p,p,0.9878762291004319
39279,39281,p,p,0.9928930155933068
59021,59167,p,p,0.9998175186640128
38461,38463,p,p,0.9710723019603232
5784,5784,e,e,0.003272767084897569
31532,31534,e,e,0.022180975520619553
10678,10679,p,p,0.9859966356647628
53267,53269,e,e,0.004702461642277217
51401,51403,e,e,0.019910830426949327
6524,6524,e,e,0.013246708099485487
54469,54471,e,e,0.006462475508313372
50600,50602,e,e,0.017332337535532264
7449,7449,p,p,0.9943265379532875
54358,54360,p,p,0.993506024659728
54265,54267,p,p,0.9533430354463267
51262,51264,e,e,0.026577942807752747
10990,10991,p,p,0.9592415553941558
23385,23387,p,p,0.977804947324892
3533,3533,p,p,1.0
60738,60884,p,p,0.9994391067805134
27910,27912,p,p,0.9555598471002357
40189,40191,p,p,0.9842955424407037
30808,30810,p,p,0.9386214100908947
53351,53353,p,p,0.9960849354133177
36595,36597,p,p,1.0
605,605,p,p,0.9999882766705744
52966,52968,e,e,0.003295487274858356
8177,8177,p,p,0.9892145505602046
25327,25329,e,e,0.027799987391750776
58303,58449,e,e,0.026517382808791377
39681,39683,p,p,0.9546008552708121
12446,12447,e,e,0.03846625183416472
55202,55204,e,e,0.010458718008171336
35623,35625,p,p,0.9780513842352336
4814,4814,e,e,0.014917192241762904
25517,25519,p,p,0.9929472011167639
51989,51991,e,e,0.0013331719286140957
29080,29082,p,p,0.9814926772755829
13568,13570,p,p,0.9989336904568594
27342,27344,p,p,0.9672227761485825
36610,36612,p,p,1.0
25404,25406,e,e,0.014289615994923753
24486,24488,e,e,0.023884447926296303
48466,48468,e,e,0.011934830977764608
8570,8570,e,e,0.0013231099986292971
60450,60596,e,e,0.0034707726024089873
20227,20229,e,e,0.030235258785574724
59359,59505,p,p,0.9969914797066576
59012,59158,p,p,0.9994098831960326
8888,8888,p,p,0.9955343264895679
57304,57334,p,p,0.9894724414294939
11433,11434,e,e,0.006484508871578
25150,25152,e,e,0.0033876058011981435
59387,59533,p,p,0.9919914797066576
3147,3147,e,e,0.0026182476491090423
2009,2009,e,e,0.007424290134199021
43491,43493,e,e,0.005031554790590935
9350,9350,e,e,0.0065349296523605814
17616,17618,e,e,0.00481743903659122
39476,39478,p,p,0.9255718045985969
16325,16327,e,e,0.07833203236029194
32053,32055,p,p,0.9995133349508533
49922,49924,p,p,0.9999636363636364
59895,60041,p,p,0.9948759560948308
46486,46488,e,e,0.15216679390651985
56379,56381,p,p,0.9794546298603751
36487,36489,p,p,1.0
1050,1050,p,p,0.9727217547786444
56107,56109,e,e,0.030129406386368088
33335,33337,p,p,0.967762235132284
59108,59254,p,p,0.9998175186640128
44091,44093,e,e,0.0
3387,3387,e,e,0.008373804520260333
60546,60692,e,e,0.0022659408299366556
18731,18733,e,e,0.008223723338304364
14972,14974,e,e,0.007103030303030303
32252,32254,p,p,0.9844837144837144
51834,51836,e,e,0.004411111111111111
60113,60259,p,p,0.9998484542331785
23085,23087,p,p,0.9790979799774489
60758,60904,p,p,0.9992083375497441
30976,30978,p,p,0.9542329400816283
30503,30505,e,e,0.02470988123020038
30201,30203,p,p,0.9965596628430571
33569,33571,e,e,0.03463711412899497
20011,20013,p,p,0.9543655322345187
19329,19331,p,p,0.9371938598281282
18039,18041,e,e,0.00437635480885172
55928,55930,e,e,0.022625562293678448
26283,26285,e,e,0.03049039932788034
54074,54076,p,p,0.9723760089218705
29363,29365,p,p,0.9714227822434698
524,524,p,p,0.9999882766705744
44858,44860,p,p,0.9883938953194119
54218,54220,p,p,0.9967114054882148
32536,32538,p,p,0.9918484996738421
45748,45750,e,e,0.030284892637660397
55793,55795,e,e,0.03779387708156108
15778,15780,p,p,0.9897138047138047
20440,20442,e,e,0.027244946840957754
48282,48284,p,p,1.0
13561,13563,p,p,0.9990100020625827
6464,6464,e,e,0.019791783885428838
16104,16106,e,e,0.010211600401783837
603,603,p,p,0.9999882766705744
27387,27389,p,p,0.9876468826170559
58573,58719,p,p,0.874529514063202
25011,25013,e,e,0.016338202531795645
52518,52520,e,e,0.006443404057607751
59750,59896,p,p,0.9959274054893044
38056,38058,p,p,0.9931081081081081
57803,57842,p,p,1.0
35703,35705,p,p,0.9915299999999999
52145,52147,e,e,0.0034007394961816633
35297,35299,e,e,0.020620695571014504
38521,38523,p,p,0.9999089760165023
42647,42649,e,e,0.01403590199642851
19940,19942,p,p,0.9805456801906024
32821,32823,p,p,0.9939746814218645
8499,8499,e,e,0.0009992270578726948
59739,59885,p,p,0.995357101584133
30770,30772,p,p,0.9483720705164109
32272,32274,p,p,0.9780543662368691
51602,51604,e,e,0.001847008547008547
35113,35115,e,e,0.028808145835827755
27681,27683,p,p,0.9701296666729301
530,530,p,p,0.9989620236872808
25051,25053,e,e,0.013374746307482074
19011,19013,e,e,0.010682239605331269
47643,47645,p,p,0.999802095459837
60287,60433,e,e,0.0037259856394960284
33039,33041,p,p,0.98531453739039
22331,22333,e,e,0.05355415374242122
11019,11020,p,p,0.9368822378490256
6169,6169,p,p,0.9641237764331733
7091,7091,p,p,0.9849203303363346
380,380,p,p,0.9989620236872808
31083,31085,e,e,0.0031279683303629883
37091,37093,p,p,1.0
10403,10404,e,e,0.007743978296985767
15393,15395,e,e,0.0016844806966949488
10774,10775,p,p,0.996057242245821
7157,7157,p,p,0.9624196374655916
35100,35102,e,e,0.01002911402382313
47414,47416,p,p,0.999802095459837
9777,9777,p,p,0.9936676928795581
57700,57733,p,p,1.0
3745,3745,p,p,0.9934511533242876
33842,33844,e,e,0.029683672144858883
14990,14992,e,e,0.007696053558844257
15532,15534,p,p,0.9995710650672485
15965,15967,e,e,0.01564098846488335
56727,56745,p,p,0.99
23465,23467,p,p,0.9785192330391778
27120,27122,e,e,0.018123807642732727
46685,46687,e,e,0.0021876172607879925
3761,3761,p,p,0.9555620378443455
55829,55831,e,e,0.03284393608863045
39147,39149,p,p,1.0
42839,42841,e,e,0.0006814917832646588
53185,53187,e,e,0.011646060618773782
8195,8195,p,p,0.9602646010956042
51161,51163,p,p,0.9915950843584384
21200,21202,e,e,0.02340960049012266
14863,14865,e,e,0.0
47455,47457,p,p,0.999802095459837
47858,47860,p,p,0.9994822627037392
30273,30275,p,p,0.9991797501793016
48725,48727,e,e,0.020556392287270422
57256,57286,p,p,0.9885464175783261
51347,51349,e,e,0.017445858920882004
12730,12731,p,p,0.9996708896797153
39410,39412,p,p,0.8862843503304398
47402,47404,p,p,0.9964687621265037
26300,26302,e,e,0.09998820830419385
8791,8791,e,e,0.0009992270578726948
42973,42975,e,e,0.00013759745630965439
31952,31954,p,p,0.995028389898088
2716,2716,e,e,0.0
59116,59262,p,p,0.9965584452466731
52006,52008,e,e,0.0014112969286140958
36311,36313,e,e,0.0071239515093878
43118,43120,p,p,0.9840410157424168
6982,6982,e,e,0.10921939703178607
1513,1513,p,p,1.0
10724,10725,p,p,0.9985269435876188
14235,14237,e,e,0.12376861953895892
37638,37640,p,p,0.9903358876117497
43446,43448,e,e,0.009373749601233857
18463,18465,p,p,0.9847316482878936
54573,54575,e,e,0.004200657283746177
26643,26645,p,p,0.7933758109943877
49430,49432,e,e,0.011945009852913604
29303,29305,p,p,0.9853066943056039
23126,23128,p,p,0.974091571778604
54117,54119,p,p,0.9664045501957672
5250,5250,e,e,0.06375481531811603
51042,51044,p,p,0.986481226762986
5855,5855,e,e,0.012305675583743831
45005,45007,p,p,0.9887199026454192
8597,8597,e,e,0.0009240390879478827
7986,7986,p,p,0.9951433261519468
57511,57541,p,p,0.9997142857142858
33182,33184,p,p,0.9506363911114325
23760,23762,p,p,0.8967982365395933
8397,8397,p,p,0.9742843160232453
39186,39188,p,p,0.9863405962384681
19771,19773,p,p,0.9818852510861916
40391,40393,p,p,0.9783011049339921
42395,42397,e,e,0.01401455202798669
47201,47203,p,p,0.9996954412499107
58463,58609,p,p,0.898981155649698
44212,44214,p,p,0.9637185645194646
14135,14137,e,e,0.013398400558315118
54379,54381,e,e,0.004120496963104894
59547,59693,p,p,0.958198716211898
26409,26411,e,e,0.14339227651410885
1803,1803,e,e,0.007424290134199021
47805,47807,p,p,0.9980509433861043
24916,24918,e,e,0.014101870654066389
44045,44047,e,e,0.0018121800333908322
22461,22463,e,e,0.06505747141566784
39914,39916,p,p,0.9594829261113198
1454,1454,p,p,1.0
17434,17436,e,e,0.00481743903659122
12607,12608,e,e,0.026303404038146842
22640,22642,p,p,0.9348966482786423
18740,18742,e,e,0.02664020515228701
39830,39832,p,p,0.9879437515972621
37332,37334,p,p,0.9921335333833459
15921,15923,e,e,0.010211600401783837
30463,30465,e,e,0.02469704529420655
2340,2340,p,p,0.9989737470167064
40093,40095,p,p,0.9785923520074483
12864,12865,p,p,0.9734867065432272
2772,2772,e,e,0.0015302720108870014
12641,12642,e,e,0.008228518638055708
15662,15664,p,p,0.9904545454545455
40281,40283,p,p,0.9263310649109009
28302,28304,p,p,0.8274403463975354
55354,55356,e,e,0.005686411078707692
26110,26112,p,p,0.9963182100220203
2366,2366,p,p,0.9989737470167064
57153,57183,e,e,0.006045384677621519
367,367,p,p,0.9999882766705744
9395,9395,e,e,0.0027273232958325766
1233,1233,e,e,0.003592667855825751
16712,16714,e,e,0.04373297436577544
36722,36724,p,p,1.0
60826,60972,p,p,0.9746775065964307
17272,17274,p,p,0.9978345160043497
26317,26319,e,e,0.05468446411058094
6632,6632,e,e,0.01746108982883287
19713,19715,p,p,1.0
17220,17222,p,p,0.9972344780630159
41148,41150,p,p,0.9999632352941177
15894,15896,e,e,0.009436974011502683
880,880,p,p,0.9816780406706287
20450,20452,e,e,0.025568824479421423
26624,26626,p,p,0.82886717414617
23025,23027,p,p,0.9784249030543719
38815,38817,p,p,0.9999363732767762
43693,43695,e,e,0.0
11801,11802,e,e,0.04092519634775895
42381,42383,e,e,0.014669856947173572
29040,29042,p,p,0.9791087820806639
11451,11452,e,e,0.039935909545150826
38807,38809,p,p,0.9941492278174997
13401,13403,p,p,0.9942478614011769
34681,34683,p,p,0.9950250437511314
46441,46443,e,e,0.1340139486748367
56585,56591,p,p,0.9997142857142858
22564,22566,e,e,0.07246656232475875
14112,14114,p,p,0.9982554391619662
25544,25546,p,p,0.9915181562123113
3895,3895,p,p,0.9998076923076923
11319,11320,e,e,0.012054459797670145
6294,6294,p,p,0.9411741789195156
50009,50011,p,p,0.9999636363636364
47630,47632,p,p,1.0
2422,2422,p,p,0.9989737470167064
34920,34922,p,p,0.9988356164383562
42003,42005,p,p,0.9896614490587929
30550,30552,e,e,0.025663080875277567
39445,39447,p,p,0.9654073491698324
19553,19555,p,p,0.9907792774165464
20889,20891,p,p,0.9565715022121469
59455,59601,p,p,0.995823414172431
36939,36941,p,p,0.9919633507853404
48357,48359,p,p,1.0
44845,44847,p,p,0.994822141455124
16116,16118,e,e,0.0237963493564599
17963,17965,e,e,0.03565197846476185
12689,12690,e,e,0.07497395726805317
47618,47620,p,p,0.999802095459837
36507,36509,p,p,1.0
34196,34198,p,p,0.9655053099114448
26477,26479,p,p,0.8056805158051403
14658,14660,e,e,0.036476936605485635
27413,27415,p,p,0.9898019801980198
29593,29595,p,p,0.9664775819915
37779,37781,p,p,0.998108108108108
26846,26848,e,e,0.01053722206628234
16971,16973,p,p,0.9977078508440811
40612,40614,p,p,0.9977679791040819
19086,19088,p,p,0.9321938598281282
14754,14756,e,e,0.017686971069308517
15952,15954,e,e,0.018209663255137787
6737,6737,e,e,0.04238585976290841
4404,4404,e,e,0.002836391737210014
43310,43312,p,p,0.9746427847727679
13553,13555,p,p,0.9989686244609887
14535,14537,e,e,0.037184659451979823
38767,38769,p,p,0.9816464533144387
59067,59213,p,p,0.9997313117674611
1506,1506,p,p,1.0
35189,35191,e,e,0.01717073042258811
21108,21110,p,p,0.9800071653474153
35282,35284,e,e,0.02610961460123373
2318,2318,p,p,0.9989737470167064
29588,29590,p,p,0.9839172479385451
51016,51018,p,p,0.9959175727299442
57870,57912,p,p,1.0
54890,54892,e,e,0.00800884317233786
44001,44003,e,e,0.003818926641772803
5129,5129,e,e,0.026827130765063788
8668,8668,e,e,0.0013231099986292971
14203,14205,e,e,0.008393515159162278
11944,11945,e,e,0.04136964079220339
19417,19419,p,p,0.9713735271713608
59844,59990,p,p,0.9747510313625614
2356,2356,p,p,0.9989737470167064
47637,47639,p,p,1.0
59777,59923,p,p,0.984810540832994
47681,47683,p,p,1.0
32219,32221,p,p,0.9944837144837144
57056,57086,e,e,0.015060632791456563
55797,55799,e,e,0.025319469704842428
50514,50516,e,e,0.03050013864147208
30728,30730,p,p,0.9539978257082226
11895,11896,e,e,0.020246080261005633
41688,41690,p,p,0.9982982086406744
30349,30351,p,p,0.9991797501793016
17477,17479,e,e,0.02019017182434635
30398,30400,e,e,0.0346739100071788
42517,42519,e,e,0.022310036357244694
51301,51303,e,e,0.014999043755226555
30154,30156,p,p,0.9964286584762447
35790,35792,p,p,0.9952224625102759
22326,22328,e,e,0.04386350765096833
33696,33698,e,e,0.03241489190677274
50518,50520,e,e,0.017332337535532264
49195,49197,e,e,0.013014514243178447
40176,40178,p,p,0.9885241678188792
6354,6354,e,e,0.020563735956117303
16375,16377,e,e,0.07537775586257993
10379,10380,e,e,0.02678436139772203
8877,8877,p,p,0.9965255928708204
1401,1401,e,e,0.009481182296275177
37264,37266,p,p,0.9807049619547744
52569,52571,e,e,0.00636588467776279
718,718,p,p,0.9801659088630423
60308,60454,e,e,0.023725985639496027
56330,56332,p,p,0.989153500528621
29570,29572,p,p,0.9486172613754181
53769,53771,p,p,0.9964115573617505
18807,18809,e,e,0.03532146321499675
59142,59288,p,p,0.9998175186640128
25384,25386,e,e,0.041154189481224276
43130,43132,p,p,0.9952960187962614
6824,6824,e,e,0.07453501316986136
54181,54183,p,p,0.9379456743493892
19032,19034,e,e,0.022044152290627
57492,57522,p,p,0.9844958606332409
54725,54727,e,e,0.008121620033682959
53533,53535,p,p,0.9870364985650365
12670,12671,e,e,0.017859041825597288
20639,20641,e,e,0.04139543457411937
38345,38347,p,p,0.9790496706643633
21616,21618,e,e,0.03339529970613947
42214,42216,e,e,0.008645176592167177
57811,57851,p,p,0.999655172413793
20729,20731,e,e,0.036091268713701885
14238,14240,e,e,0.009244527504180979
1214,1214,e,e,0.003972359816013067
35532,35534,p,p,0.9617490922910114
41038,41040,p,p,0.9759046500210853
39075,39077,p,p,0.9969095022624433
32910,32912,p,p,0.9930965279117169
10965,10966,p,p,0.9645396485507131
44288,44290,p,p,0.9927322297955209
26358,26360,e,e,0.028552826445834584
46040,46042,e,e,0.012199384149748084
53155,53157,e,e,0.011646060618773782
23644,23646,p,p,0.93278744082838
54171,54173,p,p,0.9729442744516956
33508,33510,p,p,0.9605696283722112
46707,46709,e,e,0.0021876172607879925
39867,39869,p,p,0.9821327577527461
23151,23153,p,p,0.9788202021996711
58136,58282,e,e,0.01934134698660752
41957,41959,p,p,0.9982982086406744
37110,37112,p,p,0.9748063148489403
19215,19217,p,p,0.9844965999568731
223,223,p,p,0.9999882766705744
40842,40844,p,p,0.996496182591524
3796,3796,p,p,0.9993406593406593
11229,11230,p,p,0.9201476434626247
20369,20371,e,e,0.0509318777833404
29635,29637,p,p,0.9868167513259128
43081,43083,p,p,0.977142148154707
27133,27135,e,e,0.021403026199453383
48027,48029,p,p,0.9998214285714286
28942,28944,p,p,0.9841592937128134
32718,32720,p,p,0.9959793074458296
47898,47900,p,p,0.9994787438581499
42683,42685,e,e,0.018392218433021894
48026,48028,p,p,1.0
33106,33108,p,p,0.9992410094869864
7012,7012,e,e,0.0860191970062958
40501,40503,p,p,0.9905663305604503
43459,43461,e,e,0.0030234113712374585
9660,9660,p,p,0.9944144891036281
60616,60762,p,p,0.9972666929874099
37297,37299,p,p,0.9925
41500,41502,p,p,0.9984415599428604
5440,5440,e,e,0.024085285273343013
34606,34608,p,p,0.9921254039824581
15154,15156,e,e,0.0
4158,4158,p,p,0.9992307692307691
57559,57589,p,p,1.0
25481,25483,p,p,0.9915181562123113
13806,13808,p,p,0.9985294117647059
44827,44829,p,p,0.9319184262608553
16272,16274,e,e,0.06552891009614192
41237,41239,p,p,1.0
42205,42207,e,e,0.02087944726011721
11588,11589,e,e,0.024539455437140745
38264,38266,p,p,0.9944388388278327
25466,25468,p,p,0.9999662731871838
321,321,p,p,0.9909882766705743
48389,48391,e,e,0.023606732298267215
6301,6301,p,p,0.910845915057193
21598,21600,e,e,0.0424489525681752
21973,21975,e,e,0.041995929143760415
51570,51572,e,e,0.0010777777777777778
26131,26133,e,e,0.03178746890777848
9056,9056,p,p,0.9632009098029763
31524,31526,e,e,0.029222691610967418
48254,48256,p,p,1.0
16912,16914,e,e,0.08819905465057154
43358,43360,p,p,0.9954465748421574
24020,24022,e,e,0.006298894042577428
38047,38049,p,p,0.998108108108108
18483,18485,p,p,0.9623401128007578
37280,37282,p,p,1.0
46283,46285,e,e,0.07492363243814144
48475,48477,e,e,0.07158792282457246
45640,45642,e,e,0.004508640303537191
12250,12251,p,p,0.980359176111023
6268,6268,p,p,0.971771531136969
14306,14308,e,e,0.005060181825828945
42002,42004,p,p,0.9979060517779295
60701,60847,p,p,0.9836755599824839
22227,22229,e,e,0.08187740104578849
33318,33320,p,p,0.9063369729299068
36898,36900,p,p,0.9811639895094132
19224,19226,p,p,0.9346636918062498
2595,2595,e,e,0.00020833333333333332
4895,4895,e,e,0.01582155147526313
30358,30360,e,e,0.015616890143087855
37600,37602,p,p,0.9999655172413793
58835,58981,p,p,0.9998175186640128
15745,15747,p,p,0.9998091603053436
11281,11282,p,p,0.9050614315720448
25301,25303,e,e,0.003960311075355324
15940,15942,e,e,0.009743815006544037
31719,31721,e,e,0.018873134839870652
55429,55431,e,e,0.010552823860089967
21750,21752,e,e,0.03989095471980461
29932,29934,e,e,0.07116123257329283
45930,45932,e,e,0.010819145441750413
1397,1397,e,e,0.00402394959187266
17553,17555,e,e,0.004942833339947286
24721,24723,e,e,0.01586729436503262
37643,37645,p,p,0.9999655172413793
35796,35798,p,p,0.982510441516125
53681,53683,p,p,0.9964115573617505
13058,13060,p,p,0.9827218887760517
25995,25997,p,p,0.9811302814977325
11450,11451,e,e,0.006484508871578
22393,22395,e,e,0.050718949875272035
13423,13425,p,p,0.9989336904568594
52861,52863,e,e,0.008782448863917582
52327,52329,e,e,0.006027285895854007
54832,54834,e,e,0.008387951153558518
25931,25933,p,p,0.9443111415511555
54679,54681,e,e,0.009314337300080496
45260,45262,e,e,0.01756536521309315
53042,53044,e,e,0.009834634637132057
32956,32958,p,p,0.9994389140271493
1256,1256,e,e,0.0015204564581114592
31569,31571,e,e,0.03126313433848825
24003,24005,e,e,0.008620004160054442
21288,21290,e,e,0.00823376920346365
28861,28863,p,p,0.9890434082053045
30626,30628,e,e,0.01708183663096295
45216,45218,e,e,0.015121645377126658
40048,40050,p,p,0.996177017561905
32848,32850,p,p,0.9917168412435067
47815,47817,p,p,0.9998013245033113
40262,40264,p,p,0.9725774411048669
22742,22744,p,p,0.9740905355049188
520,520,p,p,0.9999882766705744
60713,60859,p,p,0.993573726926668
44990,44992,p,p,0.9878305150377219
30446,30448,e,e,0.012319528032776104
12224,12225,p,p,0.9908161157582139
35475,35477,p,p,0.9573216718236952
17916,17918,e,e,0.07065090585491846
40355,40357,p,p,0.9780485221804605
43282,43284,p,p,0.9984679667017119
34322,34324,p,p,0.982017548923311
53424,53426,p,p,0.9972799039667768
47656,47658,p,p,1.0
15983,15985,e,e,0.009743815006544037
24071,24073,e,e,0.011262793358088961
8472,8472,e,e,0.0015653823461648025
54924,54926,e,e,0.00800884317233786
36256,36258,e,e,0.013003617418264104
29152,29154,p,p,0.9507387048466173
23965,23967,p,p,0.9604755455169532
36411,36413,p,p,1.0
11772,11773,e,e,0.01498505861989774
272,272,p,p,0.9999882766705744
55056,55058,e,e,0.03712994905594266
37566,37568,p,p,0.9998560281902844
31211,31213,e,e,0.00524317442524932
44864,44866,p,p,0.9883938953194119
9154,9154,p,p,0.9936138204920718
26440,26442,e,e,0.0739518060239817
57934,57990,p,p,1.0
20669,20671,e,e,0.07756077971253544
51585,51587,e,e,0.0010777777777777778
26518,26520,p,p,0.957235965075418
35296,35298,e,e,0.01281488246595703
6126,6126,p,p,0.9372414097917096
12455,12456,e,e,0.0679508422686329
18259,18261,e,e,0.0040927413634735685
379,379,p,p,0.9988765536018107
17376,17378,e,e,0.020907923716250606
52355,52357,e,e,0.006238138609032301
20308,20310,e,e,0.016619304104512827
33345,33347,p,p,0.9317995138917818
31946,31948,p,p,0.995226294438251
22906,22908,p,p,0.973764038569511
24415,24417,e,e,0.027276521648250382
6665,6665,e,e,0.021760953373249802
32946,32948,p,p,0.9898251667142418
22234,22236,e,e,0.04954235837933551
14619,14621,e,e,0.06011982764135717
52492,52494,e,e,0.006027285895854007
32735,32737,p,p,0.9962603009375105
1622,1622,p,p,1.0
10349,10350,e,e,0.007491182129677469
43839,43841,e,e,0.03553654693403355
9484,9484,e,e,0.00044123740105102944
22183,22185,e,e,0.14261904674249393
54124,54126,p,p,0.9679181098416322
16327,16329,e,e,0.0659882759536104
49059,49061,e,e,0.035274256280875146
42323,42325,e,e,0.01978219569184213
35639,35641,p,p,0.9920645962892151
4614,4614,e,e,0.02665111368279893
45893,45895,e,e,0.014254910986363096
17150,17152,p,p,0.9981383972599912
46099,46101,e,e,0.007947483566299138
55444,55446,e,e,0.018557538036898663
43960,43962,e,e,0.0003135313531353135
8137,8137,p,p,0.9474675855318379
56383,56385,p,p,0.993934579474886
8412,8412,p,p,0.9834774195588781
17956,17958,e,e,0.060374452725713915
37184,37186,p,p,0.9988507927244431
38292,38294,p,p,0.9615407945652734
43610,43612,e,e,0.0056245780464048885
23234,23236,p,p,0.9377074049402151
59376,59522,p,p,0.9935852866283335
48376,48378,e,e,0.012224288829235968
45624,45626,e,e,0.014959686551880744
21972,21974,e,e,0.04806362781042777
15589,15591,p,p,0.99041974423444
735,735,p,p,0.9801659088630423
8793,8793,e,e,0.007914588695371151
50829,50831,e,e,0.01978851187777581
22500,22502,e,e,0.04506011568484539
27128,27130,e,e,0.016858259334365504
36513,36515,p,p,1.0
38609,38611,p,p,0.9822714533144387
16484,16486,e,e,0.025152186062364756
30568,30570,e,e,0.02644747927039794
11668,11669,e,e,0.05044310794310794
8921,8921,p,p,0.9980704646656924
18598,18600,p,p,0.9631396063988937
47958,47960,p,p,0.9996774193548387
24418,24420,e,e,0.03019889854251328
43351,43353,p,p,0.9812865925991514
38951,38953,p,p,0.99984375
37696,37698,p,p,0.9999655172413793
9090,9090,p,p,0.9955343264895679
49989,49991,p,p,0.9899636363636364
20107,20109,p,p,0.9944538956247502
58006,58076,p,p,1.0
27918,27920,p,p,0.9837424159299648
11373,11374,e,e,0.030258490190312116
12328,12329,p,p,0.9906507627243619
38975,38977,p,p,0.99984375
51690,51692,e,e,0.0014226053639846742
38387,38389,p,p,0.9924831648327184
7328,7328,p,p,0.9703400964192656
32850,32852,p,p,0.9997115977222805
37188,37190,p,p,1.0
52839,52841,e,e,0.010249333128843463
40469,40471,p,p,0.983044428115052
33074,33076,p,p,0.9999095022624434
44565,44567,p,p,0.9691391177344457
10653,10654,p,p,0.996057242245821
22472,22474,e,e,0.04424568495099874
26688,26690,p,p,0.8084181650224457
14380,14382,e,e,0.030060181825828942
37202,37204,p,p,1.0
60849,60995,p,p,0.9982403935933347
22362,22364,e,e,0.04465233114004444
7561,7561,p,p,0.9615558292378102
49560,49562,e,e,0.011268681350498144
27888,27890,p,p,0.9915286490899519
17574,17576,e,e,0.02019017182434635
17621,17623,e,e,0.009692920944295368
6739,6739,e,e,0.06253151186334974
17216,17218,p,p,0.9947169121600841
17149,17151,p,p,0.9978345160043497
38629,38631,p,p,0.9994030399434429
60532,60678,e,e,0.002944456812935303
60001,60147,p,p,0.9960000000000001
31262,31264,e,e,0.00524317442524932
38254,38256,p,p,0.9699500476164366
57558,57588,p,p,0.9997142857142858
11311,11312,e,e,0.006484508871578
1796,1796,e,e,0.033440976812391644
29655,29657,e,e,0.14039552956743728
490,490,p,p,0.9999882766705744
59729,59875,p,p,0.9452045586965925
15017,15019,e,e,0.0022342342342342343
43317,43319,p,p,0.977142148154707
24763,24765,e,e,0.014391632363392408
6119,6119,p,p,0.9916888824643912
60170,60316,p,p,0.9998484542331785
45649,45651,e,e,0.0037412506905191633
13180,13182,p,p,0.9939706611239767
9963,9964,p,p,0.9942484907722726
17176,17178,p,p,0.997665024478926
47983,47985,p,p,0.9996774193548387
23274,23276,p,p,0.974091571778604
4667,4667,e,e,0.01901095474098419
42691,42693,e,e,0.01663632514139876
17069,17071,p,p,0.9411417077591124
42711,42713,e,e,0.018139480887481244
42887,42889,e,e,0.000657487813202646
54224,54226,p,p,0.9562303640168957
48793,48795,e,e,0.021259602892944488
49090,49092,e,e,0.01674479471322964
31929,31931,p,p,0.995303020780962
17917,17919,e,e,0.030067864967790885
29893,29895,e,e,0.020012995507985458
3877,3877,p,p,1.0
841,841,p,p,0.9742427496772357
10120,10121,p,p,0.9732066138804362
33472,33474,p,p,0.8998637548254058
14601,14603,e,e,0.0371596560276665
4190,4190,p,p,1.0
39382,39384,p,p,0.9414383608509269
33161,33163,p,p,0.9898251667142418
46981,46983,p,p,0.9996954412499107
26027,26029,p,p,0.9538099731464403
51963,51965,e,e,0.0014112969286140958
11724,11725,e,e,0.01344277006268381
19034,19036,e,e,0.07095945654326259
49724,49726,e,e,0.024065208149922142
3524,3524,e,e,0.016267104554822682
55349,55351,e,e,0.0025623969379372207
20355,20357,e,e,0.0438732894121292
58426,58572,e,e,0.007563272550456451
37129,37131,p,p,1.0
32981,32983,p,p,0.9898251667142418
5433,5433,e,e,0.013612867939150024
27438,27440,p,p,0.9958019801980197
32225,32227,p,p,0.9838450752777658
39188,39190,p,p,0.9764596981990737
13899,13901,p,p,0.9993281653746771
43522,43524,e,e,0.011511741270777415
42735,42737,e,e,0.011028388794886258
7895,7895,p,p,0.9888257028672718
26213,26215,e,e,0.0431840844387135
9325,9325,e,e,0.010680585524724766
42629,42631,e,e,0.014669856947173572
28237,28239,p,p,0.9789333442421225
34130,34132,p,p,0.9664723127870343
44317,44319,p,p,0.99
55282,55284,e,e,0.00158915279078003
20214,20216,e,e,0.004035100348516321
8753,8753,e,e,0.0013231099986292971
19398,19400,p,p,0.9870263558393212
32110,32112,p,p,0.9997115977222805
55089,55091,e,e,0.003162703742862055
18027,18029,e,e,0.008916855394434105
48212,48214,p,p,1.0
24514,24516,e,e,0.020519153307533358
26685,26687,p,p,0.8067114436157345
35587,35589,p,p,0.95623159722908
35054,35056,e,e,0.006777298372082179
3489,3489,e,e,0.009771637832645917
59644,59790,p,p,0.9919893568254108
10261,10262,e,e,0.0019711538461538464
47179,47181,p,p,0.9996954412499107
55683,55685,e,e,0.020970828375770346
9665,9665,p,p,0.994654303168494
49778,49780,p,p,1.0
405,405,p,p,0.9956286903539475
5814,5814,e,e,0.004837621882719849
16242,16244,e,e,0.058638059977712736
10581,10582,e,e,0.009416539925993707
8348,8348,p,p,0.9667204305624556
9464,9464,e,e,0.0008042463727556534
2942,2942,e,e,0.006052595822823089
10367,10368,e,e,0.010319584171696847
60575,60721,p,p,0.9989167800796411
3830,3830,p,p,0.9975862733757471
13457,13459,p,p,0.9990100020625827
60841,60987,p,p,0.9985319510634376
15862,15864,p,p,0.9889446033562166
28179,28181,p,p,0.9947089211987954
20292,20294,e,e,0.01383021441938786
60121,60267,p,p,0.9989021626730762
4991,4991,e,e,0.009195105398815738
27392,27394,p,p,0.9904916353704336
11111,11112,p,p,0.9866085772319539
51902,51904,e,e,0.0014112969286140958
46711,46713,e,e,0.004321150644133829
50523,50525,e,e,0.017621101143160546
33394,33396,p,p,0.925646006315657
31953,31955,p,p,0.9996835221883892
6011,6011,p,p,0.9492708699796303
26532,26534,p,p,0.7642900134269319
59865,60011,p,p,0.9998484542331785
22390,22392,e,e,0.04210949205077079
30367,30369,e,e,0.021962829804191106
22766,22768,p,p,0.9402299816119757
21346,21348,e,e,0.034417712539489644
13282,13284,p,p,0.9942478614011769
7058,7058,e,e,0.06914794892378749
39379,39381,p,p,0.9181474586311374
29271,29273,p,p,0.9799901120338613
4319,4319,e,e,0.002836391737210014
8231,8231,p,p,0.9700596161738533
15625,15627,p,p,0.9928571428571429
44277,44279,p,p,1.0
7482,7482,p,p,0.9856800193544877
10604,10605,p,p,0.9977013103442719
20877,20879,p,p,0.9826109136458975
9790,9790,p,p,0.9764879420391389
54426,54428,e,e,0.013381065200467035
11277,11278,p,p,0.9193517910632625
38597,38599,p,p,0.9974363732767761
27737,27739,p,p,0.9853860418713535
60504,60650,e,e,0.015979984595602674
29663,29665,e,e,0.02990631082523584
58959,59105,p,p,0.9994098831960326
54608,54610,e,e,0.007558310424501446
45976,45978,e,e,0.008162837063859922
10372,10373,e,e,4.807692307692308e-05
14947,14949,e,e,0.0
21984,21986,e,e,0.07837651605865938
30051,30053,p,p,0.9991797501793016
47123,47125,p,p,0.9996954412499107
42378,42380,e,e,0.012616083589973856
59668,59814,p,p,0.996295394603562
13019,13021,p,p,0.9993358742605956
44685,44687,p,p,0.932213384844154
37107,37109,p,p,0.9290118025739409
4149,4149,p,p,1.0
29272,29274,p,p,0.9540442228084699
60747,60893,p,p,0.9972666929874099
31221,31223,e,e,0.0031279683303629883
30001,30003,e,e,0.044555678752114435
49718,49720,e,e,0.01674479471322964
54477,54479,e,e,0.009314337300080496
9802,9802,p,p,0.9885648651160621
42124,42126,e,e,0.0019368570359748116
37564,37566,p,p,0.9998560281902844
45569,45571,e,e,0.008654630321764426
58085,58215,p,p,1.0
26921,26923,e,e,0.007280079209139482
44727,44729,p,p,0.9742929638882917
59080,59226,p,p,0.9998175186640128
39657,39659,p,p,0.9447324342181805
17036,17038,p,p,0.997221406167591
54858,54860,e,e,0.0241565426453181
42319,42321,e,e,0.018216370864581874
48421,48423,e,e,0.05317298548438197
6410,6410,e,e,0.02893207689505434
44813,44815,p,p,0.9691391177344457
60910,61056,p,p,0.9870330396520136
35974,35976,p,p,0.9917000038814343
52777,52779,e,e,0.010249333128843463
5034,5034,e,e,0.05958718251152643
60353,60499,e,e,0.025405711935918816
48530,48532,e,e,0.010247455353788267
7972,7972,p,p,0.989628994403322
3784,3784,p,p,1.0
20657,20659,e,e,0.035187463168064655
30113,30115,p,p,0.9991797501793016
51507,51509,e,e,0.026452616773344654
49785,49787,p,p,1.0
27213,27215,p,p,0.9998019801980198
45386,45388,e,e,0.022022185821475276
13336,13338,p,p,1.0
51716,51718,e,e,0.00518034188034188
39178,39180,p,p,1.0
35221,35223,e,e,0.009539943616986677
715,715,p,p,0.9668442685535825
14386,14388,e,e,0.006942755513996484
7549,7549,p,p,0.9495639671969179
49371,49373,e,e,0.017776190799127737
26147,26149,e,e,0.028430086452122794
59924,60070,p,p,0.99874831651923
1424,1424,p,p,1.0
31109,31111,e,e,0.0031279683303629883
24065,24067,e,e,0.013964926442911734
2616,2616,e,e,0.0020460829493087556
16013,16015,e,e,0.009600874563572335
19964,19966,p,p,0.9881623283643151
15929,15931,e,e,0.025827599356459903
37055,37057,p,p,0.9999363732767762
53025,53027,e,e,0.0027316043341017535
18287,18289,e,e,0.00708867551855012
26143,26145,e,e,0.06529306429756175
1272,1272,e,e,0.0013768049801471415
3548,3548,p,p,0.9890572139303483
51996,51998,e,e,0.0014112969286140958
24877,24879,e,e,0.014695290499959029
2110,2110,e,e,0.00365697711480844
27482,27484,p,p,0.9919751014045655
1265,1265,e,e,0.006559405419661039
20413,20415,e,e,0.01359250648061411
13468,13470,p,p,0.9989686244609887
5113,5113,e,e,0.02939417591500515
14515,14517,e,e,0.040720017116905705
10404,10405,e,e,0.013394317322888752
12088,12089,p,p,0.9978478489619009
40992,40994,p,p,0.993265812487289
12997,12999,p,p,0.9996708896797153
33547,33549,e,e,0.058442396383448794
36999,37001,p,p,0.9892006387240729
45961,45963,e,e,0.007341497341756212
46645,46647,e,e,0.01041488998806072
39627,39629,p,p,0.9180090876264174
12858,12859,p,p,0.9993358742605956
17038,17040,p,p,0.9772344780630159
47561,47563,p,p,0.999802095459837
38756,38758,p,p,0.9988404265133158
27890,27892,p,p,0.9770080542648116
10545,10546,e,e,0.02859826072740928
9385,9385,e,e,0.002233214983719646
2779,2779,e,e,0.0029541047188106013
36353,36355,e,e,0.0024284609946415947
60623,60769,p,p,0.9972666929874099
3603,3603,p,p,0.9756785204877945
2297,2297,p,p,0.9989737470167064
56592,56598,p,p,1.0
20533,20535,e,e,0.07175858191033765
21386,21388,e,e,0.03087103680269361
29645,29647,p,p,0.9598711829863931
37172,37174,p,p,1.0
55188,55190,e,e,0.00158915279078003
27558,27560,p,p,0.9684815648678783
48518,48520,e,e,0.00953212851626441
2845,2845,e,e,0.02291902831685685
18402,18404,p,p,0.989184564746978
28465,28467,p,p,0.9894653749693079
56973,57003,e,e,0.009429904632930126
55239,55241,e,e,0.0047131669315504995
24180,24182,e,e,0.009065292913853834
56261,56263,p,p,0.9723390080083328
18397,18399,p,p,0.9954635463477288
7751,7751,p,p,0.9742097695248261
7626,7626,p,p,0.9953593891969483
12650,12651,e,e,0.04956342543574497
30623,30625,e,e,0.03684748543967426
45691,45693,e,e,0.014959686551880744
38557,38559,p,p,0.9999363732767762
5246,5246,e,e,0.1189354796993053
15932,15934,e,e,0.07104852528900625
52359,52361,e,e,0.006443404057607751
1747,1747,p,p,1.0
51065,51067,p,p,0.9905001886732407
32988,32990,p,p,0.9901919967796013
47585,47587,p,p,0.999802095459837
31268,31270,e,e,0.008764850200368171
19246,19248,p,p,0.9884984091686941
34261,34263,p,p,0.9966125093899889
41885,41887,p,p,0.9879060517779295
18428,18430,p,p,0.9910902393272619
15637,15639,p,p,0.9897138047138047
37400,37402,p,p,0.9676740739238864
34500,34502,p,p,0.986521805558175
29678,29680,e,e,0.07133479703044328
25889,25891,p,p,0.9061304534896614
44834,44836,p,p,0.9967858299405516
33549,33551,e,e,0.0368346648762725
20053,20055,p,p,0.9962979203277109
52658,52660,e,e,0.006989894503524777
52264,52266,e,e,0.007686254593724676
11546,11547,e,e,0.04025849019031212
28208,28210,p,p,0.986026493394315
60715,60861,p,p,0.9963412473572061
45630,45632,e,e,0.030284892637660397
17750,17752,e,e,0.0802197464346286
12797,12798,p,p,0.9896269919570767
26611,26613,p,p,0.8036452415251422
45418,45420,e,e,0.026928058411369412
3521,3521,e,e,0.014080600739207425
52524,52526,e,e,0.006443404057607751
8875,8875,p,p,0.9924509931562345
55273,55275,e,e,0.0008812777015678125
51419,51421,e,e,0.0373575115030753
21318,21320,e,e,0.03771334136104261
60416,60562,e,e,0.0037259856394960284
4756,4756,e,e,0.014917192241762904
20658,20660,e,e,0.07224244487998406
55480,55482,e,e,0.014687484783827327
7572,7572,p,p,0.9758596153898845
33888,33890,p,p,0.9881984545293296
13430,13432,p,p,0.9989686244609887
40881,40883,p,p,0.9818996334893656
10399,10400,e,e,0.016767380465750034
52443,52445,e,e,0.00636588467776279
22143,22145,e,e,0.041641962621015764
31055,31057,p,p,0.9933096906935495
50240,50242,p,p,0.9469559804389904
6969,6969,e,e,0.05307723483756221
54606,54608,e,e,0.003656139790334709
26665,26667,p,p,0.9380236025552455
28027,28029,p,p,0.9823254696935945
44647,44649,p,p,0.922527632424872
28402,28404,p,p,0.9744080159301776
42834,42836,e,e,0.000730620712123608
7294,7294,p,p,0.9845605419765462
16155,16157,e,e,0.010876864562126214
48769,48771,e,e,0.02204257011184671
7172,7172,p,p,0.9683892830250801
48242,48244,p,p,1.0
44161,44163,p,p,0.9898461538461538
55837,55839,e,e,0.02301121445557224
27219,27221,p,p,0.9944176410431447
18791,18793,e,e,0.029524462720322893
16589,16591,e,e,0.08110173808686585
31235,31237,e,e,0.014966050795568923
6472,6472,e,e,0.014301757453657837
28438,28440,p,p,0.9749046612836336
13286,13288,p,p,0.9993961332784862
7834,7834,p,p,0.9785178832922108
12296,12297,p,p,0.9927820364662518
16578,16580,e,e,0.05194000570832666
36435,36437,p,p,1.0
54727,54729,e,e,0.00800884317233786
22275,22277,e,e,0.04469965368051766
45318,45320,e,e,0.00713947713973601
43180,43182,p,p,0.9952960187962614
46057,46059,e,e,0.006438463812544305
32700,32702,p,p,0.9912796640879677
12474,12475,e,e,0.022159157073289578
47244,47246,p,p,0.9996954412499107
14069,14071,p,p,0.9990900701365818
36362,36364,p,p,1.0
1582,1582,p,p,0.9900347222222223
4384,4384,e,e,0.011538417170024528
45609,45611,e,e,0.008252214437736325
33582,33584,e,e,0.05620241448151012
18514,18516,p,p,0.9737355049200598
48657,48659,e,e,0.023606732298267215
4519,4519,e,e,0.0027370927809863034
34360,34362,p,p,0.9830491350143967
25419,25421,p,p,0.9988008596533493
37030,37032,p,p,0.999235266265706
48858,48860,e,e,0.06773289754452876
22070,22072,e,e,0.05413967513930033
1501,1501,p,p,1.0
21721,21723,e,e,0.06069273030474706
21365,21367,e,e,0.021649955062911088
3522,3522,e,e,0.009771637832645917
51472,51474,e,e,0.017737090733023705
46181,46183,e,e,0.004021937798392063
21828,21830,e,e,0.041784196495267524
16087,16089,e,e,0.010211600401783837
4277,4277,e,e,0.0022651503349431375
44198,44200,p,p,0.986
11366,11367,e,e,0.012054459797670145
55505,55507,e,e,0.007952049170019961
4550,4550,e,e,0.0027370927809863034
48609,48611,e,e,0.03916813573308135
55458,55460,e,e,0.015832399277925794
58529,58675,p,p,0.8849083050536066
10074,10075,p,p,0.9808340293117542
48234,48236,p,p,0.9984214265416311
48551,48553,e,e,0.013286403417253734
52235,52237,e,e,0.0018400759983815376
45810,45812,e,e,0.004508640303537191
22471,22473,e,e,0.053882124783003985
31192,31194,e,e,0.0032773516520067563
7969,7969,p,p,0.9946508361423011
18267,18269,e,e,0.0751311651725457
5522,5522,e,e,0.015335157110352084
49524,49526,e,e,0.01674479471322964
13124,13126,p,p,0.9998506787330317
35902,35904,p,p,0.9966417021276596
9096,9096,p,p,0.9932662269091841
2177,2177,p,p,0.9971555651985247
10917,10918,p,p,0.9859218362217043
22798,22800,p,p,0.9683770447427602
14374,14376,e,e,0.03384284500275956
32793,32795,p,p,0.9924865861837694
49393,49395,e,e,0.01514252893307119
6156,6156,p,p,0.991155549131058
41890,41892,p,p,0.9827535543219509
60922,61068,p,p,0.9987443662865377
4669,4669,e,e,0.022417192241762907
39927,39929,p,p,0.9923458487307361
35399,35401,p,p,0.9758797455866193
34143,34145,p,p,0.9918346468464238
360,360,p,p,0.9999882766705744
21902,21904,e,e,0.036404289292633035
36836,36838,p,p,0.9892906516936903
53514,53516,p,p,0.9921046439263533
18730,18732,e,e,0.014720196202111395
32126,32128,p,p,0.9748746155997212
16763,16765,e,e,0.06691177496186441
57217,57247,p,p,0.9966414350313186
3648,3648,p,p,0.9993406593406593
5138,5138,e,e,0.04094770956525507
10802,10803,p,p,0.9956420094612614
5861,5861,e,e,0.030513610148594453
41899,41901,p,p,0.9894202209886174
44618,44620,p,p,0.932213384844154
26436,26438,e,e,0.10722954511577665
20095,20097,p,p,0.9643646654846799
11878,11879,e,e,0.04629027747952545
25902,25904,p,p,0.983623610513662
38234,38236,p,p,0.9785755696518639
12816,12817,p,p,0.9996708896797153
24926,24928,e,e,0.04279515176485464
10925,10926,p,p,0.9976924585581992
21872,21874,e,e,0.040782285901508536
29465,29467,p,p,0.9868167513259128
20858,20860,p,p,0.9480413899277634
8436,8436,p,p,0.9463850925267845
25731,25733,p,p,0.9888008596533492
39198,39200,p,p,0.9798907348461385
8714,8714,e,e,0.0013231099986292971
10507,10508,e,e,0.006770833333333333
54625,54627,e,e,0.04341810442216816
36819,36821,p,p,0.9899653724583668
24504,24506,e,e,0.024805351087292808
3790,3790,p,p,1.0
28817,28819,p,p,0.9775577352536193
53536,53538,p,p,0.9927408433822121
12667,12668,e,e,0.02630239424164525
47975,47977,p,p,1.0
4224,4224,p,p,0.9992763157894737
4553,4553,e,e,0.002836391737210014
23226,23228,p,p,0.939620546220887
38441,38443,p,p,0.9944388388278327
29181,29183,p,p,0.8321947965254205
3473,3473,e,e,0.005442290943803952
7608,7608,p,p,0.9716655490034491
4571,4571,e,e,0.00893660066920058
60082,60228,p,p,1.0
222,222,p,p,0.9999028065851043
247,247,p,p,0.9999028065851043
49512,49514,e,e,0.01237236028026403
14780,14782,e,e,0.06952340476366026
3638,3638,p,p,0.9946347769877181
24571,24573,e,e,0.02784216410635094
6031,6031,p,p,0.9719988038642416
5923,5923,e,e,0.015756270409756058
55419,55421,e,e,0.022691478692248163
57326,57356,p,p,0.9844724414294939
13050,13052,p,p,0.9896269919570767
2662,2662,e,e,0.0
5179,5179,e,e,0.015709539642797567
1984,1984,e,e,0.00365697711480844
38673,38675,p,p,0.9948357477885404
13557,13559,p,p,0.9990100020625827
55575,55577,e,e,0.025932378743521015
45560,45562,e,e,0.0069356951349636075
34163,34165,p,p,0.9881984545293296
57125,57155,e,e,0.006578550905785258
21769,21771,e,e,0.03229049967430995
22189,22191,e,e,0.03721955974857445
24536,24538,e,e,0.05381497886900762
56177,56179,p,p,0.9747901540433468
11387,11388,e,e,0.04069125927367208
35531,35533,p,p,0.976051816246547
47932,47934,p,p,0.9997203579418344
8883,8883,p,p,0.988200671623709
40047,40049,p,p,0.995138056522944
52708,52710,e,e,0.009582666462176797
24115,24117,e,e,0.011335257126204906
54768,54770,e,e,0.01785206325460064
58656,58802,p,p,0.8321846600243671
17157,17159,p,p,0.9562728713930763
11726,11727,e,e,0.01547826542706481
26669,26671,p,p,0.9349435514980212
25856,25858,p,p,0.9873308286873259
28055,28057,p,p,0.9846095471579449
5325,5325,e,e,0.025916024604980496
51600,51602,e,e,0.0032501915708812263
14501,14503,e,e,0.010089127908005546
5476,5476,e,e,0.03221519314482756
47973,47975,p,p,0.9994393241167435
11017,11018,p,p,0.9432310474971639
4179,4179,p,p,0.9921335333833459
13936,13938,p,p,1.0
52725,52727,e,e,0.003709387307535815
8288,8288,p,p,0.947122379572177
27648,27650,p,p,0.986593657495037
32811,32813,p,p,0.9918484996738421
53284,53286,e,e,0.0027316043341017535
24768,24770,e,e,0.053085534392137756
31251,31253,e,e,0.0027456730438976938
51449,51451,e,e,0.032468373215477915
2641,2641,e,e,0.0015302720108870014
60123,60269,p,p,0.9998484542331785
28520,28522,p,p,0.9874594752642932
26489,26491,p,p,0.811371609273597
52676,52678,e,e,0.006869412575813933
50783,50785,e,e,0.016117525021494834
20586,20588,e,e,0.047251571119616254
5832,5832,e,e,0.02182170560145443
27903,27905,p,p,0.9911479591836735
34557,34559,p,p,0.9978813039396982
2579,2579,e,e,0.0020460829493087556
52396,52398,e,e,0.006238138609032301
10842,10843,p,p,0.9988689291464344
22469,22471,e,e,0.056149998703488906
27358,27360,p,p,0.9850185796654348
18336,18338,e,e,0.004578531999616367
7636,7636,p,p,0.9661995016061143
13493,13495,p,p,0.9996556586774347
30855,30857,p,p,0.9617331955482578
28701,28703,p,p,0.99
13945,13947,p,p,0.9990503875968993
35859,35861,p,p,0.9985535012932273
35725,35727,p,p,0.9821177537762823
58995,59141,p,p,0.9967477449267301
50976,50978,p,p,0.9911178147705325
23713,23715,p,p,0.8840138076197003
35733,35735,p,p,0.9748312790710052
29256,29258,p,p,0.9594363454373562
50385,50387,p,p,0.9592775175246799
35542,35544,p,p,0.968483510675959
34379,34381,p,p,0.9899278619611651
44003,44005,e,e,0.002867398814389399
35006,35008,e,e,0.009882392426090155
22784,22786,p,p,0.9653554255188953
17793,17795,e,e,0.042008390990438314
6941,6941,e,e,0.08331390474272266
37413,37415,p,p,0.9724844720496894
43077,43079,p,p,0.990880191863434
20778,20780,e,e,0.027333552559895148
20869,20871,p,p,0.9419734356393146
27140,27142,e,e,0.007280079209139482
3835,3835,p,p,0.99
3492,3492,e,e,0.012517932999993715
16058,16060,e,e,0.017659350729085005
179,179,p,p,0.9999882766705744
50317,50319,p,p,0.9675117544674618
46100,46102,e,e,0.00830633749093557
45663,45665,e,e,0.02040908311140862
6360,6360,e,e,0.01279100868339003
38276,38278,p,p,0.9790496706643633
59487,59633,p,p,0.9961362165487628
17546,17548,e,e,0.0160564205079131
16185,16187,e,e,0.010211600401783837
7958,7958,p,p,0.991674559918074
27525,27527,p,p,0.9919751014045655
57994,58062,p,p,1.0
44107,44109,e,e,0.003940568475452196
26204,26206,e,e,0.036187114385336526
24644,24646,e,e,0.015955785869901505
29147,29149,p,p,0.9723359674011002
55854,55856,e,e,0.03229047223320876
39547,39549,p,p,0.9594722170259412
44614,44616,p,p,0.967132136587853
31810,31812,p,p,0.995226294438251
47560,47562,p,p,1.0
37778,37780,p,p,0.997894959665506
43330,43332,p,p,0.9987835222572674
27998,28000,p,p,0.973488365181405
51090,51092,p,p,0.9911178147705325
14416,14418,e,e,0.009244527504180979
10697,10698,p,p,0.9950144928076199
18053,18055,e,e,0.005920921239357554
12614,12615,e,e,0.013369204992386093
32671,32673,p,p,0.9941819338572191
39776,39778,p,p,0.9887784623410638
4281,4281,e,e,0.0127267265738303
4478,4478,e,e,0.0027644492911668484
35340,35342,p,p,0.985451405121812
40374,40376,p,p,0.9717051214167577
58843,58989,p,p,0.9994098831960326
36403,36405,p,p,1.0
16664,16666,e,e,0.037366434826392715
20403,20405,e,e,0.02853064382003624
35316,35318,p,p,0.9767537348441263
7601,7601,p,p,0.9871172162431963
21404,21406,e,e,0.03480335152949625
52208,52210,e,e,0.0014112969286140958
15780,15782,p,p,0.9897138047138047
46159,46161,e,e,0.009470529658483506
25761,25763,p,p,0.9988008596533493
5762,5762,e,e,0.011428657559687892
38774,38776,p,p,0.998450658991062
40657,40659,p,p,0.9968371536771758
44957,44959,p,p,0.9967858299405516
8238,8238,p,p,0.9376388338760764
21401,21403,e,e,0.007000121365667906
55607,55609,e,e,0.0035549774889555006
45755,45757,e,e,0.004508640303537191
30329,30331,p,p,0.9963020761977637
38360,38362,p,p,0.9772038197327788
50647,50649,e,e,0.01994403966319184
60792,60938,p,p,0.8517284195241359
53009,53011,e,e,0.0017855039137934642
57601,57632,p,p,0.9972190784155214
34395,34397,p,p,0.9864262898177533
24299,24301,e,e,0.015305032929645952
24560,24562,e,e,0.024522565676271015
40028,40030,p,p,0.993117312775632
21417,21419,e,e,0.03771334136104261
57079,57109,e,e,0.006693935521169874
32296,32298,p,p,0.9762816389641419
4596,4596,e,e,0.025019289348312542
7711,7711,p,p,0.9665558292378102
60628,60774,p,p,0.9992083375497441
60821,60967,p,p,0.9969070602600014
30655,30657,e,e,0.01724108619466278
27827,27829,p,p,0.9787170080954765
21990,21992,e,e,0.09220796323544457
46688,46690,e,e,0.004321150644133829
5303,5303,e,e,0.02663485038573716
36800,36802,p,p,0.9818650965204833
24410,24412,e,e,0.07385773124767533
2885,2885,e,e,0.029699020014656772
41751,41753,p,p,0.9951609905955617
53075,53077,e,e,0.0031924782812123246
33436,33438,p,p,0.9137693689895997
16799,16801,e,e,0.061694235485234394
18411,18413,p,p,0.9625538448973567
16023,16025,e,e,0.018791570756423265
12807,12808,p,p,0.9885423901495932
40451,40453,p,p,0.9725268459260561
60437,60583,e,e,0.025405711935918816
36074,36076,e,e,0.006667952031649193
40433,40435,p,p,0.9778575204826677
45492,45494,e,e,0.0335523179707893
49610,49612,e,e,0.03228325625169118
46094,46096,e,e,0.04375189663454381
36930,36932,p,p,0.9999363732767762
44260,44262,p,p,1.0
35795,35797,p,p,0.9928251390215819
57150,57180,e,e,0.006578550905785258
16074,16076,e,e,0.009853371294995252
16555,16557,e,e,0.050799179902451426
24498,24500,e,e,0.030257213098259142
7347,7347,p,p,0.9614882445674137
3955,3955,p,p,0.991364302614115
49144,49146,e,e,0.013617455419649037
26963,26965,e,e,0.007280079209139482
19758,19760,p,p,0.9957308677547367
18569,18571,p,p,0.9851143374679762
39510,39512,p,p,0.9817554536966653
35997,35999,p,p,0.9770447058823529
56267,56269,p,p,0.9829500956309711
1770,1770,e,e,0.006283125775801663
27617,27619,p,p,0.9702271752571845
28142,28144,p,p,0.9846775743688292
60190,60336,p,p,0.9989021626730762
8326,8326,p,p,0.946399336431259
8018,8018,p,p,0.9815471129981216
17547,17549,e,e,0.009692920944295368
17257,17259,p,p,0.9982830142427739
3656,3656,p,p,0.9793406593406593
47023,47025,p,p,0.9996954412499107
33898,33900,p,p,0.989378030794363
23102,23104,p,p,0.874738734970476
55094,55096,e,e,0.01912401414077047
7162,7162,p,p,0.9653400964192655
42089,42091,e,e,0.002436843258833844
34473,34475,p,p,0.9945235271863989
2752,2752,e,e,0.004484376729697603
55911,55913,e,e,0.02649848540254658
16673,16675,e,e,0.06195888777164254
21052,21054,p,p,0.9861189112975175
1545,1545,p,p,1.0
18264,18266,e,e,0.005920921239357554
32973,32975,p,p,0.9978956133735545
13358,13360,p,p,0.9942478614011769
45559,45561,e,e,0.0059693455874132075
59111,59257,p,p,0.9965584452466731
26384,26386,e,e,0.15922417424170013
44825,44827,p,p,0.932213384844154
37665,37667,p,p,0.9999655172413793
41644,41646,p,p,0.999972602739726
19282,19284,p,p,0.9848427569388316
43549,43551,e,e,0.016915835727045785
33445,33447,p,p,0.9241997190467243
29666,29668,e,e,0.08566862541537484
26389,26391,e,e,0.042148985515853034
32036,32038,p,p,0.9993154304106904
30738,30740,p,p,0.9481429350427044
59385,59531,p,p,0.9906581463733243
36691,36693,p,p,1.0
35379,35381,p,p,0.9521451165862019
10821,10822,p,p,0.9857495497338873
30883,30885,p,p,0.9736477022014794
3166,3166,e,e,0.007441047564931056
46438,46440,e,e,0.17799928731934186
14943,14945,e,e,0.01625052984338699
41782,41784,p,p,0.9982982086406744
29997,29999,e,e,0.09096526347175575
15258,15260,e,e,0.003907795229784758
43316,43318,p,p,0.9983615837229884
19435,19437,p,p,0.975551523289678
2786,2786,e,e,0.0
48281,48283,p,p,1.0
17693,17695,e,e,0.07967859490439927
57861,57903,p,p,1.0
42921,42923,e,e,0.007635806504076841
14345,14347,e,e,0.007842845002759564
50279,50281,p,p,0.9637656538438949
34082,34084,p,p,0.9673646220272477
47874,47876,p,p,0.9996774193548387
44281,44283,p,p,0.9927322297955209
34683,34685,p,p,0.9983472937207342
35509,35511,p,p,0.9569876530409285
40788,40790,p,p,0.9878832063087547
55610,55612,e,e,0.014687484783827327
22810,22812,p,p,0.9348966482786423
24796,24798,e,e,0.015910962487303358
52549,52551,e,e,0.006238138609032301
7442,7442,p,p,0.996748326437286
244,244,p,p,0.9999882766705744
38129,38131,p,p,0.9790496706643633
16347,16349,e,e,0.04885431011601736
13148,13150,p,p,0.9999411764705883
34296,34298,p,p,0.9945235271863989
16464,16466,e,e,0.06008182839695893
14547,14549,e,e,0.005977198634289777
59298,59444,p,p,0.9969914797066576
11530,11531,e,e,0.006484508871578
10968,10969,p,p,0.967157175572664
49678,49680,e,e,0.02656520814992214
42391,42393,e,e,0.017205955467224344
56641,56649,p,p,1.0
459,459,p,p,0.9999882766705744
38310,38312,p,p,0.9542196983904673
58440,58586,e,e,0.013655381576629027
50500,50502,e,e,0.019759485185275608
60601,60747,p,p,0.9982403935933347
11463,11464,e,e,0.012054459797670145
35367,35369,p,p,0.9567437306603899
33802,33804,e,e,0.04783711847569348
49084,49086,e,e,0.016953805727325397
47082,47084,p,p,0.9996954412499107
20208,20210,e,e,0.023777551207879735
50145,50147,p,p,0.9313299619628463
54227,54229,p,p,0.9820584962260301
24099,24101,e,e,0.011102386127484758
12282,12283,p,p,0.994409283391512
30918,30920,p,p,0.9956906468114759
23466,23468,p,p,0.9320458628817819
6063,6063,p,p,0.943334066149163
33080,33082,p,p,0.9887711048093982
29335,29337,p,p,0.9845446414793692
22780,22782,p,p,0.9768714570893974
57483,57513,p,p,0.990706073089139
4914,4914,e,e,0.029083590159157405
28801,28803,p,p,0.9360851949209615
55006,55008,e,e,0.008121620033682959
54081,54083,p,p,0.9973001695274423
35950,35952,p,p,0.9824675324675325
11745,11746,e,e,0.01889692965521352
60300,60446,e,e,0.023879836209814254
45732,45734,e,e,0.015409083111408619
2664,2664,e,e,0.00043859649122807013
48562,48564,e,e,0.05230857703266723
19944,19946,p,p,0.9985813618028382
23345,23347,p,p,0.974629597696397
46692,46694,e,e,0.00035346097201767305
53053,53055,e,e,0.008672835886273737
22914,22916,p,p,0.9587956361711139
35145,35147,e,e,0.004777540217015944
4284,4284,e,e,0.007126517641839736
5901,5901,e,e,0.015602826711562148
39067,39069,p,p,1.0
21391,21393,e,e,0.050840770379787674
45250,45252,e,e,0.017614761772621022
3754,3754,p,p,1.0
7122,7122,p,p,0.920059951612805
15774,15776,p,p,0.9997619047619049
24778,24780,e,e,0.026017367348134136
16133,16135,e,e,0.010876864562126214
2972,2972,e,e,0.006365580813869409
47494,47496,p,p,1.0
19633,19635,p,p,0.9806173658815353
24132,24134,e,e,0.014583262119369113
55784,55786,e,e,0.031325123346436376
26983,26985,e,e,0.016858259334365504
55328,55330,e,e,0.00158915279078003
10078,10079,p,p,0.9875740432126632
59325,59471,p,p,0.9969914797066576
30245,30247,p,p,0.9991797501793016
28630,28632,p,p,0.9696865568548928
22224,22226,e,e,0.0489463355026635
31321,31323,e,e,0.0038688635883462785
36756,36758,p,p,0.9898521179435797
38940,38942,p,p,1.0
54954,54956,e,e,0.01764198809905403
10083,10084,p,p,0.9956325051759835
43022,43024,e,e,0.007611802534014829
1669,1669,p,p,1.0
18843,18845,e,e,0.03394755076026553
56194,56196,p,p,0.9765195791938119
25835,25837,p,p,0.9002585507313633
33841,33843,e,e,0.03093885547610336
9691,9691,p,p,0.993564865116062
41230,41232,p,p,0.9997203579418344
33666,33668,e,e,0.04012564283255479
38855,38857,p,p,1.0
19364,19366,p,p,0.9867084581120485
31056,31058,p,p,0.9539978257082226
22410,22412,e,e,0.10127956116744517
41209,41211,p,p,0.9992988929889299
58793,58939,p,p,0.9324662978485729
3811,3811,p,p,0.9958333333333332
12695,12696,e,e,0.014677081634113284
43888,43890,e,e,0.016681367775318586
43744,43746,e,e,0.020727304192268804
13627,13629,p,p,0.9967763167686808
12656,12657,e,e,0.013563105428747113
59165,59311,p,p,0.9969914797066576
3350,3350,e,e,0.008373804520260333
1982,1982,e,e,0.012547746924322478
25168,25170,e,e,0.010768503976602005
46183,46185,e,e,0.012487235175189022
12756,12757,p,p,0.9996708896797153
3798,3798,p,p,0.9975862733757471
13957,13959,p,p,0.9990900701365818
8087,8087,p,p,0.9867215508522358
60191,60337,p,p,0.9998484542331785
44478,44480,p,p,0.9325432038276523
38676,38678,p,p,0.9948357477885404
38319,38321,p,p,0.9791477098800496
4346,4346,e,e,0.0023370927809863032
6636,6636,e,e,0.020561014654659614
15727,15729,p,p,1.0
45148,45150,p,p,0.9967858299405516
42108,42110,e,e,0.02113732865765117
35228,35230,e,e,0.017095694222699048
54001,54003,p,p,0.9989281929656354
36592,36594,p,p,1.0
55069,55071,e,e,0.0050596911092371764
60126,60272,p,p,0.9989021626730762
54199,54201,p,p,0.9690827283779204
57170,57200,p,p,0.9966414350313186
20984,20986,p,p,0.9742882147993823
41629,41631,p,p,0.999972602739726
14355,14357,e,e,0.0032073355914960344
12731,12732,p,p,0.9996708896797153
46653,46655,e,e,0.0021876172607879925
36890,36892,p,p,0.9899653724583668
59043,59189,p,p,0.9994098831960326
51303,51305,e,e,0.01889397490557438
47413,47415,p,p,1.0
9978,9979,p,p,0.9938514639027619
60855,61001,p,p,0.9970079140238728
20627,20629,e,e,0.017149402354079343
39907,39909,p,p,0.9897241138692751
3398,3398,e,e,0.011742700794266845
49920,49922,p,p,0.9618589271385316
8100,8100,p,p,0.9878785878532035
55319,55321,e,e,0.003756376808093709
44135,44137,p,p,0.991
31733,31735,e,e,0.05931434334417227
7203,7203,p,p,0.9572371957906219
14911,14913,e,e,0.016267482130272827
29263,29265,p,p,0.9271408705519226
1476,1476,p,p,1.0
40524,40526,p,p,0.9781478083518966
37346,37348,p,p,0.9997203579418344
58605,58751,p,p,0.9303781914488902
44826,44828,p,p,0.9716854153945864
21095,21097,p,p,0.9427923010685737
49611,49613,e,e,0.011268681350498144
60877,61023,p,p,0.9987443662865377
895,895,p,p,0.9742427496772357
32445,32447,p,p,0.9822851429019201
44912,44914,p,p,0.9883938953194119
55229,55231,e,e,0.003756376808093709
1251,1251,e,e,0.0011415108625000827
51907,51909,e,e,0.0014112969286140958
17729,17731,e,e,0.09030314490052596
43899,43901,e,e,0.011513410375860495
52369,52371,e,e,0.006238138609032301
4157,4157,p,p,0.999626764253201
49118,49120,e,e,0.017776190799127737
4388,4388,e,e,0.021457971901865422
41263,41265,p,p,0.986251601967258
27484,27486,p,p,0.9937537397107495
2995,2995,e,e,0.002870088998160033
40983,40985,p,p,0.9920411392405063
11488,11489,e,e,0.03129787692073089
23769,23771,p,p,0.8498714624261235
39131,39133,p,p,0.99984375
10822,10823,p,p,0.9985269435876188
12736,12737,p,p,0.9885423901495932
57201,57231,p,p,0.9948299596214827
42083,42085,e,e,0.0023118432588338437
33299,33301,p,p,0.9106534611999331
33272,33274,p,p,0.9079960629181586
20843,20845,p,p,0.9835303808329914
51430,51432,e,e,0.014999043755226555
45392,45394,e,e,0.022022185821475276
43204,43206,p,p,0.9954465748421574
1485,1485,p,p,0.98
6228,6228,p,p,0.9578856213133576
58321,58467,e,e,0.01888549438150118
21824,21826,e,e,0.053257907993954134
10674,10675,p,p,0.9869260203221226
16428,16430,e,e,0.052094346760909425
9349,9349,e,e,0.007286264868526268
42355,42357,e,e,0.029134159555324723
38467,38469,p,p,0.9762842221658938
12798,12799,p,p,0.9993358742605956
34842,34844,p,p,0.9983664166344904
17010,17012,p,p,0.991781529333295
46592,46594,e,e,0.1430354303649866
22934,22936,p,p,0.9768714570893974
46382,46384,e,e,0.14801220696600006
23742,23744,p,p,0.9562388870833956
46,46,p,p,0.9625288172111149
52272,52274,e,e,0.00636588467776279
45422,45424,e,e,0.028695841940423045
27643,27645,p,p,0.9888623030246173
34679,34681,p,p,0.9971254039824581
10552,10553,e,e,0.0062762355290227265
17181,17183,p,p,0.9979226991765764
29172,29174,p,p,0.9710633443327472
45780,45782,e,e,0.0036023618016302744
24058,24060,e,e,0.018789524840583487
56252,56254,p,p,0.9854928891026334
18876,18878,e,e,0.009579320122472576
44192,44194,p,p,0.99
36685,36687,p,p,1.0
39177,39179,p,p,0.9989095022624435
7382,7382,p,p,0.9299989451380154
18655,18657,p,p,0.9914964156503783
43434,43436,e,e,0.0056245780464048885
4943,4943,e,e,0.03943462727229759
23999,24001,p,p,0.9287421657157914
21918,21920,e,e,0.041779623376662946
49732,49734,e,e,0.024065208149922142
34919,34921,p,p,0.9943579394071027
42236,42238,e,e,0.00473439275575043
37587,37589,p,p,0.9999655172413793
56075,56077,e,e,0.036296911582517605
52807,52809,e,e,0.008782448863917582
2323,2323,p,p,0.9988642579656115
6520,6520,e,e,0.020563735956117303
52269,52271,e,e,0.006238138609032301
14468,14470,e,e,0.006999186889065003
9567,9567,p,p,0.994654303168494
19881,19883,p,p,0.8405977807375414
49180,49182,e,e,0.021794873077230853
56876,56906,e,e,0.006019851751536367
29151,29153,p,p,0.9420269354599584
17206,17208,p,p,0.9298917077591125
47936,47938,p,p,0.999802095459837
28880,28882,p,p,0.9737217993476935
45993,45995,e,e,0.00942113309895563
39984,39986,p,p,0.9926434916182463
33680,33682,e,e,0.04624682431815368
55831,55833,e,e,0.026843922278595708
36730,36732,p,p,0.989782199007761
37532,37534,p,p,0.9994777123633305
32114,32116,p,p,0.9996835221883892
55039,55041,e,e,0.006685834115964098
17858,17860,e,e,0.03767817141816459
31417,31419,e,e,0.03126313433848825
37425,37427,p,p,0.9996432622328376
40190,40192,p,p,0.9892955424407037
9398,9398,e,e,0.008917103963662262
20638,20640,e,e,0.06676006180176002
30232,30234,p,p,0.9964286584762447
27433,27435,p,p,0.9919129896033231
53644,53646,p,p,0.9887274789209389
50856,50858,p,p,0.9935950843584382
33079,33081,p,p,0.9898251667142418
13982,13984,p,p,0.9985294117647059
57574,57605,p,p,1.0
14500,14502,e,e,0.04038393408110824
32285,32287,p,p,0.9905934981384291
37680,37682,p,p,0.9999655172413793
11628,11629,e,e,0.006484508871578
31483,31485,e,e,0.029222691610967418
27852,27854,p,p,0.9969159340284877
55258,55260,e,e,0.004446295647922887
4299,4299,e,e,0.03657708998884761
13470,13472,p,p,0.992939048335689
6430,6430,e,e,0.01061670352098224
45218,45220,e,e,0.0030081467789416032
9264,9264,e,e,0.004963211087262271
11374,11375,e,e,0.0118931694750895
28296,28298,p,p,0.993588293096472
17287,17289,p,p,0.9983078887854149
39528,39530,p,p,0.9209249630753892
39403,39405,p,p,0.9710744170496005
47764,47766,p,p,1.0
54471,54473,e,e,0.0038435144266033196
47829,47831,p,p,0.9994795148146757
42223,42225,e,e,0.02183386938919476
48860,48862,e,e,0.02204257011184671
1829,1829,e,e,0.006125893071399149
45706,45708,e,e,0.010439831698524318
19700,19702,p,p,0.9924105246971071
11949,11950,e,e,0.03198260275906955
28956,28958,p,p,0.9517462254313539
11810,11811,e,e,0.01772396397154838
14334,14336,e,e,0.014776377926528259
42408,42410,e,e,0.018033916954259616
47272,47274,p,p,0.9996954412499107
38878,38880,p,p,0.9916666666666666
27502,27504,p,p,0.9988019801980198
23130,23132,p,p,0.9692913434050462
40955,40957,p,p,0.9960438873535992
34208,34210,p,p,0.962820773631464
25033,25035,e,e,0.012876308387178181
44199,44201,p,p,0.9927322297955209
17053,17055,p,p,0.9978096414617087
59176,59322,p,p,0.9992296072507553
9560,9560,p,p,0.9936676928795581
37105,37107,p,p,0.9966666666666667
8014,8014,p,p,0.9862158396352692
21257,21259,e,e,0.060028189998320686
12062,12063,p,p,0.9754170809991137
36828,36830,p,p,0.9899017457351431
43487,43489,e,e,0.0030234113712374585
58607,58753,p,p,0.8077071323892457
37896,37898,p,p,0.9977885766867826
34995,34997,e,e,0.011735083192214238
40420,40422,p,p,0.9903292200007592
19744,19746,p,p,0.9708650071629904
35169,35171,e,e,0.021735083192214236
45225,45227,e,e,0.015121645377126658
28251,28253,p,p,0.9758189440013875
38880,38882,p,p,0.9927666451195862
9481,9481,e,e,0.0044555655021238
24368,24370,e,e,0.0917796521569265
7999,7999,p,p,0.9964883950063238
16917,16919,e,e,0.05882064013251243
30438,30440,e,e,0.02454568945580036
38159,38161,p,p,0.9772038197327788
53015,53017,e,e,0.0015698055832434332
29300,29302,p,p,0.9747075016068476
20149,20151,e,e,0.010855761140627397
60445,60591,e,e,0.020791600915696606
34941,34943,p,p,0.9988356164383562
2930,2930,e,e,0.0020509756362305427
38896,38898,p,p,0.99984375
35929,35931,p,p,0.9646013177977608
29319,29321,p,p,0.9844097526927823
4249,4249,e,e,0.01339621809925403
58208,58354,e,e,0.028561835843194158
4165,4165,p,p,0.9996842355175687
10280,10281,e,e,0.01822804692443675
15325,15327,e,e,0.004731904193204502
6687,6687,e,e,0.024409928455098512
29484,29486,p,p,0.9777823159213535
19634,19636,p,p,0.9826591554961682
22174,22176,e,e,0.038308166612623235
52749,52751,e,e,0.010249333128843463
4908,4908,e,e,0.03251928934831254
25900,25902,p,p,0.9420003332364628
37040,37042,p,p,0.9850788831264344
60274,60420,e,e,0.03670826055896271
897,897,p,p,0.9792981179623967
23895,23897,p,p,0.9302853375208835
50271,50273,p,p,0.9196321941506003
44665,44667,p,p,0.9742929638882917
46415,46417,e,e,0.10902085143892243
53050,53052,e,e,0.002757695672516673
16955,16957,p,p,0.991781529333295
32295,32297,p,p,0.9795301045342235
23335,23337,p,p,0.9228845282070209
31324,31326,e,e,0.0027456730438976938
41922,41924,p,p,0.998056980570499
37076,37078,p,p,0.999375
41212,41214,p,p,0.9725923280733297
19800,19802,p,p,0.9878451736623682
46098,46100,e,e,0.008705869850745169
17466,17468,e,e,0.004576245051961619
39705,39707,p,p,0.9821327577527461
37803,37805,p,p,0.998108108108108
49064,49066,e,e,0.033931836204420536
14134,14136,e,e,0.008850307730458666
6080,6080,p,p,0.9011931120167866
16279,16281,e,e,0.042443469002793666
4396,4396,e,e,0.002836391737210014
21815,21817,e,e,0.02879460505364084
50890,50892,p,p,0.9959175727299442
49584,49586,e,e,0.01674479471322964
34849,34851,p,p,0.9943579394071027
27960,27962,p,p,0.9745035993747584
20828,20830,p,p,0.986538815999465
47488,47490,p,p,0.999802095459837
2292,2292,p,p,0.9989737470167064
46188,46190,e,e,0.009931978111547222
9210,9210,e,e,0.0009375797060889868
7318,7318,p,p,0.9680345572787856
785,785,p,p,0.9855867834110138
8730,8730,e,e,0.0013231099986292971
20916,20918,p,p,0.9462433603711132
24728,24730,e,e,0.025485807405271163
4504,4504,e,e,0.03335536596124124
1497,1497,p,p,1.0
23206,23208,p,p,0.89074128374233
14419,14421,e,e,0.005331933482083817
55763,55765,e,e,0.012320436885957681
49460,49462,e,e,0.01674479471322964
11704,11705,e,e,0.08415726456555275
58090,58227,p,p,1.0
401,401,p,p,0.9999882766705744
17537,17539,e,e,0.01613890802931669
50742,50744,e,e,0.017621101143160546
54182,54184,p,p,0.9930692348725411
57369,57399,p,p,0.9939280075482998
36801,36803,p,p,0.988048457168319
28909,28911,p,p,0.9943432108067907
9532,9532,p,p,0.9892622420612633
15060,15062,e,e,0.0
8901,8901,p,p,0.9975700243775385
60498,60644,e,e,0.0044045016224946755
59520,59666,p,p,0.9932179482404014
13861,13863,p,p,0.9990900701365818
38743,38745,p,p,0.9716464533144387
51478,51480,e,e,0.02060048559936312
46575,46577,e,e,0.15929540099935624
1548,1548,p,p,1.0
28508,28510,p,p,0.9756686041538685
2915,2915,e,e,0.006653638764164298
13198,13200,p,p,1.0
4658,4658,e,e,0.045398216317948374
53993,53995,p,p,0.9920211206214934
27811,27813,p,p,0.9718066643179343
10959,10960,p,p,0.9777430401991293
51750,51752,e,e,0.0047559386973180075
23343,23345,p,p,0.923648432885435
4021,4021,p,p,0.9956944444444444
60753,60899,p,p,0.9963412473572061
25056,25058,e,e,0.014391632363392408
4836,4836,e,e,0.014423455764273323
7901,7901,p,p,0.9915070310043886
4189,4189,p,p,0.9982724225981486
11390,11391,e,e,0.006484508871578
17578,17580,e,e,0.0028218788074020236
13636,13638,p,p,0.9989336904568594
24313,24315,e,e,0.015779583855205278
59078,59224,p,p,0.9998175186640128
34361,34363,p,p,0.9852796036592258
2837,2837,e,e,0.002656566255179119
11520,11521,e,e,0.034539455437140744
21940,21942,e,e,0.0745566506225745
52416,52418,e,e,0.006443404057607751
16776,16778,e,e,0.08116531666462362
48763,48765,e,e,0.03199916670747991
16343,16345,e,e,0.059008421387565166
1072,1072,e,e,0.008586432446688068
53136,53138,e,e,0.0030797889443083255
25097,25099,e,e,0.0025663716814159293
39829,39831,p,p,0.9621828397365639
23062,23064,p,p,0.9790979799774489
37622,37624,p,p,0.9998560281902844
25536,25538,p,p,0.9988008596533493
35273,35275,e,e,0.015105483166344146
51166,51168,p,p,0.9878229190853349
11448,11449,e,e,0.006484508871578
40351,40353,p,p,0.9783474772534785
10845,10846,p,p,0.9956420094612614
40323,40325,p,p,0.9798928810247053
5216,5216,e,e,0.04557400654904842
31300,31302,e,e,0.0029741221765168346
47946,47948,p,p,0.9998013245033113
5724,5724,e,e,0.015869009653873337
25926,25928,p,p,0.9538099731464403
25039,25041,e,e,0.0164041287154671
42130,42132,e,e,0.016848191626479277
58013,58088,p,p,1.0
49352,49354,e,e,0.014700636291778993
24870,24872,e,e,0.015910962487303358
18170,18172,e,e,0.004806785154251907
43701,43703,e,e,0.0005930232558139535
7334,7334,p,p,0.9342452680075648
42809,42811,e,e,0.017824061164090785
11818,11819,e,e,0.0446092633368692
27317,27319,p,p,0.9919751014045655
35876,35878,p,p,1.0
3200,3200,e,e,0.011415467582069185
35666,35668,p,p,0.9982277924362357
11984,11985,e,e,0.03945002526922201
40947,40949,p,p,0.9999632352941177
25928,25930,p,p,0.947227425814132
14657,14659,e,e,0.02406517189960328
32692,32694,p,p,0.9843321394977693
32356,32358,p,p,0.9893858028881312
47359,47361,p,p,1.0
30962,30964,p,p,0.9541288844825376
49957,49959,p,p,0.9818589271385316
23680,23682,p,p,0.9602828755582133
36180,36182,e,e,0.0071239515093878
57715,57749,p,p,1.0
4379,4379,e,e,0.0027644492911668484
59766,59912,p,p,0.9792313210573625
19115,19117,p,p,0.9844642226292184
1937,1937,e,e,0.006283125775801663
17397,17399,e,e,0.013822014556830402
23239,23241,p,p,0.9790979799774489
60248,60394,e,e,0.02394566712635944
22637,22639,p,p,0.9402299816119757
13027,13029,p,p,0.9768708206728711
31872,31874,p,p,0.9946548658668223
29387,29389,p,p,0.9908427316246925
15863,15865,p,p,0.9972727272727272
25510,25512,p,p,0.9988008596533493
50305,50307,p,p,0.9314481393692594
37501,37503,p,p,0.9999655172413793
36516,36518,p,p,1.0
51684,51686,e,e,0.007544227994227995
5006,5006,e,e,0.021837915745047932
60118,60264,p,p,0.9989021626730762
18159,18161,e,e,0.00708867551855012
15562,15564,p,p,0.991046052631579
7866,7866,p,p,0.9835609141421462
52752,52754,e,e,0.010249333128843463
20598,20600,e,e,0.17211502921603142
53876,53878,p,p,1.0
48071,48073,p,p,1.0
44297,44299,p,p,0.9998461538461538
21892,21894,e,e,0.07813184379808774
20469,20471,e,e,0.05019315100217691
21220,21222,e,e,0.03828455150051864
59105,59251,p,p,0.9997313117674611
22978,22980,p,p,0.9598796520319877
38401,38403,p,p,0.9851413650230366
32824,32826,p,p,0.9949926589113797
3,3,p,p,0.9999882766705744
33864,33866,e,e,0.037812305693736
21151,21153,p,p,0.9760661646624017
49423,49425,e,e,0.01674479471322964
55852,55854,e,e,0.03418527192932713
40951,40953,p,p,0.9956224224006945
45995,45997,e,e,0.02546130375875113
56034,56036,e,e,0.02085263593300617
284,284,p,p,0.9962761554584532
10517,10518,e,e,0.06858319055467678
49328,49330,e,e,0.006194127800805503
22238,22240,e,e,0.061471929128203595
10626,10627,p,p,0.9988689291464344
53002,53004,e,e,0.0015698055832434332
31768,31770,p,p,0.996954956807898
20518,20520,e,e,0.096854538293453
20094,20096,p,p,0.9731584563343882
58140,58286,e,e,0.007563272550456451
46289,46291,e,e,0.1377801492918752
36453,36455,p,p,1.0
60726,60872,p,p,0.9843650065964308
21392,21394,e,e,0.02546196386133011
39977,39979,p,p,0.9885750220243074
28060,28062,p,p,0.9735563923922893
12839,12840,p,p,0.9994158742605955
25276,25278,e,e,0.013832894758735495
20999,21001,p,p,0.9435085701202497
34808,34810,p,p,0.9988356164383562
19897,19899,p,p,0.9758727015838837
52109,52111,e,e,0.0017237969286140959
5554,5554,e,e,0.015415157110352084
47851,47853,p,p,0.9994795148146757
29063,29065,p,p,0.9285992271802094
42911,42913,e,e,0.007655566210163624
19926,19928,p,p,0.9287860265510242
51205,51207,e,e,0.018438091243445448
44263,44265,p,p,0.99
22848,22850,p,p,0.9344053887219747
51633,51635,e,e,0.00518034188034188
21281,21283,e,e,0.03980854136630932
39132,39134,p,p,0.9915104166666666
37333,37335,p,p,0.9966666666666667
50397,50399,p,p,0.9675117544674618
12395,12396,e,e,0.011975101436093483
26079,26081,p,p,0.9846968043794757
24258,24260,e,e,0.028702844668543268
29138,29140,p,p,0.9792659681087551
49663,49665,e,e,0.011268681350498144
13686,13688,p,p,0.9989686244609887
16550,16552,e,e,0.06336693018216125
8203,8203,p,p,0.9573627404050956
56660,56669,p,p,1.0
11946,11947,e,e,0.05617993968856319
20927,20929,p,p,0.9739297345450147
22977,22979,p,p,0.9743693495563817
43864,43866,e,e,0.003714670370283967
34080,34082,p,p,0.9664723127870343
43842,43844,e,e,0.003714670370283967
5737,5737,e,e,0.0035198287246960914
7998,7998,p,p,0.991786981040476
54864,54866,e,e,0.013269689778845762
31590,31592,e,e,0.01793236193567414
17776,17778,e,e,0.05630156039203645
25506,25508,p,p,0.9988008596533493
51500,51502,e,e,0.015185335362518098
47632,47634,p,p,0.999802095459837
39781,39783,p,p,0.9879437515972621
31611,31613,e,e,0.038071453402113514
13623,13625,p,p,0.9990100020625827
58096,58238,p,p,1.0
29584,29586,p,p,0.9622223226959286
15622,15624,p,p,1.0
19928,19930,p,p,0.9681472345333968
19004,19006,e,e,0.022044152290627
9895,9896,p,p,0.9860617967198979
23246,23248,p,p,0.9747860162230482
37879,37881,p,p,0.998108108108108
49689,49691,e,e,0.03257748167417696
45171,45173,p,p,0.9966195169034099
31005,31007,p,p,0.9933096906935495
31628,31630,e,e,0.02777457562627504
47529,47531,p,p,0.999802095459837
3257,3257,e,e,0.008373804520260333
28609,28611,p,p,0.9696865568548928
31781,31783,p,p,0.9995133349508533
22484,22486,e,e,0.05639445205747698
19175,19177,p,p,0.9749205640631219
1126,1126,e,e,0.012544258396587777
15033,15035,e,e,0.00726969696969697
59169,59315,p,p,0.995823414172431
19675,19677,p,p,0.984144252719441
48702,48704,e,e,0.05660801144717895
36680,36682,p,p,1.0
39049,39051,p,p,0.9943325791855203
54058,54060,p,p,0.9745195134396222
17083,17085,p,p,0.9981383972599912
7705,7705,p,p,0.9987409764985355
60073,60219,p,p,0.9948759560948308
57735,57772,p,p,0.9955294117647058
38029,38031,p,p,0.998108108108108
50919,50921,p,p,0.9911178147705325
33199,33201,p,p,0.9301065096985326
3013,3013,e,e,0.006330858591647186
19509,19511,p,p,0.998884996774629
50820,50822,e,e,0.02900950849386747
38826,38828,p,p,0.9988052526122471
41615,41617,p,p,0.995623261730788
32501,32503,p,p,0.9843926484907497
31021,31023,p,p,0.9922532578790522
31600,31602,e,e,0.03126313433848825
13544,13546,p,p,0.9989336904568594
55067,55069,e,e,0.003756376808093709
56010,56012,e,e,0.023040135933006165
50771,50773,e,e,0.015399029656210697
31709,31711,e,e,0.016484245950981764
36849,36851,p,p,0.999235266265706
7166,7166,p,p,0.9802052071778394
41910,41912,p,p,0.9896614490587929
17758,17760,e,e,0.09135631646604453
30155,30157,p,p,0.9969721114261874
14730,14732,e,e,0.1741629909471405
47922,47924,p,p,0.9996774193548387
16534,16536,e,e,0.08272603998172195
53521,53523,p,p,0.9863891274276888
57933,57989,p,p,1.0
52332,52334,e,e,0.00636588467776279
27178,27180,e,e,0.007280079209139482
55028,55030,e,e,0.00800884317233786
8626,8626,e,e,0.001247922028704485
30600,30602,e,e,0.01708183663096295
56338,56340,p,p,0.989153500528621
45600,45602,e,e,0.017755933943725263
5190,5190,e,e,0.06476160781861916
1145,1145,e,e,0.0012776544245248615
47137,47139,p,p,0.9996954412499107
2246,2246,p,p,0.9989737470167064
19784,19786,p,p,0.9980035982055849
24831,24833,e,e,0.013305997657192734
38772,38774,p,p,0.9891001056711424
33311,33313,p,p,0.9535973608161666
23785,23787,p,p,0.8609216887246434
9033,9033,p,p,0.9948505832812539
47464,47466,p,p,0.999802095459837
8975,8975,p,p,0.9936138204920718
41310,41312,p,p,0.9984415599428604
43636,43638,e,e,0.0007853309481216459
23128,23130,p,p,0.9649094810364356
32999,33001,p,p,0.9922623033127864
35383,35385,p,p,0.9313017900861726
6656,6656,e,e,0.016966161334750155
53734,53736,p,p,0.9999808245445828
24965,24967,e,e,0.016728514535748428
27312,27314,p,p,0.9888673043241353
16474,16476,e,e,0.05277341508078455
17782,17784,e,e,0.06045324061977958
45502,45504,e,e,0.022022185821475276
50435,50437,p,p,0.9355819106063237
37852,37854,p,p,0.9977885766867826
60754,60900,p,p,0.9955834467463077
39453,39455,p,p,0.9348635955463639
14460,14462,e,e,0.004776377926528261
4932,4932,e,e,0.025019289348312542
32984,32986,p,p,0.9849509010267536
48415,48417,e,e,0.013049058913817574
25137,25139,e,e,0.012829894497168204
51330,51332,e,e,0.014999043755226555
1854,1854,e,e,0.006283125775801663
13312,13314,p,p,0.9994549568078981
35233,35235,e,e,0.016934631723412235
50861,50863,p,p,0.9937950843584383
45035,45037,p,p,0.9881741150996316
52594,52596,e,e,0.006238138609032301
46597,46599,e,e,0.004321150644133829
6792,6792,e,e,0.09165249238458896
31469,31471,e,e,0.01767730398037163
21538,21540,e,e,0.03875278423315646
28332,28334,p,p,0.9917057320765614
36336,36338,e,e,0.014729511180734256
40701,40703,p,p,0.9677032772140619
37325,37327,p,p,0.9825
16769,16771,e,e,0.06548266809594969
4650,4650,e,e,0.014917192241762904
56681,56692,p,p,1.0
35308,35310,p,p,0.9658690086553604
26997,26999,e,e,0.016858259334365504
3403,3403,e,e,0.009500359135486003
52573,52575,e,e,0.00636588467776279
29352,29354,p,p,0.9771498481250802
36622,36624,p,p,1.0
3107,3107,e,e,0.007479211831089412
44696,44698,p,p,0.9724068382328376
4847,4847,e,e,0.015737106009446087
37465,37467,p,p,0.9999655172413793
17651,17653,e,e,0.06781864003716152
42801,42803,e,e,0.0006814917832646588
48947,48949,e,e,0.020557459275579944
1643,1643,p,p,0.99
35029,35031,e,e,0.014188336448127926
46498,46500,e,e,0.09083443138803414
21141,21143,p,p,0.9845404364570857
45162,45164,p,p,0.9959067090614308
29700,29702,e,e,0.04579069298508229
1824,1824,e,e,0.007424290134199021
7962,7962,p,p,0.9863965198087916
20968,20970,p,p,0.996304999444445
12435,12436,e,e,0.024729662167416788
9022,9022,p,p,0.9980704646656924
27963,27965,p,p,0.9983657871713761
20699,20701,e,e,0.12154659543946153
29078,29080,p,p,0.9475240892173078
792,792,p,p,0.9833724299943427
47750,47752,p,p,0.9995216824451457
35640,35642,p,p,0.9805385139612329
12990,12992,p,p,0.9896269919570767
35990,35992,p,p,0.9993343870741132
19542,19544,p,p,0.984144252719441
14393,14395,e,e,0.005060181825828945
37651,37653,p,p,0.9999655172413793
7727,7727,p,p,0.9927066401385067
14240,14242,e,e,0.008906503221620272
2316,2316,p,p,0.9989737470167064
12625,12626,e,e,0.03726521753015832
265,265,p,p,0.9999028065851043
10288,10289,e,e,0.03302407271247146
46485,46487,e,e,0.09507534770483711
32405,32407,p,p,0.9795301045342235
23514,23516,p,p,0.8819950135050735
27336,27338,p,p,0.9850185796654348
33051,33053,p,p,0.9999095022624434
48537,48539,e,e,0.03680600494248887
46939,46941,e,e,0.01041488998806072
53298,53300,e,e,0.003295487274858356
44095,44097,e,e,0.00391591958108151
11622,11623,e,e,0.03162212655394848
5720,5720,e,e,0.012939737454223176
7173,7173,p,p,0.9610556903413818
10881,10882,p,p,0.9931486734870757
33535,33537,e,e,0.034646884372424
20339,20341,e,e,0.021741315063599716
45474,45476,e,e,0.028646445380895166
49200,49202,e,e,0.025890973450486778
15114,15116,e,e,0.007696053558844257
9366,9366,e,e,0.012015663916698829
16808,16810,e,e,0.04789179851284736
60166,60312,p,p,0.9948759560948308
51525,51527,e,e,0.014347523731626677
53542,53544,p,p,0.9972799039667768
2448,2448,p,p,0.9989737470167064
25866,25868,p,p,0.98842861963089
23340,23342,p,p,0.7870826985178953
52882,52884,e,e,0.0068838010650225665
58816,58962,p,p,0.9998175186640128
6051,6051,p,p,0.9330467140932293
59571,59717,p,p,0.9921998831412003
47243,47245,p,p,0.9996954412499107
56248,56250,p,p,0.9798875886059245
32757,32759,p,p,0.9996907216494846
37885,37887,p,p,0.998108108108108
36137,36139,e,e,0.016673501419674833
37186,37188,p,p,0.995
16153,16155,e,e,0.012694904685902753
49677,49679,e,e,0.01674479471322964
39237,39239,p,p,0.9865838197580677
24970,24972,e,e,0.013418414429752817
14161,14163,e,e,0.0032312011144622764
47089,47091,p,p,0.9996954412499107
4714,4714,e,e,0.022317587184092203
73,73,p,p,0.9989620236872808
51595,51597,e,e,0.001847008547008547
21086,21088,p,p,0.9616348490689504
40795,40797,p,p,0.9972510229419644
15798,15800,p,p,1.0
35185,35187,e,e,0.029058815494567458
10351,10352,e,e,0.00041666666666666664
10413,10414,e,e,0.00015224358974358975
34797,34799,p,p,0.9986224679957542
13066,13068,p,p,0.9991323761627368
56530,56534,p,p,0.9997142857142858
51869,51871,e,e,0.0014226053639846742
58454,58600,p,p,0.8224356355119125
14637,14639,e,e,0.036938398638059505
7001,7001,e,e,0.1125613831037421
39300,39302,p,p,0.9506707736637671
57519,57549,p,p,0.9972190784155214
3663,3663,p,p,0.9934511533242876
24223,24225,e,e,0.009951281318980706
7891,7891,p,p,0.9819093369323794
23534,23536,p,p,0.9468003494693381
35001,35003,e,e,0.014016390724130762
54876,54878,e,e,0.007657524910300493
2781,2781,e,e,0.0015302720108870014
21812,21814,e,e,0.09131421086283885
8956,8956,p,p,0.9995554502683249
9818,9818,p,p,0.994654303168494
11214,11215,p,p,0.9298558088312491
60204,60350,p,p,0.99874831651923
44545,44547,p,p,0.9317332410756701
5910,5910,e,e,0.0029279394986906726
31346,31348,e,e,0.003338696299711648
59598,59744,p,p,0.996375166683334
11442,11443,e,e,0.05509719986773147
45265,45267,e,e,0.017614761772621022
52613,52615,e,e,0.009582666462176797
7324,7324,p,p,0.9837707101378279
17062,17064,p,p,0.9948108811471112
46319,46321,e,e,0.08809590708278091
59446,59592,p,p,0.995823414172431
31557,31559,e,e,0.03072410926288678
52037,52039,e,e,0.0071845078210309036
43485,43487,e,e,0.0005930232558139535
24624,24626,e,e,0.04541777996235408
15650,15652,p,p,1.0
53965,53967,p,p,0.9999187127433408
38566,38568,p,p,0.9999363732767762
790,790,p,p,0.9801659088630423
20890,20892,p,p,0.9248166348382186
59824,59970,p,p,0.9959274054893044
46531,46533,e,e,0.10636481690366738
22140,22142,e,e,0.04822878951180962
22396,22398,e,e,0.050543760951534934
41762,41764,p,p,0.9895956595851086
59868,60014,p,p,0.9948759560948308
21201,21203,e,e,0.041973402869021646
17133,17135,p,p,0.9919510208587187
16828,16830,e,e,0.0336199270391627
58327,58473,e,e,0.01888549438150118
11408,11409,e,e,0.01787278877047408
42247,42249,e,e,0.001554207778379914
51376,51378,e,e,0.01715365589489515
46502,46504,e,e,0.18285387528999436
20954,20956,p,p,0.9925629074765464
15629,15631,p,p,1.0
28005,28007,p,p,0.9903993086055124
13190,13192,p,p,0.9942478614011769
11989,11990,e,e,0.032801501770124225
41355,41357,p,p,0.9984415599428604
13955,13957,p,p,1.0
2675,2675,e,e,0.0
38384,38386,p,p,0.9830375512186842
23216,23218,p,p,0.9777304586099276
52105,52107,e,e,0.0034007394961816633
32571,32573,p,p,0.9960827861446111
24868,24870,e,e,0.011588300663344188
33669,33671,e,e,0.0309825235983741
55938,55940,e,e,0.03260297223320876
32683,32685,p,p,0.9916593255780464
13831,13833,p,p,1.0
15076,15078,e,e,0.012798117174990836
27854,27856,p,p,0.9969159340284877
36888,36890,p,p,0.9899653724583668
38142,38144,p,p,0.9841804083615413
20934,20936,p,p,0.9949631777189762
52219,52221,e,e,0.0013331719286140957
30173,30175,p,p,0.9970986937046685
29233,29235,p,p,0.9664884252359606
17483,17485,e,e,0.017212840782551756
1893,1893,e,e,0.007424290134199021
51119,51121,p,p,0.9914266633058066
38141,38143,p,p,0.9704188258188434
43462,43464,e,e,0.0005930232558139535
22443,22445,e,e,0.05841002299521634
28003,28005,p,p,0.9886285863397553
6140,6140,p,p,0.9109605226718006
28062,28064,p,p,0.9782723975102912
43476,43478,e,e,0.01763428093645485
16445,16447,e,e,0.05242874742264687
20618,20620,e,e,0.044712269172307764
52511,52513,e,e,0.00636588467776279
40195,40197,p,p,0.9937241138692751
25919,25921,p,p,0.9443111415511555
32913,32915,p,p,0.9997115977222805
49185,49187,e,e,0.00984519731952208
24557,24559,e,e,0.019344728216519346
12996,12998,p,p,0.9827218887760517
2371,2371,p,p,0.9989737470167064
8092,8092,p,p,0.9541896806556756
30792,30794,p,p,0.99341374629264
49521,49523,e,e,0.01674479471322964
38189,38191,p,p,0.9841804083615413
18999,19001,e,e,0.008223723338304364
31229,31231,e,e,0.0029741221765168346
48196,48198,p,p,1.0
60541,60687,e,e,0.02394566712635944
43302,43304,p,p,0.990880191863434
46739,46741,e,e,0.0021876172607879925
43616,43618,e,e,0.002035330948121646
26396,26398,e,e,0.019329566583142263
32525,32527,p,p,0.9899459905255579
29481,29483,p,p,0.9895193249672638
42435,42437,e,e,0.018033916954259616
57783,57821,p,p,0.9972190784155214
21618,21620,e,e,0.05368808300295779
56415,56417,p,p,0.989153500528621
47976,47978,p,p,0.9998013245033113
60796,60942,p,p,0.9836755599824839
39005,39007,p,p,0.998
18916,18918,e,e,0.013712267812697894
42741,42743,e,e,0.007655566210163624
32332,32334,p,p,0.9919837144837145
54092,54094,p,p,0.9884051965648613
50654,50656,e,e,0.01653851187777581
52923,52925,e,e,0.008540357692213223
56525,56528,p,p,1.0
39683,39685,p,p,0.9848315790506733
54770,54772,e,e,0.03592994905594266
23374,23376,p,p,0.93528744082838
30426,30428,e,e,0.039542315104902304
44240,44242,p,p,1.0
40569,40571,p,p,0.9708207982676506
49888,49890,p,p,0.9987946428571428
17998,18000,e,e,0.021922404927706748
51480,51482,e,e,0.09271637609843225
15655,15657,p,p,1.0
5657,5657,e,e,0.009081993378228815
3196,3196,e,e,0.014086437314284616
41187,41189,p,p,0.9973333333333333
33754,33756,e,e,0.03322581883493476
6537,6537,e,e,0.013372404032227241
57334,57364,p,p,0.9868832924922262
5744,5744,e,e,0.010312028984562665
778,778,p,p,0.9792981179623967
29388,29390,p,p,0.9868167513259128
48649,48651,e,e,0.012224288829235968
5612,5612,e,e,0.042298855715450785
7073,7073,p,p,0.9528570456396838
36021,36023,e,e,0.011569367744828123
55283,55285,e,e,0.00158915279078003
24527,24529,e,e,0.027348996940124534
37965,37967,p,p,0.997894959665506
51635,51637,e,e,0.0010777777777777778
19584,19586,p,p,0.9937816933481319
57089,57119,e,e,0.006578550905785258
33667,33669,e,e,0.03241489190677274
5026,5026,e,e,0.009891303336835602
27981,27983,p,p,0.97311849249276
43758,43760,e,e,0.016915835727045785
36972,36974,p,p,0.9903102809194264
31779,31781,p,p,0.9996835221883892
9426,9426,e,e,0.002509751118446771
31241,31243,e,e,0.0031279683303629883
8287,8287,p,p,0.9421198443228397
42753,42755,e,e,0.007592042827928045
5145,5145,e,e,0.018942659713965384
85,85,p,p,0.9999882766705744
32279,32281,p,p,0.978571007316113
60705,60851,p,p,0.9597635837109455
1964,1964,e,e,0.00365697711480844
797,797,p,p,0.9843111423853728
20707,20709,e,e,0.15345928203879297
45287,45289,e,e,0.022022185821475276
33832,33834,e,e,0.046766297887704894
18265,18267,e,e,0.008916855394434105
13313,13315,p,p,0.9967074053650383
56341,56343,p,p,0.9882041014608685
51812,51814,e,e,0.0010777777777777778
43445,43447,e,e,0.0005930232558139535
28895,28897,p,p,0.9762159995709442
35021,35023,e,e,0.019622311347798415
44978,44980,p,p,0.9881565223637291
46918,46920,e,e,0.004321150644133829
57423,57453,p,p,0.9938650164157211
24931,24933,e,e,0.0547393694505
45049,45051,p,p,0.9967858299405516
31232,31234,e,e,0.0032773516520067563
47767,47769,p,p,0.9992414195765805
46308,46310,e,e,0.14554126054138303
54889,54891,e,e,0.008013997171344317
42736,42738,e,e,0.007635806504076841
35370,35372,p,p,0.9797431722668225
2343,2343,p,p,0.9989737470167064
9509,9509,e,e,0.04659945063296637
14051,14053,p,p,0.9992307692307691
44713,44715,p,p,0.9747812866059138
12765,12766,p,p,0.9994158742605955
6491,6491,e,e,0.019923557548883638
52313,52315,e,e,0.0048154214890743455
47557,47559,p,p,1.0
45974,45976,e,e,0.009168607846430378
10435,10436,e,e,0.019228519472518423
57817,57858,p,p,1.0
37358,37360,p,p,0.9995460440985733
37761,37763,p,p,0.9998560281902844
37926,37928,p,p,0.997894959665506
53686,53688,p,p,0.9981543061092055
45723,45725,e,e,0.004668289096762745
43102,43104,p,p,0.9952960187962614
12776,12777,p,p,0.9827218887760517
42593,42595,e,e,0.016416619212818884
9324,9324,e,e,0.004092556530419176
50668,50670,e,e,0.017332337535532264
52978,52980,e,e,0.004831561974338167
8902,8902,p,p,0.9996089262041538
2611,2611,e,e,0.0021726652277897687
5071,5071,e,e,0.02403042645964762
17487,17489,e,e,0.025276528138307542
48240,48242,p,p,0.9998214285714286
48865,48867,e,e,0.029119564901377303
23046,23048,p,p,0.9353361592044211
37012,37014,p,p,0.9999363732767762
10537,10538,e,e,0.009114293547288576
35963,35965,p,p,0.9974438872962302
44577,44579,p,p,0.9725920234180228
1705,1705,p,p,1.0
13376,13378,p,p,0.9991323761627368
50296,50298,p,p,0.9312763654459711
56197,56199,p,p,0.9972155950359017
51225,51227,e,e,0.019647213796233
7217,7217,p,p,0.9684094735147304
20841,20843,p,p,0.9201924478664832
7502,7502,p,p,0.9743505783575138
52986,52988,e,e,0.012008633718188985
58242,58388,e,e,0.007196972184156084
5564,5564,e,e,0.025512729092155597
10879,10880,p,p,0.9869260203221226
34220,34222,p,p,0.962820773631464
33912,33914,p,p,0.9915846468464237
18522,18524,p,p,0.9871356734893122
31644,31646,e,e,0.029815018353795873
11741,11742,e,e,0.059483963437235034
36638,36640,p,p,1.0
55538,55540,e,e,0.014941790662924878
52903,52905,e,e,0.0068838010650225665
39558,39560,p,p,0.9887784623410638
43215,43217,p,p,0.995211521188606
8871,8871,p,p,0.9945564656341951
31460,31462,e,e,0.029222691610967418
35686,35688,p,p,0.9928251390215819
37938,37940,p,p,0.998108108108108
24120,24122,e,e,0.01106091835198868
3438,3438,e,e,0.014080600739207425
51232,51234,e,e,0.017446925909191523
52713,52715,e,e,0.007231985675229138
43959,43961,e,e,0.005642087831131175
36022,36024,e,e,0.02997811832782227
48762,48764,e,e,0.035274256280875146
29026,29028,p,p,0.9650409195245782
7483,7483,p,p,0.9984076431652023
21097,21099,p,p,0.9415679748353657
8825,8825,p,p,0.9979176179604262
54122,54124,p,p,0.9857251628926967
51305,51307,e,e,0.02615835215375343
53175,53177,e,e,0.0017855039137934642
33682,33684,e,e,0.06859212112027877
16750,16752,e,e,0.03636399364367602
19327,19329,p,p,0.9914217714667524
36294,36296,e,e,0.028530002343129898
9475,9475,e,e,0.0044555655021238
19065,19067,p,p,0.9891986689267479
35097,35099,e,e,0.02200934415233606
34621,34623,p,p,0.9983356164383562
15415,15417,e,e,0.017125986012069966
22403,22405,e,e,0.04581341154413202
21519,21521,e,e,0.021049861201329935
21666,21668,e,e,0.03159665680515857
16670,16672,e,e,0.033947573774528075
49926,49928,p,p,0.9999636363636364
12928,12929,p,p,0.968506541274109
26558,26560,p,p,0.7889529239803927
16783,16785,e,e,0.06912259873504473
25494,25496,p,p,0.994554913340446
43293,43295,p,p,0.9892716772823779
13475,13477,p,p,0.9996556586774347
8337,8337,p,p,0.9720039799318246
9394,9394,e,e,0.0008042463727556534
22629,22631,p,p,0.9477383943641255
40499,40501,p,p,0.9825343228017748
7922,7922,p,p,0.9946508361423011
31387,31389,e,e,0.003338696299711648
7808,7808,p,p,0.9907194969441125
31405,31407,e,e,0.012029908077814115
46850,46852,e,e,0.00035346097201767305
51937,51939,e,e,0.0014112969286140958
57924,57977,p,p,1.0
18946,18948,e,e,0.020529323121816184
37785,37787,p,p,0.9980017251293846
20974,20976,p,p,0.9834393861991573
39469,39471,p,p,0.97153832492508
4126,4126,p,p,0.9992307692307691
49527,49529,e,e,0.019855905824340752
32260,32262,p,p,0.9847659725482306
4445,4445,e,e,0.025290838932060303
44908,44910,p,p,0.9881316673513015
12495,12496,e,e,0.029337418705021552
41775,41777,p,p,0.9896614490587929
29748,29750,e,e,0.10380602667786368
18970,18972,e,e,0.00860758800974223
24839,24841,e,e,0.0164041287154671
28650,28652,p,p,0.9720383331153997
42624,42626,e,e,0.012680346011006476
18919,18921,e,e,0.025321463214996745
11634,11635,e,e,0.02120612210380741
6997,6997,e,e,0.04476290894323627
29472,29474,p,p,0.9832492417619152
38579,38581,p,p,0.9963185441098474
37764,37766,p,p,0.9996432622328376
23111,23113,p,p,0.9790979799774489
30199,30201,p,p,0.9991797501793016
49916,49918,p,p,0.9999636363636364
22365,22367,e,e,0.054748889156663136
48761,48763,e,e,0.019133385689042152
43184,43186,p,p,0.9790478156769007
33449,33451,p,p,0.9344311868227011
46822,46824,e,e,0.010086285399498589
53475,53477,p,p,0.9932690274879971
6376,6376,e,e,0.01760145254607938
38188,38190,p,p,0.9844388388278327
1619,1619,p,p,1.0
48056,48058,p,p,1.0
45381,45383,e,e,0.022022185821475276
33564,33566,e,e,0.03004677659310302
7140,7140,p,p,0.9032366814338072
57729,57766,p,p,0.9972190784155214
45424,45426,e,e,0.028646445380895166
1983,1983,e,e,0.006125893071399149
47913,47915,p,p,0.9994393241167435
55761,55763,e,e,0.018557538036898663
32991,32993,p,p,0.9978956133735545
53708,53710,p,p,0.9835128252098718
1558,1558,p,p,1.0
16553,16555,e,e,0.1437389948020365
17576,17578,e,e,0.025907637666204297
58756,58902,p,p,0.9276153978215684
40211,40213,p,p,0.9925458842042033
50453,50455,p,p,0.9637656538438949
19135,19137,p,p,0.9844884025844771
34715,34717,p,p,0.9983472937207342
46604,46606,e,e,0.002486994355363509
1858,1858,e,e,0.015972046917552992
50139,50141,p,p,0.9301684392551718
4461,4461,e,e,0.01239884017451533
56293,56295,p,p,0.9891789458212419
48356,48358,p,p,1.0
37673,37675,p,p,0.9996432622328376
31111,31113,e,e,0.014966050795568923
11782,11783,e,e,0.051326968435494856
18973,18975,e,e,0.0591291832727168
50418,50420,p,p,0.900690462534104
50116,50118,p,p,0.9915140995523248
5730,5730,e,e,0.008678708997182778
24247,24249,e,e,0.0044973439576546405
11656,11657,e,e,0.016580828184426327
33544,33546,e,e,0.03004677659310302
45028,45030,p,p,0.9876107348179416
27586,27588,p,p,0.9925702826501257
34187,34189,p,p,0.9664723127870343
51563,51565,e,e,0.004411111111111111
31327,31329,e,e,0.012029908077814115
43257,43259,p,p,0.9957378369780797
37810,37812,p,p,0.997894959665506
46073,46075,e,e,0.00910447977915929
35745,35747,p,p,0.9962703962703963
36550,36552,p,p,1.0
50080,50082,p,p,0.9999636363636364
55805,55807,e,e,0.030761469313394595
12204,12205,p,p,0.9740001994633677
18708,18710,e,e,0.0073432201936502765
23988,23990,p,p,0.869279152078808
16607,16609,e,e,0.058910222992149514
25543,25545,p,p,0.9988008596533493
29736,29738,e,e,0.15334152167073506
12257,12258,p,p,0.9808398532737113
12738,12739,p,p,0.9896269919570767
24121,24123,e,e,0.018238724304243063
795,795,p,p,0.9713476830261882
4521,4521,e,e,0.0023370927809863032
12432,12433,e,e,0.040192676476628976
42051,42053,e,e,0.01978219569184213
25245,25247,e,e,0.04989664495102473
10969,10970,p,p,0.9476216174222512
53697,53699,p,p,0.9989281929656354
52995,52997,e,e,0.002757695672516673
24420,24422,e,e,0.04716981608165502
8735,8735,e,e,0.0015653823461648025
44340,44342,p,p,1.0
28918,28920,p,p,0.9338319369442367
36057,36059,e,e,0.008847708663701716
10041,10042,p,p,0.9906455053675843
58894,59040,p,p,0.9998175186640128
29357,29359,p,p,0.9851671738318418
42172,42174,e,e,0.0023118432588338437
36126,36128,e,e,0.03441398230300926
22108,22110,e,e,0.06299687620795151
13359,13361,p,p,0.9939706611239767
10645,10646,p,p,0.9985269435876188
19960,19962,p,p,0.9970214614912501
23265,23267,p,p,0.9662833012192732
59755,59901,p,p,0.9964999587269903
7663,7663,p,p,0.9848936220001347
27427,27429,p,p,0.996717725643532
41753,41755,p,p,0.9982324191669902
32722,32724,p,p,0.9779836546492845
30078,30080,p,p,0.9964286584762447
2543,2543,e,e,0.0005651787697090828
51037,51039,p,p,0.9886178147705326
22162,22164,e,e,0.10356439143453378
22678,22680,p,p,0.9245683030461785
28657,28659,p,p,0.9941134038566132
9087,9087,p,p,0.994797107345425
21322,21324,e,e,0.007948054917749364
57454,57484,p,p,0.9955273392796913
19389,19391,p,p,0.9837585756866547
60812,60958,p,p,0.9972666929874099
8055,8055,p,p,0.9812592100529386
50759,50761,e,e,0.059077654364458165
13108,13110,p,p,0.9990735526333249
23350,23352,p,p,0.9754411211654452
1469,1469,p,p,1.0
10720,10721,p,p,0.9570593536554558
29171,29173,p,p,0.9843677410345855
27435,27437,p,p,0.9676018173971889
50251,50253,p,p,0.9313737963980289
55615,55617,e,e,0.0242034860322046
30735,30737,p,p,0.9521549017317055
59519,59665,p,p,0.9963140015347798
34315,34317,p,p,0.9601281949049573
1222,1222,e,e,0.01339180073184908
51124,51126,p,p,0.9911178147705325
34583,34585,p,p,0.9659865238274695
31787,31789,p,p,0.9993380736910149
60487,60633,e,e,0.02028417900713788
31154,31156,e,e,0.0025349450745490347
47832,47834,p,p,1.0
48511,48513,e,e,0.04778262974855057
1738,1738,p,p,1.0
13230,13232,p,p,0.9963713815584262
5382,5382,e,e,0.00687671918425414
60727,60873,p,p,0.9989167800796411
9858,9858,p,p,0.994654303168494
24155,24157,e,e,0.05774796046266626
23395,23397,p,p,0.9514953115819336
41821,41823,p,p,0.9932982086406744
3346,3346,e,e,0.012463587531711147
52147,52149,e,e,0.0014112969286140958
20742,20744,e,e,0.05792013057014041
44855,44857,p,p,0.988063907473101
47136,47138,p,p,0.9996954412499107
29636,29638,p,p,0.986336343907811
8819,8819,e,e,0.0015653823461648025
47448,47450,p,p,0.999802095459837
18863,18865,e,e,0.012291905156486182
54985,54987,e,e,0.020088356106000602
51574,51576,e,e,0.001847008547008547
9697,9697,p,p,0.9944144891036281
42425,42427,e,e,0.019059577696536975
14746,14748,e,e,0.0043560235230731045
53714,53716,p,p,0.9845761520680343
34832,34834,p,p,0.9945558439472657
15104,15106,e,e,0.009147499540356683
6378,6378,e,e,0.018994204127453042
82,82,p,p,0.9999882766705744
33278,33280,p,p,0.9494387490972126
19184,19186,p,p,0.9847950707186871
34311,34313,p,p,0.9957334404344529
15817,15819,p,p,0.9998091603053436
33885,33887,e,e,0.02898605229407409
51513,51515,e,e,0.02101272046601297
2172,2172,p,p,0.9989737470167064
6120,6120,p,p,0.9382522742066935
34481,34483,p,p,0.9929884936402903
24637,24639,e,e,0.027276521648250382
37873,37875,p,p,0.997894959665506
21629,21631,e,e,0.03647470320560731
46758,46760,e,e,0.002486994355363509
16695,16697,e,e,0.05129888692249029
22645,22647,p,p,0.9493055579678655
29823,29825,e,e,0.17986492554194605
14005,14007,p,p,0.9990900701365818
10281,10282,e,e,0.01144957879310965
40140,40142,p,p,0.995138056522944
35682,35684,p,p,0.9747735505794394
42321,42323,e,e,0.004477982499340173
24660,24662,e,e,0.08954632773890339
5891,5891,e,e,0.015458040776514555
44053,44055,e,e,0.009704457364341086
35881,35883,p,p,1.0
7470,7470,p,p,0.9810333948906469
22711,22713,p,p,0.9519674319332965
15132,15134,e,e,0.009147499540356683
33499,33501,p,p,0.9503682548996514
30334,30336,p,p,0.9964286584762447
21935,21937,e,e,0.08111541572386899
51911,51913,e,e,0.0014112969286140958
52140,52142,e,e,0.0034007394961816633
2753,2753,e,e,0.0015302720108870014
23779,23781,p,p,0.9140101114267574
23069,23071,p,p,0.9790979799774489
52519,52521,e,e,0.015286857322139689
50915,50917,p,p,0.9959175727299442
42543,42545,e,e,0.02585323581080516
19866,19868,p,p,0.9639173249518511
1007,1007,p,p,0.979149346478697
56903,56933,e,e,0.008871205478681234
14583,14585,e,e,0.15043875642548207
3974,3974,p,p,0.9486897113460465
48547,48549,e,e,0.03971710612545918
60763,60909,p,p,0.9963412473572061
7533,7533,p,p,0.9665558292378102
30879,30881,p,p,0.99341374629264
51121,51123,p,p,0.9937950843584383
5218,5218,e,e,0.06371217056005053
270,270,p,p,0.9962761554584532
22674,22676,p,p,0.9574203328100738
43346,43348,p,p,0.9987835222572674
19602,19604,p,p,0.9965265913073155
32040,32042,p,p,0.9995133349508533
2372,2372,p,p,0.9989737470167064
10577,10578,e,e,0.02119047619047619
41449,41451,p,p,0.999972602739726
54009,54011,p,p,0.9079449390034636
14724,14726,e,e,0.026887233655780968
32962,32964,p,p,0.9701477473594031
1420,1420,p,p,0.9877352941176472
22603,22605,p,p,0.9472622038879349
15946,15948,e,e,0.007822121294995252
15506,15508,e,e,0.003878373221072286
10310,10311,e,e,0.008073038023845817
49227,49229,e,e,0.018192910697922015
53738,53740,p,p,0.9920211206214934
12174,12175,p,p,0.9682361691251962
26913,26915,e,e,0.010645501995959648
49110,49112,e,e,0.04417500683587685
16925,16927,e,e,0.09066899341414708
30420,30422,e,e,0.023295114971641197
38087,38089,p,p,0.997894959665506
43794,43796,e,e,0.003976322050809732
28047,28049,p,p,0.9734937997243133
19571,19573,p,p,0.9817221695386078
31626,31628,e,e,0.03072410926288678
22434,22436,e,e,0.04226849091577855
42041,42043,e,e,0.0023118432588338437
25184,25186,e,e,0.026699770950998687
1920,1920,e,e,0.007424290134199021
12843,12844,p,p,0.988480296286817
49517,49519,e,e,0.01674479471322964
35076,35078,e,e,0.012430825128798331
39073,39075,p,p,1.0
8831,8831,p,p,0.9953051287357993
57115,57145,e,e,0.006578550905785258
16120,16122,e,e,0.010876864562126214
34317,34319,p,p,0.9704578652346276
607,607,p,p,0.9989620236872808
50932,50934,p,p,0.9778229190853349
27880,27882,p,p,0.9715127078364962
29865,29867,e,e,0.05853548707786215
1075,1075,e,e,0.0016470752504174119
2024,2024,e,e,0.016699722069421635
42825,42827,e,e,0.0007108610060368241
48671,48673,e,e,0.013049058913817574
7683,7683,p,p,0.9813824415907787
57368,57398,p,p,0.9838876812213457
51172,51174,p,p,0.9937950843584383
58018,58096,p,p,1.0
44207,44209,p,p,0.9250385483754272
50046,50048,p,p,1.0
47477,47479,p,p,0.999802095459837
53391,53393,p,p,0.9988928476086822
24159,24161,e,e,0.009065292913853834
44823,44825,p,p,0.9691391177344457
56165,56167,p,p,0.9592673102161544
42884,42886,e,e,0.007546457631667292
11201,11202,p,p,0.9397452844310348
26078,26080,p,p,0.9722489105824557
8305,8305,p,p,0.9613986819173712
52686,52688,e,e,0.006989894503524777
19941,19943,p,p,0.9957096850335933
38150,38152,p,p,0.9562098128596319
45295,45297,e,e,0.028646445380895166
34243,34245,p,p,0.9869474523082364
35416,35418,p,p,0.9992187471608333
59781,59927,p,p,0.9956371070937426
54563,54565,e,e,0.024818104422168162
23337,23339,p,p,0.8932878204504298
28113,28115,p,p,0.9677144259777875
28056,28058,p,p,0.9695326077959692
6578,6578,e,e,0.026904077029403117
4221,4221,p,p,0.9921335333833459
46346,46348,e,e,0.07422140570295574
506,506,p,p,0.9989620236872808
22324,22326,e,e,0.04185427499471332
13907,13909,p,p,0.9985294117647059
22811,22813,p,p,0.9748036512971819
22344,22346,e,e,0.05727599657814563
11355,11356,e,e,0.030258490190312116
2863,2863,e,e,0.0020509756362305427
34938,34940,p,p,0.9977092614248061
7610,7610,p,p,0.9942691401385068
52883,52885,e,e,0.0073524676029399815
12069,12070,p,p,0.9681048953833061
8491,8491,e,e,0.0009992270578726948
27267,27269,p,p,0.9595625573562492
59685,59831,p,p,0.9963461125731441
17535,17537,e,e,0.002675905589390567
50550,50552,e,e,0.015336642150782414
60220,60366,e,e,0.006603749742795428
37997,37999,p,p,0.998108108108108
3970,3970,p,p,0.9918837544266704
18774,18776,e,e,0.013223723338304363
45404,45406,e,e,0.00713947713973601
31078,31080,e,e,0.022029908077814114
43647,43649,e,e,0.0005930232558139535
35952,35954,p,p,0.9917647058823529
29125,29127,p,p,0.9678737784130377
1798,1798,e,e,0.006283125775801663
15051,15053,e,e,0.00125
29898,29900,e,e,0.07346521206626827
40811,40813,p,p,0.9899765092581231
27705,27707,p,p,0.9976713161596433
2983,2983,e,e,0.008656566255179118
36572,36574,p,p,1.0
17942,17944,e,e,0.06686077995028873
57914,57964,p,p,1.0
36059,36061,e,e,0.046010339631470956
2493,2493,e,e,0.00020674259912229523
57303,57333,p,p,0.9955273392796913
41026,41028,p,p,0.9969527089783281
35373,35375,p,p,0.9830284048753096
23052,23054,p,p,0.9747860162230482
1498,1498,p,p,1.0
49692,49694,e,e,0.010833898741802492
327,327,p,p,0.9999028065851043
2545,2545,e,e,0.0
31598,31600,e,e,0.015817579284315098
45696,45698,e,e,0.015409083111408619
58488,58634,p,p,0.8639782706844149
25069,25071,e,e,0.019539704355434572
16052,16054,e,e,0.012009084589464472
18870,18872,e,e,0.046140080516990006
51546,51548,e,e,0.007544227994227995
55302,55304,e,e,0.011000000000000001
5232,5232,e,e,0.011922670632664011
22612,22614,p,p,0.960140778954269
35679,35681,p,p,0.9975494281933278
56984,57014,e,e,0.006693935521169874
33380,33382,p,p,0.9191697513150118
5792,5792,e,e,0.015795559077441148
7222,7222,p,p,0.9577514002570935
13291,13293,p,p,1.0
60492,60638,e,e,0.003431257475337485
7474,7474,p,p,0.9958890379532874
3482,3482,e,e,0.014080600739207425
23559,23561,p,p,0.9639210819209292
16545,16547,e,e,0.10249895752853444
56072,56074,e,e,0.023586771365068985
36326,36328,e,e,0.01843845781425339
41441,41443,p,p,0.9984415599428604
4410,4410,e,e,0.0027370927809863034
55363,55365,e,e,0.005419539795080077
49429,49431,e,e,0.01674479471322964
51938,51940,e,e,0.0014494509983815377
34779,34781,p,p,0.9988356164383562
40049,40051,p,p,0.983461765844959
40474,40476,p,p,0.9080349030917406
2919,2919,e,e,0.009014180472660682
17134,17136,p,p,0.9333341249543297
5052,5052,e,e,0.02774929122855645
46964,46966,p,p,0.9996954412499107
42104,42106,e,e,0.001554207778379914
44986,44988,p,p,0.9889067090614309
3712,3712,p,p,0.9765565292172195
51730,51732,e,e,0.0010777777777777778
21004,21006,p,p,0.9950703497871022
9893,9894,p,p,0.9979141401891828
18929,18931,e,e,0.028005026859096508
59145,59291,p,p,0.9875472127381798
48864,48866,e,e,0.027944574500230964
26830,26832,e,e,0.007280079209139482
13428,13430,p,p,0.9989336904568594
41668,41670,p,p,0.9915657525003234
45877,45879,e,e,0.0059693455874132075
26949,26951,e,e,0.007680079209139482
28700,28702,p,p,0.9676331517950482
18132,18134,e,e,0.004004673333159898
19308,19310,p,p,0.980859082869993
43179,43181,p,p,0.9957378369780797
42783,42785,e,e,0.00011783775022287058
25103,25105,e,e,0.010414632828225173
32791,32793,p,p,0.9960944454475075
38856,38858,p,p,0.99984375
43207,43209,p,p,0.9813624871377578
45637,45639,e,e,0.005984808399535463
59432,59578,p,p,0.9736473783502473
40732,40734,p,p,0.9967516835917057
36104,36106,e,e,0.01971732612988564
18551,18553,p,p,0.9964063072749088
12980,12982,p,p,0.9827218887760517
53801,53803,p,p,0.9945309429305697
31808,31810,p,p,0.995226294438251
36967,36969,p,p,0.9919633507853404
20575,20577,e,e,0.03685219180505241
47542,47544,p,p,0.999802095459837
38910,38912,p,p,0.99984375
58188,58334,e,e,0.007196972184156084
20505,20507,e,e,0.08447164598047943
35571,35573,p,p,0.9774481078758771
55428,55430,e,e,0.01465281229534389
8616,8616,e,e,0.0009240390879478827
22787,22789,p,p,0.9362285751422148
42701,42703,e,e,0.019210849842665953
11571,11572,e,e,0.014544229174671096
19754,19756,p,p,0.9636229580326053
19018,19020,e,e,0.07922590520229093
59769,59915,p,p,0.9982835408165424
19053,19055,e,e,0.03407011739698311
31519,31521,e,e,0.029222691610967418
42738,42740,e,e,0.017611802534014828
751,751,p,p,0.9727217547786444
14495,14497,e,e,0.01927788717565896
1399,1399,e,e,0.009481182296275177
13647,13649,p,p,0.9989686244609887
56514,56516,p,p,0.9997142857142858
42923,42925,e,e,0.0006814917832646588
36128,36130,e,e,0.0071239515093878
2253,2253,p,p,0.9989737470167064
56879,56909,e,e,0.00954528924831474
29612,29614,p,p,0.9841760649580258
51872,51874,e,e,0.0010777777777777778
10804,10805,p,p,0.9869260203221226
56694,56709,p,p,0.9997142857142858
22823,22825,p,p,0.9700831579059919
12790,12791,p,p,0.9993358742605956
20385,20387,e,e,0.013280984563080557
46353,46355,e,e,0.0896117696486996
24704,24706,e,e,0.08799190526098169
34768,34770,p,p,0.9950250437511314
33293,33295,p,p,0.9631851878436513
57120,57150,e,e,0.006578550905785258
18988,18990,e,e,0.01889378083498725
32191,32193,p,p,0.9822851429019201
22417,22419,e,e,0.044802658855959986
24288,24290,e,e,0.012451281318980705
35992,35994,p,p,0.9829336142000293
21745,21747,e,e,0.0433393307147841
46866,46868,e,e,0.0021876172607879925
9027,9027,p,p,0.9857843264895678
51335,51337,e,e,0.018601771879587524
20112,20114,p,p,0.948402940380445
22084,22086,e,e,0.04725824693334772
32753,32755,p,p,0.9948955715327389
38740,38742,p,p,0.9887208055112084
45806,45808,e,e,0.020038802794048384
7183,7183,p,p,0.9802052071778394
17135,17137,p,p,0.9978345160043497
19202,19204,p,p,0.9878197410658156
51033,51035,p,p,0.9911178147705325
16369,16371,e,e,0.02785223942541962
22191,22193,e,e,0.08022478587861201
4196,4196,p,p,0.9958767642532009
5512,5512,e,e,0.02500451762748934
55822,55824,e,e,0.04013081051969384
20640,20642,e,e,0.18224911023816545
46621,46623,e,e,0.00035346097201767305
20803,20805,e,e,0.041106214355369076
33313,33315,p,p,0.9332424099660213
25211,25213,e,e,0.011913829308534574
35900,35902,p,p,0.992048810457357
50416,50418,p,p,0.9572790319867877
55935,55937,e,e,0.029942058071967925
2721,2721,e,e,0.0020460829493087556
21848,21850,e,e,0.03550194354676273
19823,19825,p,p,0.9558243266018289
16319,16321,e,e,0.0432833252474422
22385,22387,e,e,0.08880099533636863
20760,20762,e,e,0.01690387948463097
10811,10812,p,p,0.9820736016709148
46469,46471,e,e,0.12745588388457277
12999,13001,p,p,0.9865423901495931
19140,19142,p,p,0.9889139231640359
10209,10210,p,p,0.9962959255356516
1340,1340,e,e,0.0023768049801471416
56301,56303,p,p,0.988315256613724
5834,5834,e,e,0.010328925084334743
57459,57489,p,p,0.9698857434726184
46954,46956,p,p,0.9893580299321073
1295,1295,e,e,0.006676804980147142
40577,40579,p,p,0.9698239582636304
40353,40355,p,p,0.9780485221804605
30454,30456,e,e,0.0227130867414984
44221,44223,p,p,0.9899432983472071
54599,54601,e,e,0.009314337300080496
18379,18381,p,p,0.9854846879967775
30478,30480,e,e,0.025913996626193318
32704,32706,p,p,0.9895116961097973
53464,53466,p,p,0.9834192420802718
6629,6629,e,e,0.015232379763059556
1395,1395,e,e,0.003752670894712746
2994,2994,e,e,0.002756763967026783
38635,38637,p,p,0.9999363732767762
45336,45338,e,e,0.0030081467789416032
40127,40129,p,p,0.9645190311695846
55760,55762,e,e,0.014783060504194721
1801,1801,e,e,0.007424290134199021
20421,20423,e,e,0.014881704014384768
25222,25224,e,e,0.010490636104228446
50495,50497,e,e,0.021390596033953005
57686,57719,p,p,0.999655172413793
42636,42638,e,e,0.02457643300981944
5927,5927,e,e,0.02813635483318682
3384,3384,e,e,0.016267104554822682
18291,18293,e,e,0.004806785154251907
28606,28608,p,p,0.9534112458115718
7985,7985,p,p,0.9947644725059374
46724,46726,e,e,0.002486994355363509
28307,28309,p,p,0.9741554937952366
14820,14822,e,e,0.03675726497667925
43000,43002,e,e,0.0006814917832646588
54413,54415,e,e,0.01727844427662751
22204,22206,e,e,0.08246563633990613
30254,30256,p,p,0.9991797501793016
17105,17107,p,p,0.995386044545804
57091,57121,e,e,0.006578550905785258
49506,49508,e,e,0.01237236028026403
56972,57002,e,e,0.006578550905785258
33091,33093,p,p,0.9978956133735545
17196,17198,p,p,0.9982139197983877
50400,50402,p,p,0.9145223465873745
44498,44500,p,p,0.9319184262608553
50859,50861,p,p,0.9937950843584383
36850,36852,p,p,0.9904833060188311
1434,1434,p,p,1.0
57312,57342,p,p,0.9894958606332409
48250,48252,p,p,1.0
20225,20227,e,e,0.06837297774986997
58943,59089,p,p,0.9994098831960326
21880,21882,e,e,0.03733012342264672
52221,52223,e,e,0.008116117665048205
30091,30093,p,p,0.9991797501793016
26704,26706,p,p,0.7567783826098716
7408,7408,p,p,0.9606249732607703
48186,48188,p,p,0.9998214285714286
45276,45278,e,e,0.0030081467789416032
25231,25233,e,e,0.012829894497168204
39182,39184,p,p,0.9643959396912767
53383,53385,p,p,0.9982566481528233
36360,36362,p,p,1.0
49370,49372,e,e,0.018401921712017773
31252,31254,e,e,0.0032773516520067563
31833,31835,p,p,0.9988608849561449
45580,45582,e,e,0.03489156174388725
7180,7180,p,p,0.9542846594237295
40446,40448,p,p,0.9810903326156805
37658,37660,p,p,0.9999655172413793
51366,51368,e,e,0.015185335362518098
8733,8733,e,e,0.0009240390879478827
51051,51053,p,p,0.9935950843584382
19361,19363,p,p,0.9870649791610537
22056,22058,e,e,0.0384256341946217
14744,14746,e,e,0.006715535452073569
55743,55745,e,e,0.07853983538048438
60848,60994,p,p,0.9992083375497441
34719,34721,p,p,0.996112352143534
48821,48823,e,e,0.021999166707479905
43939,43941,e,e,0.0023118432588338437
40912,40914,p,p,0.9816187477084797
47787,47789,p,p,0.999802095459837
10673,10674,p,p,0.9869260203221226
10617,10618,p,p,0.9956420094612614
48393,48395,e,e,0.03756868026486121
41630,41632,p,p,0.9994327855403118
52116,52118,e,e,0.0034007394961816633
23710,23712,p,p,0.9122971884162935
33237,33239,p,p,0.9631851878436513
46998,47000,p,p,0.9996954412499107
55879,55881,e,e,0.022912687595435476
23461,23463,p,p,0.9221363277985334
19056,19058,e,e,0.018223723338304364
15255,15257,e,e,0.0105634952543253
55128,55130,e,e,0.0047296209552509004
60514,60660,e,e,0.049922546273248415
25470,25472,p,p,0.9999662731871838
47749,47751,p,p,0.9997203579418344
142,142,p,p,0.9999882766705744
23646,23648,p,p,0.9780880931111813
38987,38989,p,p,0.9927666451195862
27965,27967,p,p,0.9677144259777875
17012,17014,p,p,0.9952920755587769
5499,5499,e,e,0.06672018114604465
32147,32149,p,p,0.974172797417903
19489,19491,p,p,0.9833246112082612
51343,51345,e,e,0.01514217845823204
54913,54915,e,e,0.025848134042147725
20058,20060,p,p,0.9957564225141163
39145,39147,p,p,0.9877666451195863
34763,34765,p,p,0.9981685120943274
54996,54998,e,e,0.008957606756984163
26127,26129,e,e,0.05541961672788331
18900,18902,e,e,0.0065361881536684695
14681,14683,e,e,0.028805704969117416
52976,52978,e,e,0.01149291647909819
45836,45838,e,e,0.005984808399535463
21766,21768,e,e,0.03233079002595652
10315,10316,e,e,0.0022626413645664934
36075,36077,e,e,0.031017470655838163
13185,13187,p,p,0.9942478614011769
29451,29453,p,p,0.9834834179925795
22532,22534,e,e,0.06820594136256328
10688,10689,p,p,0.9863997045326489
60209,60355,p,p,0.9947221099409846
43283,43285,p,p,0.9895069315822022
33554,33556,e,e,0.024107494311548336
2153,2153,p,p,0.9988642579656115
41256,41258,p,p,0.9897203579418344
23442,23444,p,p,0.9569259093529568
9084,9084,p,p,0.9878530780408212
60820,60966,p,p,0.993573726926668
8004,8004,p,p,0.9928208321484131
34654,34656,p,p,0.9931108753938066
49447,49449,e,e,0.011268681350498144
11301,11302,e,e,0.01787278877047408
44887,44889,p,p,0.9961264892812111
54603,54605,e,e,0.00458425516734406
9091,9091,p,p,0.9995554502683249
23253,23255,p,p,0.9747860162230482
6584,6584,e,e,0.019791783885428838
4325,4325,e,e,0.01795721922590161
5782,5782,e,e,0.005913135931510837
18626,18628,p,p,0.9858637717037354
33220,33222,p,p,0.8908502318360343
24329,24331,e,e,0.013107001301297437
31403,31405,e,e,0.019533500439319125
30006,30008,p,p,0.9991797501793016
25521,25523,p,p,0.994554913340446
33531,33533,p,p,0.9574429445398762
49053,49055,e,e,0.034142564173769194
4123,4123,p,p,0.9999425287356323
31408,31410,e,e,0.02786886358834627
60634,60780,p,p,0.9972666929874099
41698,41700,p,p,0.9896614490587929
40717,40719,p,p,0.9903402213567826
13896,13898,p,p,0.9997619047619049
19624,19626,p,p,0.984144252719441
9884,9885,p,p,0.9765664160947606
22199,22201,e,e,0.052299670170985975
58750,58896,p,p,0.863949488711405
17174,17176,p,p,0.99493754630738
671,671,p,p,0.9989620236872808
23243,23245,p,p,0.9553716098462145
19278,19280,p,p,0.9790724387886302
57890,57935,p,p,1.0
49741,49743,e,e,0.011268681350498144
37276,37278,p,p,0.9815509968093535
46862,46864,e,e,0.0021876172607879925
9914,9915,p,p,0.9848967055981749
51681,51683,e,e,0.008313458763458764
34625,34627,p,p,0.9985856164383562
26246,26248,e,e,0.06950331909408389
54268,54270,p,p,0.990382487754692
2407,2407,p,p,0.9899737470167065
14337,14339,e,e,0.005084047348795187
8420,8420,p,p,0.988447875183694
41604,41606,p,p,0.9926502887578149
4085,4085,p,p,1.0
22185,22187,e,e,0.05485315302632803
30762,30764,p,p,0.9542825678731915
51427,51429,e,e,0.02101272046601297
30958,30960,p,p,0.9574040187865468
27501,27503,p,p,0.9438165830702582
13767,13769,p,p,0.9997260273972602
47594,47596,p,p,0.999802095459837
60382,60528,e,e,0.0032072869468842925
7905,7905,p,p,0.9853151876189689
37505,37507,p,p,0.9999655172413793
25783,25785,p,p,0.9722489105824557
30886,30888,p,p,0.9955865912123855
45643,45645,e,e,0.004508640303537191
8400,8400,p,p,0.9492668599043702
8064,8064,p,p,0.9785754923190063
15791,15793,p,p,0.998276436255436
18511,18513,p,p,0.9568722765434479
44900,44902,p,p,0.9961264892812111
9217,9217,e,e,0.0009375797060889868
59738,59884,p,p,0.9914772074996607
45807,45809,e,e,0.02555975338816971
29456,29458,p,p,0.9720604293288786
56274,56276,p,p,0.9793332899633905
23660,23662,p,p,0.9479805325119891
40043,40045,p,p,0.9944879803466435
14103,14105,p,p,0.9695482295482296
14756,14758,e,e,0.023468458642505935
15564,15566,p,p,1.0
58365,58511,e,e,0.007196972184156084
13725,13727,p,p,0.9990100020625827
47476,47478,p,p,0.999802095459837
51192,51194,e,e,0.019221275964669934
27638,27640,p,p,0.8908423010839457
20120,20122,e,e,0.014462458232935656
45769,45771,e,e,0.011201622430096078
10008,10009,p,p,0.9979606028173472
5164,5164,e,e,0.11402440886447064
37843,37845,p,p,0.997894959665506
10606,10607,p,p,0.9840916847859367
2078,2078,e,e,0.006283125775801663
11988,11989,e,e,0.07284660635522987
20840,20842,p,p,0.969847586252855
45954,45956,e,e,0.009050697436952065
1934,1934,e,e,0.006283125775801663
43016,43018,e,e,0.008228829759890794
57526,57556,p,p,1.0
10194,10195,p,p,0.9702501639268059
44417,44419,p,p,0.99
2784,2784,e,e,0.003162438052143934
4542,4542,e,e,0.01891936955097691
41051,41053,p,p,0.9838979224789242
35129,35131,e,e,0.005733105953045961
6574,6574,e,e,0.012477477330254718
11892,11893,e,e,0.024442208273653315
20574,20576,e,e,0.08943757641190181
52098,52100,e,e,0.0014112969286140958
25547,25549,p,p,0.9929472011167639
53980,53982,p,p,0.9989281929656354
6724,6724,e,e,0.08767688563006142
57146,57176,e,e,0.008876994608679224
14482,14484,e,e,0.09771532708423872
5907,5907,e,e,0.0029279394986906726
2445,2445,p,p,0.9989737470167064
53237,53239,e,e,0.002757695672516673
28754,28756,p,p,0.9867168167136005
45481,45483,e,e,0.03531311204756183
24646,24648,e,e,0.023956923218170455
60311,60457,e,e,0.025421484806581275
12965,12966,p,p,0.988480296286817
34542,34544,p,p,0.9866177819785661
47072,47074,p,p,0.9996954412499107
53096,53098,e,e,0.00463025213299677
17498,17500,e,e,0.015209400337738316
60568,60714,e,e,0.053368703750819396
33983,33985,p,p,0.9640156967349737
57484,57514,p,p,0.9923168817633514
38519,38521,p,p,0.9924547954075881
19314,19316,p,p,0.9516038942527865
4897,4897,e,e,0.017579211272603982
11032,11033,p,p,0.9815980154990589
19103,19105,p,p,0.9840684976487505
20399,20401,e,e,0.020058726758702346
15116,15118,e,e,0.010166666666666666
55679,55681,e,e,0.10103870178053652
12961,12962,p,p,0.9993358742605956
38004,38006,p,p,0.998108108108108
59740,59886,p,p,0.9744107592662126
3499,3499,e,e,0.0139292046098821
10304,10305,e,e,0.005416666666666666
48214,48216,p,p,1.0
8297,8297,p,p,0.9760510339426629
44239,44241,p,p,1.0
25711,25713,p,p,0.994554913340446
16113,16115,e,e,0.009743815006544037
37726,37728,p,p,0.9999655172413793
47285,47287,p,p,0.9996954412499107
13890,13892,p,p,1.0
1551,1551,p,p,1.0
39742,39744,p,p,0.9821327577527461
38696,38698,p,p,0.9853146124328842
4892,4892,e,e,0.014917192241762904
37632,37634,p,p,0.9994777123633305
14623,14625,e,e,0.02806462901259512
18380,18382,p,p,0.9886795142419276
55353,55355,e,e,0.00158915279078003
11788,11789,e,e,0.012537088956476572
30077,30079,p,p,0.9990531679008205
45432,45434,e,e,0.028646445380895166
36156,36158,e,e,0.005573549411281595
10984,10985,p,p,0.9347383331315864
34599,34601,p,p,0.9986377118981932
60357,60503,e,e,0.023883747621715478
21146,21148,p,p,0.9926608290352219
45251,45253,e,e,0.01756536521309315
28590,28592,p,p,0.9982660176746755
41548,41550,p,p,0.9836662964334199
46004,46006,e,e,0.012487235175189022
31020,31022,p,p,0.9596675626350556
27527,27529,p,p,0.9998019801980198
17412,17414,e,e,0.004942833339947286
59288,59434,p,p,0.9969914797066576
51396,51398,e,e,0.01889397490557438
1361,1361,e,e,0.0016348401916902395
27425,27427,p,p,0.991371955763957
38210,38212,p,p,0.9785755696518639
48034,48036,p,p,1.0
35251,35253,e,e,0.020665388851399395
10479,10480,e,e,0.028702427394075945
31902,31904,p,p,0.9903218200607296
60434,60580,e,e,0.002944456812935303
53347,53349,p,p,0.9885005505918478
33128,33130,p,p,0.9992410094869864
20876,20878,p,p,0.9777752441795241
9302,9302,e,e,0.0030568966980731686
84,84,p,p,0.9999882766705744
22250,22252,e,e,0.060230542129010495
29431,29433,p,p,0.9814812919397984
21270,21272,e,e,0.022419185832141853
13127,13129,p,p,0.9939706611239767
38089,38091,p,p,0.998108108108108
36989,36991,p,p,0.9903102809194264
1221,1221,e,e,0.00932394959187266
22922,22924,p,p,0.9810121659675985
58649,58795,p,p,0.9366184632768609
37745,37747,p,p,0.9999655172413793
26808,26810,p,p,0.9640890002723633
52196,52198,e,e,0.0014112969286140958
54594,54596,e,e,0.03689112188566659
8717,8717,e,e,0.0013231099986292971
49808,49810,p,p,0.99
3783,3783,p,p,0.9840067088798433
59837,59983,p,p,0.998097583624332
37381,37383,p,p,0.9864880952380953
30726,30728,p,p,0.9542329400816283
5130,5130,e,e,0.02595255249640167
54369,54371,e,e,0.0038810652004670353
58554,58700,p,p,0.9320480268675583
13064,13066,p,p,0.9942478614011769
53161,53163,e,e,0.0033215786132732754
47248,47250,p,p,0.9996954412499107
11135,11136,p,p,0.8148351925570648
14194,14196,e,e,0.005331933482083817
35019,35021,e,e,0.014188336448127926
12140,12141,p,p,0.9989292712215264
14283,14285,e,e,0.009175083059736536
24592,24594,e,e,0.018368829348162374
59973,60119,p,p,0.9906762954307596
42114,42116,e,e,0.02723659049142678
48008,48010,p,p,0.9998214285714286
54112,54114,p,p,0.9832752023085558
34439,34441,p,p,0.9957334404344529
23945,23947,p,p,0.9217730010969152
41228,41230,p,p,0.9962867647058823
46731,46733,e,e,0.01041488998806072
19218,19220,p,p,0.9882713961994751
13815,13817,p,p,0.996
39812,39814,p,p,0.9821327577527461
54325,54327,p,p,0.9530524788918718
53575,53577,p,p,0.9840220597234796
15949,15951,e,e,0.01625171430309485
38060,38062,p,p,0.997894959665506
9447,9447,e,e,0.004588898835457133
22551,22553,e,e,0.050917232829950115
55746,55748,e,e,0.010040713902489905
350,350,p,p,0.9999028065851043
30046,30048,p,p,0.9991797501793016
34298,34300,p,p,0.9949310885930746
21948,21950,e,e,0.06810499984526382
43484,43486,e,e,0.0005930232558139535
27040,27042,e,e,0.02603297628967884
3416,3416,e,e,0.007810150487218543
7112,7112,p,p,0.9719062434096695
8147,8147,p,p,0.9646309065588919
48084,48086,p,p,0.9998214285714286
14351,14353,e,e,0.009961137370680767
39999,40001,p,p,0.9885431891613145
17780,17782,e,e,0.04159782215672041
34546,34548,p,p,0.9893846406684691
59501,59647,p,p,0.9864092508061495
15691,15693,p,p,0.989182698594312
30801,30803,p,p,0.9621549017317055
28095,28097,p,p,0.9777523530534205
55388,55390,e,e,0.0047131669315504995
3032,3032,e,e,0.0020509756362305427
32669,32671,p,p,0.9436668363590646
59448,59594,p,p,0.9935852866283335
29380,29382,p,p,0.9835195120321855
7582,7582,p,p,0.9788741547063318
29776,29778,e,e,0.1967430009366346
27660,27662,p,p,0.9945679995451028
56057,56059,e,e,0.024455831256834412
24698,24700,e,e,0.02024464350361179
8666,8666,e,e,0.001247922028704485
48326,48328,p,p,1.0
14887,14889,e,e,0.0022342342342342343
49656,49658,e,e,0.011268681350498144
49050,49052,e,e,0.04626373511994797
51995,51997,e,e,0.0014112969286140958
15381,15383,e,e,0.004731904193204502
7768,7768,p,p,0.9934007753610028
42493,42495,e,e,0.01644831998677041
18459,18461,p,p,0.9954635463477288
3696,3696,p,p,0.9779623530343275
28072,28074,p,p,0.9733761447218656
47436,47438,p,p,0.999802095459837
42434,42436,e,e,0.010837500360892777
19227,19229,p,p,0.9893248495035629
59196,59342,p,p,0.9814092508061495
46049,46051,e,e,0.010228915942929538
2906,2906,e,e,0.002756763967026783
58193,58339,e,e,0.007563272550456451
9767,9767,p,p,0.994654303168494
23549,23551,p,p,0.9370371413089482
8614,8614,e,e,0.0009240390879478827
21210,21212,e,e,0.00900299997269442
26290,26292,e,e,0.031005690111639103
36424,36426,p,p,1.0
20135,20137,e,e,0.02368574993663508
26392,26394,e,e,0.037931532385222434
4591,4591,e,e,0.03544123958742864
43704,43706,e,e,0.009477304192268802
48025,48027,p,p,1.0
9094,9094,p,p,0.9953051287357993
58072,58194,p,p,0.9925
31106,31108,e,e,0.012029908077814115
55390,55392,e,e,0.002325720672429181
21475,21477,e,e,0.04946136944755333
6988,6988,e,e,0.03052935479492541
41457,41459,p,p,0.9988541236958273
2432,2432,p,p,0.9989737470167064
21033,21035,p,p,0.9951662234042553
54575,54577,e,e,0.006085832867118228
58740,58886,p,p,0.9429986020791523
57893,57938,p,p,1.0
11637,11638,e,e,0.006484508871578
26350,26352,e,e,0.02288673174122919
30126,30128,p,p,0.9991797501793016
60176,60322,p,p,0.9998484542331785
21355,21357,e,e,0.00925793855922994
47192,47194,p,p,0.9996954412499107
18926,18928,e,e,0.026591304484838013
54431,54433,e,e,0.004120496963104894
7406,7406,p,p,0.9501549112340804
3372,3372,e,e,0.012517932999993715
36323,36325,e,e,0.016673501419674833
41860,41862,p,p,0.9882982086406744
48599,48601,e,e,0.010100488344435762
17670,17672,e,e,0.05025694111209436
45818,45820,e,e,0.010439831698524318
4690,4690,e,e,0.014917192241762904
23393,23395,p,p,0.7143887054103064
9608,9608,p,p,0.9731832946202579
34560,34562,p,p,0.9911517062434037
15683,15685,p,p,0.9995710650672485
34798,34800,p,p,0.992889177280599
56506,56508,p,p,1.0
8679,8679,e,e,0.0013231099986292971
28423,28425,p,p,0.9934192420802718
28269,28271,p,p,0.99056049502072
51795,51797,e,e,0.0010777777777777778
40214,40216,p,p,0.9729874426457619
39832,39834,p,p,0.9361409620072352
50974,50976,p,p,0.9902617510251049
54551,54553,e,e,0.049418317473647354
7038,7038,e,e,0.06756294290832605
52209,52211,e,e,0.0018400759983815376
45536,45538,e,e,0.0036023618016302744
41488,41490,p,p,0.9994327855403118
5251,5251,e,e,0.047735994875072414
22562,22564,e,e,0.04726131885145549
58330,58476,e,e,0.026517382808791377
15700,15702,p,p,0.9997619047619049
910,910,p,p,0.9734876328379921
40267,40269,p,p,0.978180101127829
37083,37085,p,p,0.9921830445089986
18723,18725,e,e,0.023282337783466254
3450,3450,e,e,0.012463587531711147
38997,38999,p,p,1.0
21778,21780,e,e,0.033424836681042555
53277,53279,e,e,0.004831561974338167
41841,41843,p,p,0.9982324191669902
42499,42501,e,e,0.022054823018856477
49065,49067,e,e,0.019224306783820113
2550,2550,e,e,0.0034961946395544747
49010,49012,e,e,0.02052148805255836
45062,45064,p,p,0.9961264892812111
21031,21033,p,p,0.9840347149344345
46388,46390,e,e,0.12393147157204246
27024,27026,e,e,0.016858259334365504
54873,54875,e,e,0.030211943397294005
40829,40831,p,p,0.991464105672549
31618,31620,e,e,0.02868366653536595
52969,52971,e,e,0.003295487274858356
46700,46702,e,e,0.01041488998806072
20655,20657,e,e,0.039318001143917716
23546,23548,p,p,0.9814192291612744
52898,52900,e,e,0.009582666462176797
15078,15080,e,e,0.0
7339,7339,p,p,0.9174224499975732
50069,50071,p,p,0.9999636363636364
35576,35578,p,p,0.957647693758883
20374,20376,e,e,0.02705044909365817
29983,29985,e,e,0.08526980267497011
9156,9156,p,p,0.9928887836016582
42432,42434,e,e,0.029597619832472395
13550,13552,p,p,0.9996556586774347
10591,10592,p,p,0.9885572422458211
23566,23568,p,p,0.9278199096931494
29157,29159,p,p,0.9536875818708339
20335,20337,e,e,0.022295080371485913
7906,7906,p,p,0.9691896806556756
60061,60207,p,p,0.9996946080793323
9920,9921,p,p,0.9899696463380674
9789,9789,p,p,0.994654303168494
59540,59686,p,p,0.995357101584133
434,434,p,p,0.9999882766705744
20033,20035,p,p,0.9494756333555288
40646,40648,p,p,0.9619346957919563
43903,43905,e,e,0.0
38409,38411,p,p,0.9704188258188434
31400,31402,e,e,0.012622931333628068
59306,59452,p,p,0.9992296072507553
38770,38772,p,p,0.9999089760165023
35741,35743,p,p,1.0
25546,25548,p,p,0.9910707504445183
31658,31660,e,e,0.044608930789994165
58249,58395,e,e,0.02014496612209977
49043,49045,e,e,0.035661231568043975
32689,32691,p,p,0.9941819338572191
20583,20585,e,e,0.0847644071869244
25568,25570,p,p,0.9915181562123113
31256,31258,e,e,0.014966050795568923
28342,28344,p,p,0.9693975158469108
33102,33104,p,p,0.9994988317648337
17311,17313,e,e,0.004942833339947286
54312,54314,p,p,0.9160913331557974
8240,8240,p,p,0.936743146897935
40892,40894,p,p,0.9972510229419644
30389,30391,e,e,0.0332951149716412
16306,16308,e,e,0.06305897338284906
26844,26846,e,e,0.01835954793858382
45602,45604,e,e,0.014316647515915987
28712,28714,p,p,0.9889243322348353
45728,45730,e,e,0.023372136127381718
52466,52468,e,e,0.006238138609032301
29019,29021,p,p,0.9842044152897848
54515,54517,e,e,0.0038810652004670353
662,662,p,p,0.9993778637441831
37868,37870,p,p,0.9973346207853558
16170,16172,e,e,0.007822121294995252
12191,12192,p,p,0.9850014689836977
13337,13339,p,p,1.0
9233,9233,e,e,0.01612758916110489
10291,10292,e,e,4.807692307692308e-05
9241,9241,e,e,0.002233214983719646
53983,53985,p,p,0.9976065259152097
29926,29928,e,e,0.05846839976173574
29161,29163,p,p,0.9610685864538402
26481,26483,p,p,0.9395990954757165
55389,55391,e,e,0.0002930424074501655
56968,56998,e,e,0.008876994608679224
16084,16086,e,e,0.01625171430309485
56156,56158,p,p,0.9705195791938119
47377,47379,p,p,0.9964687621265037
42090,42092,e,e,0.0026932535152441
4136,4136,p,p,1.0
28169,28171,p,p,0.982517123088343
36782,36784,p,p,0.993880266075388
38734,38736,p,p,0.9878845379055747
27569,27571,p,p,0.9626463362307115
6796,6796,e,e,0.04535680473003533
28649,28651,p,p,0.975862429529291
40094,40096,p,p,0.9965016928865802
5136,5136,e,e,0.08314481550512821
19345,19347,p,p,0.9841193950430116
44504,44506,p,p,0.9341217817907189
50542,50544,e,e,0.020954434476493877
34874,34876,p,p,0.9986224679957542
55809,55811,e,e,0.02730033242648417
38971,38973,p,p,1.0
5626,5626,e,e,0.022735655104301204
41456,41458,p,p,0.9984415599428604
57543,57573,p,p,1.0
42929,42931,e,e,0.000657487813202646
24482,24484,e,e,0.033330426228769285
56021,56023,e,e,0.02622351275914945
944,944,p,p,0.9742427496772357
57755,57793,p,p,1.0
9292,9292,e,e,0.00044123740105102944
3518,3518,e,e,0.012246654302833802
46313,46315,e,e,0.07753109052732754
29391,29393,p,p,0.9762542809608109
2092,2092,e,e,0.013366388736088303
35566,35568,p,p,0.9569876530409285
44392,44394,p,p,1.0
9915,9916,p,p,0.9877515580055626
47753,47755,p,p,0.9997203579418344
22615,22617,p,p,0.9629030004771667
10694,10695,p,p,0.9869260203221226
35617,35619,p,p,0.9713645753985144
52426,52428,e,e,0.006443404057607751
51352,51354,e,e,0.0169476016671412
2378,2378,p,p,0.9989737470167064
28939,28941,p,p,0.9895188230542757
52430,52432,e,e,0.00636588467776279
46925,46927,e,e,0.002486994355363509
2079,2079,e,e,0.006125893071399149
39243,39245,p,p,0.9935278757021238
16999,17001,p,p,0.9637223264051229
11569,11570,e,e,0.03098537692073089
12968,12969,p,p,0.9881670225661301
42436,42438,e,e,0.01644831998677041
21300,21302,e,e,0.04512193789160233
12942,12943,p,p,0.9993358742605956
38073,38075,p,p,0.998108108108108
47905,47907,p,p,0.9997203579418344
6543,6543,e,e,0.015950341058565062
17807,17809,e,e,0.07065090585491846
24772,24774,e,e,0.014058202531795648
37054,37056,p,p,0.988048457168319
30783,30785,p,p,0.9542825678731915
576,576,p,p,0.9971713752621237
9872,9873,p,p,0.99092890872793
46501,46503,e,e,0.15920581342259243
388,388,p,p,0.9989620236872808
11560,11561,e,e,0.018456767531253387
878,878,p,p,0.9842983559202686
49049,49051,e,e,0.03399061103885762
37435,37437,p,p,0.9998560281902844
1953,1953,e,e,0.007424290134199021
56188,56190,p,p,0.98106405919416
11750,11751,e,e,0.022278690311647534
18214,18216,e,e,0.006723033060449562
15219,15221,e,e,0.004785050612571336
37668,37670,p,p,0.9903358876117497
55775,55777,e,e,0.04777439444588544
38803,38805,p,p,0.9971274144552073
30320,30322,p,p,0.9991797501793016
25988,25990,p,p,0.9443111415511555
56730,56748,p,p,1.0
11165,11166,p,p,0.9600129497935578
3265,3265,e,e,0.011742700794266845
60086,60232,p,p,0.9989021626730762
26600,26602,p,p,0.9599198663978883
52841,52843,e,e,0.006989894503524777
28789,28791,p,p,0.9898594963230762
48889,48891,e,e,0.018785201078835582
28392,28394,p,p,0.9917401960784314
18393,18395,p,p,0.984321134104517
6081,6081,p,p,0.9514802395255763
53414,53416,p,p,0.9882909023110371
48816,48818,e,e,0.033931836204420536
13540,13542,p,p,0.9989686244609887
14210,14212,e,e,0.005060181825828945
23792,23794,p,p,0.8732512865961891
5961,5961,e,e,0.009893787094534586
2688,2688,e,e,0.013496194639554475
57785,57823,p,p,0.9972190784155214
53167,53169,e,e,0.011277218148548158
36940,36942,p,p,0.988048457168319
50308,50310,p,p,0.8589002210690506
21251,21253,e,e,0.025543133873468498
54829,54831,e,e,0.016557686491732667
10050,10051,p,p,0.9866358577902048
29165,29167,p,p,0.9257889853035486
12589,12590,e,e,0.017859041825597288
31397,31399,e,e,0.0031279683303629883
14106,14108,p,p,0.9997619047619049
45544,45546,e,e,0.0013349557634294118
24818,24820,e,e,0.01353454849875386
2827,2827,e,e,0.008656566255179118
39751,39753,p,p,0.988565696383617
9205,9205,e,e,0.006896591143149441
37960,37962,p,p,0.997894959665506
8795,8795,e,e,0.001247922028704485
33711,33713,e,e,0.038569801597437746
25140,25142,e,e,0.03813044094525563
48170,48172,p,p,0.9994444444444445
7019,7019,e,e,0.04222839910291484
44206,44208,p,p,1.0
21705,21707,e,e,0.027682826642080754
45354,45356,e,e,0.024232031879759815
27629,27631,p,p,0.9767125369078284
25618,25620,p,p,0.9915181562123113
13774,13776,p,p,0.9993281653746771
33240,33242,p,p,0.9345639545656694
29314,29316,p,p,0.9780525861916236
15328,15330,e,e,0.004365479238264264
38208,38210,p,p,0.9513643975296812
3141,3141,e,e,0.016952724847308975
21329,21331,e,e,0.034417712539489644
29892,29894,e,e,0.01310315742639697
26501,26503,p,p,0.9559393342735646
6137,6137,p,p,0.941707512252849
7412,7412,p,p,0.9695041175832867
10183,10184,p,p,0.9758401340263538
9183,9183,e,e,0.006378642425200723
29114,29116,p,p,0.9584393410035759
45226,45228,e,e,0.028695841940423045
2285,2285,p,p,0.9989737470167064
38269,38271,p,p,0.9790496706643633
38251,38253,p,p,0.9783009556390913
3126,3126,e,e,0.006121088973508021
49355,49357,e,e,0.012862580747718315
15905,15907,e,e,0.01935270284645324
52622,52624,e,e,0.0073524676029399815
2652,2652,e,e,0.00020833333333333332
59296,59442,p,p,0.9969914797066576
39786,39788,p,p,0.988565696383617
49249,49251,e,e,0.011798105278479978
54148,54150,p,p,0.9893648251642635
14294,14296,e,e,0.007842845002759564
32106,32108,p,p,0.999257052267735
19599,19601,p,p,0.9699968442294684
15448,15450,e,e,0.0
8661,8661,e,e,0.0009992270578726948
6069,6069,p,p,0.9916888824643912
53226,53228,e,e,0.0017855039137934642
19089,19091,p,p,0.977466842147939
16773,16775,e,e,0.0735502742600404
30567,30569,e,e,0.0172100571823414
4946,4946,e,e,0.02194323502851869
38483,38485,p,p,0.9965027829381781
11429,11430,e,e,0.0118931694750895
3460,3460,e,e,0.008540077494517814
44679,44681,p,p,0.9539642649719156
7423,7423,p,p,0.9828330325454031
6083,6083,p,p,0.9511741789195156
48576,48578,e,e,0.010817372456755105
48765,48767,e,e,0.02243394931617556
46272,46274,e,e,0.08528711069598949
24369,24371,e,e,0.05861247940032508
8184,8184,p,p,0.9194497329462746
50190,50192,p,p,0.969431876381966
47921,47923,p,p,0.9995216824451457
60786,60932,p,p,0.9994391067805134
12386,12387,e,e,0.011495349883747095
43433,43435,e,e,0.040318609339197044
53232,53234,e,e,0.017317946461685118
19346,19348,p,p,0.9693753444842678
35519,35521,p,p,0.9935347018572824
7734,7734,p,p,0.9946070007993714
31766,31768,e,e,0.03126313433848825
26222,26224,e,e,0.030325115579613034
34256,34258,p,p,0.9852796036592258
46623,46625,e,e,0.004321150644133829
20076,20078,p,p,0.9788007769593164
12303,12304,p,p,0.974697166778736
55153,55155,e,e,0.005423043474760376
16316,16318,e,e,0.09256817244390031
27675,27677,p,p,0.8480080623511997
11690,11691,e,e,0.01545375562314324
59208,59354,p,p,0.9935852866283335
38660,38662,p,p,0.9965301801984521
52608,52610,e,e,0.0073524676029399815
18772,18774,e,e,0.01592752382105735
40995,40997,p,p,0.9997203579418344
27696,27698,p,p,0.9767818449212965
4753,4753,e,e,0.025129529828298178
34062,34064,p,p,0.9689544642126485
41213,41215,p,p,0.996038177135261
17677,17679,e,e,0.026508209703813436
6468,6468,e,e,0.0255637359561173
49337,49339,e,e,0.014509630339683164
11655,11656,e,e,0.010051817943122291
8687,8687,e,e,0.0015653823461648025
41432,41434,p,p,0.998917750419051
5288,5288,e,e,0.012417738404105497
19508,19510,p,p,0.9830303030303029
43845,43847,e,e,0.007427651030404661
53220,53222,e,e,0.0017855039137934642
24672,24674,e,e,0.01975020467651371
43607,43609,e,e,0.01785802795316129
16952,16954,p,p,0.9982830142427739
46329,46331,e,e,0.06534709584897
54907,54909,e,e,0.015826613575472975
55688,55690,e,e,0.012286560368379097
52117,52119,e,e,0.0013331719286140957
57899,57946,p,p,1.0
36656,36658,p,p,1.0
48337,48339,p,p,1.0
52937,52939,e,e,0.007231985675229138
60549,60695,e,e,0.032521389510986855
58265,58411,e,e,0.026517382808791377
3004,3004,e,e,0.0066919573702343745
41255,41257,p,p,0.9725923280733297
6844,6844,e,e,0.134365589054097
44761,44763,p,p,0.9356259849835616
54368,54370,e,e,0.0038810652004670353
34505,34507,p,p,0.9971970234076811
58476,58622,p,p,0.962796638384702
39735,39737,p,p,0.9137681817393775
13883,13885,p,p,0.9990541927719373
53072,53074,e,e,0.0033215786132732754
9686,9686,p,p,0.9936468323291768
49599,49601,e,e,0.034065208149922144
27285,27287,p,p,0.9785339649597714
45596,45598,e,e,0.005984808399535463
54581,54583,e,e,0.0037037712093597147
23071,23073,p,p,0.9790979799774489
45412,45414,e,e,0.015121645377126658
1636,1636,p,p,1.0
36776,36778,p,p,0.989782199007761
60037,60183,p,p,0.9880456268940604
22179,22181,e,e,0.054061143521512936
43627,43629,e,e,0.0005930232558139535
4192,4192,p,p,0.9754668667166791
57419,57449,p,p,0.9881545588993811
50633,50635,e,e,0.01659491624341773
49245,49247,e,e,0.006194127800805503
43531,43533,e,e,0.0001923076923076923
12684,12685,e,e,0.02713952032914311
9016,9016,p,p,0.9955343264895679
3283,3283,e,e,0.014644254772249211
53333,53335,p,p,0.9988928476086822
23511,23513,p,p,0.8703469176788875
51304,51306,e,e,0.025440108822083314
12586,12587,e,e,0.021471636094073907
44937,44939,p,p,0.9380194248675788
24997,24999,e,e,0.041980881173829185
37921,37923,p,p,0.998108108108108
30401,30403,e,e,0.01724108619466278
4290,4290,e,e,0.002836391737210014
53409,53411,p,p,0.9863891274276888
60150,60296,p,p,0.9968614633412075
11447,11448,e,e,0.006484508871578
7887,7887,p,p,0.9810052479187565
51909,51911,e,e,0.0034007394961816633
18272,18274,e,e,0.008916855394434105
26841,26843,e,e,0.01764293830359975
915,915,p,p,0.9853367834110138
38352,38354,p,p,0.9944388388278327
48455,48457,e,e,0.011934830977764608
36862,36864,p,p,0.9698453595883539
30149,30151,p,p,0.9991797501793016
59093,59239,p,p,0.9960765498626992
23342,23344,p,p,0.8030712971524889
51855,51857,e,e,0.0010777777777777778
8855,8855,p,p,0.9761870209140875
19077,19079,p,p,0.9879329464770342
41384,41386,p,p,0.9984415599428604
15766,15768,p,p,1.0
9554,9554,p,p,0.9931915024033677
38366,38368,p,p,0.9252208516317327
44650,44652,p,p,0.9673919486387099
10473,10474,e,e,0.005557106651296798
2165,2165,p,p,0.9989737470167064
41515,41517,p,p,0.9983779332196367
14805,14807,e,e,0.10800576844539109
28614,28616,p,p,0.9631526716287578
6068,6068,p,p,0.9014649785650961
100,100,p,p,0.9999882766705744
34241,34243,p,p,0.983659547940788
48423,48425,e,e,0.019715725580484244
30819,30821,p,p,0.9542825678731915
53787,53789,p,p,0.9999187127433408
29842,29844,e,e,0.3788422407986662
17475,17477,e,e,0.02095061190794105
59760,59906,p,p,0.9965245278505693
8968,8968,p,p,0.9996089262041538
20057,20059,p,p,0.9814125280742928
834,834,p,p,0.964278984763546
37341,37343,p,p,0.9920087306657375
15443,15445,e,e,0.0009417782885747814
28041,28043,p,p,0.9947089211987954
2571,2571,e,e,0.003162438052143934
4760,4760,e,e,0.015737106009446087
43033,43035,e,e,0.007048148500973041
30241,30243,p,p,0.9969721114261874
5726,5726,e,e,0.010312028984562665
9379,9379,e,e,0.006763257809816108
1084,1084,e,e,0.0067348871289273785
54999,55001,e,e,0.008153724024220979
29269,29271,p,p,0.97185910134276
58960,59106,p,p,0.9994960900925843
43365,43367,p,p,0.9793267884240171
38956,38958,p,p,1.0
37478,37480,p,p,0.9994777123633305
55190,55192,e,e,0.001854521848725003
56538,56542,p,p,0.9997142857142858
32492,32494,p,p,0.9937000792503242
4482,4482,e,e,0.018435592311267467
6533,6533,e,e,0.018841815612394005
21046,21048,p,p,0.9876662234042553
38194,38196,p,p,0.9681548594642849
16227,16229,e,e,0.012009084589464472
5801,5801,e,e,0.01841996871328348
50963,50965,p,p,0.9985948423178499
58387,58533,e,e,0.009607725584859233
58039,58127,p,p,1.0
46476,46478,e,e,0.1076723838937665
57330,57360,p,p,0.9923168817633514
18398,18400,p,p,0.9889964156503782
40847,40849,p,p,0.9967307706984525
22558,22560,e,e,0.04185427499471332
6580,6580,e,e,0.02025020460298199
20524,20526,e,e,0.09524435852049436
46115,46117,e,e,0.009025752799733916
26680,26682,p,p,0.8182576521327782
35839,35841,p,p,0.9910412637008382
14017,14019,p,p,0.9997260273972602
34866,34868,p,p,0.9953466513969641
43757,43759,e,e,0.023815879021169235
23141,23143,p,p,0.9696242957669224
41509,41511,p,p,0.9785405698438505
43071,43073,p,p,0.9957378369780797
24340,24342,e,e,0.0073235396735204135
2075,2075,e,e,0.007116459109134996
32519,32521,p,p,0.9895116961097973
26003,26005,p,p,0.9914783703867408
16909,16911,e,e,0.03395996051596979
40865,40867,p,p,0.9899765092581231
52015,52017,e,e,0.0034007394961816633
41796,41798,p,p,0.9978402623042452
41661,41663,p,p,0.9896614490587929
7114,7114,p,p,0.951576722915793
34594,34596,p,p,0.9947750437511316
44969,44971,p,p,0.9887080335647421
37132,37134,p,p,0.9841174448071851
53289,53291,e,e,0.01010998591929397
18352,18354,e,e,0.015196988761914809
45642,45644,e,e,0.022448741449797138
35060,35062,e,e,0.017024129175974637
56712,56728,p,p,0.9997142857142858
56825,56855,e,e,0.006578550905785258
1428,1428,p,p,1.0
35491,35493,p,p,0.9930420693431122
23448,23450,p,p,0.8357562252863686
58313,58459,e,e,0.007563272550456451
23992,23994,p,p,0.91940525839503
42970,42972,e,e,0.030324061164090782
23868,23870,p,p,0.90490794520425
42793,42795,e,e,0.007091912177121838
22274,22276,e,e,0.08179766917693247
43768,43770,e,e,0.0005930232558139535
19440,19442,p,p,0.9979757657139203
257,257,p,p,0.9999028065851043
6649,6649,e,e,0.018994204127453042
30927,30929,p,p,0.9620485187529821
39715,39717,p,p,0.9758691479655923
48444,48446,e,e,0.013499019405205308
47226,47228,p,p,0.9996954412499107
51682,51684,e,e,0.008313458763458764
1818,1818,e,e,0.007424290134199021
23368,23370,p,p,0.9798519955459121
25463,25465,p,p,0.9988008596533493
49178,49180,e,e,0.019224306783820113
41068,41070,p,p,1.0
49661,49663,e,e,0.022283256251691176
22825,22827,p,p,0.9742095831239663
32060,32062,p,p,0.995226294438251
38297,38299,p,p,0.9618146515693095
49006,49008,e,e,0.035375903445180046
19216,19218,p,p,0.9779664902774003
14190,14192,e,e,0.007735562500310338
8037,8037,p,p,0.9939953415164895
3704,3704,p,p,0.9911080242338308
14329,14331,e,e,0.022443631333509448
60206,60352,p,p,0.9774619115533912
39535,39537,p,p,0.9821327577527461
38459,38461,p,p,0.9595851205701591
43685,43687,e,e,0.02595204035200603
10543,10544,e,e,0.0012806372549019607
35980,35982,p,p,0.9879503247906675
53809,53811,p,p,0.9999187127433408
36860,36862,p,p,0.9899653724583668
13129,13131,p,p,0.9939706611239767
406,406,p,p,0.9989620236872808
7648,7648,p,p,0.9755891823562193
8632,8632,e,e,0.0009992270578726948
26937,26939,e,e,0.017974932553968436
41168,41170,p,p,0.9637467361466284
12124,12125,p,p,0.989832647498025
29332,29334,p,p,0.9550013742432104
45070,45072,p,p,0.9872807855793628
44776,44778,p,p,0.9317332410756701
44122,44124,e,e,0.011095622751236347
42900,42902,e,e,0.0012942747451653964
38845,38847,p,p,0.9999095022624434
49529,49531,e,e,0.03874299766288271
19358,19360,p,p,0.9882197410658157
4584,4584,e,e,0.0022651503349431375
1248,1248,e,e,0.006499705056555105
8706,8706,e,e,0.0009992270578726948
24429,24431,e,e,0.019614458070178867
35760,35762,p,p,0.9958022618831108
27885,27887,p,p,0.9702952530064219
30827,30829,p,p,0.9542825678731915
57345,57375,p,p,0.9942006210205805
11469,11470,e,e,0.012054459797670145
29610,29612,p,p,0.9794232679584158
40162,40164,p,p,0.9807635902861678
2229,2229,p,p,0.9989737470167064
34467,34469,p,p,0.9857865238274693
42327,42329,e,e,0.029782195691842133
52914,52916,e,e,0.0068838010650225665
52688,52690,e,e,0.008782448863917582
15119,15121,e,e,0.0
19770,19772,p,p,0.9854388230896854
20226,20228,e,e,0.011344667863899413
38239,38241,p,p,0.9790496706643633
6640,6640,e,e,0.014301757453657837
3922,3922,p,p,0.9992307692307691
24324,24326,e,e,0.009065292913853834
51443,51445,e,e,0.02101272046601297
40379,40381,p,p,0.9792892923947386
41031,41033,p,p,0.990593023255814
8909,8909,p,p,0.9995554502683249
38351,38353,p,p,0.9699578215900889
49310,49312,e,e,0.013602749537296096
4243,4243,e,e,0.003005883262633743
32802,32804,p,p,0.9696328494439984
40603,40605,p,p,0.9878832063087547
54094,54096,p,p,0.9840617854945225
35495,35497,p,p,0.9658466034620936
6822,6822,e,e,0.050028290509036163
24463,24465,e,e,0.02126646424301838
30139,30141,p,p,0.9990531679008205
31791,31793,p,p,0.995226294438251
20471,20473,e,e,0.04295715709708049
54689,54691,e,e,0.0037037712093597147
29355,29357,p,p,0.9814440490280043
14132,14134,e,e,0.009961137370680767
42148,42150,e,e,0.018216370864581874
5191,5191,e,e,0.025468898463359882
34059,34061,p,p,0.9886151883736259
27839,27841,p,p,0.9930150632341019
19951,19953,p,p,0.9538969522698654
57866,57908,p,p,1.0
1176,1176,e,e,0.0016470752504174119
21129,21131,p,p,0.9549758229607405
53425,53427,p,p,0.9982566481528233
43866,43868,e,e,0.010555555555555556
19473,19475,p,p,0.9832807828275544
26641,26643,p,p,0.786067937867928
58396,58542,e,e,0.01934134698660752
76,76,p,p,0.9999028065851043
15474,15476,e,e,0.0
31562,31564,e,e,0.029222691610967418
21957,21959,e,e,0.08536167173218684
38518,38520,p,p,0.9887208055112084
20682,20684,e,e,0.06044459336895357
8729,8729,e,e,0.0013231099986292971
39631,39633,p,p,0.9466783496049312
29565,29567,p,p,0.9777055984260566
30479,30481,e,e,0.021998801027212685
51844,51846,e,e,0.0010777777777777778
33110,33112,p,p,0.9978956133735545
28513,28515,p,p,0.9931010865808014
35421,35423,p,p,0.9644978229664618
24723,24725,e,e,0.049641905400960626
1786,1786,e,e,0.006283125775801663
13033,13035,p,p,0.9881670225661301
43923,43925,e,e,0.0034746339565082623
37193,37195,p,p,1.0
40792,40794,p,p,0.996496182591524
56441,56443,p,p,0.9838449807786386
22102,22104,e,e,0.04073802061535516
15438,15440,e,e,0.004297944595379358
56387,56389,p,p,0.989355126756483
53773,53775,p,p,0.9989281929656354
37578,37580,p,p,0.9999655172413793
47299,47301,p,p,0.9996954412499107
38589,38591,p,p,0.9911017578921608
30996,30998,p,p,0.9933096906935495
4363,4363,e,e,0.025290838932060303
290,290,p,p,0.9999882766705744
44651,44653,p,p,0.9323893576738063
51015,51017,p,p,0.9937950843584383
39614,39616,p,p,0.9887784623410638
1816,1816,e,e,0.006125893071399149
49379,49381,e,e,0.01674479471322964
50083,50085,p,p,0.9915140995523248
45576,45578,e,e,0.008654630321764426
1006,1006,p,p,0.9732376328379921
60409,60555,e,e,0.010097924142004151
30277,30279,p,p,0.9964286584762447
33532,33534,p,p,0.9606479370010367
16438,16440,e,e,0.044798968368240155
53023,53025,e,e,0.012008633718188985
22266,22268,e,e,0.044802658855959986
56025,56027,e,e,0.033809347248399964
56806,56836,e,e,0.006693935521169874
1761,1761,p,p,1.0
30767,30769,p,p,0.9542329400816283
8964,8964,p,p,0.9965255928708204
10471,10472,e,e,4.807692307692308e-05
1709,1709,p,p,1.0
9652,9652,p,p,0.993564865116062
53432,53434,p,p,0.9829536244137634
21929,21931,e,e,0.0643336114115913
24886,24888,e,e,0.01138974975099508
50265,50267,p,p,0.9714490167454137
14674,14676,e,e,0.025179059826783458
19067,19069,p,p,0.9896095952662749
33103,33105,p,p,0.9978956133735545
2625,2625,e,e,0.017105263157894738
1719,1719,p,p,1.0
10855,10856,p,p,0.9869260203221226
58139,58285,e,e,0.007563272550456451
18536,18538,p,p,0.9977753972511288
6076,6076,p,p,0.9652389801377691
40203,40205,p,p,0.9915016928865802
42103,42105,e,e,0.019125521496550956
48674,48676,e,e,0.026123546001588723
4899,4899,e,e,0.01568576284960582
55985,55987,e,e,0.02730033242648417
53831,53833,p,p,0.9981351306537886
26253,26255,e,e,0.20016071388930176
2824,2824,e,e,0.0095367556648267
24825,24827,e,e,0.015910962487303358
58896,59042,p,p,0.9998175186640128
32021,32023,p,p,0.9946835221883892
7296,7296,p,p,0.9198226159948504
9603,9603,p,p,0.9928334777704412
58732,58878,p,p,0.9265356311985835
49145,49147,e,e,0.01943331779791587
27600,27602,p,p,0.969393334287684
15249,15251,e,e,0.0016844806966949488
26422,26424,e,e,0.03771072479016005
49682,49684,e,e,0.01674479471322964
13881,13883,p,p,0.9997619047619049
60219,60365,e,e,0.02394566712635944
1446,1446,p,p,1.0
16060,16062,e,e,0.018597714320006307
41342,41344,p,p,0.999972602739726
48315,48317,p,p,0.9998214285714286
42650,42652,e,e,0.03887675474533702
14892,14894,e,e,0.016076777319736748
14015,14017,p,p,0.9990900701365818
46616,46618,e,e,0.002486994355363509
47146,47148,p,p,0.9996954412499107
18615,18617,p,p,0.9701796581177362
43736,43738,e,e,0.0030234113712374585
16109,16111,e,e,0.01935270284645324
49789,49791,p,p,0.9915140995523248
4045,4045,p,p,0.9956944444444444
22022,22024,e,e,0.07902424780114545
38868,38870,p,p,1.0
6242,6242,p,p,0.9436976179198626
1999,1999,e,e,0.00365697711480844
15137,15139,e,e,0.0022342342342342343
13263,13265,p,p,0.986435478661965
53444,53446,p,p,0.9968957044956298
51344,51346,e,e,0.021796500743719364
45803,45805,e,e,0.0432011713254398
2181,2181,p,p,0.9989737470167064
50646,50648,e,e,0.03499564995080116
43725,43727,e,e,0.016175525649526405
58535,58681,p,p,0.9816234253944677
15457,15459,e,e,0.004785050612571336
30171,30173,p,p,0.9993757485459818
48998,49000,e,e,0.020611064343963696
19258,19260,p,p,0.9792777740632411
32703,32705,p,p,0.9995936342708438
30141,30143,p,p,0.9967761130595072
28572,28574,p,p,0.9829187034289457
40527,40529,p,p,0.9826128355141044
35787,35789,p,p,0.9961881234803788
4587,4587,e,e,0.00893660066920058
17994,17996,e,e,0.034162597101647894
17944,17946,e,e,0.024162597101647892
31066,31068,e,e,0.012029908077814115
47266,47268,p,p,0.9996954412499107
17502,17504,e,e,0.003412496022973628
43019,43021,e,e,0.007048148500973041
36474,36476,p,p,1.0
37956,37958,p,p,0.998108108108108
18408,18410,p,p,0.953279104668194
29349,29351,p,p,0.9851671738318418
5298,5298,e,e,0.01731112558461242
33418,33420,p,p,0.9437798968618101
32723,32725,p,p,0.9936740302851509
32512,32514,p,p,0.9791018617412673
39397,39399,p,p,0.9468784702301133
55071,55073,e,e,0.0047131669315504995
53945,53947,p,p,0.9989281929656354
30205,30207,p,p,0.9991797501793016
7982,7982,p,p,0.9952569625155833
47690,47692,p,p,1.0
6615,6615,e,e,0.02025020460298199
32607,32609,p,p,0.9843926484907497
3771,3771,p,p,0.9909511533242876
34986,34988,e,e,0.022530632282727284
46362,46364,e,e,0.11387591063997965
60259,60405,e,e,0.025405711935918816
53322,53324,p,p,0.9882909023110371
53418,53420,p,p,0.9927408433822121
27272,27274,p,p,0.9998019801980198
40958,40960,p,p,0.9334286254851447
44130,44132,p,p,0.9925634953042057
35762,35764,p,p,0.9868699558842116
16968,16970,p,p,0.9982038994433973
25894,25896,p,p,0.9314425851843083
47934,47936,p,p,1.0
27849,27851,p,p,0.9817216399817786
16424,16426,e,e,0.06363753906542598
18958,18960,e,e,0.012526688543525209
17221,17223,p,p,0.9976138818570539
39594,39596,p,p,0.9803574097094849
49385,49387,e,e,0.013602749537296096
46894,46896,e,e,0.00035346097201767305
46779,46781,e,e,0.01041488998806072
27056,27058,e,e,0.016858259334365504
28826,28828,p,p,0.9929463909848902
41215,41217,p,p,0.9997203579418344
31995,31997,p,p,0.9951357967006945
50257,50259,p,p,0.9637656538438949
23562,23564,p,p,0.9097516807710584
41300,41302,p,p,0.9994964122635355
16141,16143,e,e,0.013675751256131139
30055,30057,p,p,0.9991797501793016
8027,8027,p,p,0.9916100628519685
28154,28156,p,p,0.9887125811423049
52330,52332,e,e,0.006027285895854007
6086,6086,p,p,0.9624039281129884
21712,21714,e,e,0.033073077775681414
12346,12347,p,p,0.9765344149636519
20775,20777,e,e,0.06774199031487348
35724,35726,p,p,0.9845555368992391
24734,24736,e,e,0.03460670616854457
6130,6130,p,p,0.9575351261775914
38458,38460,p,p,0.9944388388278327
24631,24633,e,e,0.025350005671489307
42091,42093,e,e,0.01785791586274814
1204,1204,e,e,0.003752670894712746
31859,31861,p,p,0.9945133349508533
29873,29875,e,e,0.09837391026715724
6673,6673,e,e,0.011159349622327069
47376,47378,p,p,0.999802095459837
42020,42022,e,e,0.017811315832673504
54096,54098,p,p,0.8623470516924061
60631,60777,p,p,0.9985319510634376
19253,19255,p,p,0.980774651334666
14918,14920,e,e,0.00726969696969697
37558,37560,p,p,0.9998560281902844
29971,29973,e,e,0.030715700009486254
60242,60388,e,e,0.0022659408299366556
43934,43936,e,e,0.0009629206888517269
6966,6966,e,e,0.14311365306106785
58393,58539,e,e,0.01934134698660752
13726,13728,p,p,0.9990498427000332
28209,28211,p,p,0.9887783990559528
27314,27316,p,p,0.991371955763957
52409,52411,e,e,0.00636588467776279
45601,45603,e,e,0.0059693455874132075
1762,1762,p,p,1.0
28435,28437,p,p,0.9784682616881151
42490,42492,e,e,0.01621945262960369
60893,61039,p,p,0.9987443662865377
34843,34845,p,p,0.9988356164383562
19158,19160,p,p,0.9919117005682074
25460,25462,p,p,0.9888008596533492
55896,55898,e,e,0.029942058071967925
202,202,p,p,0.9999028065851043
9442,9442,e,e,0.012168279918784582
47193,47195,p,p,0.9996954412499107
42431,42433,e,e,0.013319760593513552
22090,22092,e,e,0.038426035027584106
55254,55256,e,e,0.007213166931550501
28545,28547,p,p,0.9770383609173332
10233,10234,p,p,0.9848830613224425
45170,45172,p,p,0.9895585572132791
23412,23414,p,p,0.8778147157512132
40326,40328,p,p,0.9785268459260561
40869,40871,p,p,0.9788577727150334
26831,26833,e,e,0.016997574895078447
25448,25450,p,p,0.9999662731871838
53004,53006,e,e,0.0017855039137934642
26572,26574,p,p,0.956344146872488
2854,2854,e,e,0.0020509756362305427
4313,4313,e,e,0.0035030584038766802
1618,1618,p,p,1.0
32003,32005,p,p,0.9946548658668223
9754,9754,p,p,0.9936676928795581
42580,42582,e,e,0.01401455202798669
16345,16347,e,e,0.049070194467675826
11172,11173,p,p,0.920090599330965
46034,46036,e,e,0.008705869850745169
26666,26668,p,p,0.9645525194591127
48905,48907,e,e,0.05181042602846926
52495,52497,e,e,0.007814000662455165
35816,35818,p,p,0.9917000038814343
49257,49259,e,e,0.010829614951810609
42950,42952,e,e,0.0007108610060368241
15557,15559,p,p,0.9948993674888598
20331,20333,e,e,0.06365251822781703
51026,51028,p,p,0.9911178147705325
57551,57581,p,p,1.0
31188,31190,e,e,0.013127968330362989
43954,43956,e,e,0.0020927583917231376
10780,10781,p,p,0.9977013103442719
39936,39938,p,p,0.9831009248147065
51818,51820,e,e,0.0012563492063492063
40425,40427,p,p,0.920324993019155
9981,9982,p,p,0.9931268262216025
18258,18260,e,e,0.00849477990581402
50840,50842,p,p,0.9985948423178499
44063,44065,e,e,0.0023118432588338437
1524,1524,p,p,1.0
4778,4778,e,e,0.025531885843667116
30264,30266,p,p,0.9963020761977637
6161,6161,p,p,0.9268837036338159
22278,22280,e,e,0.04311140588878638
57744,57781,p,p,1.0
25282,25284,e,e,0.01355829786365353
34664,34666,p,p,0.9986224679957542
6334,6334,p,p,0.9808499265589868
47364,47366,p,p,0.999802095459837
5763,5763,e,e,0.020031903876522258
52315,52317,e,e,0.00636588467776279
44493,44495,p,p,0.9724068382328376
14897,14899,e,e,0.009234515097305796
8213,8213,p,p,0.9715822826230546
38819,38821,p,p,0.9948357477885404
39126,39128,p,p,1.0
24905,24907,e,e,0.015910962487303358
25899,25901,p,p,0.9902247680812654
31445,31447,e,e,0.03015404133026828
30920,30922,p,p,0.9927622670731331
44944,44946,p,p,0.9967858299405516
27551,27553,p,p,0.9835701790902028
29732,29734,e,e,0.11449149483561928
13533,13535,p,p,0.9989336904568594
42703,42705,e,e,0.035736984554966905
51323,51325,e,e,0.015799642483467727
31165,31167,e,e,0.012622931333628068
57233,57263,p,p,0.9942006210205805
51257,51259,e,e,0.021298434751727255
50660,50662,e,e,0.015509744305693851
54739,54741,e,e,0.01182162003368296
30892,30894,p,p,0.9542825678731915
19430,19432,p,p,0.9869610955983648
57107,57137,e,e,0.006578550905785258
4326,4326,e,e,0.00893660066920058
8780,8780,e,e,0.0019113452927469444
27330,27332,p,p,0.9998019801980198
33568,33570,e,e,0.03831317197531751
24375,24377,e,e,0.028080809651200543
24935,24937,e,e,0.007585949650209031
17654,17656,e,e,0.03581371804994188
15138,15140,e,e,0.0
11498,11499,e,e,0.039755208749530674
12261,12262,p,p,0.9989292712215264
51526,51528,e,e,0.014347523731626677
28644,28646,p,p,0.9888623030246173
1608,1608,p,p,1.0
25243,25245,e,e,0.01745528523002865
23659,23661,p,p,0.9234098800265488
48280,48282,p,p,1.0
59662,59808,p,p,0.9965245278505693
38333,38335,p,p,0.9672038197327788
37550,37552,p,p,0.9996432622328376
39216,39218,p,p,0.9344068343041811
20641,20643,e,e,0.03382293320336921
49436,49438,e,e,0.025189239157674084
10536,10537,e,e,0.017184952929518146
4766,4766,e,e,0.014917192241762904
9047,9047,p,p,0.988200671623709
7607,7607,p,p,0.978494476233697
36425,36427,p,p,1.0
35085,35087,e,e,0.014653419064821071
37042,37044,p,p,0.9919633507853404
17988,17990,e,e,0.03785617959584969
34563,34565,p,p,0.978077633846405
40712,40714,p,p,0.9825051743864631
38624,38626,p,p,0.9999363732767762
46417,46419,e,e,0.0938375764700879
52121,52123,e,e,0.0014494509983815377
9629,9629,p,p,0.994654303168494
56283,56285,p,p,0.9899348706916378
44884,44886,p,p,0.9881741150996316
58552,58698,p,p,0.9535587645629016
60505,60651,e,e,0.05777252462223438
13688,13690,p,p,0.9996556586774347
30869,30871,p,p,0.9617331955482578
24598,24600,e,e,0.018368829348162374
60702,60848,p,p,0.9987443662865377
10231,10232,p,p,0.9801885180563364
50000,50002,p,p,0.9915140995523248
59914,60060,p,p,0.9671320747235543
28176,28178,p,p,0.9846775743688292
21019,21021,p,p,0.9812804458018064
42770,42772,e,e,0.0007108610060368241
49927,49929,p,p,0.9987946428571428
1218,1218,e,e,0.004183539505095435
59641,59787,p,p,0.9910294463056307
60506,60652,e,e,0.0044045016224946755
45273,45275,e,e,0.017614761772621022
36248,36250,e,e,0.015600859513231478
47915,47917,p,p,0.9995216824451457
48839,48841,e,e,0.020611064343963696
19796,19798,p,p,0.877569619864184
12154,12155,p,p,0.9941097093857725
2533,2533,e,e,0.0005651787697090828
34761,34763,p,p,0.996112352143534
9935,9936,p,p,0.9802763720535737
27700,27702,p,p,0.9828131010815296
37771,37773,p,p,0.998108108108108
17307,17309,e,e,0.0031337040968321844
60871,61017,p,p,0.9843472031659704
50022,50024,p,p,0.9763400695349849
12277,12278,p,p,0.9837587201305179
45368,45370,e,e,0.022022185821475276
46192,46194,e,e,0.006438463812544305
4212,4212,p,p,1.0
12827,12828,p,p,0.9881670225661301
5299,5299,e,e,0.026958582384835172
33821,33823,e,e,0.09166892486400842
36061,36063,e,e,0.004256640870525579
49652,49654,e,e,0.010833898741802492
26432,26434,e,e,0.04241315826776803
6841,6841,e,e,0.03921713776021856
51363,51365,e,e,0.023443386369112366
3500,3500,e,e,0.01884869443524583
7174,7174,p,p,0.9219203671708452
56016,56018,e,e,0.023445853823599216
52640,52642,e,e,0.006989894503524777
20588,20590,e,e,0.07728322375390731
54747,54749,e,e,0.008121620033682959
5538,5538,e,e,0.016858445894198458
9549,9549,p,p,0.9795552823543037
34093,34095,p,p,0.9881984545293296
44487,44489,p,p,0.9730954863862042
25569,25571,p,p,0.994554913340446
21800,21802,e,e,0.04376576827680426
49562,49564,e,e,0.012894176508085388
38081,38083,p,p,0.998108108108108
37829,37831,p,p,0.998108108108108
19888,19890,p,p,0.9878451736623682
39257,39259,p,p,0.9738398450334838
40926,40928,p,p,0.981289248664377
56543,56547,p,p,0.9997142857142858
37075,37077,p,p,0.9919549619547745
25687,25689,p,p,0.9922472210327535
19006,19008,e,e,0.04812210403270027
51067,51069,p,p,0.9912950843584383
60544,60690,e,e,0.1805054052499572
51060,51062,p,p,0.9905001886732407
24272,24274,e,e,0.009065292913853834
51590,51592,e,e,0.0018493724621631597
45026,45028,p,p,0.9878305150377219
22945,22947,p,p,0.9747860162230482
34619,34621,p,p,0.9952910259144662
46754,46756,e,e,0.004321150644133829
40748,40750,p,p,0.9825278386175706
35354,35356,p,p,0.9694050192260828
35954,35956,p,p,0.9984252961650222
53021,53023,e,e,0.004702461642277217
1416,1416,p,p,1.0
2901,2901,e,e,0.002518785401043637
32168,32170,p,p,0.9906302628443114
21240,21242,e,e,0.008999049182262221
46884,46886,e,e,0.004321150644133829
19333,19335,p,p,0.9878197410658156
54992,54994,e,e,0.011928920352382548
32919,32921,p,p,0.9992410094869864
43240,43242,p,p,0.9706047233070468
37073,37075,p,p,0.970022174314752
23456,23458,p,p,0.8784073478094061
15860,15862,p,p,0.9989708806998805
36356,36358,e,e,0.02242953173262287
8214,8214,p,p,0.9860473618427936
53011,53013,e,e,0.005266344583033818
52373,52375,e,e,0.006443404057607751
727,727,p,p,0.9734876328379921
42702,42704,e,e,0.009035484904067175
33602,33604,e,e,0.03004677659310302
2825,2825,e,e,0.01949864937987555
18306,18308,e,e,0.00708867551855012
42719,42721,e,e,0.0006377281071158622
20239,20241,e,e,0.020447254267983116
7583,7583,p,p,0.9779206544752919
54958,54960,e,e,0.016557686491732667
12525,12526,e,e,0.03407073186429311
19589,19591,p,p,0.975906894325575
29920,29922,e,e,0.06303791490612771
22350,22352,e,e,0.038865324190031185
55820,55822,e,e,0.03686197882734733
60852,60998,p,p,0.9972666929874099
28076,28078,p,p,0.98755066914973
59457,59603,p,p,0.9992296072507553
31368,31370,e,e,0.0035825987387360374
8124,8124,p,p,0.9331501161505451
52120,52122,e,e,0.0014494509983815377
35892,35894,p,p,0.9952224625102759
36380,36382,p,p,0.99
11542,11543,e,e,0.0118931694750895
29848,29850,e,e,0.06088409929171032
10155,10156,p,p,0.9955655333787888
1056,1056,p,p,0.975011374003962
37318,37320,p,p,1.0
47222,47224,p,p,0.9996954412499107
42876,42878,e,e,9.383378016085791e-05
10430,10431,e,e,0.0023668080312331603
22036,22038,e,e,0.03824712252606355
42473,42475,e,e,0.01604873124434485
46556,46558,e,e,0.08096872324316867
293,293,p,p,0.9999882766705744
35443,35445,p,p,0.944244790047903
15594,15596,p,p,0.9984153251443249
30067,30069,p,p,0.9991797501793016
47298,47300,p,p,0.9996954412499107
49128,49130,e,e,0.026347745121264792
4269,4269,e,e,0.004056088071410165
5315,5315,e,e,0.015531771380066308
683,683,p,p,0.9989620236872808
42131,42133,e,e,0.02183386938919476
57084,57114,e,e,0.006578550905785258
16124,16126,e,e,0.010876864562126214
1119,1119,e,e,0.01339180073184908
59788,59934,p,p,0.9957735593354582
737,737,p,p,0.9742427496772357
18162,18164,e,e,0.0040927413634735685
9699,9699,p,p,0.9928334777704412
2397,2397,p,p,0.9989737470167064
35351,35353,p,p,0.9724217111131306
19124,19126,p,p,0.9875780233294398
35535,35537,p,p,0.9831195887229572
54274,54276,p,p,0.9976335028607756
28323,28325,p,p,0.998406862745098
11462,11463,e,e,0.018456767531253387
20217,20219,e,e,0.01961601449257133
11757,11758,e,e,0.017125860201375076
26988,26990,e,e,0.007280079209139482
15421,15423,e,e,0.022637434554973822
1411,1411,e,e,0.01339180073184908
30618,30620,e,e,0.012319528032776104
57607,57638,p,p,1.0
29614,29616,p,p,0.9827802361709584
23428,23430,p,p,0.9823699118577528
11310,11311,e,e,0.03129787692073089
12046,12047,p,p,0.9856813845611341
32522,32524,p,p,0.8813397341338873
11592,11593,e,e,0.030258490190312116
13011,13013,p,p,0.988480296286817
60374,60520,e,e,0.121422298268904
52790,52792,e,e,0.006869412575813933
4263,4263,e,e,0.0022651503349431375
45689,45691,e,e,0.015147972000297508
12521,12522,e,e,0.0006374957685597479
14352,14354,e,e,0.007211335352112746
25504,25506,p,p,0.9988008596533493
47278,47280,p,p,0.9996954412499107
14645,14647,e,e,0.03503031570792344
56461,56463,p,p,0.9891789458212419
15341,15343,e,e,0.004365479238264264
31044,31046,p,p,0.9842102064696312
53571,53573,p,p,0.996792596126012
11926,11927,e,e,0.010051817943122291
56409,56411,p,p,0.9903902991117814
7865,7865,p,p,0.9761371538729564
49419,49421,e,e,0.010833898741802492
55772,55774,e,e,0.035905817761664044
56552,56556,p,p,1.0
7037,7037,e,e,0.0798951542593668
56667,56677,p,p,1.0
54291,54293,p,p,0.975895871412321
22106,22108,e,e,0.06858013554157485
5947,5947,e,e,0.01400040291723783
52270,52272,e,e,0.006443404057607751
27543,27545,p,p,0.9991666666666665
50553,50555,e,e,0.0242596813332456
34730,34732,p,p,0.995329014386384
53707,53709,p,p,0.9976065259152097
5827,5827,e,e,0.008676378969693734
56320,56322,p,p,0.9955401711883467
23223,23225,p,p,0.9701129392999712
59280,59426,p,p,0.9992296072507553
99,99,p,p,0.9909882766705743
39542,39544,p,p,0.9879437515972621
34123,34125,p,p,0.9915846468464237
3528,3528,e,e,0.009500359135486003
47992,47994,p,p,0.999802095459837
26100,26102,p,p,0.9893017589198841
57486,57516,p,p,0.9948299596214827
31804,31806,p,p,0.9946548658668223
60915,61061,p,p,0.9130968038216529
17941,17943,e,e,0.0387989359729088
49357,49359,e,e,0.011268681350498144
30752,30754,p,p,0.954178512274101
8157,8157,p,p,0.9412934435078284
43431,43433,e,e,0.011977304192268803
19811,19813,p,p,0.9982727685668863
33906,33908,p,p,0.9918346468464238
57172,57202,p,p,0.9955273392796913
57391,57421,p,p,0.9941853771181415
10502,10503,e,e,0.00290521978021978
56319,56321,p,p,0.974384157302773
54794,54796,e,e,0.02698174616848689
55010,55012,e,e,0.013472130228925756
47242,47244,p,p,0.9996954412499107
32732,32734,p,p,0.9877143225211867
19690,19692,p,p,0.9876235271713608
3311,3311,e,e,0.016267104554822682
12344,12345,p,p,0.9895561220700171
40275,40277,p,p,0.9785268459260561
45464,45466,e,e,0.01756536521309315
50858,50860,p,p,0.9911178147705325
57603,57634,p,p,0.9997142857142858
39691,39693,p,p,0.9821327577527461
5687,5687,e,e,0.004040662058029425
3892,3892,p,p,0.9995238095238095
57322,57352,p,p,0.9955425831821303
13741,13743,p,p,0.9989336904568594
25165,25167,e,e,0.010490636104228446
41185,41187,p,p,1.0
50223,50225,p,p,0.9657641393817873
5890,5890,e,e,0.03220101339617195
21156,21158,p,p,0.9878593973474292
36642,36644,p,p,1.0
59850,59996,p,p,0.9760372266487566
22109,22111,e,e,0.051965734490554326
47018,47020,p,p,0.9996954412499107
7960,7960,p,p,0.9938817051528532
52830,52832,e,e,0.009582666462176797
30659,30661,e,e,0.01653597341270789
54359,54361,p,p,0.9503497348872368
2558,2558,e,e,0.0005651787697090828
9259,9259,e,e,0.0009139569236426748
52233,52235,e,e,0.0014112969286140958
1440,1440,p,p,1.0
23589,23591,p,p,0.9828993872673535
6588,6588,e,e,0.018994204127453042
16425,16427,e,e,0.05808611192576468
16899,16901,e,e,0.05792716021356103
20681,20683,e,e,0.03503479761014887
43502,43504,e,e,0.004342194810642921
57094,57124,e,e,0.006160769293006135
31158,31160,e,e,0.0031279683303629883
6064,6064,p,p,0.9430914345245385
13317,13319,p,p,0.9963713815584262
3828,3828,p,p,1.0
7248,7248,p,p,0.9529187224715758
31728,31730,e,e,0.016484245950981764
45417,45419,e,e,0.028646445380895166
56697,56713,p,p,0.9997142857142858
60483,60629,e,e,0.002944456812935303
54028,54030,p,p,0.9976335028607756
44726,44728,p,p,0.9231648246833616
5131,5131,e,e,0.029391105336501272
56108,56110,e,e,0.02085263593300617
4950,4950,e,e,0.03431426282211052
37592,37594,p,p,0.9999655172413793
26192,26194,e,e,0.03742893370929323
17028,17030,p,p,0.9985109344706941
54541,54543,e,e,0.003656139790334709
41811,41813,p,p,0.9932982086406744
19737,19739,p,p,0.9825757575757577
56562,56566,p,p,0.9997142857142858
56534,56538,p,p,1.0
29132,29134,p,p,0.9798176982407578
27639,27641,p,p,0.9827634732899664
21487,21489,e,e,0.006871013384447249
22734,22736,p,p,0.9472622038879349
50057,50059,p,p,0.9915140995523248
41837,41839,p,p,0.9896614490587929
58507,58653,p,p,0.9539381683569397
10298,10299,e,e,0.01937108015806138
13560,13562,p,p,0.9996954993148849
1055,1055,p,p,0.9845611423853728
789,789,p,p,0.9792981179623967
21790,21792,e,e,0.027682826642080754
18707,18709,e,e,0.015321463214996745
54135,54137,p,p,0.9900950991412738
22675,22677,p,p,0.9540725742788578
14920,14922,e,e,0.007103030303030303
17009,17011,p,p,0.9923304246527566
11275,11276,p,p,0.9334716883197106
18330,18332,e,e,0.00708867551855012
56765,56786,p,p,1.0
15383,15385,e,e,0.014244468659550482
50041,50043,p,p,1.0
3189,3189,e,e,0.01480148747665173
18959,18961,e,e,0.014352665133664627
36699,36701,p,p,1.0
54707,54709,e,e,0.02889429489835864
38728,38730,p,p,0.9924547954075881
40485,40487,p,p,0.9702889374299629
10751,10752,p,p,0.9869260203221226
60280,60426,e,e,0.021744223816697255
35748,35750,p,p,0.9916496551393812
35053,35055,e,e,0.015716429364540662
50445,50447,p,p,0.9617485134804472
14406,14408,e,e,0.009462058777175828
25860,25862,p,p,0.947149082367432
18368,18370,p,p,0.966089635610551
8596,8596,e,e,0.0013231099986292971
29148,29150,p,p,0.9641514978657527
3751,3751,p,p,0.9574740147563223
33662,33664,e,e,0.21147198166504264
10787,10788,p,p,0.9869260203221226
37641,37643,p,p,0.9999655172413793
21888,21890,e,e,0.05841700853441654
60057,60203,p,p,0.9942307948045083
52354,52356,e,e,0.006238138609032301
45671,45673,e,e,0.026505758993656786
42026,42028,e,e,9.383378016085791e-05
5819,5819,e,e,0.01935170147547596
43635,43637,e,e,0.018123749601233856
49737,49739,e,e,0.019445009852913604
37008,37010,p,p,0.9999363732767762
57482,57512,p,p,0.9894958606332409
42312,42314,e,e,0.0016792077783799142
3048,3048,e,e,0.006726679592456597
33123,33125,p,p,0.9927328915480805
35846,35848,p,p,0.9995460440985733
22002,22004,e,e,0.0896766924206304
43395,43397,p,p,0.9987835222572674
15759,15761,p,p,1.0
49805,49807,p,p,0.9987582792207792
17986,17988,e,e,0.052778291681313094
30299,30301,p,p,0.9963020761977637
41853,41855,p,p,0.9982324191669902
44718,44720,p,p,0.9724068382328376
6957,6957,e,e,0.06727809789536408
51927,51929,e,e,0.0014112969286140958
24095,24097,e,e,0.013107001301297437
29743,29745,e,e,0.07934676813583547
35442,35444,p,p,0.9805385139612329
10398,10399,e,e,0.017743978296985766
26746,26748,p,p,0.805686359563957
2657,2657,e,e,0.0
55729,55731,e,e,0.02145916737149345
21399,21401,e,e,0.07838711351396552
3864,3864,p,p,0.9871151080869786
41532,41534,p,p,0.9895954221645258
45590,45592,e,e,0.010439831698524318
26584,26586,p,p,0.7986499481195508
57567,57598,p,p,0.9968742508293144
551,551,p,p,0.9999882766705744
51866,51868,e,e,0.0010777777777777778
37028,37030,p,p,0.9892006387240729
1136,1136,e,e,0.0015129485421719203
1297,1297,e,e,0.03422937076303711
28521,28523,p,p,0.9609654346428368
11334,11335,e,e,0.006484508871578
39271,39273,p,p,0.973927526818022
56211,56213,p,p,0.9815786412794746
9996,9997,p,p,0.9815196983861857
34896,34898,p,p,0.9976801893767053
49775,49777,p,p,0.9999636363636364
7634,7634,p,p,0.9852178353070561
25358,25360,e,e,0.02125924939990615
20636,20638,e,e,0.17283777211566892
7870,7870,p,p,0.9893606371186272
19452,19454,p,p,0.9981858497475335
60105,60251,p,p,0.9989021626730762
4135,4135,p,p,0.9947147302904564
52862,52864,e,e,0.008782448863917582
12618,12619,e,e,0.015082208479514777
33016,33018,p,p,0.9978956133735545
30758,30760,p,p,0.962842666891479
37746,37748,p,p,0.9996432622328376
28369,28371,p,p,0.9920411392405063
38388,38390,p,p,0.991367704950135
6654,6654,e,e,0.017844824269030227
53683,53685,p,p,0.9981351306537886
31506,31508,e,e,0.01767730398037163
29135,29137,p,p,0.9319277527240785
13860,13862,p,p,1.0
28245,28247,p,p,0.9942431485659431
52134,52136,e,e,0.0014112969286140958
39414,39416,p,p,0.9560316672170001
31105,31107,e,e,0.005687064985289635
24971,24973,e,e,0.011482495617273838
6932,6932,e,e,0.1775320017346434
60095,60241,p,p,0.9968614633412075
18337,18339,e,e,0.008593551828901692
60830,60976,p,p,0.9985319510634376
8774,8774,e,e,0.0013231099986292971
34882,34884,p,p,0.9960602566836971
20140,20142,e,e,0.03579372642342154
55796,55798,e,e,0.03320650089745678
1293,1293,e,e,0.009114209819210956
40051,40053,p,p,0.9792955424407037
13067,13069,p,p,1.0
21989,21991,e,e,0.03904600282146495
31631,31633,e,e,0.021080744495449104
34183,34185,p,p,0.9655053099114448
41328,41330,p,p,0.999972602739726
2619,2619,e,e,0.0004150759324556285
38377,38379,p,p,0.9932959816849756
16197,16199,e,e,0.007822121294995252
12342,12343,p,p,0.9980292548575924
33860,33862,e,e,0.03891858685963927
26528,26530,p,p,0.9610120771954402
56222,56224,p,p,0.9606470742917296
16439,16441,e,e,0.03738420558930736
45206,45208,e,e,0.0030081467789416032
30316,30318,p,p,0.9964286584762447
44015,44017,e,e,0.005337402886180085
7741,7741,p,p,0.9687941547063317
24966,24968,e,e,0.01074979693211231
35564,35566,p,p,0.9658690086553604
38375,38377,p,p,0.9715989810231014
6488,6488,e,e,0.017540730678331947
57675,57708,p,p,1.0
17040,17042,p,p,0.9919510208587187
48158,48160,p,p,0.9998214285714286
58319,58465,e,e,0.02495167787292532
7581,7581,p,p,0.9982965320540912
50399,50401,p,p,0.892316529688589
57665,57698,p,p,1.0
53177,53179,e,e,0.0027316043341017535
43711,43713,e,e,0.008031554790590936
24113,24115,e,e,0.011082044174264347
30431,30433,e,e,0.012178799664011792
41552,41554,p,p,0.999972602739726
34550,34552,p,p,0.9914227998746981
60908,61054,p,p,0.9992083375497441
531,531,p,p,0.9999028065851043
16090,16092,e,e,0.017659350729085005
33324,33326,p,p,0.9130924212489527
26345,26347,e,e,0.03015562948086015
37648,37650,p,p,0.9999655172413793
43474,43476,e,e,0.011511741270777415
52746,52748,e,e,0.003588905379824972
7215,7215,p,p,0.9766121257626107
668,668,p,p,0.9999882766705744
35238,35240,e,e,0.013026320413213131
32038,32040,p,p,0.9996835221883892
38571,38573,p,p,0.9954607477885404
50912,50914,p,p,0.9914266633058066
56059,56061,e,e,0.030797648416326838
35683,35685,p,p,0.9968891291769427
9074,9074,p,p,0.9912305290212134
47933,47935,p,p,0.9995216824451457
40826,40828,p,p,0.9825278386175706
40233,40235,p,p,0.939940764820869
12854,12855,p,p,0.9883769919570767
1612,1612,p,p,0.9883333333333334
53979,53981,p,p,0.9981543061092055
8765,8765,e,e,0.0009240390879478827
56728,56746,p,p,1.0
3595,3595,p,p,0.9887828282828284
19537,19539,p,p,0.9957308677547367
48959,48961,e,e,0.026764355827304086
31255,31257,e,e,0.014966050795568923
22656,22658,p,p,0.9560147145866352
23984,23986,p,p,0.8537704129684909
31144,31146,e,e,0.0066720296330449805
54821,54823,e,e,0.005769689778845761
36420,36422,p,p,1.0
19170,19172,p,p,0.9731080274992343
58268,58414,e,e,0.007107419945350114
54354,54356,p,p,0.9915891352891556
28526,28528,p,p,0.9927942420802718
50891,50893,p,p,0.9783865731183767
50544,50546,e,e,0.06862362752120726
52886,52888,e,e,0.008902930791628426
11558,11559,e,e,0.01787278877047408
37642,37644,p,p,0.9999655172413793
25757,25759,p,p,0.9988008596533493
12065,12066,p,p,0.9776917349551033
53195,53197,e,e,0.013181662934303194
29216,29218,p,p,0.9839488528331701
16296,16298,e,e,0.025693726517354593
20740,20742,e,e,0.054111264761981734
57959,58021,p,p,1.0
9782,9782,p,p,0.9738137626567756
6621,6621,e,e,0.02025020460298199
19544,19546,p,p,0.8723329046328225
26380,26382,e,e,0.04487135446761046
59170,59316,p,p,0.9992296072507553
33412,33414,p,p,0.9290429567955026
2031,2031,e,e,0.00365697711480844
10237,10238,e,e,0.015
9393,9393,e,e,0.0025592560689418203
27874,27876,p,p,0.9960192141513405
46406,46408,e,e,0.1304348821305098
15571,15573,p,p,0.991046052631579
54348,54350,p,p,0.9883355617530957
3325,3325,e,e,0.009771637832645917
27962,27964,p,p,0.9710243086055124
31877,31879,p,p,0.9993154304106904
46148,46150,e,e,0.005544983890576433
18881,18883,e,e,0.04197333688139231
7109,7109,p,p,0.9134419387241789
42788,42790,e,e,0.00011783775022287058
50984,50986,p,p,0.9935950843584382
49936,49938,p,p,1.0
56652,56660,p,p,1.0
55226,55228,e,e,0.003756376808093709
34119,34121,p,p,0.985741838477269
24840,24842,e,e,0.021288943483859582
47435,47437,p,p,0.999802095459837
46013,46015,e,e,0.019931978111547222
29377,29379,p,p,0.9822223125207283
24928,24930,e,e,0.014915286396434193
39306,39308,p,p,0.9534639835403104
53797,53799,p,p,0.9937308245445828
27552,27554,p,p,0.9530695339262824
14140,14142,e,e,0.009553744318492157
32652,32654,p,p,0.9829497774194862
47675,47677,p,p,0.9996774193548387
5022,5022,e,e,0.028701812671048443
44461,44463,p,p,1.0
60905,61051,p,p,0.9972666929874099
17601,17603,e,e,0.011880420944295369
32435,32437,p,p,0.9944837144837144
13453,13455,p,p,0.9990100020625827
54509,54511,e,e,0.009314337300080496
14669,14671,e,e,0.05043855247708692
35112,35114,e,e,0.021045258442565492
3755,3755,p,p,0.9897014654512779
42363,42365,e,e,0.017954102971254958
36981,36983,p,p,0.9899653724583668
41843,41845,p,p,0.9982324191669902
53827,53829,p,p,0.9957259114840288
3061,3061,e,e,0.0066919573702343745
2392,2392,p,p,0.9989737470167064
38275,38277,p,p,0.9705126610465636
29196,29198,p,p,0.9839003957002648
16123,16125,e,e,0.0166864969117905
6996,6996,e,e,0.05215017300275005
34022,34024,p,p,0.985741838477269
35690,35692,p,p,0.9474390129446963
10670,10671,p,p,0.9995614263462395
25350,25352,e,e,0.005539035658768588
10265,10266,e,e,0.01337962962962963
22524,22526,e,e,0.04180695245424009
30038,30040,p,p,0.9966495307810261
34443,34445,p,p,0.9780733665380009
3081,3081,e,e,0.012052595822823088
45833,45835,e,e,0.008172425660323456
500,500,p,p,0.9999882766705744
1478,1478,p,p,1.0
59861,60007,p,p,0.9957909532475888
29163,29165,p,p,0.9708488067381633
12280,12281,p,p,0.9896677058594967
10712,10713,p,p,0.9863997045326489
58904,59050,p,p,0.987461005841628
14843,14845,e,e,0.0
24847,24849,e,e,0.012841580079318335
6767,6767,e,e,0.07951817411110718
49810,49812,p,p,0.9915140995523248
15407,15409,e,e,0.008011761590708958
25262,25264,e,e,0.014046110713384422
8676,8676,e,e,0.0015653823461648025
43464,43466,e,e,0.020069681880891935
21389,21391,e,e,0.00823376920346365
13575,13577,p,p,0.9990100020625827
43808,43810,e,e,0.003940568475452196
60551,60697,e,e,0.025957754136671563
17454,17456,e,e,0.004769896939406014
52429,52431,e,e,0.006238138609032301
40879,40881,p,p,0.9788577727150334
21171,21173,p,p,0.9429996003270457
49772,49774,p,p,0.9899636363636364
45903,45905,e,e,0.010676338057563716
44795,44797,p,p,0.9742929638882917
11242,11243,p,p,0.9097747279225362
269,269,p,p,0.9999028065851043
39247,39249,p,p,0.9853526448585492
14845,14847,e,e,0.009147499540356683
9506,9506,e,e,0.009105353553618505
39007,39009,p,p,0.9999095022624434
4855,4855,e,e,0.025019289348312542
35588,35590,p,p,0.9775719756756546
24622,24624,e,e,0.024522565676271015
48580,48582,e,e,0.013286403417253734
43860,43862,e,e,0.008695256664207476
716,716,p,p,0.9645799233927996
29505,29507,p,p,0.9746356109647054
25558,25560,p,p,0.9948074876566632
10595,10596,p,p,0.9975227594872004
10531,10532,e,e,0.0016319444444444441
38008,38010,p,p,0.998108108108108
19405,19407,p,p,0.9896095952662749
23554,23556,p,p,0.9214453858457966
48042,48044,p,p,1.0
5879,5879,e,e,0.003272767084897569
53122,53124,e,e,0.0017855039137934642
57111,57141,e,e,0.006578550905785258
14123,14125,e,e,0.008850307730458666
27988,27990,p,p,0.9743315165647835
52137,52139,e,e,0.021739507382058192
40265,40267,p,p,0.986494141440045
23018,23020,p,p,0.8829205531522942
18983,18985,e,e,0.00838329780638947
14602,14604,e,e,0.034302301428047015
10250,10251,e,e,0.0049688713571791505
19375,19377,p,p,0.9288955528712053
40770,40772,p,p,0.9823996334893654
33490,33492,p,p,0.9405088437276495
57104,57134,e,e,0.008876994608679224
56545,56549,p,p,0.9997142857142858
12773,12774,p,p,0.9993358742605956
42275,42277,e,e,0.01978219569184213
10033,10034,p,p,0.9979606028173472
11660,11661,e,e,0.01344277006268381
8198,8198,p,p,0.9408257040240956
59722,59868,p,p,0.984810540832994
7158,7158,p,p,0.9741710926242091
50367,50369,p,p,0.9394430762820314
42985,42987,e,e,0.0007108610060368241
2635,2635,e,e,0.00043859649122807013
55252,55254,e,e,0.00158915279078003
59464,59610,p,p,0.9992296072507553
208,208,p,p,0.9999882766705744
2936,2936,e,e,0.006017873600600867
56544,56548,p,p,1.0
3390,3390,e,e,0.026181199323408125
18819,18821,e,e,0.00904300513391039
37254,37256,p,p,1.0
28401,28403,p,p,0.988406862745098
9744,9744,p,p,0.994654303168494
10077,10078,p,p,0.9770134558479926
813,813,p,p,0.9656307131927878
55886,55888,e,e,0.029045802827167212
21765,21767,e,e,0.03337017145598595
9888,9889,p,p,0.9385196702074474
23553,23555,p,p,0.958801873421086
54724,54726,e,e,0.003952194763942154
38181,38183,p,p,0.9944388388278327
12243,12244,p,p,0.9909506874404136
29478,29480,p,p,0.9712496814273374
5362,5362,e,e,0.018906988105345697
34751,34753,p,p,0.9986377118981932
38914,38916,p,p,1.0
19986,19988,p,p,0.9818292916234692
1099,1099,e,e,0.002385321322976324
35237,35239,e,e,0.014120351557136543
51744,51746,e,e,0.0010777777777777778
48695,48697,e,e,0.01022185760501489
37524,37526,p,p,0.9999655172413793
25418,25420,p,p,0.9988008596533493
33847,33849,e,e,0.038569801597437746
41739,41741,p,p,0.9955569805704989
19565,19567,p,p,0.9734626010093728
9933,9934,p,p,0.981690661583917
18883,18885,e,e,0.043302444208911835
43510,43512,e,e,0.011511741270777415
12916,12917,p,p,0.988480296286817
21440,21442,e,e,0.04661855108433067
45361,45363,e,e,0.015121645377126658
47403,47405,p,p,0.999802095459837
41407,41409,p,p,0.9999089760165023
21148,21150,p,p,0.9507817191030955
37880,37882,p,p,0.9969858687564152
2223,2223,p,p,0.9989737470167064
24365,24367,e,e,0.03549572640658581
34840,34842,p,p,0.9943579394071027
19556,19558,p,p,0.9525751677876306
25215,25217,e,e,0.015490636104228446
57690,57723,p,p,0.9993694581280788
29857,29859,e,e,0.09856934469790421
10722,10723,p,p,0.9869260203221226
21233,21235,e,e,0.01838929369724919
18061,18063,e,e,0.00708867551855012
17966,17968,e,e,0.06420405843883716
42140,42142,e,e,0.0023118432588338437
14,14,p,p,0.9999882766705744
21236,21238,e,e,0.02340960049012266
11486,11487,e,e,0.018456767531253387
20756,20758,e,e,0.058716901061261255
1252,1252,e,e,0.0011166429587482218
52667,52669,e,e,0.006869412575813933
43087,43089,p,p,0.9783844661066311
59853,59999,p,p,0.9982835408165424
41402,41404,p,p,0.998917750419051
59217,59363,p,p,0.9936581463733242
56233,56235,p,p,0.9765037511826794
20731,20733,e,e,0.04716055881655052
4402,4402,e,e,0.0065405115844051065
38427,38429,p,p,0.9697929239059064
24379,24381,e,e,0.018934471806262933
27375,27377,p,p,0.9988019801980198
22495,22497,e,e,0.04726131885145549
35591,35593,p,p,0.9524040916563414
3118,3118,e,e,0.010208994556981483
11225,11226,p,p,0.9455205271498663
38795,38797,p,p,0.998450658991062
42373,42375,e,e,0.016330019643487334
28822,28824,p,p,0.9572925474870599
8932,8932,p,p,0.9975700243775385
42672,42674,e,e,0.014479193795709801
21363,21365,e,e,0.041973402869021646
5699,5699,e,e,0.029782079944452113
19326,19328,p,p,0.9837913126373872
25933,25935,p,p,0.9443111415511555
50038,50040,p,p,0.9915140995523248
22819,22821,p,p,0.9821915324569679
37096,37098,p,p,0.9927238805970149
52753,52755,e,e,0.007004282992733411
40980,40982,p,p,0.9927286917096935
20170,20172,e,e,0.019534404516758065
51627,51629,e,e,0.001250191570881226
21876,21878,e,e,0.031024744913730674
43547,43549,e,e,0.0030234113712374585
49018,49020,e,e,0.0289997856997056
57136,57166,e,e,0.006578550905785258
8316,8316,p,p,0.9888865540769064
51961,51963,e,e,0.0013331719286140957
34191,34193,p,p,0.965473559433876
28748,28750,p,p,0.961367516411102
35007,35009,e,e,0.05014849353270184
58254,58400,e,e,0.020831417398812887
5460,5460,e,e,0.013342146129781317
22997,22999,p,p,0.9790979799774489
1804,1804,e,e,0.01352362144049082
60103,60249,p,p,0.9968614633412075
35333,35335,p,p,0.9864514051218118
1353,1353,e,e,0.01339180073184908
29401,29403,p,p,0.9784112053105513
34240,34242,p,p,0.9866177819785661
24242,24244,e,e,0.011335257126204906
1294,1294,e,e,0.0013768049801471415
7249,7249,p,p,0.9456469992301195
19735,19737,p,p,0.9933304315141815
7946,7946,p,p,0.9875722445777915
29004,29006,p,p,0.9678737784130377
3609,3609,p,p,0.9949582829451251
33859,33861,e,e,0.04122796195098801
48331,48333,p,p,1.0
48757,48759,e,e,0.042616958153770625
18606,18608,p,p,0.9699942757535631
33683,33685,e,e,0.03831317197531751
5279,5279,e,e,0.04762678307341989
50264,50266,p,p,0.9366717503180699
36506,36508,p,p,1.0
34110,34112,p,p,0.9699830919078637
29379,29381,p,p,0.9839172479385451
24634,24636,e,e,0.025832737373619866
2370,2370,p,p,0.9989737470167064
27295,27297,p,p,0.9889294161253777
23137,23139,p,p,0.9485556328059346
19093,19095,p,p,0.9881059297741582
57644,57677,p,p,1.0
18120,18122,e,e,0.08621267562111651
38174,38176,p,p,0.9573143984146257
32906,32908,p,p,0.9994988317648337
44382,44384,p,p,0.9927322297955209
34449,34451,p,p,0.9863345127928715
33730,33732,e,e,0.04080152438896786
16961,16963,p,p,0.9947169121600841
24764,24766,e,e,0.012383142159014442
4498,4498,e,e,0.006626517641839735
49913,49915,p,p,0.9822283852666106
47316,47318,p,p,1.0
41461,41463,p,p,0.985503548634138
15723,15725,p,p,0.9984153251443249
48480,48482,e,e,0.04778262974855057
17416,17418,e,e,0.024556025482882937
19662,19664,p,p,0.9937044630226669
15701,15703,p,p,0.9998091603053436
53835,53837,p,p,0.9989281929656354
11759,11760,e,e,0.0332835710711797
27749,27751,p,p,0.9836503811503811
52737,52739,e,e,0.006869412575813933
43279,43281,p,p,0.9856865748421574
4763,4763,e,e,0.02488350072265523
15423,15425,e,e,0.0026374345549738222
56331,56333,p,p,0.9798875886059245
26347,26349,e,e,0.08518783878581523
346,346,p,p,0.9962761554584532
39623,39625,p,p,0.9887784623410638
17676,17678,e,e,0.035236864715192134
18524,18526,p,p,0.972397121081676
40680,40682,p,p,0.9733022171594777
35043,35045,e,e,0.004777540217015944
36038,36040,e,e,0.021577732596485738
47324,47326,p,p,0.999802095459837
28066,28068,p,p,0.979293479210298
19587,19589,p,p,0.968567149302212
25980,25982,p,p,0.9853634710461424
4181,4181,p,p,0.9992307692307691
39057,39059,p,p,0.99984375
9926,9927,p,p,0.9850904768159726
25042,25044,e,e,0.02176900989861194
18646,18648,p,p,0.9875963294528605
17571,17573,e,e,0.020864255593979864
7036,7036,e,e,0.032437604411774526
15784,15786,p,p,0.9902808553455512
26031,26033,p,p,0.9624136349474088
28306,28308,p,p,0.860710523555759
15038,15040,e,e,0.00851969696969697
1951,1951,e,e,0.035520234889934464
11475,11476,e,e,0.0118931694750895
10185,10186,p,p,0.9732379834887194
55599,55601,e,e,0.010199444061220064
27923,27925,p,p,0.9887326419388457
54557,54559,e,e,0.0038810652004670353
3498,3498,e,e,0.008645083217420246
7200,7200,p,p,0.9606498256857443
52619,52621,e,e,0.01063752851784292
33329,33331,p,p,0.949947590166396
24978,24980,e,e,0.012585611087561724
44895,44897,p,p,0.9961264892812111
19864,19866,p,p,0.9663655322345187
19048,19050,e,e,0.027524818050850896
10290,10291,e,e,0.007743978296985767
24892,24894,e,e,0.03135751345093245
3394,3394,e,e,0.012246654302833802
47472,47474,p,p,0.999802095459837
15382,15384,e,e,0.003907795229784758
27882,27884,p,p,1.0
42721,42723,e,e,0.007091912177121838
34700,34702,p,p,0.9943579394071027
39708,39710,p,p,0.9812980470089444
26075,26077,p,p,0.9963182100220203
41182,41184,p,p,0.9999632352941177
8220,8220,p,p,0.8724713463381403
3145,3145,e,e,0.0020826801973932753
35889,35891,p,p,0.9701000307964738
7903,7903,p,p,0.9734489399149348
24521,24523,e,e,0.031832106701118926
12493,12494,e,e,0.019262617806624246
44499,44501,p,p,0.9562328879013439
59320,59466,p,p,0.9898154438844737
18124,18126,e,e,0.008593551828901692
37762,37764,p,p,0.9958560281902844
46520,46522,e,e,0.07624634383041337
16532,16534,e,e,0.06202614804724625
4728,4728,e,e,0.025531885843667116
45160,45162,p,p,0.9961264892812111
36029,36031,e,e,0.023713937008793824
54614,54616,e,e,0.011545768781677464
15522,15524,e,e,0.0076684991257020075
37932,37934,p,p,0.997894959665506
44038,44040,e,e,0.040457940824881494
25212,25214,e,e,0.0033876058011981435
42133,42135,e,e,0.004477982499340173
6352,6352,p,p,0.9057688703708048
32335,32337,p,p,0.978571007316113
53379,53381,p,p,0.9927408433822121
29432,29434,p,p,0.9773820593229832
55730,55732,e,e,0.02238678577621722
32323,32325,p,p,0.9832920635442042
46128,46130,e,e,0.007492938111753682
45353,45355,e,e,0.00713947713973601
37609,37611,p,p,0.9993682233122356
22049,22051,e,e,0.07214277911059727
44338,44340,p,p,0.9996774193548387
8262,8262,p,p,0.9927960217527037
58968,59114,p,p,0.9998175186640128
25259,25261,e,e,0.02218422814485023
41545,41547,p,p,0.999972602739726
5845,5845,e,e,0.029107996174818608
13412,13414,p,p,0.9989686244609887
19846,19848,p,p,0.9943973984496088
25648,25650,p,p,0.9666539028186462
7389,7389,p,p,0.9726893743076966
52312,52314,e,e,0.006027285895854007
34051,34053,p,p,0.9835196162550467
45660,45662,e,e,0.008654630321764426
46068,46070,e,e,0.01384976209134552
12384,12385,e,e,0.02133557287608942
4535,4535,e,e,0.0033363917372100137
44789,44791,p,p,0.932213384844154
9424,9424,e,e,0.0044555655021238
8519,8519,e,e,0.0013231099986292971
40819,40821,p,p,0.9819346957919564
20202,20204,e,e,0.062114216850761086
18738,18740,e,e,0.01757733905925425
21571,21573,e,e,0.046485943786632324
19620,19622,p,p,0.9883924323805872
26727,26729,p,p,0.9448346335894187
12560,12561,e,e,0.014874978974867767
35245,35247,e,e,0.012712426990951351
13070,13072,p,p,1.0
19736,19738,p,p,0.9996424323805868
39822,39824,p,p,0.9879437515972621
10612,10613,p,p,0.9673819343006171
20938,20940,p,p,0.9831329522945849
40746,40748,p,p,0.9965170954847771
60861,61007,p,p,0.8837068429582878
23231,23233,p,p,0.9621102242961962
56133,56135,p,p,0.9841986635093654
46598,46600,e,e,0.00035346097201767305
22636,22638,p,p,0.9814448449776968
12741,12742,p,p,0.9827218887760517
59601,59747,p,p,0.9839772074996606
24323,24325,e,e,0.013749928786035781
7519,7519,p,p,0.9762717684244699
37634,37636,p,p,0.9998560281902844
4575,4575,e,e,0.0065405115844051065
60547,60693,e,e,0.0022659408299366556
456,456,p,p,0.9989620236872808
28170,28172,p,p,0.9729242307589974
4898,4898,e,e,0.01568576284960582
27504,27506,p,p,0.994674051299555
13364,13366,p,p,0.9942478614011769
16473,16475,e,e,0.05331458420026329
48559,48561,e,e,0.05329451179231416
29258,29260,p,p,0.9798176982407578
411,411,p,p,0.9999882766705744
48245,48247,p,p,0.9998214285714286
1887,1887,e,e,0.007424290134199021
36796,36798,p,p,0.9801271307362762
15687,15689,p,p,1.0
19848,19850,p,p,0.9516768152228134
46547,46549,e,e,0.07624634383041337
48468,48470,e,e,0.009020036441672336
16229,16231,e,e,0.009853371294995252
48827,48829,e,e,0.04257127586670903
9830,9830,p,p,0.9928334777704412
42055,42057,e,e,0.003104134479390589
6912,6912,e,e,0.07119039388871821
24149,24151,e,e,0.018954329153648936
3284,3284,e,e,0.0139292046098821
60462,60608,e,e,0.0022659408299366556
32834,32836,p,p,0.9997115977222805
25539,25541,p,p,0.9929472011167639
49001,49003,e,e,0.04395937823022524
29384,29386,p,p,0.9770376470433833
13075,13077,p,p,1.0
27371,27373,p,p,0.9894916353704336
9746,9746,p,p,0.9944144891036281
60130,60276,p,p,0.9936259560948308
47522,47524,p,p,1.0
32027,32029,p,p,0.9991401691508518
50752,50754,e,e,0.01653851187777581
59557,59703,p,p,0.9963461125731441
37216,37218,p,p,1.0
33645,33647,e,e,0.04611645382614465
55187,55189,e,e,0.002177388084897677
20713,20715,e,e,0.08389058951847131
39297,39299,p,p,0.9817554536966653
43267,43269,p,p,0.9952960187962614
52682,52684,e,e,0.010249333128843463
23744,23746,p,p,0.9215965416954781
19414,19416,p,p,0.9610648072866925
59154,59300,p,p,0.9983176054874247
16394,16396,e,e,0.09013901316165346
48799,48801,e,e,0.022035137930501488
44230,44232,p,p,0.9998461538461538
1758,1758,p,p,1.0
18990,18992,e,e,0.022541462129727366
44120,44122,e,e,0.01871690600632242
52299,52301,e,e,0.00636588467776279
6540,6540,e,e,0.02025020460298199
40595,40597,p,p,0.9900619793435933
37942,37944,p,p,0.9980017251293846
5234,5234,e,e,0.025782366952098477
48988,48990,e,e,0.022035137930501488
44820,44822,p,p,0.9768454863862043
26322,26324,e,e,0.0782989074268159
7491,7491,p,p,0.9987198348494869
33004,33006,p,p,0.9922623033127864
28441,28443,p,p,0.998406862745098
10894,10895,p,p,0.9950144928076199
12110,12111,p,p,0.9855739295200456
56747,56767,p,p,1.0
55553,55555,e,e,0.015832399277925794
58668,58814,p,p,0.9167541699210545
3411,3411,e,e,0.008081429184378458
48503,48505,e,e,0.00953212851626441
10258,10259,e,e,0.0001291079812206573
17250,17252,p,p,0.9982830142427739
38501,38503,p,p,0.9840646124328842
55770,55772,e,e,0.012286560368379097
38918,38920,p,p,0.9893325791855203
17738,17740,e,e,0.06370766098124238
25093,25095,e,e,0.01980581421806285
60875,61021,p,p,0.9985319510634376
50180,50182,p,p,0.9617485134804472
21231,21233,e,e,0.01045595120358321
23211,23213,p,p,0.9784035355330044
42417,42419,e,e,0.01417083369422611
36286,36288,e,e,0.01137481148333875
36958,36960,p,p,0.9938166393521644
10330,10331,e,e,0.00041666666666666664
27073,27075,e,e,0.018123807642732727
51247,51249,e,e,0.02063967083507212
26784,26786,p,p,0.9570584325867738
55449,55451,e,e,0.02238678577621722
15651,15653,p,p,0.98
51607,51609,e,e,0.0010777777777777778
10182,10183,p,p,0.9851012149088787
3193,3193,e,e,0.009500359135486003
46096,46098,e,e,0.007341497341756212
26266,26268,e,e,0.02171466115805147
54030,54032,p,p,0.8999154365434354
15585,15587,p,p,0.9997619047619049
6385,6385,e,e,0.02025020460298199
48527,48529,e,e,0.023606732298267215
41372,41374,p,p,0.998917750419051
34801,34803,p,p,0.9973163856691254
59618,59764,p,p,0.9959274054893044
10345,10346,e,e,0.059205627705627706
23240,23242,p,p,0.9336607961774515
60260,60406,e,e,0.024817476641801166
49501,49503,e,e,0.01674479471322964
33636,33638,e,e,0.038143364035417585
33692,33694,e,e,0.03854354056056409
19894,19896,p,p,0.9575688570917944
19229,19231,p,p,0.9877780233294398
41672,41674,p,p,0.9982982086406744
16502,16504,e,e,0.03478584617834317
48145,48147,p,p,1.0
6230,6230,p,p,0.9778132530233552
53535,53537,p,p,0.9873665352637455
23261,23263,p,p,0.8919657735382484
22151,22153,e,e,0.037523293092358044
44569,44571,p,p,0.9381635438660682
57095,57125,e,e,0.006578550905785258
30537,30539,e,e,0.041305867659813235
1568,1568,p,p,0.9966666666666667
26860,26862,e,e,0.024095333891761075
34595,34597,p,p,0.996112352143534
24588,24590,e,e,0.060368625399251155
39160,39162,p,p,0.9999095022624434
23908,23910,p,p,0.8473242233543476
30807,30809,p,p,0.9955865912123855
45629,45631,e,e,0.007519999924838947
45438,45440,e,e,0.049123648687191705
39024,39026,p,p,1.0
3527,3527,e,e,0.016424337259225198
33800,33802,e,e,0.04142341495404197
58632,58778,p,p,0.9279986020791523
12286,12287,p,p,0.9840001994633677
16380,16382,e,e,0.06746694218072831
8113,8113,p,p,0.8680017489465972
549,549,p,p,0.9999882766705744
54780,54782,e,e,0.013161787135101789
27642,27644,p,p,0.9883094335360325
31816,31818,p,p,0.9940587894963078
60051,60197,p,p,0.9968614633412075
29729,29731,e,e,0.01864363968388735
19774,19776,p,p,0.9613342176006411
35096,35098,e,e,0.008021855735402017
4827,4827,e,e,0.018342556124816164
42782,42784,e,e,0.008228829759890794
9317,9317,e,e,0.0008042463727556534
17117,17119,p,p,0.9890540511617489
359,359,p,p,0.9989620236872808
35825,35827,p,p,0.9968891291769427
22750,22752,p,p,0.9244053887219746
12907,12908,p,p,0.9885423901495932
14929,14931,e,e,0.007696053558844257
34775,34777,p,p,0.9950250437511314
11133,11134,p,p,0.9866085772319539
14795,14797,e,e,0.03431557902583271
59548,59694,p,p,0.985826700332967
25585,25587,p,p,0.9959839582448986
2739,2739,e,e,0.0
34692,34694,p,p,0.9950250437511314
46200,46202,e,e,0.00886454343394058
9499,9499,e,e,0.00044123740105102944
14067,14069,p,p,0.9990900701365818
1567,1567,p,p,1.0
14096,14098,p,p,1.0
48404,48406,e,e,0.04764504848421598
40633,40635,p,p,0.996496182591524
14404,14406,e,e,0.006999186889065003
51071,51073,p,p,0.9683865731183768
32188,32190,p,p,0.9762816389641419
38002,38004,p,p,0.998108108108108
28200,28202,p,p,0.9782723975102912
35207,35209,e,e,0.02312539538012654
59273,59419,p,p,0.9969914797066576
35544,35546,p,p,0.9834848668362334
3655,3655,p,p,0.9802941176470589
46989,46991,p,p,0.9996954412499107
33190,33192,p,p,0.9247669629839698
27494,27496,p,p,0.9944176410431447
35380,35382,p,p,0.9922421585320707
2823,2823,e,e,0.0020460829493087556
57541,57571,p,p,0.9955294117647058
4671,4671,e,e,0.024817587184092212
10964,10965,p,p,0.9511465766469576
57737,57774,p,p,0.999655172413793
44386,44388,p,p,0.9998461538461538
56663,56673,p,p,1.0
48472,48474,e,e,0.010764385398244036
12690,12691,e,e,0.017969060908311917
2881,2881,e,e,0.001982482485545611
50582,50584,e,e,0.01830174349748711
44561,44563,p,p,0.9724068382328376
30369,30371,e,e,0.03851758585544771
39045,39047,p,p,1.0
339,339,p,p,0.9999882766705744
5182,5182,e,e,0.06655678566369154
45317,45319,e,e,0.028695841940423045
13223,13225,p,p,1.0
43854,43856,e,e,0.017358047361881894
21481,21483,e,e,0.00823376920346365
7983,7983,p,p,0.9918139600557854
56939,56969,e,e,0.006578550905785258
31136,31138,e,e,0.0032773516520067563
5771,5771,e,e,0.015848425897282557
35689,35691,p,p,0.9915270504434934
33627,33629,e,e,0.029272955324859865
23688,23690,p,p,0.9021519638267759
51356,51358,e,e,0.05472569204917296
34886,34888,p,p,0.9930972937207342
4327,4327,e,e,0.00300375944765297
20291,20293,e,e,0.0268185092789376
33515,33517,p,p,0.9424599119496823
46134,46136,e,e,0.008408932019362854
2310,2310,p,p,0.9989737470167064
49477,49479,e,e,0.01674479471322964
6050,6050,p,p,0.9627045615775472
39838,39840,p,p,0.9879437515972621
50717,50719,e,e,0.01653851187777581
7744,7744,p,p,0.9592456324251405
42905,42907,e,e,0.010306092410236816
52657,52659,e,e,0.007231985675229138
51954,51956,e,e,0.0014112969286140958
1042,1042,p,p,0.9816780406706287
25702,25704,p,p,0.9988008596533493
14957,14959,e,e,0.016076777319736748
48107,48109,p,p,1.0
53206,53208,e,e,0.004267679033581565
38573,38575,p,p,0.9965301801984521
23076,23078,p,p,0.8605518641259323
56928,56958,e,e,0.006578550905785258
28562,28564,p,p,0.9443051632769065
47625,47627,p,p,0.999802095459837
37141,37143,p,p,0.9475201863354037
29808,29810,e,e,0.10656391745156818
980,980,p,p,0.9853367834110138
46810,46812,e,e,0.00035346097201767305
43641,43643,e,e,0.02071510710589262
57587,57618,p,p,0.9972190784155214
23807,23809,p,p,0.8579360223780789
1559,1559,p,p,1.0
28363,28365,p,p,0.9828235987855136
33206,33208,p,p,0.9424599119496823
27987,27989,p,p,0.9911479591836735
27344,27346,p,p,0.9850185796654348
56363,56365,p,p,0.9804749214516013
27878,27880,p,p,0.9980306897985681
8447,8447,p,p,0.9845409778537945
50446,50448,p,p,0.943046838023836
40241,40243,p,p,0.9381509920997909
45929,45931,e,e,0.010276805697754118
8200,8200,p,p,0.9867521806509717
5413,5413,e,e,0.01748027564623112
36454,36456,p,p,1.0
32077,32079,p,p,0.9988608849561449
29403,29405,p,p,0.9718667236169024
49300,49302,e,e,0.019224306783820113
21403,21405,e,e,0.025257419587754213
51492,51494,e,e,0.01424465858906488
14828,14830,e,e,0.01625052984338699
24360,24362,e,e,0.023956923218170455
7168,7168,p,p,0.9651114002570934
1472,1472,p,p,1.0
24884,24886,e,e,0.012885248201589077
51680,51682,e,e,0.0014226053639846742
29178,29180,p,p,0.9725711075089744
10850,10851,p,p,0.9869260203221226
11330,11331,e,e,0.018456767531253387
60672,60818,p,p,0.9982403935933347
32387,32389,p,p,0.9868858028881311
15641,15643,p,p,0.9862736789160305
20626,20628,e,e,0.10498208833949996
33524,33526,p,p,0.8881741904387732
13716,13718,p,p,0.9990100020625827
6991,6991,e,e,0.21278023473214014
16963,16965,p,p,0.9978345160043497
8250,8250,p,p,0.9725603801468417
10652,10653,p,p,0.9916175167170558
41980,41982,p,p,0.9895956595851086
2934,2934,e,e,0.007004942361280694
21919,21921,e,e,0.08044874905720233
4429,4429,e,e,0.014016247433959966
5971,5971,e,e,0.015248206936575047
21237,21239,e,e,0.00823376920346365
3688,3688,p,p,0.9923985217453403
45887,45889,e,e,0.007519999924838947
53229,53231,e,e,0.004831561974338167
50332,50334,p,p,0.9367262409281701
57191,57221,p,p,0.9941853771181415
59452,59598,p,p,0.9935852866283335
25829,25831,p,p,0.9377064594166125
14278,14280,e,e,0.009961137370680767
15030,15032,e,e,0.0
10097,10098,p,p,0.9557732811725995
45415,45417,e,e,0.00713947713973601
101,101,p,p,0.9899882766705744
12513,12514,e,e,0.09029615480079556
10270,10271,e,e,0.00017718490429758038
14743,14745,e,e,0.1483845067432134
47754,47756,p,p,1.0
47668,47670,p,p,0.9996774193548387
43586,43588,e,e,0.009477304192268802
44160,44162,p,p,0.9718668347868725
38961,38963,p,p,0.99984375
46951,46953,p,p,0.9996954412499107
26271,26273,e,e,0.03926592762870746
57907,57955,p,p,1.0
31835,31837,p,p,0.9996835221883892
12148,12149,p,p,0.973042853728442
50204,50206,p,p,0.9288006440383456
14563,14565,e,e,0.04640352806892862
38719,38721,p,p,0.9965027829381781
3316,3316,e,e,0.016267104554822682
22129,22131,e,e,0.050027847613934896
11827,11828,e,e,0.027320627668456377
29317,29319,p,p,0.9730525861916236
58100,58246,e,e,0.007196972184156084
54397,54399,e,e,0.009314337300080496
16608,16610,e,e,0.07114438211280036
11997,11998,e,e,0.0332835710711797
30790,30792,p,p,0.9933096906935495
19060,19062,p,p,0.9924262768372923
13991,13993,p,p,0.9997619047619049
46027,46029,e,e,0.010474317855543515
56551,56555,p,p,1.0
26533,26535,p,p,0.803520722451838
22659,22661,p,p,0.9717498245726586
48339,48341,p,p,0.9998214285714286
7165,7165,p,p,0.9179354530745232
58008,58080,p,p,1.0
42514,42516,e,e,0.016125618849442833
45667,45669,e,e,0.01487296619723467
47442,47444,p,p,0.999802095459837
55299,55301,e,e,0.0047131669315504995
53353,53355,p,p,0.9968957044956298
16506,16508,e,e,0.04950671804599656
34281,34283,p,p,0.9930784661213058
31968,31970,p,p,0.9903218200607296
49336,49338,e,e,0.019224306783820113
17597,17599,e,e,0.009692920944295368
25484,25486,p,p,0.9999662731871838
5634,5634,e,e,0.014789175831035674
52888,52890,e,e,0.0073524676029399815
47559,47561,p,p,0.999802095459837
1224,1224,e,e,0.002897075250417412
51709,51711,e,e,0.001847008547008547
29863,29865,e,e,0.05412654195413655
26914,26916,e,e,0.02176961448743905
36901,36903,p,p,1.0
14960,14962,e,e,0.008973747016706444
41363,41365,p,p,0.999972602739726
1531,1531,p,p,1.0
26878,26880,e,e,0.01764293830359975
32115,32117,p,p,0.9988608849561449
29325,29327,p,p,0.9742675859146388
5977,5977,e,e,0.020984188010001216
42545,42547,e,e,0.01730587100983523
2482,2482,e,e,0.0004150759324556285
33475,33477,p,p,0.9113868622202516
9326,9326,e,e,0.0030568966980731686
9601,9601,p,p,0.9661075315780107
48062,48064,p,p,1.0
10053,10054,p,p,0.9737514496846523
14160,14162,e,e,0.007842845002759564
6674,6674,e,e,0.018868508194711288
57588,57619,p,p,1.0
22565,22567,e,e,0.08274772431500299
16452,16454,e,e,0.04991544566200833
17024,17026,p,p,0.9923304246527566
29650,29652,e,e,0.04224921330154726
53051,53053,e,e,0.016260323986176276
47720,47722,p,p,0.9995216824451457
35896,35898,p,p,0.9763856796113631
15673,15675,p,p,0.9997619047619049
46303,46305,e,e,0.07883679031834036
1724,1724,p,p,1.0
2101,2101,e,e,0.007424290134199021
48167,48169,p,p,1.0
31634,31636,e,e,0.019125419965064002
33741,33743,e,e,0.0309825235983741
25636,25638,p,p,0.9915181562123113
14327,14329,e,e,0.008906503221620272
6089,6089,p,p,0.9306957477958653
10708,10709,p,p,0.9661320242541608
46233,46235,e,e,0.00977437873126553
41294,41296,p,p,0.9795811206093206
44673,44675,p,p,0.9319184262608553
46927,46929,e,e,0.00035346097201767305
24593,24595,e,e,0.02828847117392603
31571,31573,e,e,0.015817579284315098
35983,35985,p,p,0.9971976349373609
28227,28229,p,p,0.982517123088343
3791,3791,p,p,0.9747901542901545
10102,10103,p,p,0.9521453634631816
