model,unique_row,source_row,cap-diameter,cap-shape,cap-surface,cap-color,does-bruise-or-bleed,gill-attachment,gill-spacing,gill-color,stem-height,stem-width,stem-root,stem-surface,stem-color,veil-type,veil-color,has-ring,ring-type,spore-print-color,habitat,season,true_class,predicted_class,probability_p,missing_features
random_forest_500,23957,23959,5.42,x,,y,f,x,,w,5.93,7.4,,,w,,,f,f,,d,u,p,e,0.4235382972287369,7
random_forest_500,23708,23710,4.15,x,,y,f,x,,w,6.17,6.88,,,w,,,f,f,,d,a,p,e,0.4953698401422909,7
gradient_boosting,19484,19486,2.97,f,s,o,f,a,,o,3.87,6.35,,,o,,,f,f,,h,a,p,e,0.4379470365453219,6
gradient_boosting,19544,19546,3.12,f,s,o,f,a,,o,3.91,6.11,,,o,,,f,f,,m,a,p,e,0.1669723962842523,6
xgboost,23957,23959,5.42,x,,y,f,x,,w,5.93,7.4,,,w,,,f,f,,d,u,p,e,0.4511926472187042,7
xgboost,20567,20569,2.53,x,d,o,f,a,c,e,4.02,5.36,,,o,,,f,f,,g,u,e,p,0.5264695286750793,5
xgboost,23016,23018,6.73,x,t,n,f,a,d,w,8.61,24.5,,,w,,,f,f,,d,a,p,e,0.230726420879364,5
xgboost,19484,19486,2.97,f,s,o,f,a,,o,3.87,6.35,,,o,,,f,f,,h,a,p,e,0.34573042392730713,6
xgboost,14775,14777,3.56,f,h,n,f,a,d,y,3.21,4.08,,k,n,,,f,f,,d,a,e,p,0.5120511651039124,4
xgboost,23051,23053,9.14,x,t,n,f,a,d,w,8.2,24.27,,,w,,,f,f,,d,a,p,e,0.3312252461910248,5
xgboost,7298,7298,3.67,f,s,g,f,d,c,w,3.66,9.03,,,w,,,f,f,,g,u,p,e,0.4443761110305786,5
xgboost,23065,23067,9.05,x,t,n,f,a,d,w,8.28,22.25,,,w,,,f,f,,d,u,p,e,0.17884007096290588,5
xgboost,23824,23826,4.81,x,,p,f,x,,w,5.94,7.12,,,w,,,f,f,,d,a,p,e,0.472779244184494,7
xgboost,23817,23819,4.66,x,,b,f,x,,w,5.81,6.73,,,w,,,f,f,,d,a,p,e,0.49865108728408813,7
xgboost,46364,46366,4.11,f,,y,f,x,c,n,6.05,3.39,,,w,,,f,f,,d,a,e,p,0.6172047257423401,6
xgboost,7154,7154,2.57,x,s,w,f,d,c,w,4.14,10.24,,,w,,,f,f,,g,u,p,e,0.16968177258968353,5
xgboost,38565,38567,11.87,x,,n,t,x,,n,11.36,22.91,s,,n,,u,f,f,,d,a,p,e,0.38749170303344727,5
xgboost,24252,24254,6.38,x,,e,f,x,c,w,4.9,12.58,,s,w,,,f,f,,d,u,e,p,0.6859440207481384,5
xgboost,23164,23166,8.35,x,t,n,f,a,d,w,8.09,23.95,,,w,,,f,f,,d,u,p,e,0.270516574382782,5
xgboost,23102,23104,7.02,x,t,n,f,a,d,w,8.3,22.32,,,w,,,f,f,,d,u,p,e,0.08803074061870575,5
xgboost,23206,23208,7.83,x,t,n,f,a,d,w,6.98,25.53,,,w,,,f,f,,d,a,p,e,0.4509945511817932,5
xgboost,38743,38745,12.36,x,,g,t,x,,n,11.24,21.72,s,,n,,u,f,f,,d,a,p,e,0.29412147402763367,5
xgboost,24155,24157,6.23,x,,e,f,x,c,w,5.68,12.88,,s,w,,,f,f,,d,a,e,p,0.5790364146232605,5
xgboost,19544,19546,3.12,f,s,o,f,a,,o,3.91,6.11,,,o,,,f,f,,m,a,p,e,0.26188793778419495,6
xgboost,23018,23020,10.99,x,t,n,f,a,d,w,8.04,20.38,,,w,,,f,f,,d,u,p,e,0.28279727697372437,5
xgboost,23261,23263,8.72,x,t,n,f,a,d,w,7.06,25.74,,,w,,,f,f,,d,a,p,e,0.4692038893699646,5
xgboost,23076,23078,7.37,x,t,n,f,a,d,w,7.32,24.4,,,w,,,f,f,,d,a,p,e,0.13341940939426422,5
logistic_polynomial,45862,45864,1.23,b,g,g,f,,,g,3.82,1.76,,,w,,,f,f,,d,a,e,p,0.5247015269147169,7
logistic_polynomial,43766,43768,10.07,p,i,n,t,e,,p,8.47,17.54,,y,w,,,t,p,,d,a,e,p,0.8009820746712374,5
logistic_polynomial,26466,26468,9.08,s,s,n,f,x,,n,6.7,23.37,,,p,,,f,f,,d,a,e,p,0.7076479094978485,6
logistic_polynomial,714,714,12.26,f,,n,f,e,,w,11.3,16.66,,,w,u,w,t,e,,d,a,p,e,0.06247044191075108,5
logistic_polynomial,45323,45325,3.0,b,y,n,f,,c,n,5.83,2.28,,,w,,,f,f,,d,u,e,p,0.613708932905532,6
logistic_polynomial,50288,50290,11.62,x,e,y,t,p,,o,7.82,29.39,,,e,,,f,f,,d,u,p,e,0.3470458378269663,6
logistic_polynomial,41807,41809,1.6,b,h,n,f,a,,n,4.93,1.43,,t,n,,,f,f,,h,s,p,e,0.4297143450971942,5
logistic_polynomial,44769,44771,7.43,b,y,n,f,,,p,16.52,18.3,,,w,,,f,f,,d,a,p,e,0.22157352172562172,7
logistic_polynomial,1002,1002,11.77,f,,g,f,e,,w,10.91,14.76,,,w,u,w,t,g,,d,a,p,e,0.10993404514874781,5
logistic_polynomial,6914,6914,3.63,x,,r,f,a,,r,6.17,8.3,,,w,,,f,f,,d,u,e,p,0.685454351409212,7
logistic_polynomial,6958,6958,4.04,x,,r,f,a,,r,5.87,7.55,,,w,,,f,f,,l,a,e,p,0.551253014733607,7
logistic_polynomial,33258,33260,14.69,x,s,n,f,s,,y,7.05,16.66,,i,n,,,f,f,,d,u,p,e,0.33364773410843407,5
logistic_polynomial,45203,45205,3.03,b,y,n,f,,c,k,6.21,2.67,,,w,,,f,f,,d,a,e,p,0.5715532557961331,6
logistic_polynomial,20102,20104,5.07,b,s,o,f,e,,g,6.09,7.08,,,o,,,f,f,,m,a,p,e,0.26470071344622176,6
logistic_polynomial,5924,5924,12.1,s,e,n,f,d,c,w,8.19,26.88,s,,w,,,f,f,,l,a,e,p,0.5968587158141352,4
logistic_polynomial,7380,7380,2.63,x,s,g,f,d,c,w,2.71,7.05,,,w,,,f,f,,g,u,p,e,0.3262379936219966,5
logistic_polynomial,6257,6257,4.7,x,,n,f,d,c,w,5.45,10.05,b,,n,,,f,f,,l,w,p,e,0.22415391611192123,5
logistic_polynomial,50735,50737,3.81,x,k,n,f,p,,e,4.43,9.56,,,y,,,f,f,,d,a,e,p,0.6696345345755688,6
logistic_polynomial,20675,20677,4.3,x,d,e,f,a,c,o,5.44,7.11,,,e,,,f,f,,m,u,e,p,0.964668984783971,5
logistic_polynomial,26212,26214,11.56,f,s,y,f,x,,n,6.94,24.73,,,p,,,f,f,,d,a,e,p,0.9027389093616679,6
logistic_polynomial,45451,45453,2.45,b,y,n,f,,c,k,5.54,2.4,,,w,,,f,f,,d,a,e,p,0.5840342987452404,6
logistic_polynomial,23957,23959,5.42,x,,y,f,x,,w,5.93,7.4,,,w,,,f,f,,d,u,p,e,0.3214082618569211,7
logistic_polynomial,58483,58629,14.01,f,s,k,f,p,,y,5.85,48.84,,,n,,,f,f,,d,a,p,e,0.47130947425982217,6
logistic_polynomial,20704,20706,4.37,x,h,o,f,a,c,o,4.96,6.57,,,e,,,f,f,,m,u,e,p,0.9300424730967308,5
logistic_polynomial,44707,44709,8.39,b,y,n,f,,,p,14.57,18.04,,,w,,,f,f,,d,a,p,e,0.14374960560030167,7
logistic_polynomial,9882,9883,0.9,x,g,w,f,a,d,w,2.84,1.45,,,n,,,f,f,,d,u,p,e,0.3450753774387,5
logistic_polynomial,26992,26994,12.29,s,,w,t,d,c,y,6.15,24.77,,,w,,,f,f,,d,a,e,p,0.5085584612348667,6
logistic_polynomial,25698,25700,6.93,f,t,e,f,x,d,w,6.21,17.08,b,,w,,,f,f,,d,a,p,e,0.2818456293783841,4
logistic_polynomial,7566,7566,5.26,f,l,n,f,x,d,e,6.22,5.18,,,n,,,f,f,,l,a,p,e,0.36930874418921844,5
logistic_polynomial,25471,25473,7.42,x,h,e,f,x,d,w,6.67,17.8,b,,w,,,f,f,,d,a,p,e,0.1268126231610664,4
logistic_polynomial,26639,26641,7.73,f,,y,f,x,c,n,6.55,11.57,,,w,,,f,f,,d,u,p,e,0.4204409525546951,6
logistic_polynomial,26637,26639,8.17,f,,y,f,x,c,n,6.88,12.28,,,w,,,f,f,,d,u,p,e,0.4017805929571786,6
logistic_polynomial,10526,10527,3.6,b,g,g,f,a,d,g,5.51,3.29,,s,n,,,f,f,,d,a,e,p,0.6369905342300386,4
logistic_polynomial,9337,9337,3.53,b,g,n,f,x,d,w,4.21,3.11,,,y,,,f,f,,g,u,e,p,0.6691720869500218,5
logistic_polynomial,44667,44669,6.81,p,y,w,f,,,p,14.46,16.47,,,w,,,f,f,,d,a,p,e,0.05218698584958158,7
logistic_polynomial,40302,40304,7.01,x,s,n,f,s,,g,5.67,7.46,,y,n,,,f,f,,d,w,p,e,0.28553799084494164,5
logistic_polynomial,6204,6204,5.69,f,,g,f,d,c,w,5.28,10.23,b,,n,,,f,f,,d,w,p,e,0.4144267617876817,5
logistic_polynomial,20475,20477,2.93,x,s,e,f,a,c,o,4.09,6.41,,,o,,,f,f,,g,u,e,p,0.5352887059475191,5
logistic_polynomial,33435,33437,13.13,x,h,w,f,s,,p,7.31,18.14,,i,n,,,f,f,,d,u,p,e,0.1957146476009202,5
logistic_polynomial,55655,55657,10.43,f,,w,f,d,c,y,2.52,14.74,,,w,,,f,f,,d,a,e,p,0.7516035003780436,6
logistic_polynomial,20690,20692,4.06,x,h,o,f,a,c,e,4.36,6.6,,,o,,,f,f,,g,u,e,p,0.6033334551520226,5
logistic_polynomial,10416,10417,4.66,b,g,g,f,a,d,g,5.99,3.52,,s,n,,,f,f,,d,a,e,p,0.6035236665297959,4
logistic_polynomial,23800,23802,3.5,f,,b,f,x,,w,3.98,5.95,,,w,,,f,f,,d,a,p,e,0.1875764454467832,7
logistic_polynomial,43625,43627,9.5,x,i,n,t,e,,p,9.08,18.24,,y,w,,,t,p,,d,a,e,p,0.7822938494586895,5
logistic_polynomial,26573,26575,6.2,f,,y,f,x,c,n,6.22,9.87,,,w,,,f,f,,d,u,p,e,0.4724954261690608,6
logistic_polynomial,35206,35208,4.59,x,,w,f,x,c,w,7.97,9.44,b,,n,,w,t,,,g,a,e,p,0.5972849054019638,5
logistic_polynomial,19648,19650,2.78,x,y,o,f,a,,y,2.95,4.74,,,o,,,f,f,,h,a,p,e,0.4874673777587363,6
logistic_polynomial,45461,45463,3.09,b,y,n,f,,c,n,7.31,3.33,,,w,,,f,f,,d,a,e,p,0.5747009060396531,6
logistic_polynomial,9388,9388,2.51,b,g,n,f,x,d,w,4.23,2.95,,,y,,,f,f,,g,a,e,p,0.6564740180891091,5
logistic_polynomial,21980,21982,3.91,x,,y,f,a,c,y,4.84,10.15,,,w,,,f,f,,d,u,e,p,0.6229440233995304,6
logistic_polynomial,23734,23736,3.59,f,,p,f,x,,w,6.05,6.57,,,w,,,f,f,,d,a,p,e,0.4139084067531539,7
logistic_polynomial,50170,50172,10.94,x,e,y,t,p,,o,7.36,25.03,,,e,,,f,f,,d,u,p,e,0.3437634958045126,6
logistic_polynomial,25655,25657,7.17,f,t,e,f,x,d,w,5.75,17.54,b,,w,,,f,f,,d,a,p,e,0.29468413284064415,4
logistic_polynomial,23914,23916,3.77,f,,b,f,x,,w,4.35,6.38,,,w,,,f,f,,d,u,p,e,0.2039118120373489,7
logistic_polynomial,8243,8243,3.84,f,,n,f,x,c,p,8.16,4.15,,,n,,,f,f,,l,a,p,e,0.41636413962270435,6
logistic_polynomial,14665,14667,5.75,x,t,o,f,a,d,y,7.91,5.98,,s,n,,,f,f,,d,s,e,p,0.5677468503402563,4
logistic_polynomial,11842,11843,1.16,f,g,e,t,a,,p,6.42,1.06,,,n,,,f,f,,h,a,e,p,0.7062085821535472,6
logistic_polynomial,43505,43507,8.82,x,i,n,t,e,,p,8.57,15.45,,y,w,,,t,l,,d,a,e,p,0.6220047607549164,5
logistic_polynomial,637,637,8.05,p,g,n,f,e,,w,8.73,16.01,,y,w,u,w,t,p,,d,a,p,e,0.4845066190681423,3
logistic_polynomial,23191,23193,10.29,x,t,n,f,a,d,w,10.79,31.25,,,w,,,f,f,,d,a,p,e,0.02096225438380431,5
logistic_polynomial,23681,23683,3.05,x,,b,f,x,,w,4.87,6.42,,,w,,,f,f,,d,a,p,e,0.1537220386723443,7
logistic_polynomial,33369,33371,12.81,x,s,w,f,s,,y,9.09,19.07,,i,n,,,f,f,,d,u,p,e,0.43172446500113565,5
logistic_polynomial,7209,7209,3.42,s,s,g,f,d,c,w,3.0,8.67,,,w,,,f,f,,g,a,p,e,0.22180279416455845,5
logistic_polynomial,50692,50694,3.01,x,k,n,f,p,,e,4.52,9.28,,,n,,,f,f,,d,a,e,p,0.6363850594575319,6
logistic_polynomial,43157,43159,6.67,x,y,w,t,,,p,7.89,14.42,s,,w,,,t,l,,g,a,p,e,0.38662567711900714,6
logistic_polynomial,50126,50128,9.77,x,e,n,t,p,,o,8.35,24.78,,,u,,,f,f,,d,u,p,e,0.10525152801954647,6
logistic_polynomial,5583,5583,7.06,x,,g,f,s,c,g,4.89,19.19,b,,u,,,f,f,,d,a,e,p,0.5859511838671453,5
logistic_polynomial,58520,58666,14.69,f,s,e,f,p,,y,5.83,40.82,,,n,,,f,f,,d,w,p,e,0.16979044713013927,6
logistic_polynomial,20559,20561,3.5,x,d,p,f,a,c,e,4.23,6.06,,,e,,,f,f,,m,u,e,p,0.965414839345953,5
logistic_polynomial,629,629,8.57,x,g,n,f,e,,w,7.63,16.07,,y,w,u,w,t,p,,d,a,p,e,0.4694430375607451,3
logistic_polynomial,15500,15502,8.01,x,y,e,f,,,w,7.19,23.78,b,,n,,w,t,e,,d,a,e,p,0.7480499711994538,5
logistic_polynomial,9318,9318,3.18,b,g,w,f,x,d,w,3.96,2.42,,,y,,,f,f,,g,a,e,p,0.7094708181016934,5
logistic_polynomial,23845,23847,3.81,f,,b,f,x,,w,5.22,6.79,,,w,,,f,f,,d,a,p,e,0.1669307252265323,7
logistic_polynomial,12507,12508,1.4,x,t,y,f,a,,w,5.83,2.17,,t,y,,,f,f,,g,a,e,p,0.7220646031538953,5
logistic_polynomial,11112,11113,2.39,x,g,n,f,a,,w,6.64,2.39,,,n,,,f,f,,d,u,p,e,0.40735789774959164,6
logistic_polynomial,25658,25660,7.94,x,t,e,f,x,d,w,5.98,17.96,b,,w,,,f,f,,d,u,p,e,0.2872513039954868,4
logistic_polynomial,60651,60797,1.31,x,s,y,f,f,f,f,3.25,5.54,,,y,,,f,f,,d,a,p,e,0.2939223078460273,5
logistic_polynomial,53392,53394,12.78,s,t,n,t,d,c,n,6.05,14.57,,,n,,,f,f,,h,u,p,e,0.48917912871542557,5
logistic_polynomial,213,213,16.97,x,g,o,f,e,,w,17.37,16.59,s,y,w,u,w,t,g,,d,w,p,e,0.4881506370085799,2
logistic_polynomial,23918,23920,3.54,x,,y,f,x,,w,5.55,6.37,,,w,,,f,f,,d,u,p,e,0.37509087500771976,7
logistic_polynomial,58590,58736,15.6,f,g,o,f,p,,y,4.63,31.8,,,n,,,f,f,,d,w,p,e,0.07111942202012714,6
logistic_polynomial,44646,44648,8.07,p,y,w,f,,,p,15.97,17.65,,,w,,,f,f,,d,a,p,e,0.06136249956421574,7
logistic_polynomial,58508,58654,13.73,x,g,k,f,p,,y,5.41,32.81,,,n,,,f,f,,d,a,p,e,0.1793581585661569,6
logistic_polynomial,33469,33471,11.52,x,s,w,f,s,,p,6.74,16.65,,i,n,,,f,f,,d,a,p,e,0.14492974554975765,5
logistic_polynomial,43970,43972,8.44,f,s,w,f,e,c,w,19.84,12.34,,s,w,,,t,e,,d,a,e,p,0.5272316977615692,4
logistic_polynomial,22069,22071,3.9,x,,y,f,a,c,y,3.85,8.53,,,w,,,f,f,,d,a,e,p,0.6307141181823793,6
logistic_polynomial,43577,43579,11.07,x,i,n,t,e,,p,9.15,17.64,,y,w,,,t,p,,l,a,e,p,0.6795827395024193,5
logistic_polynomial,7077,7077,2.77,s,s,w,f,d,c,w,2.73,6.73,,,w,,,f,f,,g,u,p,e,0.2781732221602618,5
logistic_polynomial,11713,11714,0.59,c,g,e,t,a,,w,4.97,0.82,,,n,,,f,f,,d,a,e,p,0.8878415375342358,6
logistic_polynomial,50156,50158,11.1,x,e,n,t,p,,e,8.9,27.51,,,e,,,f,f,,d,a,p,e,0.22024966400080556,6
logistic_polynomial,7056,7056,4.16,x,,w,f,d,,r,5.35,6.83,,,r,,,f,f,,d,u,e,p,0.8233513605068906,7
logistic_polynomial,10527,10528,3.81,b,g,n,f,a,d,g,6.92,4.3,,s,n,,,f,f,,d,a,e,p,0.5548397826841606,4
logistic_polynomial,33487,33489,7.56,x,s,y,f,s,,p,6.41,16.58,,i,n,,,f,f,,d,u,p,e,0.30854843864568743,5
logistic_polynomial,11951,11952,1.22,x,g,e,t,a,,w,6.1,1.12,,,n,,,f,f,,d,u,e,p,0.8220783622948619,6
logistic_polynomial,572,572,5.68,x,g,n,f,e,,w,6.86,15.3,,y,w,u,w,t,p,,d,a,p,e,0.4984132046999227,3
logistic_polynomial,50599,50601,2.71,x,k,n,f,p,,n,4.27,10.22,,,n,,,f,f,,d,a,e,p,0.5506518046552747,6
logistic_polynomial,6231,6231,5.99,x,,n,f,d,c,w,5.12,10.21,b,,n,,,f,f,,l,w,p,e,0.2171275471657916,5
logistic_polynomial,23622,23624,3.75,s,,u,f,a,,w,5.49,8.19,,,w,,,f,f,,d,a,p,e,0.31538216508705513,7
logistic_polynomial,47746,47748,3.81,b,h,n,f,,,n,9.81,5.55,,,w,,,t,,k,g,w,p,e,0.43024672667297875,7
logistic_polynomial,9237,9237,3.03,b,g,w,f,x,d,w,4.19,2.97,,,y,,,f,f,,g,a,e,p,0.7033374984320938,5
logistic_polynomial,60757,60903,1.12,x,s,y,f,f,f,f,2.66,4.58,,,y,,,f,f,,d,u,p,e,0.3643929910283574,5
logistic_polynomial,50622,50624,3.65,x,k,n,f,p,,y,4.05,9.69,,,n,,,f,f,,d,a,e,p,0.699236110634527,6
logistic_polynomial,43727,43729,10.55,p,i,n,t,e,,p,9.05,18.2,,y,w,,,t,l,,d,a,e,p,0.5964212176108341,5
logistic_polynomial,25485,25487,7.25,x,h,e,f,x,d,w,5.88,17.01,b,,w,,,f,f,,d,a,p,e,0.14269944225081077,4
logistic_polynomial,53357,53359,14.94,s,t,n,t,d,c,n,7.51,16.03,,,n,,,f,f,,d,u,p,e,0.4474998497674674,5
logistic_polynomial,6275,6275,5.78,f,,g,f,d,c,w,4.6,10.03,b,,n,,,f,f,,l,w,p,e,0.3271236651919989,5
logistic_polynomial,33441,33443,9.17,x,h,n,f,s,,p,5.86,15.71,,i,n,,,f,f,,d,a,p,e,0.1985658448902246,5
logistic_polynomial,45212,45214,2.65,b,y,n,f,,c,k,6.56,3.16,,,w,,,f,f,,d,u,e,p,0.6184419135065241,6
logistic_polynomial,50707,50709,3.3,x,k,n,f,p,,y,3.88,9.5,,,y,,,f,f,,d,a,e,p,0.738942431840857,6
logistic_polynomial,35216,35218,4.16,x,,w,f,x,c,w,8.15,9.87,b,,n,,w,t,,,g,a,e,p,0.5940536194358026,5
logistic_polynomial,23922,23924,4.28,f,,y,f,x,,w,5.85,7.89,,,w,,,f,f,,d,u,p,e,0.3762129267600466,7
logistic_polynomial,33407,33409,10.12,x,s,g,f,s,,p,7.84,16.88,,i,n,,,f,f,,d,a,p,e,0.14801535910955507,5
logistic_polynomial,43200,43202,6.82,x,y,w,t,,,p,8.26,13.96,s,,w,,,t,l,,g,u,p,e,0.4340092722578092,6
logistic_polynomial,43084,43086,8.09,x,y,w,t,,,g,8.91,15.92,s,,w,,,t,l,,d,a,p,e,0.4096097941528971,6
logistic_polynomial,20499,20501,2.75,x,s,p,f,a,c,e,4.0,6.28,,,e,,,f,f,,g,a,e,p,0.9367097709268535,5
logistic_polynomial,15210,15212,12.99,f,y,y,f,,,w,7.79,27.38,b,,n,,w,t,e,,d,a,e,p,0.6293711867925339,5
logistic_polynomial,58606,58752,14.7,f,s,n,f,p,,y,4.88,36.12,,,n,,,f,f,,d,w,p,e,0.03130217158326169,6
logistic_polynomial,26363,26365,9.04,f,s,y,f,x,,n,4.63,18.08,,,p,,,f,f,,d,a,e,p,0.9287787628582085,6
logistic_polynomial,4339,4339,2.01,f,y,n,f,d,d,p,6.38,3.72,,i,n,,,f,f,,h,u,e,p,0.5724506839121465,4
logistic_polynomial,23315,23317,3.99,s,,u,f,a,,w,4.79,8.4,,,w,,,f,f,,d,a,p,e,0.317457393363868,7
logistic_polynomial,11907,11908,0.91,x,g,e,t,a,,p,5.32,1.14,,,n,,,f,f,,h,a,e,p,0.6455485888296647,6
logistic_polynomial,6049,6049,5.94,f,,g,f,d,c,w,5.55,9.44,b,,n,,,f,f,,d,w,p,e,0.4150137658439593,5
logistic_polynomial,9848,9848,1.01,x,g,w,f,a,d,w,2.97,1.45,,,n,,,f,f,,l,a,p,e,0.21849243332224474,5
logistic_polynomial,50199,50201,11.08,x,e,y,t,p,,e,7.93,28.82,,,u,,,f,f,,d,u,p,e,0.39578485653192264,6
logistic_polynomial,25765,25767,8.79,x,t,e,f,x,d,w,6.51,18.1,b,,w,,,f,f,,d,u,p,e,0.27147453883325706,4
logistic_polynomial,9784,9784,1.06,x,g,w,f,a,d,w,3.01,1.42,,,n,,,f,f,,d,u,p,e,0.34155541809890033,5
logistic_polynomial,32286,32288,4.33,f,t,n,f,x,c,p,5.55,4.99,,i,g,,,f,f,,d,u,p,e,0.31692961171343165,4
logistic_polynomial,33424,33426,9.45,x,h,n,f,s,,y,7.95,17.47,,i,n,,,f,f,,d,a,p,e,0.4928591710948769,5
logistic_polynomial,43723,43725,10.37,p,i,n,t,e,,p,9.26,18.04,,y,w,,,t,l,,d,a,e,p,0.5975071041459193,5
logistic_polynomial,23472,23474,4.12,s,,u,f,a,,w,4.2,7.32,,,w,,,f,f,,d,u,p,e,0.3818954770434574,7
logistic_polynomial,60671,60817,1.28,s,s,y,f,f,f,f,3.22,4.87,,,y,,,f,f,,d,u,p,e,0.301478666946392,5
logistic_polynomial,9204,9204,4.06,b,g,n,f,x,d,w,4.53,2.9,,,y,,,f,f,,g,u,e,p,0.6565716175579183,5
logistic_polynomial,50650,50652,4.19,x,k,n,f,p,,n,4.3,9.66,,,n,,,f,f,,d,a,e,p,0.5616970774352242,6
logistic_polynomial,894,894,10.8,f,,n,f,e,,w,10.51,12.34,,,w,u,w,t,g,,d,a,p,e,0.09901257887110157,5
logistic_polynomial,20567,20569,2.53,x,d,o,f,a,c,e,4.02,5.36,,,o,,,f,f,,g,u,e,p,0.6684471999516413,5
logistic_polynomial,9322,9322,4.14,b,g,w,f,x,d,w,4.75,2.99,,,y,,,f,f,,g,u,e,p,0.7106064138722666,5
logistic_polynomial,23289,23291,12.37,x,t,n,f,a,d,w,9.35,26.14,,,w,,,f,f,,d,u,p,e,0.04025207698070517,5
logistic_polynomial,23122,23124,11.94,x,t,n,f,a,d,w,14.9,35.86,,,w,,,f,f,,d,u,p,e,0.017880455800529684,5
logistic_polynomial,26435,26437,11.49,x,s,u,f,x,,n,8.22,27.19,,,p,,,f,f,,d,w,e,p,0.6397965627737738,6
logistic_polynomial,6332,6332,6.59,f,,n,f,d,c,w,7.02,11.36,b,,n,,,f,f,,l,w,p,e,0.21367057663753056,5
logistic_polynomial,50643,50645,2.69,x,k,n,f,p,,e,4.21,9.81,,,n,,,f,f,,d,a,e,p,0.6319537220001837,6
logistic_polynomial,9501,9501,3.29,b,g,w,f,x,d,w,4.66,2.91,,,y,,,f,f,,g,u,e,p,0.733117139617715,5
logistic_polynomial,21927,21929,4.29,x,,y,f,a,c,y,3.69,7.86,,,w,,,f,f,,d,a,e,p,0.6401485954709056,6
logistic_polynomial,44523,44525,8.24,b,y,n,f,,,p,15.25,16.8,,,w,,,f,f,,d,a,p,e,0.1908211214848377,7
logistic_polynomial,20602,20604,3.4,x,d,p,f,a,c,o,4.17,5.79,,,e,,,f,f,,m,a,e,p,0.9237585963163265,5
logistic_polynomial,50396,50398,9.69,x,e,n,t,p,,e,7.86,24.72,,,e,,,f,f,,d,a,p,e,0.23800699956759822,6
logistic_polynomial,14560,14562,4.88,x,t,o,f,a,d,y,6.48,5.14,,k,n,,,f,f,,d,w,e,p,0.8593657283699235,4
logistic_polynomial,14807,14809,4.62,f,h,o,f,a,d,y,5.62,5.5,,s,n,,,f,f,,d,a,e,p,0.7668491230777714,4
logistic_polynomial,50665,50667,3.25,x,k,n,f,p,,e,3.65,9.16,,,n,,,f,f,,d,a,e,p,0.659594468029393,6
logistic_polynomial,33507,33509,12.43,x,s,g,f,s,,p,7.73,17.32,,i,n,,,f,f,,d,a,p,e,0.12636201266948452,5
logistic_polynomial,36103,36105,4.14,x,h,n,f,x,c,w,5.41,4.84,,y,n,,,t,r,,d,u,e,p,0.6120669340790152,4
logistic_polynomial,3668,3668,3.27,f,y,w,f,e,c,w,3.63,3.28,,k,w,,,t,e,,d,a,p,e,0.39089651207345977,4
logistic_polynomial,25582,25584,8.54,x,h,e,f,x,d,w,6.72,18.16,b,,w,,,f,f,,d,u,p,e,0.14755060309522408,4
logistic_polynomial,34951,34953,4.47,x,,n,f,x,c,n,7.81,8.29,b,,n,,w,t,,,d,u,e,p,0.706310929200317,5
logistic_polynomial,23045,23047,9.67,x,t,n,f,a,d,w,10.48,29.24,,,w,,,f,f,,d,a,p,e,0.021896073908827838,5
logistic_polynomial,60690,60836,1.18,f,s,y,f,f,f,f,3.2,5.33,,,y,,,f,f,,d,a,p,e,0.33911511087322393,5
logistic_polynomial,44693,44695,7.94,p,y,n,f,,,k,12.61,16.48,,,w,,,f,f,,d,a,p,e,0.07576760261462902,7
logistic_polynomial,15324,15326,10.7,f,y,e,f,,,w,5.65,23.52,b,,n,,w,t,e,,d,a,e,p,0.8647207931561348,5
logistic_polynomial,58660,58806,16.56,f,d,k,f,p,,y,4.19,26.44,,,n,,,f,f,,d,a,p,e,0.28693372230990627,6
logistic_polynomial,50379,50381,9.7,x,e,n,t,p,,e,9.03,20.41,,,e,,,f,f,,d,a,p,e,0.22863838497066633,6
logistic_polynomial,20631,20633,4.03,x,s,e,f,a,c,o,4.98,7.11,,,e,,,f,f,,g,w,e,p,0.7737395139298107,5
logistic_polynomial,20477,20479,3.09,x,s,e,f,a,c,o,4.59,6.47,,,e,,,f,f,,m,w,e,p,0.8014929504489365,5
logistic_polynomial,58536,58682,13.55,f,d,n,f,p,,y,5.27,37.26,,,n,,,f,f,,d,a,p,e,0.1346045015677006,6
logistic_polynomial,11204,11205,2.63,x,g,n,f,a,,w,8.22,2.74,,,w,,,f,f,,d,u,p,e,0.1535740878998353,6
logistic_polynomial,23105,23107,10.17,x,t,n,f,a,d,w,10.55,29.45,,,w,,,f,f,,d,a,p,e,0.022988537344857087,5
logistic_polynomial,28357,28359,15.54,x,t,k,t,d,c,b,5.51,27.43,,,g,,,f,f,,l,a,p,e,0.2538908195741745,5
logistic_polynomial,19822,19824,6.07,b,s,o,f,e,,k,8.92,8.63,,,o,,,f,f,,m,u,p,e,0.42771224567813676,6
logistic_polynomial,27945,27947,8.04,s,h,n,t,d,,g,4.44,12.4,,t,r,,,f,f,,d,u,p,e,0.29705619703254077,5
logistic_polynomial,5707,5707,15.15,x,e,g,f,d,c,w,8.41,24.93,s,,w,,,f,f,,l,a,e,p,0.6859994981977884,4
logistic_polynomial,22206,22208,4.13,x,,y,f,a,c,y,4.17,9.03,,,w,,,f,f,,d,a,e,p,0.6139369435556876,6
logistic_polynomial,14736,14738,4.26,f,t,o,f,a,d,w,7.26,6.55,,k,n,,,f,f,,d,s,e,p,0.6881755952361238,4
logistic_polynomial,39395,39397,5.03,c,e,y,t,x,c,p,6.41,11.2,,,w,,,f,f,,d,s,p,e,0.2038098470055576,5
logistic_polynomial,9358,9358,3.5,b,g,n,f,x,d,w,4.71,2.61,,,y,,,f,f,,g,a,e,p,0.6379350259158325,5
logistic_polynomial,43594,43596,10.42,x,i,n,t,e,,p,9.38,17.59,,y,w,,,t,p,,d,a,e,p,0.7755459690322959,5
logistic_polynomial,11699,11700,1.19,c,g,e,t,a,,p,6.14,1.16,,,n,,,f,f,,d,u,e,p,0.8622083560441264,6
logistic_polynomial,45835,45837,1.02,b,g,w,f,,,g,3.13,1.52,,,w,,,f,f,,d,a,e,p,0.5285550344358806,7
logistic_polynomial,20522,20524,3.41,x,h,e,f,a,c,o,4.24,6.31,,,o,,,f,f,,g,u,e,p,0.6192459666683235,5
logistic_polynomial,50201,50203,10.3,x,e,n,t,p,,e,7.33,23.04,,,u,,,f,f,,d,a,p,e,0.19836172546011024,6
logistic_polynomial,782,782,12.4,f,,g,f,e,,w,11.14,15.52,,,w,u,w,t,g,,d,a,p,e,0.10070125598675404,5
logistic_polynomial,50325,50327,9.81,x,e,n,t,p,,o,6.94,23.63,,,u,,,f,f,,d,u,p,e,0.1348459375159797,6
logistic_polynomial,6783,6783,4.08,x,,w,f,a,,r,5.39,8.0,,,r,,,f,f,,d,a,e,p,0.5774723366171047,7
logistic_polynomial,28915,28917,7.45,s,d,n,t,d,c,w,6.1,8.77,,,n,,,f,f,,d,a,p,e,0.35491747253432226,5
logistic_polynomial,9231,9231,3.26,b,g,w,f,x,d,w,4.67,2.97,,,y,,,f,f,,g,a,e,p,0.6973044534835418,5
logistic_polynomial,28037,28039,8.57,s,h,g,t,d,,w,4.71,12.53,,t,g,,,f,f,,d,u,p,e,0.05637344848485218,5
logistic_polynomial,9443,9443,3.79,b,g,n,f,x,d,w,4.22,2.8,,,y,,,f,f,,g,a,e,p,0.6269962669189406,5
logistic_polynomial,27776,27778,7.3,x,d,n,t,d,c,w,6.64,8.47,,,n,,,f,f,,d,a,p,e,0.4072145310032801,5
logistic_polynomial,36023,36025,4.99,x,h,n,f,x,c,n,5.55,5.47,,y,n,,,t,r,,d,a,e,p,0.6922304637541851,4
logistic_polynomial,28183,28185,6.82,s,h,g,t,d,,w,4.52,12.77,,t,r,,,f,f,,d,u,p,e,0.363435169668765,5
logistic_polynomial,23826,23828,4.85,f,,y,f,x,,w,5.28,7.06,,,w,,,f,f,,d,a,p,e,0.34312480006513557,7
logistic_polynomial,44770,44772,7.57,p,y,w,f,,,p,15.68,16.54,,,w,,,f,f,,d,a,p,e,0.06822952370476566,7
logistic_polynomial,35095,35097,5.04,x,,n,f,x,c,w,8.24,9.01,b,,n,,w,t,,,g,a,e,p,0.539074965317116,5
logistic_polynomial,10995,10996,2.7,x,g,n,f,a,,p,6.81,2.49,,,w,,,f,f,,d,a,p,e,0.07816840074345809,6
logistic_polynomial,23014,23016,10.32,x,t,n,f,a,d,w,9.75,27.45,,,w,,,f,f,,d,a,p,e,0.027863133630546513,5
logistic_polynomial,30725,30727,10.07,s,,y,t,d,,o,5.24,12.87,,,w,,,t,f,,d,a,p,e,0.43087270995655524,7
logistic_polynomial,44033,44035,10.92,f,y,w,f,e,c,k,19.08,12.75,,s,w,,,t,e,,g,u,e,p,0.5499955509292906,4
logistic_polynomial,41746,41748,1.71,b,h,n,f,a,,n,4.59,1.44,,t,n,,,f,f,,d,s,p,e,0.49930752662039934,5
logistic_polynomial,15193,15195,7.35,x,y,y,f,,,w,6.79,22.34,b,,n,,w,t,e,,d,a,e,p,0.5314278615068786,5
logistic_polynomial,5839,5839,13.71,x,e,n,f,d,c,w,6.79,22.86,s,,w,,,f,f,,l,a,e,p,0.6796987038074724,4
logistic_polynomial,55630,55632,8.15,f,,w,f,d,c,w,2.24,13.81,,,w,,,f,f,,d,a,e,p,0.5047909688410895,6
logistic_polynomial,645,645,8.8,p,g,n,f,e,,w,8.72,18.11,,y,w,u,w,t,p,,d,u,p,e,0.49852046823411905,3
logistic_polynomial,23916,23918,3.62,x,,b,f,x,,w,3.61,5.85,,,w,,,f,f,,d,u,p,e,0.19053228394020683,7
logistic_polynomial,6298,6298,5.85,f,,g,f,d,c,w,5.73,11.04,b,,n,,,f,f,,l,w,p,e,0.294247300424426,5
logistic_polynomial,28022,28024,7.43,s,t,g,t,d,,g,4.52,13.38,,t,g,,,f,f,,d,a,p,e,0.10758722704147389,5
logistic_polynomial,9239,9239,2.32,b,g,w,f,x,d,w,4.23,2.96,,,y,,,f,f,,g,a,e,p,0.7174406100621361,5
logistic_polynomial,9444,9444,3.4,b,g,w,f,x,d,w,3.62,3.08,,,y,,,f,f,,g,a,e,p,0.6974173791250999,5
logistic_polynomial,26395,26397,9.89,s,s,u,f,x,,n,7.96,24.02,,,p,,,f,f,,d,a,e,p,0.851918040777845,6
logistic_polynomial,25623,25625,9.12,f,t,e,f,x,d,w,7.38,18.99,b,,w,,,f,f,,d,a,p,e,0.24718451465682606,4
logistic_polynomial,11120,11121,2.21,x,g,n,f,a,,p,5.01,2.25,,,w,,,f,f,,d,a,p,e,0.07462990941990644,6
logistic_polynomial,27861,27863,5.03,x,d,n,t,d,c,w,6.11,8.36,,,n,,,f,f,,d,a,p,e,0.4673893306345521,5
logistic_polynomial,20564,20566,3.28,x,s,o,f,a,c,e,5.08,7.34,,,e,,,f,f,,g,u,e,p,0.9459785464289988,5
logistic_polynomial,487,487,7.67,x,g,n,f,e,,w,7.3,14.32,,y,w,u,w,t,p,,d,a,p,e,0.4997156196580001,3
logistic_polynomial,16834,16836,8.08,f,h,n,f,s,,y,8.32,12.29,,i,n,,,f,f,,d,a,e,p,0.6003821574566698,5
logistic_polynomial,50311,50313,9.12,x,e,y,t,p,,e,6.35,17.69,,,u,,,f,f,,d,a,p,e,0.40231748532438405,6
logistic_polynomial,28579,28581,17.65,s,t,g,t,d,c,w,4.95,24.26,,,g,,,f,f,,d,a,p,e,0.22896879842689738,5
logistic_polynomial,1831,1831,8.0,x,,y,f,e,,w,6.4,13.05,b,,y,u,w,t,g,,d,u,e,p,0.6398512966252017,4
logistic_polynomial,60768,60914,1.35,x,s,y,f,f,f,f,2.96,6.38,,,y,,,f,f,,d,a,p,e,0.2833886294978507,5
logistic_polynomial,45444,45446,2.92,b,y,n,f,,c,k,6.33,3.13,,,w,,,f,f,,d,a,e,p,0.5650686016642323,6
logistic_polynomial,40303,40305,7.89,x,s,n,f,s,,g,5.56,7.0,,y,n,,,f,f,,d,w,p,e,0.26244572972975766,5
logistic_polynomial,43792,43794,11.51,p,y,w,f,e,c,w,26.5,14.31,,s,w,,,t,e,,g,w,e,p,0.8925442591579151,4
logistic_polynomial,22993,22995,9.96,x,t,n,f,a,d,w,9.49,28.14,,,w,,,f,f,,d,a,p,e,0.02723178505571516,5
logistic_polynomial,60650,60796,1.17,f,s,y,f,f,f,f,4.08,6.35,,,y,,,f,f,,d,u,p,e,0.34128400499344774,5
logistic_polynomial,50281,50283,11.89,x,e,n,t,p,,e,11.21,31.31,,,e,,,f,f,,d,a,p,e,0.16750760328746844,6
logistic_polynomial,16619,16621,7.87,f,h,n,f,s,,y,9.37,12.05,,i,n,,,f,f,,d,a,e,p,0.618322196562737,5
logistic_polynomial,23016,23018,6.73,x,t,n,f,a,d,w,8.61,24.5,,,w,,,f,f,,d,a,p,e,0.02450290134011611,5
logistic_polynomial,11105,11106,2.29,x,g,n,f,a,,w,4.61,2.13,,,w,,,f,f,,d,u,p,e,0.1254338690688061,6
logistic_polynomial,25693,25695,6.96,x,t,e,f,x,d,w,6.38,16.78,b,,w,,,f,f,,d,u,p,e,0.2781551228120925,4
logistic_polynomial,900,900,12.98,x,,g,f,e,,w,10.89,16.71,,,w,u,w,t,g,,d,u,p,e,0.09030894331699478,5
logistic_polynomial,50228,50230,11.51,x,e,n,t,p,,o,9.91,33.29,,,e,,,f,f,,d,a,p,e,0.10385145609901125,6
logistic_polynomial,7337,7337,3.34,x,s,g,f,d,c,w,3.28,8.39,,,w,,,f,f,,g,a,p,e,0.2550122870951986,5
logistic_polynomial,26442,26444,11.35,s,s,u,f,x,,n,7.14,26.43,,,p,,,f,f,,d,a,e,p,0.8847402158480663,6
logistic_polynomial,41806,41808,1.76,b,h,n,f,a,,n,4.75,1.8,,t,n,,,f,f,,d,s,p,e,0.4897148386921035,5
logistic_polynomial,15244,15246,12.51,f,y,e,f,,,w,9.47,28.05,b,,n,,w,t,e,,d,a,e,p,0.7663324917005216,5
logistic_polynomial,7327,7327,3.36,x,s,g,f,d,c,w,3.49,8.02,,,w,,,f,f,,g,u,p,e,0.28884206421652386,5
logistic_polynomial,45639,45641,1.09,b,g,w,f,,,g,2.36,1.44,,,w,,,f,f,,d,u,e,p,0.5818041729851646,7
logistic_polynomial,29773,29775,3.39,s,d,g,t,d,c,p,4.66,6.37,,,n,,,f,f,,d,u,e,p,0.5089523009616251,5
logistic_polynomial,34987,34989,3.99,x,,w,f,x,c,n,7.41,7.23,b,,n,,w,t,,,d,a,e,p,0.7483881624404648,5
logistic_polynomial,33192,33194,9.01,x,s,w,f,s,,p,6.74,16.7,,i,n,,,f,f,,d,a,p,e,0.1653704002134294,5
logistic_polynomial,9804,9804,0.97,x,g,w,f,a,d,w,2.83,1.47,,,n,,,f,f,,l,u,p,e,0.2510662482563692,5
logistic_polynomial,23081,23083,11.82,x,t,n,f,a,d,w,11.29,33.85,,,w,,,f,f,,d,u,p,e,0.02684119026368786,5
logistic_polynomial,7184,7184,2.94,f,s,g,f,d,c,w,2.92,6.66,,,w,,,f,f,,g,u,p,e,0.3656568773739983,5
logistic_polynomial,6190,6190,6.32,x,,n,f,d,c,y,6.11,9.68,b,,n,,,f,f,,l,w,p,e,0.4709878986461544,5
logistic_polynomial,761,761,11.61,f,,n,f,e,,w,10.94,14.61,,,w,u,w,t,g,,d,u,p,e,0.10047835626632,5
logistic_polynomial,45679,45681,1.01,b,g,w,f,,,g,2.68,1.45,,,w,,,f,f,,d,a,e,p,0.5351975052708348,7
logistic_polynomial,60615,60761,1.2,f,s,y,f,f,f,f,4.4,6.38,,,y,,,f,f,,d,a,p,e,0.29929478175742597,5
logistic_polynomial,15375,15377,10.98,f,y,e,f,,,w,6.89,24.03,b,,n,,w,t,e,,d,a,e,p,0.827365751892293,5
logistic_polynomial,23060,23062,10.88,x,t,n,f,a,d,w,12.45,33.21,,,w,,,f,f,,d,a,p,e,0.01724702909337275,5
logistic_polynomial,33391,33393,14.2,x,h,g,f,s,,p,7.59,16.98,,i,n,,,f,f,,d,a,p,e,0.14175594294763239,5
logistic_polynomial,14480,14482,4.97,x,h,o,f,a,d,y,7.77,5.31,,s,n,,,f,f,,d,a,e,p,0.7488735990019979,4
logistic_polynomial,30877,30879,11.83,s,,o,t,d,,o,6.6,13.28,,,w,,,t,f,,d,a,p,e,0.414765774758215,7
logistic_polynomial,22064,22066,5.29,x,,y,f,a,c,y,4.18,9.28,,,w,,,f,f,,d,u,e,p,0.6411087824830152,6
logistic_polynomial,19562,19564,2.9,x,y,o,f,a,,y,2.86,5.94,,,o,,,f,f,,h,a,p,e,0.46893524604768344,6
logistic_polynomial,19484,19486,2.97,f,s,o,f,a,,o,3.87,6.35,,,o,,,f,f,,h,a,p,e,0.2625162779384024,6
logistic_polynomial,6717,6717,4.74,x,,r,f,d,,r,5.3,7.87,,,r,,,f,f,,l,u,e,p,0.9610677240724331,7
logistic_polynomial,44753,44755,7.8,b,y,w,f,,,k,14.16,17.5,,,w,,,f,f,,d,a,p,e,0.39727654351834746,7
logistic_polynomial,37232,37234,4.23,x,h,l,f,s,c,g,6.31,6.43,,y,l,,,t,e,k,g,a,p,e,0.30977213222316374,3
logistic_polynomial,30853,30855,8.79,s,,y,t,d,,o,5.35,11.62,,,w,,,t,f,,d,u,p,e,0.49981835530508545,7
logistic_polynomial,7322,7322,3.46,x,s,w,f,d,c,w,3.3,8.46,,,w,,,f,f,,g,a,p,e,0.2462330060222525,5
logistic_polynomial,12543,12544,1.52,x,s,y,f,d,,w,6.59,2.12,,t,y,,,f,f,,g,u,e,p,0.7428780074524384,5
logistic_polynomial,22986,22988,11.93,x,t,n,f,a,d,w,12.1,31.81,,,w,,,f,f,,d,u,p,e,0.026076672444823763,5
logistic_polynomial,7315,7315,3.35,f,s,w,f,d,c,w,3.37,8.09,,,w,,,f,f,,g,u,p,e,0.32178455282770824,5
logistic_polynomial,9471,9471,3.74,b,g,w,f,x,d,w,4.74,3.09,,,y,,,f,f,,g,a,e,p,0.6831828403449381,5
logistic_polynomial,43223,43225,8.92,x,y,w,t,,,p,8.32,15.87,s,,w,,,t,l,,g,u,p,e,0.3869254338895472,6
logistic_polynomial,43560,43562,9.57,p,i,n,t,e,,p,9.08,17.9,,y,w,,,t,p,,d,a,e,p,0.7984447380802192,5
logistic_polynomial,44600,44602,8.63,p,y,w,f,,,k,13.16,17.1,,,w,,,f,f,,d,a,p,e,0.09546894693812419,7
logistic_polynomial,25689,25691,7.7,f,t,e,f,x,d,w,6.73,18.64,b,,w,,,f,f,,d,a,p,e,0.2607867598841304,4
logistic_polynomial,50636,50638,3.05,x,k,n,f,p,,n,4.56,10.7,,,y,,,f,f,,d,a,e,p,0.5755600658241766,6
logistic_polynomial,33328,33330,10.43,x,s,n,f,s,,y,7.14,17.08,,i,n,,,f,f,,d,u,p,e,0.45316609978511996,5
logistic_polynomial,47657,47659,4.37,b,h,n,f,,,k,11.92,7.05,,,w,,,t,,k,g,w,p,e,0.48653486115539124,7
logistic_polynomial,39190,39192,5.35,c,e,w,t,x,c,p,6.48,13.31,,,w,,,f,f,,d,u,p,e,0.3722902015460151,5
logistic_polynomial,45761,45763,0.96,b,g,g,f,,,g,2.26,1.17,,,w,,,f,f,,d,a,e,p,0.5581104573950632,7
logistic_polynomial,58625,58771,19.61,x,s,o,f,p,,y,5.78,45.92,,,n,,,f,f,,d,w,p,e,0.3638105521957195,6
logistic_polynomial,5987,5987,16.03,x,e,g,f,a,c,w,8.65,24.98,s,,w,,,f,f,,d,a,e,p,0.5404203507280373,4
logistic_polynomial,20581,20583,4.54,x,s,o,f,a,c,o,5.32,7.09,,,e,,,f,f,,m,u,e,p,0.8961810644670121,5
logistic_polynomial,16823,16825,8.34,f,t,o,f,s,,y,9.91,13.14,,i,n,,,f,f,,d,a,e,p,0.90972388560071,5
logistic_polynomial,56182,56184,6.45,o,t,o,f,,c,o,1.4,14.35,,,y,,,f,f,,d,w,p,e,0.4603423868970178,6
logistic_polynomial,14775,14777,3.56,f,h,n,f,a,d,y,3.21,4.08,,k,n,,,f,f,,d,a,e,p,0.8581566140763632,4
logistic_polynomial,868,868,13.91,x,,n,f,e,,w,11.05,13.91,,,w,u,w,t,e,,d,u,p,e,0.045511614214588623,5
logistic_polynomial,9522,9522,2.76,b,g,n,f,x,d,w,3.6,2.45,,,y,,,f,f,,g,a,e,p,0.6635381964832943,5
logistic_polynomial,27574,27576,6.07,s,d,n,t,d,c,w,6.62,8.55,,,n,,,f,f,,d,a,p,e,0.3909932851840443,5
logistic_polynomial,6730,6730,5.23,x,,w,f,d,,r,5.92,8.21,,,r,,,f,f,,l,u,e,p,0.7113251443818679,7
logistic_polynomial,60684,60830,1.36,x,s,y,f,f,f,f,3.28,5.45,,,y,,,f,f,,d,a,p,e,0.29506412427777273,5
logistic_polynomial,20620,20622,3.8,x,d,e,f,a,c,o,3.57,6.0,,,e,,,f,f,,g,u,e,p,0.9700243988984477,5
logistic_polynomial,23749,23751,3.75,f,,b,f,x,,w,3.36,6.03,,,w,,,f,f,,d,a,p,e,0.1926052900195215,7
logistic_polynomial,40472,40474,5.93,x,s,n,f,s,,n,5.06,6.33,,y,n,,,f,f,,d,w,p,e,0.47706667605804975,5
logistic_polynomial,28856,28858,5.15,s,d,n,t,d,c,w,4.8,7.2,,,n,,,f,f,,d,u,p,e,0.4871623800336674,5
logistic_polynomial,9731,9731,1.0,x,g,w,f,a,d,w,3.09,1.53,,,n,,,f,f,,d,u,p,e,0.33949242492571974,5
logistic_polynomial,44797,44799,7.23,p,y,n,f,,,k,15.26,17.48,,,w,,,f,f,,d,a,p,e,0.11540698843854662,7
logistic_polynomial,41724,41726,1.54,b,h,n,f,a,,n,4.83,1.69,,t,n,,,f,f,,d,s,p,e,0.49876793674659825,5
logistic_polynomial,50312,50314,10.5,x,e,y,t,p,,e,9.66,32.22,,,e,,,f,f,,d,a,p,e,0.3257598243647868,6
logistic_polynomial,2026,2026,5.76,x,,y,f,e,,w,6.03,13.17,b,,y,u,w,t,g,,d,u,e,p,0.6651732511984343,4
logistic_polynomial,23051,23053,9.14,x,t,n,f,a,d,w,8.2,24.27,,,w,,,f,f,,d,a,p,e,0.034343104388962514,5
logistic_polynomial,23722,23724,3.62,x,,b,f,x,,w,3.87,6.02,,,w,,,f,f,,d,a,p,e,0.16067798014941698,7
logistic_polynomial,8006,8006,3.32,f,d,n,f,x,c,w,4.95,2.99,b,s,n,,,f,f,,d,u,p,e,0.49062654520307564,3
logistic_polynomial,860,860,12.28,f,,n,f,e,,w,10.79,13.3,,,w,u,w,t,g,,d,u,p,e,0.09072933165254961,5
logistic_polynomial,33338,33340,12.9,x,h,w,f,s,,p,7.26,16.81,,i,n,,,f,f,,d,a,p,e,0.16510208055193812,5
logistic_polynomial,43673,43675,9.47,x,i,n,t,e,,p,8.99,17.08,,y,w,,,t,p,,d,a,e,p,0.7895929763059777,5
logistic_polynomial,11776,11777,0.86,f,g,e,t,a,,p,4.92,0.97,,,n,,,f,f,,h,u,e,p,0.7225750145989347,6
logistic_polynomial,43621,43623,10.05,x,i,n,t,e,,p,8.86,17.22,,y,w,,,t,p,,d,a,e,p,0.7841473910249004,5
logistic_polynomial,60666,60812,1.29,x,s,y,f,f,f,f,3.07,5.56,,,y,,,f,f,,d,u,p,e,0.3345188321692242,5
logistic_polynomial,43251,43253,8.57,x,y,w,t,,,p,7.99,12.05,s,,w,,,t,l,,d,a,p,e,0.33703681694301174,6
logistic_polynomial,47775,47777,4.24,b,h,n,f,,,k,11.28,6.99,,,w,,,t,,k,g,w,p,e,0.4511633873433,7
logistic_polynomial,19598,19600,3.01,x,s,o,f,a,,y,3.06,5.54,,,o,,,f,f,,h,a,p,e,0.4670898981228477,6
logistic_polynomial,25446,25448,6.91,x,t,e,f,x,d,w,6.03,16.36,b,,w,,,f,f,,d,a,p,e,0.2561777988468942,4
logistic_polynomial,26332,26334,12.42,x,s,n,f,x,,n,8.88,25.66,,,p,,,f,f,,d,u,e,p,0.7371129363467325,6
logistic_polynomial,35077,35079,4.6,x,,w,f,x,c,n,8.53,10.18,b,,n,,w,t,,,d,a,e,p,0.692985281081079,5
logistic_polynomial,54271,54273,5.85,s,d,y,f,d,c,o,3.5,6.52,,,o,,,f,f,,h,a,p,e,0.3717482613289091,5
logistic_polynomial,33336,33338,12.36,x,h,n,f,s,,p,8.1,18.12,,i,n,,,f,f,,d,u,p,e,0.1541576873672952,5
logistic_polynomial,16666,16668,7.57,f,h,o,f,s,,y,8.75,12.76,,i,n,,,f,f,,d,a,e,p,0.8333049886294679,5
logistic_polynomial,9462,9462,4.15,b,g,w,f,x,d,w,4.7,3.38,,,y,,,f,f,,g,u,e,p,0.7050372918435619,5
logistic_polynomial,43398,43400,8.53,x,y,w,t,,,p,8.74,14.97,s,,w,,,t,l,,g,a,p,e,0.3575186229468916,6
logistic_polynomial,21911,21913,3.89,x,,y,f,a,c,y,3.91,10.47,,,w,,,f,f,,d,a,e,p,0.6012942903352105,6
logistic_polynomial,25474,25476,7.56,f,h,e,f,x,d,w,5.36,17.47,b,,w,,,f,f,,d,u,p,e,0.20606396808447022,4
logistic_polynomial,26404,26406,11.15,x,s,y,f,x,,n,6.97,21.43,,,p,,,f,f,,d,u,e,p,0.8929240334139603,6
logistic_polynomial,14485,14487,3.83,f,h,n,f,a,d,y,6.87,6.23,,s,n,,,f,f,,d,a,e,p,0.5173252903079288,4
logistic_polynomial,912,912,11.65,f,,g,f,e,,w,10.92,14.43,,,w,u,w,t,g,,d,u,p,e,0.13124605532750785,5
logistic_polynomial,44746,44748,8.21,p,y,w,f,,,k,15.45,17.46,,,w,,,f,f,,d,a,p,e,0.14644333367969029,7
logistic_polynomial,22186,22188,5.51,x,,y,f,a,c,y,4.48,10.79,,,w,,,f,f,,d,u,e,p,0.6161929039001117,6
logistic_polynomial,50390,50392,10.2,x,e,y,t,p,,e,7.78,21.87,,,e,,,f,f,,d,u,p,e,0.4804656427473454,6
logistic_polynomial,43570,43572,9.0,p,i,n,t,e,,p,8.37,16.09,,y,w,,,t,p,,d,a,e,p,0.8162424353309996,5
logistic_polynomial,23150,23152,11.93,x,t,n,f,a,d,w,11.85,31.21,,,w,,,f,f,,d,a,p,e,0.02297423619146442,5
logistic_polynomial,893,893,12.88,f,,g,f,e,,w,11.06,14.74,,,w,u,w,t,g,,d,a,p,e,0.09316293270252168,5
logistic_polynomial,12609,12610,1.31,x,t,n,f,d,,w,6.75,2.33,,t,y,,,f,f,,g,u,e,p,0.7916360220064564,5
logistic_polynomial,7671,7671,4.08,f,l,n,f,x,d,y,6.09,5.02,,,n,,,f,f,,l,a,p,e,0.47096045910877554,5
logistic_polynomial,23280,23282,9.68,x,t,n,f,a,d,w,9.1,31.39,,,w,,,f,f,,d,u,p,e,0.029898946482783517,5
logistic_polynomial,11881,11882,1.01,c,g,e,t,a,,p,5.92,1.05,,,n,,,f,f,,h,a,e,p,0.7963577287676595,6
logistic_polynomial,7878,7878,3.25,f,d,b,f,x,c,w,3.95,2.73,b,s,n,,,f,f,,d,a,p,e,0.40269258504542915,3
logistic_polynomial,26462,26464,12.81,x,s,u,f,x,,n,7.66,19.99,,,p,,,f,f,,d,a,e,p,0.8738138035038322,6
logistic_polynomial,50320,50322,11.01,x,e,n,t,p,,e,9.46,30.62,,,e,,,f,f,,d,u,p,e,0.22465549841721041,6
logistic_polynomial,60829,60975,1.24,f,s,y,f,f,f,f,3.81,5.49,,,y,,,f,f,,d,u,p,e,0.3655566678715651,5
logistic_polynomial,1017,1017,11.14,f,,g,f,e,,w,10.45,13.26,,,w,u,w,t,g,,d,a,p,e,0.12024387350033032,5
logistic_polynomial,26181,26183,10.98,s,s,r,f,x,,n,8.16,23.53,,,p,,,f,f,,d,u,e,p,0.967018866358513,6
logistic_polynomial,20782,20784,3.54,x,h,e,f,a,c,o,4.74,7.07,,,e,,,f,f,,g,w,e,p,0.8378562838213651,5
logistic_polynomial,58637,58783,17.6,x,g,o,f,p,,y,4.62,34.65,,,n,,,f,f,,d,a,p,e,0.32651696321266516,6
logistic_polynomial,33344,33346,12.08,x,s,n,f,s,,p,7.8,18.57,,i,n,,,f,f,,d,a,p,e,0.10194374200503195,5
logistic_polynomial,16646,16648,8.54,f,t,o,f,s,,n,9.4,12.46,,i,n,,,f,f,,d,a,e,p,0.8497657488380596,5
logistic_polynomial,622,622,6.99,x,g,n,f,e,,w,7.87,14.7,,y,w,u,w,t,p,,d,a,p,e,0.49428114637254955,3
logistic_polynomial,23487,23489,4.62,s,,u,f,a,,w,4.84,8.32,,,w,,,f,f,,d,u,p,e,0.35006647246177863,7
logistic_polynomial,14587,14589,4.43,f,t,o,f,a,d,w,6.76,5.4,,k,o,,,f,f,,d,a,e,p,0.7056860022337033,4
logistic_polynomial,11850,11851,1.17,f,g,e,t,a,,p,4.82,1.02,,,n,,,f,f,,d,u,e,p,0.7724312791565292,6
logistic_polynomial,27908,27910,8.05,s,h,g,t,d,,w,4.6,12.79,,t,n,,,f,f,,d,u,p,e,0.2567201895762037,5
logistic_polynomial,56145,56147,6.77,o,t,n,f,,c,y,1.31,14.92,,,n,,,f,f,,d,w,p,e,0.3798550174917557,6
logistic_polynomial,50593,50595,3.47,x,k,n,f,p,,e,4.8,10.26,,,n,,,f,f,,d,a,e,p,0.6122344407401398,6
logistic_polynomial,50437,50439,10.54,x,e,y,t,p,,e,8.3,26.79,,,e,,,f,f,,d,a,p,e,0.41212738258978404,6
logistic_polynomial,45183,45185,2.32,b,y,n,f,,c,k,6.35,2.97,,,w,,,f,f,,d,u,e,p,0.6275210338542961,6
logistic_polynomial,4407,4407,1.49,s,y,n,f,d,d,p,2.99,2.47,,i,n,,,f,f,,h,u,e,p,0.5082217852871509,4
logistic_polynomial,9704,9704,1.14,x,g,w,f,a,d,w,3.12,1.53,,,n,,,f,f,,d,a,p,e,0.2990976444889177,5
logistic_polynomial,50447,50449,10.62,x,e,n,t,p,,o,8.91,27.04,,,u,,,f,f,,d,u,p,e,0.09962604061087121,6
logistic_polynomial,7198,7198,3.2,x,s,g,f,d,c,w,2.82,6.9,,,w,,,f,f,,g,u,p,e,0.3222095477733187,5
logistic_polynomial,4152,4152,2.57,x,y,n,f,a,,w,5.03,3.28,,y,n,,,t,r,,h,a,p,e,0.4911016223280275,5
logistic_polynomial,7370,7370,3.37,s,s,g,f,d,c,w,3.02,7.3,,,w,,,f,f,,g,a,p,e,0.2352795593967537,5
logistic_polynomial,41944,41946,1.59,b,h,n,f,a,,n,4.91,1.66,,t,n,,,f,f,,h,s,p,e,0.4234118751260986,5
logistic_polynomial,15059,15061,10.69,f,s,e,f,d,d,w,8.12,14.73,,i,n,,,t,,w,d,u,e,p,0.5323827310854001,4
logistic_polynomial,6249,6249,5.88,x,,g,f,d,c,w,6.29,10.7,b,,n,,,f,f,,l,w,p,e,0.25463689023703195,5
logistic_polynomial,33454,33456,10.82,x,h,y,f,s,,p,6.75,16.73,,i,n,,,f,f,,d,u,p,e,0.35499903579857073,5
logistic_polynomial,35292,35294,4.58,x,,n,f,x,c,w,8.48,10.16,b,,n,,w,t,,,d,u,e,p,0.5128142203552946,5
logistic_polynomial,9216,9216,3.46,b,g,n,f,x,d,w,4.94,2.88,,,y,,,f,f,,g,u,e,p,0.6742029866778023,5
logistic_polynomial,11001,11002,2.79,x,g,n,f,a,,p,8.75,2.66,,,n,,,f,f,,d,a,p,e,0.3270080188429607,6
logistic_polynomial,20667,20669,2.41,x,s,o,f,a,c,o,4.08,6.25,,,e,,,f,f,,g,a,e,p,0.8980158485261748,5
logistic_polynomial,30854,30856,10.82,s,,y,t,d,,o,5.93,14.28,,,w,,,t,f,,d,u,p,e,0.4383602401365058,7
logistic_polynomial,60921,61067,1.24,f,s,y,f,f,f,f,3.56,5.44,,,y,,,f,f,,d,u,p,e,0.37030519686519414,5
logistic_polynomial,7219,7219,2.38,x,s,g,f,d,c,w,2.92,6.46,,,w,,,f,f,,g,u,p,e,0.33032771136540795,5
logistic_polynomial,29708,29710,3.3,f,d,g,t,d,c,p,3.79,6.12,,,n,,,f,f,,d,a,e,p,0.5811117061376299,5
logistic_polynomial,4574,4574,2.84,f,y,n,f,d,d,p,6.84,4.08,,i,n,,,f,f,,l,u,e,p,0.517935706338908,4
logistic_polynomial,7194,7194,2.72,s,s,w,f,d,c,w,2.71,7.03,,,w,,,f,f,,g,u,p,e,0.2750458844498053,5
logistic_polynomial,9520,9520,4.19,b,g,n,f,x,d,w,4.39,3.07,,,y,,,f,f,,g,a,e,p,0.6100092048956127,5
logistic_polynomial,16833,16835,8.9,f,t,n,f,s,,y,9.37,12.1,,i,n,,,f,f,,d,a,e,p,0.7494129916362127,5
logistic_polynomial,50286,50288,10.18,x,e,y,t,p,,o,9.5,28.67,,,u,,,f,f,,d,a,p,e,0.15209933551037666,6
logistic_polynomial,8263,8263,2.44,f,,n,f,x,c,p,6.59,3.19,,,n,,,f,f,,l,a,p,e,0.43909301346632973,6
logistic_polynomial,7358,7358,2.87,f,s,g,f,d,c,w,2.61,6.38,,,w,,,f,f,,g,u,p,e,0.3796063028273303,5
logistic_polynomial,58491,58637,12.71,f,d,e,f,p,,y,5.01,32.7,,,n,,,f,f,,d,w,p,e,0.137440534136683,6
logistic_polynomial,11845,11846,1.01,f,g,e,t,a,,w,5.43,1.01,,,n,,,f,f,,d,u,e,p,0.8438101772397226,6
logistic_polynomial,20795,20797,3.22,x,d,o,f,a,c,o,4.15,6.09,,,e,,,f,f,,g,u,e,p,0.9412098355321992,5
logistic_polynomial,12399,12400,1.62,x,t,y,f,d,,w,6.57,2.66,,t,y,,,f,f,,d,a,e,p,0.845377769330388,5
logistic_polynomial,6933,6933,5.08,x,,l,f,d,,r,6.54,6.76,,,r,,,f,f,,d,a,e,p,0.5385966847530129,7
logistic_polynomial,6970,6970,4.77,x,,r,f,d,,r,5.44,6.76,,,l,,,f,f,,d,u,e,p,0.6066798754978192,7
logistic_polynomial,12447,12448,1.3,x,t,y,f,d,,w,5.65,1.75,,t,y,,,f,f,,g,a,e,p,0.8776747707866567,5
logistic_polynomial,23976,23978,3.79,f,,y,f,x,,w,5.42,6.68,,,w,,,f,f,,d,a,p,e,0.36726662272926996,7
logistic_polynomial,27894,27896,9.41,s,h,g,t,d,,g,4.58,14.03,,t,g,,,f,f,,d,a,p,e,0.049281597798485094,5
logistic_polynomial,50740,50742,4.78,x,k,n,f,p,,n,5.68,11.43,,,y,,,f,f,,d,a,e,p,0.540198663967558,6
logistic_polynomial,23840,23842,3.95,f,,y,f,x,,w,5.72,6.55,,,w,,,f,f,,d,a,p,e,0.3664855342435726,7
logistic_polynomial,20606,20608,4.31,x,s,p,f,a,c,e,5.05,6.86,,,e,,,f,f,,g,u,e,p,0.9358724657881132,5
logistic_polynomial,1015,1015,10.81,x,,n,f,e,,w,10.26,13.98,,,w,u,w,t,e,,d,a,p,e,0.06368953783320078,5
logistic_polynomial,16722,16724,6.1,f,t,o,f,s,,n,8.43,12.05,,i,n,,,f,f,,d,a,e,p,0.8719290857507337,5
logistic_polynomial,16887,16889,8.54,f,s,o,f,s,,n,9.91,14.37,,i,n,,,f,f,,d,a,e,p,0.6333871409193588,5
logistic_polynomial,44593,44595,8.77,p,y,w,f,,,k,17.61,17.75,,,w,,,f,f,,d,a,p,e,0.23835332091219535,7
logistic_polynomial,7139,7139,3.54,s,s,g,f,d,c,w,2.91,6.97,,,w,,,f,f,,g,u,p,e,0.2734800406674725,5
logistic_polynomial,56354,56356,7.12,o,t,y,f,,c,o,1.48,15.07,,,y,,,f,f,,d,w,p,e,0.3810385559979294,6
logistic_polynomial,5860,5860,15.02,s,e,n,f,d,c,w,10.7,27.98,s,,w,,,f,f,,d,a,e,p,0.6223302383618545,4
logistic_polynomial,33500,33502,11.9,x,s,g,f,s,,y,7.19,18.06,,i,n,,,f,f,,d,a,p,e,0.4630043039864063,5
logistic_polynomial,23406,23408,4.12,f,,u,f,a,,w,3.74,6.56,,,w,,,f,f,,d,a,p,e,0.4543491101903197,7
logistic_polynomial,43117,43119,7.81,x,y,w,t,,,p,9.05,16.2,s,,w,,,t,l,,d,a,p,e,0.3038650639831546,6
logistic_polynomial,50259,50261,10.73,x,e,y,t,p,,o,7.55,23.85,,,u,,,f,f,,d,u,p,e,0.2515509786058686,6
logistic_polynomial,44002,44004,8.98,f,s,w,f,e,c,k,22.27,12.66,,s,w,,,t,e,,g,s,e,p,0.7041781660095521,4
logistic_polynomial,50567,50569,3.94,x,k,n,f,p,,e,5.5,10.64,,,y,,,f,f,,d,a,e,p,0.6308886152082781,6
logistic_polynomial,58720,58866,13.39,f,s,k,f,p,,y,5.0,36.77,,,n,,,f,f,,d,a,p,e,0.3037804528947163,6
logistic_polynomial,60582,60728,1.25,s,s,y,f,f,f,f,3.73,5.71,,,y,,,f,f,,d,u,p,e,0.2771893487598393,5
logistic_polynomial,44553,44555,8.49,p,y,w,f,,,p,13.99,16.79,,,w,,,f,f,,d,a,p,e,0.04144414250607642,7
logistic_polynomial,9662,9662,1.12,x,g,w,f,a,d,w,3.1,1.59,,,n,,,f,f,,l,a,p,e,0.21399886065390378,5
logistic_polynomial,43437,43439,11.2,x,i,n,t,e,,p,9.76,18.43,,y,w,,,t,p,,l,a,e,p,0.6709980101767433,5
logistic_polynomial,60783,60929,1.11,f,s,y,f,f,f,f,2.98,4.87,,,y,,,f,f,,d,u,p,e,0.3943825366949352,5
logistic_polynomial,28141,28143,7.11,s,t,n,t,d,,w,4.57,12.79,,t,n,,,f,f,,d,u,p,e,0.35783055822745985,5
logistic_polynomial,23899,23901,3.75,f,,b,f,x,,w,5.14,6.63,,,w,,,f,f,,d,u,p,e,0.19558035880359195,7
logistic_polynomial,9286,9286,3.96,b,g,w,f,x,d,w,4.43,3.42,,,y,,,f,f,,g,a,e,p,0.6729418116919281,5
logistic_polynomial,58689,58835,18.54,x,d,n,f,p,,y,5.56,39.16,,,n,,,f,f,,d,w,p,e,0.07527905384549834,6
logistic_polynomial,26789,26791,7.27,f,,y,f,x,c,n,6.51,11.54,,,w,,,f,f,,d,a,p,e,0.3882369591763459,6
logistic_polynomial,7443,7443,4.52,f,l,n,f,x,d,y,5.58,5.07,,,y,,,f,f,,l,a,p,e,0.4958903300714609,5
logistic_polynomial,20798,20800,3.79,x,h,e,f,a,c,o,5.21,6.84,,,e,,,f,f,,m,w,e,p,0.842137978658857,5
logistic_polynomial,60816,60962,1.22,f,s,y,f,f,f,f,2.97,5.42,,,y,,,f,f,,d,a,p,e,0.3415936351365579,5
logistic_polynomial,22956,22958,10.22,x,t,n,f,a,d,w,10.58,32.64,,,w,,,f,f,,d,a,p,e,0.02013126834445168,5
logistic_polynomial,44784,44786,7.3,b,y,w,f,,,k,13.42,17.2,,,w,,,f,f,,d,a,p,e,0.37541332685153167,7
logistic_polynomial,50245,50247,11.61,x,e,n,t,p,,e,10.33,27.61,,,u,,,f,f,,d,u,p,e,0.16080195828432134,6
logistic_polynomial,26905,26907,11.35,s,,w,t,d,c,y,6.76,24.76,,,w,,,f,f,,d,u,e,p,0.5017861727059959,6
logistic_polynomial,50215,50217,10.99,x,e,y,t,p,,o,8.33,24.72,,,e,,,f,f,,d,a,p,e,0.2666979208075805,6
logistic_polynomial,9387,9387,3.85,b,g,w,f,x,d,w,4.67,3.35,,,y,,,f,f,,g,a,e,p,0.676221872301059,5
logistic_polynomial,783,783,14.55,x,,g,f,e,,w,11.32,16.34,,,w,u,w,t,g,,d,u,p,e,0.0704310467713664,5
logistic_polynomial,7371,7371,2.61,f,s,w,f,d,c,w,3.03,8.2,,,w,,,f,f,,g,u,p,e,0.33114042429799306,5
logistic_polynomial,26379,26381,13.28,f,s,r,f,x,,n,6.25,23.34,,,w,,,f,f,,d,u,e,p,0.5521228383883111,6
logistic_polynomial,1900,1900,3.8,x,,w,f,e,,w,5.1,9.99,b,,y,u,w,t,g,,d,u,e,p,0.6036643872852414,4
logistic_polynomial,43655,43657,9.43,p,i,n,t,e,,p,8.86,16.49,,y,w,,,t,l,,l,a,e,p,0.5149577877376913,5
logistic_polynomial,28112,28114,7.85,s,h,r,t,d,,g,4.38,11.71,,t,g,,,f,f,,d,u,p,e,0.38202015331115013,5
logistic_polynomial,22059,22061,3.71,x,,y,f,a,c,y,4.7,10.88,,,w,,,f,f,,d,a,e,p,0.5711787481817076,6
logistic_polynomial,14646,14648,5.64,x,t,o,f,a,d,y,7.0,5.24,,k,o,,,f,f,,d,s,e,p,0.5967056044891186,4
logistic_polynomial,22231,22233,3.52,x,,y,f,a,c,y,3.46,8.64,,,w,,,f,f,,d,u,e,p,0.6810263274517863,6
logistic_polynomial,11238,11239,2.79,x,g,n,f,a,,p,8.6,2.55,,,n,,,f,f,,d,u,p,e,0.36335344501436795,6
logistic_polynomial,9316,9316,3.07,b,g,w,f,x,d,w,3.82,2.73,,,y,,,f,f,,g,u,e,p,0.742881278791357,5
logistic_polynomial,11774,11775,0.92,f,g,e,t,a,,p,5.25,0.96,,,n,,,f,f,,h,a,e,p,0.6899479813800455,6
logistic_polynomial,9529,9529,3.63,b,g,n,f,x,d,w,4.34,2.87,,,y,,,f,f,,g,a,e,p,0.6300464533725206,5
logistic_polynomial,25542,25544,7.18,f,t,e,f,x,d,w,5.31,18.41,b,,w,,,f,f,,d,u,p,e,0.34527182839881665,4
logistic_polynomial,23629,23631,3.81,s,,u,f,a,,w,3.64,7.37,,,w,,,f,f,,d,a,p,e,0.3565227428550542,7
logistic_polynomial,9878,9879,0.94,x,g,w,f,a,d,w,2.69,1.28,,,n,,,f,f,,l,u,p,e,0.2561445990513217,5
logistic_polynomial,9430,9430,3.6,b,g,w,f,x,d,w,4.79,2.99,,,y,,,f,f,,g,u,e,p,0.7247078956957157,5
logistic_polynomial,9570,9570,1.05,x,g,w,f,a,d,w,2.84,1.4,,,n,,,f,f,,l,u,p,e,0.25114346497491447,5
logistic_polynomial,14713,14715,3.93,f,t,o,f,a,d,y,6.16,5.64,,k,n,,,f,f,,d,w,e,p,0.8854851121434222,4
logistic_polynomial,28860,28862,8.49,s,d,n,t,d,c,w,7.21,10.79,,,n,,,f,f,,d,a,p,e,0.3068238131254912,5
logistic_polynomial,23530,23532,4.28,f,,u,f,a,,w,3.91,6.82,,,w,,,f,f,,d,a,p,e,0.44437823295126266,7
logistic_polynomial,58670,58816,19.51,x,g,e,f,p,,y,6.0,40.26,,,n,,,f,f,,d,w,p,e,0.25622836301862706,6
logistic_polynomial,50521,50523,3.22,x,k,n,f,p,,y,4.57,9.3,,,n,,,f,f,,d,a,e,p,0.6944270357121117,6
logistic_polynomial,25479,25481,8.19,x,t,e,f,x,d,w,6.19,16.36,b,,w,,,f,f,,d,a,p,e,0.25263097012137103,4
logistic_polynomial,11694,11695,1.11,c,g,n,t,a,,w,6.09,0.88,,,n,,,f,f,,d,u,e,p,0.6035949298123668,6
logistic_polynomial,23684,23686,4.62,x,,p,f,x,,w,5.28,6.83,,,w,,,f,f,,d,a,p,e,0.34847652813564417,7
logistic_polynomial,45570,45572,1.1,b,g,w,f,,,g,2.88,1.64,,,w,,,f,f,,d,u,e,p,0.5699352228211777,7
logistic_polynomial,44802,44804,8.03,b,y,n,f,,,p,13.27,17.15,,,w,,,f,f,,d,a,p,e,0.12792302955895155,7
logistic_polynomial,872,872,11.0,x,,g,f,e,,w,11.1,14.55,,,w,u,w,t,e,,d,u,p,e,0.10067415761246469,5
logistic_polynomial,50709,50711,3.17,x,k,n,f,p,,y,4.7,9.95,,,y,,,f,f,,d,a,e,p,0.7149653828702336,6
logistic_polynomial,40263,40265,7.41,x,s,n,f,s,,g,6.61,9.05,,y,n,,,f,f,,d,w,p,e,0.2596832292536763,5
logistic_polynomial,25631,25633,8.22,x,t,e,f,x,d,w,7.28,17.71,b,,w,,,f,f,,d,u,p,e,0.2536238669904652,4
logistic_polynomial,10946,10947,2.39,x,g,e,f,a,,p,5.55,2.33,,,w,,,f,f,,d,a,p,e,0.3412704572127534,6
logistic_polynomial,46527,46529,4.63,f,,y,f,x,c,n,7.43,4.41,,,w,,,f,f,,d,a,e,p,0.579798741951864,6
logistic_polynomial,9435,9435,3.62,b,g,n,f,x,d,w,4.11,3.09,,,y,,,f,f,,g,a,e,p,0.6279179707202277,5
logistic_polynomial,25724,25726,7.42,f,t,e,f,x,d,w,6.72,18.16,b,,w,,,f,f,,d,a,p,e,0.2626169254133514,4
logistic_polynomial,16592,16594,6.96,f,s,o,f,s,,n,9.01,13.06,,i,n,,,f,f,,d,a,e,p,0.6695879502091218,5
logistic_polynomial,43133,43135,6.92,x,y,w,t,,,w,6.97,11.82,s,,w,,,t,l,,d,a,p,e,0.4765154244870042,6
logistic_polynomial,25429,25431,7.82,x,h,e,f,x,d,w,5.93,18.21,b,,w,,,f,f,,d,u,p,e,0.1621140425075382,4
logistic_polynomial,39322,39324,3.45,c,e,w,t,x,c,p,4.75,11.08,,,w,,,f,f,,d,s,p,e,0.1413359376318664,5
logistic_polynomial,7032,7032,4.11,x,,r,f,d,,r,6.27,8.44,,,r,,,f,f,,l,a,e,p,0.9527519584575663,7
logistic_polynomial,28086,28088,7.01,s,t,n,t,d,,w,4.46,12.34,,t,n,,,f,f,,d,a,p,e,0.3248864897398385,5
logistic_polynomial,43163,43165,9.04,x,y,w,t,,,p,7.99,14.3,s,,w,,,t,l,,g,u,p,e,0.399302791468968,6
logistic_polynomial,40408,40410,8.58,x,s,n,f,s,,g,5.5,7.92,,y,n,,,f,f,,d,w,p,e,0.24068054057397845,5
logistic_polynomial,20671,20673,3.01,x,h,e,f,a,c,e,4.02,6.57,,,e,,,f,f,,g,w,e,p,0.919741945045544,5
logistic_polynomial,11258,11259,2.53,x,g,e,f,a,,p,7.46,2.42,,,w,,,f,f,,d,a,p,e,0.3793804318142541,6
logistic_polynomial,36067,36069,3.64,x,h,n,f,x,c,n,4.46,5.57,,y,n,,,t,r,,d,a,e,p,0.7233381307658244,4
logistic_polynomial,4441,4441,3.18,f,y,n,f,d,d,p,6.94,3.8,,i,n,,,f,f,,h,u,e,p,0.5540243971862746,4
logistic_polynomial,12648,12649,1.56,x,s,n,f,d,,w,5.59,1.66,,t,y,,,f,f,,g,u,e,p,0.5449559017082338,5
logistic_polynomial,50166,50168,12.43,x,e,y,t,p,,e,8.91,31.39,,,u,,,f,f,,d,u,p,e,0.38466574720455615,6
logistic_polynomial,23915,23917,3.8,x,,y,f,x,,w,4.46,6.56,,,w,,,f,f,,d,u,p,e,0.3755480314675318,7
logistic_polynomial,539,539,9.06,x,g,n,f,e,,w,8.11,17.08,,y,w,u,w,t,p,,d,u,p,e,0.49267260334780294,3
logistic_polynomial,21899,21901,3.55,x,,y,f,a,c,y,4.82,9.38,,,w,,,f,f,,d,u,e,p,0.6376894746701578,6
logistic_polynomial,43413,43415,8.59,x,y,w,t,,,w,8.24,13.69,s,,w,,,t,l,,d,u,p,e,0.46078751001669654,6
logistic_polynomial,60649,60795,1.26,f,s,y,f,f,f,f,4.16,6.42,,,y,,,f,f,,d,u,p,e,0.3385905213108226,5
logistic_polynomial,43613,43615,9.45,p,i,n,t,e,,p,9.13,17.58,,y,w,,,t,p,,d,a,e,p,0.80073811302014,5
logistic_polynomial,23691,23693,2.28,x,,y,f,x,,w,3.69,5.43,,,w,,,f,f,,d,u,p,e,0.42704955751873347,7
logistic_polynomial,25492,25494,7.24,f,t,e,f,x,d,w,5.9,16.47,b,,w,,,f,f,,d,u,p,e,0.3345168076929541,4
logistic_polynomial,14846,14848,11.52,f,s,e,f,d,d,w,8.05,13.08,,i,n,,,t,,w,d,u,e,p,0.5010428179830184,4
logistic_polynomial,26814,26816,9.05,f,,y,f,x,c,y,6.54,12.77,,,w,,,f,f,,d,a,p,e,0.48093818914051656,6
logistic_polynomial,12396,12397,1.6,x,t,y,f,d,,w,6.25,2.24,,t,y,,,f,f,,d,a,e,p,0.8485949442329002,5
logistic_polynomial,23360,23362,2.95,f,,u,f,a,,w,4.01,7.83,,,w,,,f,f,,d,u,p,e,0.482889119926962,7
logistic_polynomial,44756,44758,7.95,p,y,w,f,,,k,14.63,16.31,,,w,,,f,f,,d,a,p,e,0.14155089806507992,7
logistic_polynomial,16757,16759,8.23,f,h,o,f,s,,y,8.65,12.85,,i,n,,,f,f,,d,a,e,p,0.8242195941439939,5
logistic_polynomial,7195,7195,3.03,f,s,g,f,d,c,w,2.79,7.47,,,w,,,f,f,,g,u,p,e,0.3575679010230423,5
logistic_polynomial,19879,19881,5.98,x,s,e,f,e,,k,5.65,6.52,,,o,,,f,f,,m,a,p,e,0.18350186086256917,6
logistic_polynomial,5662,5662,15.44,f,e,g,f,d,c,w,9.0,26.99,s,,w,,,f,f,,d,a,e,p,0.8058182458548179,4
logistic_polynomial,9558,9558,1.04,x,g,w,f,a,d,w,2.33,1.33,,,n,,,f,f,,d,u,p,e,0.35183555749985235,5
logistic_polynomial,28240,28242,15.53,x,t,k,t,d,c,b,4.81,26.95,,,g,,,f,f,,g,a,p,e,0.4469155385505112,5
logistic_polynomial,60900,61046,1.2,s,s,y,f,f,f,f,3.61,5.19,,,y,,,f,f,,d,u,p,e,0.28969997189726293,5
logistic_polynomial,30690,30692,8.15,s,t,p,t,d,c,o,4.62,17.53,,,w,,,f,f,,d,u,e,p,0.5217209923537124,5
logistic_polynomial,5777,5777,14.12,s,e,g,f,d,c,w,8.51,24.83,s,,w,,,f,f,,d,a,e,p,0.7380791779479033,4
logistic_polynomial,12697,12698,1.5,x,s,n,f,d,,w,6.74,1.94,,t,y,,,f,f,,d,u,e,p,0.5141943990387282,5
logistic_polynomial,35084,35086,4.72,x,,w,f,x,c,w,8.2,9.36,b,,n,,w,t,,,g,u,e,p,0.641975969813169,5
logistic_polynomial,43438,43440,10.66,x,i,n,t,e,,p,8.77,17.23,,y,w,,,t,p,,d,a,e,p,0.7775514187990992,5
logistic_polynomial,12443,12444,1.77,x,t,y,f,a,,w,5.87,2.47,,t,y,,,f,f,,d,u,e,p,0.7011653011419826,5
logistic_polynomial,9871,9872,0.88,x,g,w,f,a,d,w,2.93,1.45,,,n,,,f,f,,d,a,p,e,0.3062272246531234,5
logistic_polynomial,15482,15484,10.15,f,y,e,f,,,w,5.99,25.4,b,,n,,w,t,e,,d,a,e,p,0.8536802983512889,5
logistic_polynomial,33334,33336,11.05,x,s,w,f,s,,p,8.54,17.26,,i,n,,,f,f,,d,a,p,e,0.12891961809123964,5
logistic_polynomial,44785,44787,8.7,p,y,n,f,,,p,14.96,17.71,,,w,,,f,f,,d,a,p,e,0.03508309462686431,7
logistic_polynomial,9258,9258,3.72,b,g,n,f,x,d,w,4.63,2.96,,,y,,,f,f,,g,a,e,p,0.6254023942468907,5
logistic_polynomial,50758,50760,4.57,x,k,n,f,p,,n,5.18,10.84,,,n,,,f,f,,d,a,e,p,0.5200844565742254,6
logistic_polynomial,14769,14771,5.71,f,t,o,f,a,d,y,7.88,7.24,,k,o,,,f,f,,d,s,e,p,0.6163543759354633,4
logistic_polynomial,14821,14823,4.59,f,t,o,f,a,d,y,5.23,4.99,,k,n,,,f,f,,d,a,e,p,0.9694195122887294,4
logistic_polynomial,10986,10987,2.51,x,g,n,f,a,,p,5.95,2.45,,,w,,,f,f,,d,u,p,e,0.0874241176684691,6
logistic_polynomial,28121,28123,6.55,s,h,g,t,d,,w,4.41,11.72,,t,r,,,f,f,,d,u,p,e,0.3746013620405582,5
logistic_polynomial,54214,54216,5.34,s,d,y,f,d,c,o,3.55,6.44,,,o,,,f,f,,h,u,p,e,0.425056299871393,5
logistic_polynomial,3855,3855,3.91,f,y,w,f,e,c,w,4.37,3.53,,k,w,,,t,e,,m,u,p,e,0.46800535560218687,4
logistic_polynomial,35196,35198,3.84,x,,n,f,x,c,n,7.76,8.16,b,,n,,w,t,,,d,a,e,p,0.6804387253283275,5
logistic_polynomial,20484,20486,3.76,x,s,o,f,a,c,e,4.53,6.23,,,e,,,f,f,,g,w,e,p,0.7912339582999758,5
logistic_polynomial,9369,9369,3.77,b,g,w,f,x,d,w,4.99,3.13,,,y,,,f,f,,g,u,e,p,0.718671352212016,5
logistic_polynomial,55725,55727,8.26,f,,w,f,d,c,y,2.52,14.62,,,w,,,f,f,,d,a,e,p,0.7676862117972909,6
logistic_polynomial,46284,46286,4.59,x,,y,f,x,c,n,6.47,3.6,,,w,,,f,f,,d,a,e,p,0.5336489105932563,6
logistic_polynomial,933,933,12.31,x,,n,f,e,,w,10.55,12.86,,,w,u,w,t,g,,d,a,p,e,0.06385538143831605,5
logistic_polynomial,43205,43207,8.14,x,y,w,t,,,w,8.84,16.92,s,,w,,,t,l,,g,a,p,e,0.43533090649524525,6
logistic_polynomial,23007,23009,9.63,x,t,n,f,a,d,w,10.01,29.1,,,w,,,f,f,,d,a,p,e,0.023304933275201715,5
logistic_polynomial,6759,6759,4.24,x,,r,f,a,,r,5.97,7.7,,,w,,,f,f,,l,a,e,p,0.5448248557542582,7
logistic_polynomial,30919,30921,8.16,s,,y,t,d,,o,5.75,13.32,,,w,,,t,f,,d,a,p,e,0.4555199880964633,7
logistic_polynomial,34989,34991,4.42,x,,w,f,x,c,w,8.33,10.03,b,,n,,w,t,,,d,a,e,p,0.5388731880153829,5
logistic_polynomial,11031,11032,2.69,x,g,n,f,a,,p,9.17,2.84,,,n,,,f,f,,d,a,p,e,0.3435430402015309,6
logistic_polynomial,6066,6066,6.58,f,,g,f,d,c,w,5.61,11.24,b,,n,,,f,f,,l,w,p,e,0.28665712295091095,5
logistic_polynomial,8162,8162,3.75,x,,n,f,x,c,p,8.36,4.12,,,n,,,f,f,,l,a,p,e,0.3832711880911627,6
logistic_polynomial,60733,60879,1.31,x,s,y,f,f,f,f,3.74,5.59,,,y,,,f,f,,d,a,p,e,0.285671974568074,5
logistic_polynomial,23815,23817,3.02,x,,y,f,x,,w,3.84,6.0,,,w,,,f,f,,d,a,p,e,0.36404043697721267,7
logistic_polynomial,23822,23824,3.5,f,,p,f,x,,w,4.65,5.88,,,w,,,f,f,,d,a,p,e,0.4336239454627151,7
logistic_polynomial,44677,44679,8.38,b,y,w,f,,,p,14.18,16.6,,,w,,,f,f,,d,a,p,e,0.19377129555585723,7
logistic_polynomial,29728,29730,3.01,f,d,p,t,d,c,p,5.03,5.83,,,n,,,f,f,,d,u,e,p,0.7665967852592448,5
logistic_polynomial,25593,25595,7.61,f,t,e,f,x,d,w,5.4,17.23,b,,w,,,f,f,,d,a,p,e,0.3119078373668175,4
logistic_polynomial,25732,25734,7.17,x,t,e,f,x,d,w,5.25,17.49,b,,w,,,f,f,,d,u,p,e,0.3121640800735173,4
logistic_polynomial,23909,23911,4.4,f,,b,f,x,,w,5.14,6.59,,,w,,,f,f,,d,a,p,e,0.16328800176305505,7
logistic_polynomial,35109,35111,4.55,x,,n,f,x,c,n,7.92,9.56,b,,n,,w,t,,,d,u,e,p,0.6790069143000922,5
logistic_polynomial,819,819,12.95,f,,g,f,e,,w,11.8,17.32,,,w,u,w,t,g,,d,a,p,e,0.09534508084996647,5
logistic_polynomial,43644,43646,10.19,x,i,n,t,e,,p,9.05,18.41,,y,w,,,t,p,,l,a,e,p,0.6904216047941105,5
logistic_polynomial,27157,27159,13.3,s,,w,t,d,c,y,6.55,27.81,,,w,,,f,f,,d,u,e,p,0.5770523774249576,6
logistic_polynomial,33433,33435,11.33,x,h,g,f,s,,p,5.81,16.37,,i,n,,,f,f,,d,u,p,e,0.2623190810877243,5
logistic_polynomial,60590,60736,1.36,x,s,y,f,f,f,f,4.45,5.83,,,y,,,f,f,,d,a,p,e,0.2737574622455812,5
logistic_polynomial,28028,28030,7.46,s,t,g,t,d,,w,4.43,12.97,,t,n,,,f,f,,d,a,p,e,0.3903976468018091,5
logistic_polynomial,3143,3143,19.89,f,y,w,f,,,w,33.72,21.26,s,,n,,,t,m,,d,u,e,p,0.725730978130129,6
logistic_polynomial,537,537,7.38,p,g,n,f,e,,w,8.73,17.96,,y,w,u,w,t,p,,d,a,p,e,0.45701346111348573,3
logistic_polynomial,40492,40494,4.78,x,s,n,f,s,,g,4.63,5.41,,y,n,,,f,f,,d,w,p,e,0.37316323747378505,5
logistic_polynomial,7298,7298,3.67,f,s,g,f,d,c,w,3.66,9.03,,,w,,,f,f,,g,u,p,e,0.3085212552340261,5
logistic_polynomial,899,899,13.41,x,,g,f,e,,w,11.28,15.85,,,w,u,w,t,g,,d,a,p,e,0.07298915381105225,5
logistic_polynomial,58663,58809,18.25,f,g,e,f,p,,y,5.28,43.64,,,n,,,f,f,,d,w,p,e,0.47276411481936853,6
logistic_polynomial,3747,3747,3.28,f,y,n,f,e,c,w,4.19,3.43,,k,w,,,t,e,,d,u,p,e,0.361351335686703,4
logistic_polynomial,9247,9247,4.52,b,g,n,f,x,d,w,5.39,3.67,,,y,,,f,f,,g,u,e,p,0.631372478761888,5
logistic_polynomial,20516,20518,4.23,x,s,e,f,a,c,e,5.33,6.38,,,e,,,f,f,,m,u,e,p,0.9736060208412826,5
logistic_polynomial,58679,58825,21.02,x,s,k,f,p,,y,5.06,34.36,,,n,,,f,f,,d,a,p,e,0.35888648385669814,6
logistic_polynomial,20599,20601,3.92,x,h,p,f,a,c,o,5.14,6.9,,,e,,,f,f,,g,u,e,p,0.9155461664559249,5
logistic_polynomial,9262,9262,3.99,b,g,w,f,x,d,w,4.81,3.39,,,y,,,f,f,,g,a,e,p,0.6716835875244818,5
logistic_polynomial,25461,25463,8.58,x,t,e,f,x,d,w,5.65,17.07,b,,w,,,f,f,,d,a,p,e,0.2668628917402846,4
logistic_polynomial,9409,9409,3.03,b,g,w,f,x,d,w,4.05,3.28,,,y,,,f,f,,g,u,e,p,0.7344124743520691,5
logistic_polynomial,9446,9446,4.27,b,g,w,f,x,d,w,5.26,3.18,,,y,,,f,f,,g,u,e,p,0.7052377650794582,5
logistic_polynomial,43639,43641,9.76,p,i,n,t,e,,p,8.83,17.94,,y,w,,,t,l,,l,a,e,p,0.5004556957925708,5
logistic_polynomial,26995,26997,12.35,s,,w,t,d,c,y,6.28,25.54,,,w,,,f,f,,d,a,e,p,0.5097495520691852,6
logistic_polynomial,44758,44760,8.03,p,y,n,f,,,k,15.66,17.69,,,w,,,f,f,,d,a,p,e,0.11971178458348672,7
logistic_polynomial,5432,5432,6.51,f,,g,f,s,c,g,5.85,18.01,b,,u,,,f,f,,g,a,e,p,0.6341694433982669,5
logistic_polynomial,29815,29817,3.18,f,d,n,t,d,c,p,3.98,5.19,,,n,,,f,f,,d,u,e,p,0.5636843650745654,5
logistic_polynomial,33525,33527,14.03,x,h,y,f,s,,p,7.32,17.33,,i,n,,,f,f,,d,u,p,e,0.26791071228424873,5
logistic_polynomial,43824,43826,10.98,p,s,w,f,e,c,w,27.16,13.92,,s,w,,,t,e,,g,w,e,p,0.9473762689169067,4
logistic_polynomial,28529,28531,14.45,s,t,n,t,d,c,w,5.15,26.43,,,g,,,f,f,,g,u,p,e,0.31034501312674945,5
logistic_polynomial,55499,55501,15.15,f,,b,f,d,c,y,2.88,16.86,,,w,,,f,f,,d,a,e,p,0.5546752187238362,6
logistic_polynomial,23132,23134,11.16,x,t,n,f,a,d,w,10.33,29.11,,,w,,,f,f,,d,u,p,e,0.031774099998588046,5
logistic_polynomial,11109,11110,2.52,x,g,n,f,a,,p,8.58,2.67,,,n,,,f,f,,d,u,p,e,0.3668527569329697,6
logistic_polynomial,60787,60933,1.39,s,s,y,f,f,f,f,3.29,5.2,,,y,,,f,f,,d,a,p,e,0.2584484780270131,5
logistic_polynomial,44628,44630,8.62,p,y,w,f,,,k,13.61,16.81,,,w,,,f,f,,d,a,p,e,0.10563156093483426,7
logistic_polynomial,7893,7893,2.93,f,d,n,f,x,c,w,4.37,3.43,b,s,n,,,f,f,,l,a,p,e,0.34231324043529293,3
logistic_polynomial,33225,33227,11.34,x,h,y,f,s,,p,7.52,17.01,,i,n,,,f,f,,d,a,p,e,0.2881248731787226,5
logistic_polynomial,33398,33400,13.83,x,s,w,f,s,,p,7.73,19.22,,i,n,,,f,f,,d,a,p,e,0.11517051788452513,5
logistic_polynomial,45625,45627,1.29,b,g,w,f,,,g,3.41,1.62,,,w,,,f,f,,d,u,e,p,0.5623264078167447,7
logistic_polynomial,55739,55741,7.99,f,,b,f,d,c,y,2.55,15.4,,,w,,,f,f,,d,a,e,p,0.6742205576202315,6
logistic_polynomial,35016,35018,4.0,x,,w,f,x,c,w,8.0,8.41,b,,n,,w,t,,,d,a,e,p,0.582939550663654,5
logistic_polynomial,27592,27594,6.27,s,d,n,t,d,c,w,7.68,9.44,,,n,,,f,f,,d,a,p,e,0.3768314964439669,5
logistic_polynomial,25451,25453,4.57,f,h,e,f,x,d,w,4.31,14.75,b,,w,,,f,f,,d,u,p,e,0.23386439600288608,4
logistic_polynomial,36334,36336,4.83,x,h,n,f,x,c,n,5.34,5.54,,y,n,,,t,r,,d,a,e,p,0.695540819143991,4
logistic_polynomial,713,713,11.84,x,,n,f,e,,w,10.85,14.53,,,w,u,w,t,e,,d,u,p,e,0.06611630012137942,5
logistic_polynomial,7402,7402,3.02,f,s,w,f,d,c,w,2.57,6.95,,,w,,,f,f,,g,a,p,e,0.3238082686391673,5
logistic_polynomial,54088,54090,5.09,s,d,y,f,d,c,o,3.73,7.11,,,o,,,f,f,,d,u,p,e,0.4957853779710908,5
logistic_polynomial,28103,28105,6.97,s,h,r,t,d,,w,4.63,12.18,,t,g,,,f,f,,d,a,p,e,0.33312858465975315,5
logistic_polynomial,29659,29661,2.81,f,d,u,t,d,c,p,4.37,6.74,,,n,,,f,f,,d,a,e,p,0.7338160031249746,5
logistic_polynomial,50427,50429,11.96,x,e,y,t,p,,o,8.05,29.82,,,u,,,f,f,,d,a,p,e,0.23122092846182782,6
logistic_polynomial,33275,33277,11.83,x,h,y,f,s,,p,6.67,17.3,,i,n,,,f,f,,d,a,p,e,0.3045378114200625,5
logistic_polynomial,43461,43463,10.18,x,i,n,t,e,,p,9.18,18.33,,y,w,,,t,p,,l,a,e,p,0.6896167132522901,5
logistic_polynomial,12508,12509,1.59,x,s,y,f,d,,w,7.02,2.23,,t,y,,,f,f,,h,a,e,p,0.599613505835936,5
logistic_polynomial,7395,7395,2.47,s,s,w,f,d,c,w,2.84,6.26,,,w,,,f,f,,g,u,p,e,0.2831934148624641,5
logistic_polynomial,60878,61024,1.35,x,s,y,f,f,f,f,4.68,6.17,,,y,,,f,f,,d,a,p,e,0.2649652874093349,5
logistic_polynomial,12647,12648,1.42,x,g,y,f,a,,w,6.27,1.82,,t,y,,,f,f,,g,u,e,p,0.5165623683634001,5
logistic_polynomial,23010,23012,10.86,x,t,n,f,a,d,w,9.74,32.93,,,w,,,f,f,,d,a,p,e,0.026187646496586472,5
logistic_polynomial,23242,23244,11.17,x,t,n,f,a,d,w,12.87,31.38,,,w,,,f,f,,d,a,p,e,0.01932941916045268,5
logistic_polynomial,26976,26978,10.69,s,,w,t,d,c,y,5.79,23.89,,,w,,,f,f,,d,u,e,p,0.5500033051783283,6
logistic_polynomial,14597,14599,5.09,x,t,o,f,a,d,y,4.44,3.66,,k,o,,,f,f,,d,a,e,p,0.8724859788663342,4
logistic_polynomial,50347,50349,9.84,x,e,n,t,p,,o,5.3,24.25,,,u,,,f,f,,d,u,p,e,0.19294223564615245,6
logistic_polynomial,26494,26496,9.16,f,,y,f,x,c,y,7.0,11.42,,,w,,,f,f,,d,a,p,e,0.47362223749282634,6
logistic_polynomial,28451,28453,15.33,s,t,n,t,d,c,n,4.68,23.37,,,g,,,f,f,,d,a,p,e,0.3308217892196238,5
logistic_polynomial,7308,7308,2.57,x,s,w,f,d,c,w,2.49,6.74,,,w,,,f,f,,g,a,p,e,0.2918921085107008,5
logistic_polynomial,26909,26911,12.23,s,,w,t,d,c,y,5.34,24.85,,,w,,,f,f,,d,a,e,p,0.5698646115308346,6
logistic_polynomial,12622,12623,1.49,x,g,n,f,d,,w,6.2,1.92,,t,y,,,f,f,,g,u,e,p,0.5411656658825331,5
logistic_polynomial,5435,5435,8.89,f,,n,f,s,c,g,6.6,18.6,b,,u,,,f,f,,g,a,e,p,0.5456383153507748,5
logistic_polynomial,20577,20579,3.01,x,h,e,f,a,c,e,4.61,6.2,,,e,,,f,f,,g,u,e,p,0.9828797463555599,5
logistic_polynomial,23673,23675,5.9,x,,b,f,x,,w,5.59,7.28,,,w,,,f,f,,d,a,p,e,0.11758918075391847,7
logistic_polynomial,2062,2062,6.42,x,,y,f,e,,w,5.55,12.28,b,,y,u,w,t,g,,d,a,e,p,0.6424321060752458,4
logistic_polynomial,43598,43600,9.24,p,i,n,t,e,,p,8.64,16.99,,y,w,,,t,l,,d,a,e,p,0.6242143155647376,5
logistic_polynomial,27913,27915,8.78,s,h,n,t,d,,w,4.81,14.01,,t,n,,,f,f,,d,a,p,e,0.1658222291487661,5
logistic_polynomial,23981,23983,3.87,f,,p,f,x,,w,4.64,6.16,,,w,,,f,f,,d,u,p,e,0.46532281037689166,7
logistic_polynomial,50316,50318,9.85,x,e,n,t,p,,o,6.89,21.09,,,e,,,f,f,,d,u,p,e,0.187788143147629,6
logistic_polynomial,50285,50287,10.96,x,e,y,t,p,,e,9.94,36.46,,,e,,,f,f,,d,a,p,e,0.3097896477739797,6
logistic_polynomial,5523,5523,10.2,f,,g,f,s,c,g,7.97,23.91,b,,u,,,f,f,,g,a,e,p,0.562444859842805,5
logistic_polynomial,26932,26934,10.65,s,,w,t,d,c,y,6.46,25.97,,,w,,,f,f,,d,u,e,p,0.5160079295058239,6
logistic_polynomial,23103,23105,10.92,x,t,n,f,a,d,w,11.36,33.8,,,w,,,f,f,,d,u,p,e,0.022845266491628914,5
logistic_polynomial,11076,11077,2.56,x,g,e,f,a,,p,6.77,2.64,,,w,,,f,f,,d,a,p,e,0.3519371856467634,6
logistic_polynomial,41861,41863,2.01,b,h,n,f,a,,n,5.14,1.66,,t,n,,,f,f,,h,s,p,e,0.4154613561783501,5
logistic_polynomial,9365,9365,2.68,b,g,w,f,x,d,w,4.21,3.02,,,y,,,f,f,,g,a,e,p,0.7096775530424398,5
logistic_polynomial,23065,23067,9.05,x,t,n,f,a,d,w,8.28,22.25,,,w,,,f,f,,d,u,p,e,0.04238578378370198,5
logistic_polynomial,20630,20632,2.98,x,d,o,f,a,c,e,3.66,6.1,,,e,,,f,f,,g,u,e,p,0.9709561907493093,5
logistic_polynomial,25955,25957,4.86,x,,w,f,,c,r,3.57,12.69,,,y,,,f,f,,d,a,p,e,0.49022408518543936,7
logistic_polynomial,27756,27758,6.15,x,d,n,t,d,c,w,7.17,9.07,,,n,,,f,f,,d,a,p,e,0.4320166835893891,5
logistic_polynomial,23237,23239,9.53,x,t,n,f,a,d,w,11.79,27.76,,,w,,,f,f,,d,a,p,e,0.02113251169421837,5
logistic_polynomial,60736,60882,1.38,f,s,y,f,f,f,f,3.74,6.19,,,y,,,f,f,,d,u,p,e,0.3496805163297478,5
logistic_polynomial,36220,36222,4.61,x,h,n,f,x,c,w,5.11,5.13,,y,n,,,t,r,,d,u,e,p,0.5952121186473945,4
logistic_polynomial,6001,6001,5.72,x,,n,f,d,c,w,5.82,10.65,b,,n,,,f,f,,l,w,p,e,0.20690988685672485,5
logistic_polynomial,12475,12476,1.59,x,s,y,f,d,,w,6.02,2.34,,t,y,,,f,f,,g,u,e,p,0.7247547214183662,5
logistic_polynomial,30937,30939,8.72,s,,y,t,d,,o,5.61,13.52,,,w,,,t,f,,d,a,p,e,0.45040770091195376,7
logistic_polynomial,30784,30786,8.96,s,,y,t,d,,o,4.6,12.48,,,w,,,t,f,,d,a,p,e,0.48144266655960605,7
logistic_polynomial,20733,20735,4.04,x,h,e,f,a,c,e,4.24,6.45,,,o,,,f,f,,m,a,e,p,0.7307133501758036,5
logistic_polynomial,20537,20539,3.81,x,s,p,f,a,c,o,4.21,6.16,,,e,,,f,f,,g,w,e,p,0.6230369043473117,5
logistic_polynomial,26894,26896,12.06,s,,w,t,d,c,y,5.7,24.88,,,w,,,f,f,,d,u,e,p,0.5836982550067001,6
logistic_polynomial,40509,40511,5.93,x,s,n,f,s,,g,5.0,6.55,,y,n,,,f,f,,d,w,p,e,0.3274683701171422,5
logistic_polynomial,14528,14530,3.82,f,h,n,f,a,d,y,7.76,6.62,,k,n,,,f,f,,d,a,e,p,0.8302979232255501,4
logistic_polynomial,36066,36068,6.07,x,h,n,f,x,c,n,5.05,6.89,,y,n,,,t,r,,d,a,e,p,0.6514536064589176,4
logistic_polynomial,58546,58692,17.64,f,s,n,f,p,,y,5.02,37.67,,,n,,,f,f,,d,a,p,e,0.19781696556756367,6
logistic_polynomial,7368,7368,2.59,x,s,g,f,d,c,w,2.77,7.07,,,w,,,f,f,,g,a,p,e,0.2872379790890384,5
logistic_polynomial,23964,23966,4.77,f,,y,f,x,,w,4.82,7.21,,,w,,,f,f,,d,u,p,e,0.3879665137526527,7
logistic_polynomial,50601,50603,3.56,x,k,n,f,p,,n,4.05,9.79,,,y,,,f,f,,d,a,e,p,0.6075920213671234,6
logistic_polynomial,43239,43241,6.47,x,y,w,t,,,p,7.59,13.6,s,,w,,,t,l,,d,u,p,e,0.3947153583250988,6
logistic_polynomial,47677,47679,3.91,b,h,n,f,,,k,9.08,4.91,,,w,,,t,,k,g,w,p,e,0.41843993817280417,7
logistic_polynomial,22949,22951,11.78,x,t,n,f,a,d,w,13.83,34.32,,,w,,,f,f,,d,u,p,e,0.02003938906597989,5
logistic_polynomial,835,835,12.89,f,,g,f,e,,w,11.34,15.75,,,w,u,w,t,e,,d,a,p,e,0.0765134002697244,5
logistic_polynomial,27793,27795,6.04,x,d,n,t,d,c,w,6.58,9.69,,,n,,,f,f,,d,a,p,e,0.42513272950272735,5
logistic_polynomial,21974,21976,3.44,x,,y,f,a,c,y,3.69,8.36,,,w,,,f,f,,d,u,e,p,0.6790191406426229,6
logistic_polynomial,744,744,12.16,f,,n,f,e,,w,11.03,15.01,,,w,u,w,t,e,,d,a,p,e,0.06373801936468673,5
logistic_polynomial,711,711,11.99,x,,g,f,e,,w,11.2,14.27,,,w,u,w,t,e,,d,a,p,e,0.07521518519692767,5
logistic_polynomial,50421,50423,12.0,x,e,n,t,p,,o,9.18,30.77,,,u,,,f,f,,d,a,p,e,0.09136287394476005,6
logistic_polynomial,23862,23864,3.33,x,,y,f,x,,w,4.04,5.78,,,w,,,f,f,,d,a,p,e,0.3605521729401305,7
logistic_polynomial,23650,23652,4.57,x,,b,f,x,,w,5.53,6.89,,,w,,,f,f,,d,u,p,e,0.1561272335674536,7
logistic_polynomial,27129,27131,11.58,s,,w,t,d,c,y,6.0,25.61,,,w,,,f,f,,d,a,e,p,0.5204859908706305,6
logistic_polynomial,7355,7355,2.63,f,s,g,f,d,c,w,2.8,7.2,,,w,,,f,f,,g,u,p,e,0.3625538995256346,5
logistic_polynomial,26244,26246,11.13,f,s,r,f,x,,n,6.2,20.92,,,p,,,f,f,,d,w,e,p,0.9232148523723456,6
logistic_polynomial,6187,6187,5.35,f,,g,f,d,c,w,5.31,9.85,b,,n,,,f,f,,d,w,p,e,0.4228045887938419,5
logistic_polynomial,4043,4043,4.3,x,y,n,f,a,,w,5.38,3.55,,y,n,,,t,r,,h,u,p,e,0.481478950422059,5
logistic_polynomial,36082,36084,5.58,x,h,n,f,x,c,n,5.82,6.82,,y,n,,,t,r,,d,a,e,p,0.65924769585935,4
logistic_polynomial,40411,40413,8.01,x,s,n,f,s,,g,6.45,8.35,,y,n,,,f,f,,d,w,p,e,0.24873394849857486,5
logistic_polynomial,20529,20531,4.01,x,s,e,f,a,c,e,5.39,7.2,,,e,,,f,f,,g,u,e,p,0.9710926070895,5
logistic_polynomial,44568,44570,8.23,p,y,w,f,,,k,14.94,17.16,,,w,,,f,f,,d,a,p,e,0.13509707273557797,7
logistic_polynomial,50579,50581,3.93,x,k,n,f,p,,e,4.44,10.8,,,y,,,f,f,,d,a,e,p,0.6503506463451842,6
logistic_polynomial,43404,43406,7.57,x,y,w,t,,,w,8.34,14.38,s,,w,,,t,l,,d,a,p,e,0.4259451405679947,6
logistic_polynomial,23494,23496,4.04,f,,u,f,a,,w,4.66,6.83,,,w,,,f,f,,d,u,p,e,0.47801025929649393,7
logistic_polynomial,25583,25585,7.78,x,h,e,f,x,d,w,6.87,17.07,b,,w,,,f,f,,d,u,p,e,0.1483359394879999,4
logistic_polynomial,23284,23286,12.74,x,t,n,f,a,d,w,11.43,32.89,,,w,,,f,f,,d,u,p,e,0.030384551417367425,5
logistic_polynomial,58727,58873,17.08,x,d,e,f,p,,y,5.38,39.93,,,n,,,f,f,,d,w,p,e,0.34067359984356765,6
logistic_polynomial,11273,11274,2.65,x,g,n,f,a,,w,6.76,2.35,,,w,,,f,f,,d,u,p,e,0.1338249217052848,6
logistic_polynomial,23036,23038,11.79,x,t,n,f,a,d,w,9.57,29.24,,,w,,,f,f,,d,u,p,e,0.03793425852636172,5
logistic_polynomial,8046,8046,2.82,f,d,n,f,x,c,w,3.63,2.8,b,s,n,,,f,f,,d,a,p,e,0.46833756714099206,3
logistic_polynomial,44077,44079,8.92,f,s,w,f,e,c,p,20.95,12.94,,s,w,,,t,e,,g,a,e,p,0.5792956810165364,4
logistic_polynomial,29786,29788,3.49,s,d,p,t,d,c,p,4.53,5.99,,,n,,,f,f,,d,u,e,p,0.6839936003736536,5
logistic_polynomial,6065,6065,4.5,x,,n,f,d,c,w,4.75,9.71,b,,n,,,f,f,,l,w,p,e,0.23892111279184416,5
logistic_polynomial,11139,11140,2.52,x,g,e,f,a,,w,6.32,2.24,,,w,,,f,f,,d,u,p,e,0.49461865246740294,6
logistic_polynomial,8361,8361,3.34,x,,w,f,x,c,p,8.59,4.46,,,n,,,f,f,,l,a,p,e,0.4593818841702086,6
logistic_polynomial,11832,11833,1.01,c,g,e,t,a,,w,6.13,1.0,,,n,,,f,f,,d,a,e,p,0.8915623976693604,6
logistic_polynomial,11162,11163,2.39,x,g,e,f,a,,w,6.74,2.41,,,w,,,f,f,,d,a,p,e,0.4606246144290334,6
logistic_polynomial,29771,29773,4.16,s,d,p,t,d,c,p,5.31,6.86,,,n,,,f,f,,d,u,e,p,0.653092850511913,5
logistic_polynomial,14732,14734,4.91,f,h,o,f,a,d,y,6.28,5.83,,k,n,,,f,f,,d,w,e,p,0.767817354603859,4
logistic_polynomial,29227,29229,6.0,s,,n,t,d,c,p,5.6,5.5,,,n,,,f,f,,d,a,p,e,0.49442689589549127,6
logistic_polynomial,11094,11095,2.31,x,g,e,f,a,,w,6.42,2.39,,,w,,,f,f,,d,a,p,e,0.4551943396359769,6
logistic_polynomial,44791,44793,8.14,b,y,w,f,,,p,15.81,17.44,,,w,,,f,f,,d,a,p,e,0.24904655628090958,7
logistic_polynomial,45362,45364,2.74,b,y,n,f,,c,k,5.42,2.73,,,w,,,f,f,,d,a,e,p,0.5664584991765127,6
logistic_polynomial,60907,61053,1.31,x,s,y,f,f,f,f,4.0,5.94,,,y,,,f,f,,d,a,p,e,0.27532369104545973,5
logistic_polynomial,58600,58746,20.87,f,d,k,f,p,,y,4.87,33.64,,,n,,,f,f,,d,w,p,e,0.191263159283772,6
logistic_polynomial,41863,41865,1.55,b,h,n,f,a,,n,4.53,1.52,,t,n,,,f,f,,h,s,p,e,0.42483809838614967,5
logistic_polynomial,45565,45567,0.57,b,g,g,f,,,g,2.34,1.24,,,w,,,f,f,,d,u,e,p,0.6040526490749825,7
logistic_polynomial,60909,61055,1.27,f,s,y,f,f,f,f,2.76,5.15,,,y,,,f,f,,d,u,p,e,0.3924393901668724,5
logistic_polynomial,26472,26474,9.54,s,s,r,f,x,,n,6.17,23.27,,,n,,,f,f,,d,u,e,p,0.770547720170323,6
logistic_polynomial,39368,39370,5.59,c,e,w,t,x,c,p,5.04,12.26,,,w,,,f,f,,d,u,p,e,0.41864973992572174,5
logistic_polynomial,23721,23723,3.83,x,,b,f,x,,w,3.51,5.9,,,w,,,f,f,,d,u,p,e,0.18931730775010358,7
logistic_polynomial,21105,21107,3.16,f,w,p,f,a,,r,4.77,6.17,,t,y,,,f,f,,d,a,p,e,0.4501273226230453,5
logistic_polynomial,48700,48702,29.82,x,t,n,f,p,,y,19.02,83.84,,,n,,,f,f,,d,a,e,p,0.9614978749096535,6
logistic_polynomial,22038,22040,3.04,x,,y,f,a,c,y,4.21,7.97,,,w,,,f,f,,d,a,e,p,0.6361366590138706,6
logistic_polynomial,23227,23229,11.3,x,t,n,f,a,d,w,11.98,34.88,,,w,,,f,f,,d,a,p,e,0.018033609783310745,5
logistic_polynomial,7186,7186,2.81,x,s,w,f,d,c,w,2.53,6.75,,,w,,,f,f,,g,a,p,e,0.2896417108446479,5
logistic_polynomial,30955,30957,9.77,s,,o,t,d,,o,6.29,13.46,,,w,,,t,f,,d,a,p,e,0.49017563353984955,7
logistic_polynomial,44533,44535,7.84,b,y,w,f,,,p,15.08,16.98,,,w,,,f,f,,d,a,p,e,0.2277640942437826,7
logistic_polynomial,7277,7277,3.0,f,s,g,f,d,c,w,3.37,8.69,,,w,,,f,f,,g,a,p,e,0.2852825679806975,5
logistic_polynomial,9346,9346,3.46,b,g,w,f,x,d,w,4.35,2.89,,,y,,,f,f,,g,u,e,p,0.7298320384887633,5
logistic_polynomial,44793,44795,7.28,p,y,n,f,,,k,11.18,16.9,,,w,,,f,f,,d,a,p,e,0.06316234242315423,7
logistic_polynomial,22962,22964,10.63,x,t,n,f,a,d,w,10.58,28.54,,,w,,,f,f,,d,a,p,e,0.02503361254395469,5
logistic_polynomial,4013,4013,3.67,x,y,n,f,a,,w,5.42,3.68,,y,n,,,t,r,,h,a,p,e,0.4553576357774613,5
logistic_polynomial,45228,45230,2.95,b,y,n,f,,c,n,7.31,3.28,,,w,,,f,f,,d,u,e,p,0.6221432725696493,6
logistic_polynomial,20687,20689,4.55,x,h,e,f,a,c,e,5.12,7.35,,,o,,,f,f,,g,u,e,p,0.7277707017370868,5
logistic_polynomial,9716,9716,1.15,x,g,w,f,a,d,w,2.72,1.49,,,n,,,f,f,,l,a,p,e,0.21805273780800188,5
logistic_polynomial,47739,47741,2.9,b,h,n,f,,,k,9.0,6.04,,,w,,,t,,k,g,w,p,e,0.4037001021939248,7
logistic_polynomial,27345,27347,20.55,s,k,w,t,d,d,w,7.52,30.81,,,w,,,f,f,,d,w,p,e,0.4901164354597978,5
logistic_polynomial,11808,11809,0.73,c,g,e,t,a,,w,5.64,0.89,,,n,,,f,f,,d,a,e,p,0.8908493127695124,6
logistic_polynomial,58575,58721,17.09,f,g,o,f,p,,y,5.51,43.33,,,n,,,f,f,,d,w,p,e,0.22258742703264833,6
logistic_polynomial,33250,33252,13.26,x,h,n,f,s,,p,7.71,17.63,,i,n,,,f,f,,d,a,p,e,0.12440812559118328,5
logistic_polynomial,26751,26753,6.9,f,,y,f,x,c,n,6.38,11.82,,,w,,,f,f,,d,u,p,e,0.435842775318495,6
logistic_polynomial,864,864,13.73,x,,n,f,e,,w,11.47,17.54,,,w,u,w,t,e,,d,a,p,e,0.042566196993519025,5
logistic_polynomial,23761,23763,3.97,x,,y,f,x,,w,4.99,6.79,,,w,,,f,f,,d,u,p,e,0.3631697845658184,7
logistic_polynomial,35165,35167,4.23,x,,w,f,x,c,n,7.79,8.25,b,,n,,w,t,,,d,a,e,p,0.7292388958917052,5
logistic_polynomial,6178,6178,4.65,x,,g,f,d,c,w,4.69,8.46,b,,n,,,f,f,,l,w,p,e,0.31458384092492286,5
logistic_polynomial,26658,26660,6.94,f,,y,f,x,c,n,6.73,10.43,,,w,,,f,f,,d,a,p,e,0.4036016485720132,6
logistic_polynomial,40549,40551,8.2,x,s,n,f,s,,n,5.63,8.37,,y,n,,,f,f,,d,w,p,e,0.3826021244278711,5
logistic_polynomial,11669,11670,1.1,x,g,e,t,a,,p,6.11,1.02,,,n,,,f,f,,h,u,e,p,0.699325119109646,6
logistic_polynomial,12524,12525,1.51,x,g,y,f,d,,w,5.68,1.74,,t,y,,,f,f,,d,a,e,p,0.645297662440137,5
logistic_polynomial,28586,28588,14.44,x,t,g,t,d,c,b,4.9,23.88,,,n,,,f,f,,l,a,p,e,0.3412189540300596,5
logistic_polynomial,3844,3844,2.94,f,y,n,f,e,c,n,3.75,3.24,,k,w,,,t,e,,d,a,p,e,0.49678920618035904,4
logistic_polynomial,45395,45397,2.89,b,y,n,f,,c,k,7.1,3.33,,,w,,,f,f,,d,u,e,p,0.6203406816911294,6
logistic_polynomial,11978,11979,1.13,x,g,e,t,a,,p,4.9,0.93,,,n,,,f,f,,d,a,e,p,0.7074713131693199,6
logistic_polynomial,25846,25848,5.42,x,,w,f,,c,r,3.57,12.91,,,y,,,f,f,,d,a,p,e,0.4908369833788906,7
logistic_polynomial,6857,6857,5.06,x,,w,f,d,,r,4.92,6.94,,,r,,,f,f,,l,u,e,p,0.7366341890896563,7
logistic_polynomial,20820,20822,4.06,x,h,o,f,a,c,e,5.24,7.21,,,e,,,f,f,,g,w,e,p,0.8295020862923069,5
logistic_polynomial,19668,19670,2.29,x,s,o,f,a,,o,2.9,5.05,,,o,,,f,f,,h,a,p,e,0.2680312612021812,6
logistic_polynomial,23463,23465,2.91,f,,u,f,a,,w,3.64,5.61,,,w,,,f,f,,d,a,p,e,0.48936125507017236,7
logistic_polynomial,14702,14704,3.71,x,h,o,f,a,d,w,4.67,5.02,,k,o,,,f,f,,d,a,e,p,0.507394772088136,4
logistic_polynomial,19652,19654,2.0,f,s,o,f,a,,o,3.17,5.8,,,o,,,f,f,,m,a,p,e,0.4164547989905629,6
logistic_polynomial,23038,23040,9.76,x,t,n,f,a,d,w,11.92,30.61,,,w,,,f,f,,d,a,p,e,0.01777102667108321,5
logistic_polynomial,20509,20511,3.39,x,d,o,f,a,c,o,4.86,6.86,,,e,,,f,f,,g,a,e,p,0.9236175933455878,5
logistic_polynomial,1904,1904,5.03,x,,w,f,e,,w,5.62,12.24,b,,y,u,w,t,g,,d,a,e,p,0.5089285380148567,4
logistic_polynomial,20710,20712,3.16,x,h,e,f,a,c,e,4.71,6.81,,,e,,,f,f,,m,u,e,p,0.9825997827258084,5
logistic_polynomial,7242,7242,2.46,s,s,g,f,d,c,w,2.07,5.82,,,w,,,f,f,,g,a,p,e,0.28240911323081996,5
logistic_polynomial,16677,16679,8.6,f,s,o,f,s,,n,9.24,12.99,,i,n,,,f,f,,d,a,e,p,0.642389611039367,5
logistic_polynomial,60836,60982,1.16,x,s,y,f,f,f,f,2.72,4.6,,,y,,,f,f,,d,u,p,e,0.3624713811192445,5
logistic_polynomial,767,767,10.88,x,,n,f,e,,w,10.78,12.34,,,w,u,w,t,g,,d,a,p,e,0.08478193220263962,5
logistic_polynomial,27995,27997,6.96,s,t,n,t,d,,g,4.43,12.22,,t,g,,,f,f,,d,u,p,e,0.09969142010935941,5
logistic_polynomial,45467,45469,3.32,b,y,n,f,,c,n,6.21,3.11,,,w,,,f,f,,d,u,e,p,0.5904450196768716,6
logistic_polynomial,45491,45493,2.74,b,y,n,f,,c,k,5.66,2.63,,,w,,,f,f,,d,a,e,p,0.5718982224152233,6
logistic_polynomial,49332,49334,6.4,x,d,e,t,p,,y,5.38,11.65,,,e,,,f,f,,d,u,e,p,0.5078400237601448,6
logistic_polynomial,60638,60784,1.44,f,s,y,f,f,f,f,4.27,6.87,,,y,,,f,f,,d,u,p,e,0.32646268436077297,5
logistic_polynomial,50764,50766,3.22,x,k,n,f,p,,n,4.03,9.95,,,y,,,f,f,,d,a,e,p,0.6048963367101664,6
logistic_polynomial,31061,31063,10.37,s,,o,t,d,,o,5.5,12.03,,,w,,,t,f,,d,a,p,e,0.4892674444301217,7
logistic_polynomial,22100,22102,3.67,x,,y,f,a,c,y,3.46,7.92,,,w,,,f,f,,d,a,e,p,0.65105022089276,6
logistic_polynomial,876,876,12.38,f,,g,f,e,,w,10.92,15.66,,,w,u,w,t,g,,d,a,p,e,0.09963760456402426,5
logistic_polynomial,964,964,12.98,f,,g,f,e,,w,10.94,15.94,,,w,u,w,t,g,,d,u,p,e,0.10659147325769315,5
logistic_polynomial,25559,25561,8.19,x,t,e,f,x,d,w,5.87,17.73,b,,w,,,f,f,,d,u,p,e,0.2928183480492748,4
logistic_polynomial,23861,23863,4.62,x,,y,f,x,,w,5.27,6.82,,,w,,,f,f,,d,a,p,e,0.3105934974339675,7
logistic_polynomial,60917,61063,1.42,x,s,y,f,f,f,f,4.88,5.8,,,y,,,f,f,,d,a,p,e,0.2723530128248756,5
logistic_polynomial,33224,33226,10.84,x,h,w,f,s,,p,8.81,18.5,,i,n,,,f,f,,d,a,p,e,0.17551584503371745,5
logistic_polynomial,60807,60953,1.33,x,s,y,f,f,f,f,4.1,6.09,,,y,,,f,f,,d,a,p,e,0.2710815116952184,5
logistic_polynomial,6791,6791,4.58,x,,w,f,d,,r,6.2,7.02,,,r,,,f,f,,l,u,e,p,0.7387050774978321,7
logistic_polynomial,16714,16716,8.82,f,h,o,f,s,,n,9.64,13.62,,i,n,,,f,f,,d,a,e,p,0.7150499296182142,5
logistic_polynomial,50645,50647,3.13,x,k,n,f,p,,n,4.04,8.28,,,n,,,f,f,,d,a,e,p,0.5953289460649798,6
logistic_polynomial,20508,20510,2.39,x,h,e,f,a,c,e,4.41,6.53,,,e,,,f,f,,m,a,e,p,0.9806757134434012,5
logistic_polynomial,23679,23681,3.79,x,,p,f,x,,w,5.15,6.17,,,w,,,f,f,,d,u,p,e,0.41725865231656567,7
logistic_polynomial,9420,9420,3.68,b,g,w,f,x,d,w,5.09,3.16,,,y,,,f,f,,g,a,e,p,0.6842804748087992,5
logistic_polynomial,28294,28296,13.86,f,t,n,t,d,c,b,5.12,25.06,,,n,,,f,f,,g,a,p,e,0.4797212635482921,5
logistic_polynomial,23708,23710,4.15,x,,y,f,x,,w,6.17,6.88,,,w,,,f,f,,d,a,p,e,0.316219263648138,7
logistic_polynomial,25675,25677,7.76,f,h,e,f,x,d,w,5.23,17.5,b,,w,,,f,f,,d,u,p,e,0.21095880262963218,4
logistic_polynomial,22012,22014,4.58,x,,y,f,a,c,y,3.45,8.27,,,w,,,f,f,,d,a,e,p,0.6395053164312507,6
logistic_polynomial,44511,44513,8.31,p,y,n,f,,,p,15.23,18.43,,,w,,,f,f,,d,a,p,e,0.0348838629256151,7
logistic_polynomial,5649,5649,13.96,s,e,g,f,d,c,w,8.55,23.66,s,,w,,,f,f,,d,a,e,p,0.7261993831562114,4
logistic_polynomial,16884,16886,8.42,f,h,o,f,s,,y,8.39,11.31,,i,n,,,f,f,,d,a,e,p,0.8305426194168049,5
logistic_polynomial,23824,23826,4.81,x,,p,f,x,,w,5.94,7.12,,,w,,,f,f,,d,a,p,e,0.33765513231795674,7
logistic_polynomial,45350,45352,2.95,b,y,n,f,,c,n,5.89,3.09,,,w,,,f,f,,d,a,e,p,0.5538054791565521,6
logistic_polynomial,23142,23144,10.54,x,t,n,f,a,d,w,11.39,31.89,,,w,,,f,f,,d,u,p,e,0.023237689258043273,5
logistic_polynomial,37361,37363,3.68,x,y,l,f,s,c,u,5.73,7.82,,y,l,,,t,e,k,d,a,p,e,0.1413731133583816,3
logistic_polynomial,41768,41770,1.52,b,h,n,f,a,,n,5.0,1.55,,t,n,,,f,f,,h,s,p,e,0.4291611085727941,5
logistic_polynomial,20580,20582,3.75,x,s,o,f,a,c,o,4.58,6.77,,,e,,,f,f,,g,w,e,p,0.6462663394451619,5
logistic_polynomial,7250,7250,3.18,s,s,w,f,d,c,w,3.0,7.04,,,w,,,f,f,,g,a,p,e,0.23265085844737382,5
logistic_polynomial,685,685,8.43,x,g,n,f,e,,w,9.37,18.78,,y,w,u,w,t,p,,d,u,p,e,0.4626000823939229,3
logistic_polynomial,43308,43310,5.85,x,y,w,t,,,p,7.72,12.76,s,,w,,,t,l,,g,u,p,e,0.4642670074434999,6
logistic_polynomial,19532,19534,1.86,f,s,o,f,a,,o,2.65,5.02,,,o,,,f,f,,h,a,p,e,0.31476005323350364,6
logistic_polynomial,20611,20613,3.62,x,h,e,f,a,c,o,4.1,5.49,,,e,,,f,f,,g,a,e,p,0.9618557738582234,5
logistic_polynomial,9251,9251,4.02,b,g,n,f,x,d,w,5.03,3.58,,,y,,,f,f,,g,a,e,p,0.6061160451165193,5
logistic_polynomial,22164,22166,4.63,x,,y,f,a,c,y,5.12,9.44,,,w,,,f,f,,d,u,e,p,0.6252072692162415,6
logistic_polynomial,9188,9188,4.12,b,g,w,f,x,d,w,5.53,3.52,,,y,,,f,f,,g,a,e,p,0.6680224084640224,5
logistic_polynomial,33386,33388,8.96,x,h,g,f,s,,p,6.62,16.69,,i,n,,,f,f,,d,a,p,e,0.2327560403545575,5
logistic_polynomial,33375,33377,10.77,x,s,g,f,s,,y,7.05,16.76,,i,n,,,f,f,,d,a,p,e,0.4819657570513577,5
logistic_polynomial,28067,28069,8.05,s,h,r,t,d,,g,4.47,12.05,,t,g,,,f,f,,d,u,p,e,0.3753952143952556,5
logistic_polynomial,12536,12537,1.53,x,t,y,f,a,,w,5.85,2.22,,t,y,,,f,f,,d,a,e,p,0.6748615115286407,5
logistic_polynomial,7873,7873,3.33,f,d,n,f,x,c,w,5.22,3.36,b,s,n,,,f,f,,l,a,p,e,0.33502078603951657,3
logistic_polynomial,47957,47959,3.38,b,h,n,f,,,k,8.2,4.41,,,w,,,t,,k,g,w,p,e,0.4153424667714386,7
logistic_polynomial,1011,1011,12.79,f,,g,f,e,,w,11.0,15.78,,,w,u,w,t,e,,d,u,p,e,0.08944276758296452,5
logistic_polynomial,9625,9625,1.04,x,g,w,f,a,d,w,2.88,1.33,,,n,,,f,f,,d,a,p,e,0.306670816992945,5
logistic_polynomial,44734,44736,6.99,b,y,w,f,,,k,12.91,18.17,,,w,,,f,f,,d,a,p,e,0.32826113975076043,7
logistic_polynomial,3792,3792,3.4,f,y,w,f,e,c,w,4.67,3.65,,k,w,,,t,e,,d,u,p,e,0.4161070048626579,4
logistic_polynomial,15501,15503,7.15,f,y,e,f,,,w,6.37,22.73,b,,n,,w,t,e,,d,a,e,p,0.7981675853899026,5
logistic_polynomial,43269,43271,6.52,x,y,w,t,,,g,7.79,12.92,s,,w,,,t,l,,d,a,p,e,0.4732550569314062,6
logistic_polynomial,33397,33399,10.67,x,h,w,f,s,,p,7.87,16.73,,i,n,,,f,f,,d,u,p,e,0.21680256056178931,5
logistic_polynomial,26272,26274,11.76,x,s,n,f,x,,n,6.08,21.79,,,p,,,f,f,,d,a,e,p,0.7872753174424131,6
logistic_polynomial,30644,30646,7.62,s,t,o,t,d,c,o,5.69,16.33,,,w,,,f,f,,d,u,e,p,0.5115126772596732,5
logistic_polynomial,19631,19633,2.87,x,y,o,f,d,,o,2.76,5.18,,,o,,,f,f,,h,a,p,e,0.4867809412258246,6
logistic_polynomial,14573,14575,4.12,f,t,o,f,a,d,y,5.11,4.92,,k,o,,,f,f,,d,a,e,p,0.8946355508153185,4
logistic_polynomial,9201,9201,3.64,b,g,n,f,x,d,w,4.33,3.22,,,y,,,f,f,,g,u,e,p,0.6640953039918125,5
logistic_polynomial,58651,58797,16.32,x,d,o,f,p,,y,4.97,41.8,,,n,,,f,f,,d,w,p,e,0.2659679938148303,6
logistic_polynomial,44767,44769,7.72,b,y,n,f,,,p,16.12,16.89,,,w,,,f,f,,d,a,p,e,0.23727411438702933,7
logistic_polynomial,33396,33398,11.89,x,s,n,f,s,,p,7.1,16.58,,i,n,,,f,f,,d,u,p,e,0.12389686290655014,5
logistic_polynomial,5798,5798,12.79,x,e,n,f,a,c,w,8.07,27.47,s,,w,,,f,f,,d,a,e,p,0.5395784682949748,4
logistic_polynomial,15225,15227,9.9,f,y,y,f,,,w,6.0,25.24,b,,n,,w,t,e,,d,a,e,p,0.6710124311679574,5
logistic_polynomial,3686,3686,3.4,f,y,w,f,e,c,w,4.59,3.63,,k,w,,,t,e,,d,u,p,e,0.4166629154923983,4
logistic_polynomial,7419,7419,4.92,f,l,n,f,x,d,n,6.11,5.06,,,y,,,f,f,,l,u,p,e,0.39095186922945036,5
logistic_polynomial,9867,9868,1.13,x,g,w,f,a,d,w,3.1,1.6,,,n,,,f,f,,l,a,p,e,0.21371189541217017,5
logistic_polynomial,30000,30002,3.39,f,d,p,t,d,c,p,4.66,5.96,,,n,,,f,f,,d,a,e,p,0.7290537214849536,5
logistic_polynomial,33332,33334,12.44,x,h,y,f,s,,p,8.62,17.53,,i,n,,,f,f,,d,a,p,e,0.24854544581464524,5
logistic_polynomial,25551,25553,8.05,f,h,e,f,x,d,w,6.67,18.13,b,,w,,,f,f,,d,a,p,e,0.14891736526260294,4
logistic_polynomial,44629,44631,7.08,p,y,w,f,,,p,13.58,17.32,,,w,,,f,f,,d,a,p,e,0.03823066806909988,7
logistic_polynomial,39276,39278,5.18,c,e,w,t,x,c,p,3.38,11.11,,,w,,,f,f,,g,s,p,e,0.19833609518429696,5
logistic_polynomial,50457,50459,11.81,x,e,n,t,p,,o,8.83,28.09,,,u,,,f,f,,d,u,p,e,0.11045839201606658,6
logistic_polynomial,23817,23819,4.66,x,,b,f,x,,w,5.81,6.73,,,w,,,f,f,,d,a,p,e,0.13449298935871748,7
logistic_polynomial,7125,7125,2.55,s,s,w,f,d,c,w,2.76,7.6,,,w,,,f,f,,g,a,p,e,0.23378011992862532,5
logistic_polynomial,25587,25589,7.94,f,h,e,f,x,d,w,6.85,18.46,b,,w,,,f,f,,d,u,p,e,0.1672479178965145,4
logistic_polynomial,9308,9308,4.16,b,g,n,f,x,d,w,5.59,3.73,,,y,,,f,f,,g,u,e,p,0.6424957403403493,5
logistic_polynomial,45582,45584,1.21,b,g,g,f,,,g,3.03,1.59,,,w,,,f,f,,d,a,e,p,0.5337792877476063,7
logistic_polynomial,27143,27145,13.86,s,,w,t,d,c,y,7.22,29.28,,,w,,,f,f,,d,a,e,p,0.514300851839344,6
logistic_polynomial,28157,28159,7.27,s,t,g,t,d,,g,4.63,13.68,,t,n,,,f,f,,d,a,p,e,0.3933713401314728,5
logistic_polynomial,46364,46366,4.11,f,,y,f,x,c,n,6.05,3.39,,,w,,,f,f,,d,a,e,p,0.5934442726822169,6
logistic_polynomial,58570,58716,19.26,x,s,o,f,p,,y,5.1,39.93,,,n,,,f,f,,d,w,p,e,0.21513488949973866,6
logistic_polynomial,44702,44704,8.65,p,y,n,f,,,k,14.1,17.47,,,w,,,f,f,,d,a,p,e,0.08454281660485129,7
logistic_polynomial,14705,14707,3.87,f,h,o,f,a,d,w,4.55,4.18,,k,n,,,f,f,,d,a,e,p,0.8367892824931212,4
logistic_polynomial,9516,9516,3.62,b,g,w,f,x,d,w,4.15,2.99,,,y,,,f,f,,g,u,e,p,0.7254326886563872,5
logistic_polynomial,40369,40371,6.3,x,s,n,f,s,,g,5.45,7.1,,y,n,,,f,f,,d,w,p,e,0.30885620438822436,5
logistic_polynomial,29860,29862,4.15,s,d,u,t,d,c,p,5.32,6.93,,,n,,,f,f,,d,u,e,p,0.6621509739220176,5
logistic_polynomial,720,720,12.37,x,,g,f,e,,w,11.17,16.87,,,w,u,w,t,g,,d,u,p,e,0.0991239233138762,5
logistic_polynomial,16869,16871,7.18,f,t,o,f,s,,y,8.94,13.37,,t,n,,,f,f,,d,a,e,p,0.607764692401449,5
logistic_polynomial,31041,31043,10.35,s,,y,t,d,,o,6.39,13.97,,,w,,,t,f,,d,u,p,e,0.4345231259064497,7
logistic_polynomial,7078,7078,3.48,x,s,g,f,d,c,w,2.8,8.16,,,w,,,f,f,,g,u,p,e,0.3063665625081753,5
logistic_polynomial,33325,33327,12.8,x,s,y,f,s,,p,7.15,16.97,,i,n,,,f,f,,d,a,p,e,0.20047256781347086,5
logistic_polynomial,9811,9811,0.98,x,g,w,f,a,d,w,2.47,1.24,,,n,,,f,f,,d,a,p,e,0.31385269158546786,5
logistic_polynomial,10534,10535,3.42,b,g,n,f,a,d,g,5.91,3.57,,s,n,,,f,f,,d,a,e,p,0.5669465365819951,4
logistic_polynomial,5775,5775,15.9,s,e,n,f,d,c,w,8.69,24.73,s,,w,,,f,f,,l,a,e,p,0.5381640026273,4
logistic_polynomial,44783,44785,7.52,b,y,w,f,,,p,12.26,17.29,,,w,,,f,f,,d,a,p,e,0.14128251839808326,7
logistic_polynomial,40364,40366,5.12,x,s,n,f,s,,n,5.05,6.6,,y,n,,,f,f,,d,w,p,e,0.49643155825520285,5
logistic_polynomial,50196,50198,11.83,x,e,n,t,p,,e,8.18,29.29,,,e,,,f,f,,d,u,p,e,0.2986636591598072,6
logistic_polynomial,7160,7160,3.14,x,s,g,f,d,c,w,2.94,7.63,,,w,,,f,f,,g,a,p,e,0.2736103997251244,5
logistic_polynomial,26299,26301,9.53,x,s,y,f,x,,n,5.08,18.59,,,p,,,f,f,,d,w,e,p,0.7004432077373068,6
logistic_polynomial,9200,9200,3.24,b,g,n,f,x,d,w,4.88,3.1,,,y,,,f,f,,g,a,e,p,0.6363414561932412,5
logistic_polynomial,26196,26198,13.39,f,s,u,f,x,,n,7.89,23.36,,,p,,,f,f,,d,u,e,p,0.914811139951022,6
logistic_polynomial,25555,25557,7.3,f,t,e,f,x,d,w,5.3,17.24,b,,w,,,f,f,,d,a,p,e,0.3141354710199321,4
logistic_polynomial,14745,14747,4.37,f,h,n,f,a,d,y,5.78,4.6,,s,n,,,f,f,,d,a,e,p,0.528329943793328,4
logistic_polynomial,50596,50598,2.65,x,k,n,f,p,,e,4.46,10.01,,,y,,,f,f,,d,a,e,p,0.6594377526098207,6
logistic_polynomial,23531,23533,3.13,s,,u,f,a,,w,3.94,6.7,,,w,,,f,f,,d,a,p,e,0.3669168199900951,7
logistic_polynomial,846,846,12.61,x,,g,f,e,,w,11.17,16.18,,,w,u,w,t,g,,d,a,p,e,0.0823375689410321,5
logistic_polynomial,11779,11780,0.98,f,g,e,t,a,,p,5.02,1.0,,,n,,,f,f,,h,a,e,p,0.6843115995871476,6
logistic_polynomial,44507,44509,8.3,b,y,w,f,,,k,14.99,17.27,,,w,,,f,f,,d,a,p,e,0.4453975313099776,7
logistic_polynomial,43466,43468,9.58,p,i,n,t,e,,p,8.81,16.98,,y,w,,,t,l,,l,a,e,p,0.509481799307419,5
logistic_polynomial,27377,27379,13.53,x,k,w,t,d,d,w,6.31,23.02,,,w,,,f,f,,d,w,p,e,0.48473652125245265,5
logistic_polynomial,11867,11868,0.98,f,g,e,t,a,,w,6.01,1.03,,,n,,,f,f,,h,a,e,p,0.7791862945105984,6
logistic_polynomial,47756,47758,3.93,b,h,n,f,,,n,9.29,6.45,,,w,,,t,,k,g,w,p,e,0.37494073134496575,7
logistic_polynomial,55685,55687,14.33,f,,g,f,d,c,y,2.75,15.8,,,w,,,f,f,,d,a,e,p,0.6813732027137631,6
logistic_polynomial,11906,11907,0.89,x,g,e,t,a,,p,5.68,1.07,,,n,,,f,f,,d,a,e,p,0.7203373429937733,6
logistic_polynomial,20914,20916,2.96,f,d,y,f,a,,r,4.48,6.23,,t,y,,,f,f,,g,a,p,e,0.42005514457420284,5
logistic_polynomial,26328,26330,12.52,f,s,r,f,x,,n,7.03,23.07,,,w,,,f,f,,d,u,e,p,0.5032590781621324,6
logistic_polynomial,28244,28246,11.29,x,t,k,t,d,c,b,5.48,27.63,,,g,,,f,f,,l,u,p,e,0.24554887444892107,5
logistic_polynomial,25624,25626,6.52,x,t,e,f,x,d,w,5.73,17.1,b,,w,,,f,f,,d,a,p,e,0.25682562912589296,4
logistic_polynomial,397,397,7.81,x,g,n,f,e,,w,8.12,14.57,,y,w,u,w,t,p,,d,a,p,e,0.48671164995417016,3
logistic_polynomial,56127,56129,9.08,o,t,y,f,,c,o,1.49,14.76,,,y,,,f,f,,d,w,p,e,0.37631890552928043,6
logistic_polynomial,7154,7154,2.57,x,s,w,f,d,c,w,4.14,10.24,,,w,,,f,f,,g,u,p,e,0.23382750430746563,5
logistic_polynomial,29061,29063,5.86,s,,n,t,d,c,b,6.46,6.54,,,n,,,f,f,,d,a,p,e,0.3289506659642545,6
logistic_polynomial,23701,23703,3.65,x,,p,f,x,,w,5.03,6.46,,,w,,,f,f,,d,a,p,e,0.37316955779528704,7
logistic_polynomial,50319,50321,9.22,x,e,y,t,p,,e,5.75,20.17,,,u,,,f,f,,d,u,p,e,0.4733244634892832,6
logistic_polynomial,45463,45465,3.3,b,y,n,f,,c,k,7.1,3.34,,,w,,,f,f,,d,a,e,p,0.5660111142793327,6
logistic_polynomial,976,976,11.32,f,,g,f,e,,w,11.31,13.96,,,w,u,w,t,g,,d,u,p,e,0.1434006972256288,5
logistic_polynomial,5992,5992,11.77,s,e,g,f,d,c,w,6.65,23.5,s,,w,,,f,f,,d,a,e,p,0.7997045593363534,4
logistic_polynomial,6224,6224,6.08,f,,g,f,d,c,w,5.75,10.15,b,,n,,,f,f,,d,w,p,e,0.401514722884401,5
logistic_polynomial,29108,29110,6.28,s,,n,t,d,c,b,6.45,6.1,,,n,,,f,f,,d,a,p,e,0.3217432134578233,6
logistic_polynomial,58684,58830,18.37,x,d,o,f,p,,y,6.65,45.91,,,n,,,f,f,,d,w,p,e,0.2827707986645516,6
logistic_polynomial,50432,50434,8.94,x,e,y,t,p,,o,7.64,22.47,,,u,,,f,f,,d,u,p,e,0.23328015777196678,6
logistic_polynomial,60652,60798,1.25,f,s,y,f,f,f,f,3.21,5.8,,,y,,,f,f,,d,u,p,e,0.3682758455536788,5
logistic_polynomial,6141,6141,5.81,f,,n,f,d,c,w,5.44,10.23,b,,n,,,f,f,,l,w,p,e,0.2465887092882552,5
logistic_polynomial,7268,7268,2.94,x,s,g,f,d,c,w,2.82,7.85,,,w,,,f,f,,g,a,p,e,0.27481328584235204,5
logistic_polynomial,32287,32289,3.76,f,t,n,f,x,c,p,5.75,3.99,,i,g,,,f,f,,g,a,p,e,0.35770377653926905,4
logistic_polynomial,50420,50422,10.33,x,e,y,t,p,,o,6.48,21.05,,,u,,,f,f,,d,a,p,e,0.251239187311902,6
logistic_polynomial,5696,5696,16.98,f,e,g,f,a,c,w,8.21,24.5,s,,w,,,f,f,,d,a,e,p,0.5768202119071929,4
logistic_polynomial,9526,9526,3.3,b,g,w,f,x,d,w,4.04,2.48,,,y,,,f,f,,g,u,e,p,0.740268806335597,5
logistic_polynomial,43212,43214,7.16,x,y,w,t,,,w,8.37,13.81,s,,w,,,t,l,,d,a,p,e,0.43920820325144666,6
logistic_polynomial,8422,8422,3.23,f,,w,f,x,c,p,7.21,3.72,,,n,,,f,f,,l,a,p,e,0.4840605397326162,6
logistic_polynomial,7214,7214,3.18,s,s,w,f,d,c,w,3.12,6.84,,,w,,,f,f,,g,a,p,e,0.23219683396718507,5
logistic_polynomial,11252,11253,2.6,x,g,e,f,a,,w,6.7,2.56,,,w,,,f,f,,d,u,p,e,0.49236572591631245,6
logistic_polynomial,4378,4378,2.42,f,y,n,f,d,d,p,6.68,3.88,,i,n,,,f,f,,l,u,e,p,0.5303636379829975,4
logistic_polynomial,20836,20838,2.71,f,d,y,f,a,,r,4.86,5.42,,t,y,,,f,f,,d,a,p,e,0.38762492300016793,5
logistic_polynomial,60680,60826,1.2,s,s,y,f,f,f,f,3.05,5.01,,,y,,,f,f,,d,u,p,e,0.30184132682327974,5
logistic_polynomial,45240,45242,2.82,b,y,n,f,,c,n,5.98,3.0,,,w,,,f,f,,d,u,e,p,0.6035548018487591,6
logistic_polynomial,7305,7305,3.04,x,s,g,f,d,c,w,2.31,6.79,,,w,,,f,f,,g,u,p,e,0.34091668975310274,5
logistic_polynomial,24252,24254,6.38,x,,e,f,x,c,w,4.9,12.58,,s,w,,,f,f,,d,u,e,p,0.5131694939075764,5
logistic_polynomial,50451,50453,10.78,x,e,y,t,p,,o,6.76,24.72,,,e,,,f,f,,d,a,p,e,0.3325749984229543,6
logistic_polynomial,1019,1019,11.37,x,,g,f,e,,w,10.3,12.61,,,w,u,w,t,g,,d,a,p,e,0.09864800597988073,5
logistic_polynomial,54309,54311,4.76,s,d,y,f,d,c,o,3.42,5.85,,,o,,,f,f,,d,a,p,e,0.4794279226692057,5
logistic_polynomial,43242,43244,5.82,x,y,w,t,,,p,7.7,12.83,s,,w,,,t,l,,g,u,p,e,0.4631518552274362,6
logistic_polynomial,58630,58776,18.83,x,d,o,f,p,,y,5.21,34.45,,,n,,,f,f,,d,w,p,e,0.1272106168981361,6
logistic_polynomial,25595,25597,8.35,f,t,e,f,x,d,w,6.36,18.47,b,,w,,,f,f,,d,u,p,e,0.31220720753126124,4
logistic_polynomial,50729,50731,3.67,x,k,n,f,p,,e,4.41,10.6,,,n,,,f,f,,d,a,e,p,0.6158751441279575,6
logistic_polynomial,58752,58898,19.24,x,s,e,f,p,,y,4.56,38.7,,,n,,,f,f,,d,w,p,e,0.37254329847270107,6
logistic_polynomial,60854,61000,1.26,x,s,y,f,f,f,f,3.04,5.44,,,y,,,f,f,,d,a,p,e,0.2998204654824572,5
logistic_polynomial,28885,28887,5.23,s,d,n,t,d,c,w,5.65,7.98,,,n,,,f,f,,d,u,p,e,0.4647175250906415,5
logistic_polynomial,23077,23079,10.7,x,t,n,f,a,d,w,10.33,27.85,,,w,,,f,f,,d,u,p,e,0.031437921682822535,5
logistic_polynomial,58621,58767,20.32,f,d,k,f,p,,y,6.19,41.41,,,n,,,f,f,,d,w,p,e,0.3487420908571827,6
logistic_polynomial,9226,9226,4.63,b,g,n,f,x,d,w,5.51,3.88,,,y,,,f,f,,g,a,e,p,0.583266674292401,5
logistic_polynomial,25586,25588,7.83,f,h,e,f,x,d,w,5.98,17.72,b,,w,,,f,f,,d,u,p,e,0.18891216095426144,4
logistic_polynomial,10579,10580,3.53,b,g,g,f,a,d,g,5.67,4.07,,s,n,,,f,f,,d,a,e,p,0.6241808103435232,4
logistic_polynomial,26302,26304,10.95,x,s,u,f,x,,n,5.93,18.5,,,p,,,f,f,,d,a,e,p,0.9083059852646161,6
logistic_polynomial,6955,6955,4.13,x,,r,f,a,,r,6.79,8.6,,,w,,,f,f,,l,u,e,p,0.5711696554362471,7
logistic_polynomial,20610,20612,2.88,x,d,o,f,a,c,o,3.83,5.32,,,o,,,f,f,,m,u,e,p,0.5134704508985019,5
logistic_polynomial,995,995,13.22,f,,n,f,e,,w,11.35,17.71,,,w,u,w,t,g,,d,u,p,e,0.0794403617716919,5
logistic_polynomial,11797,11798,0.7,c,g,e,t,a,,p,5.29,0.98,,,n,,,f,f,,h,u,e,p,0.820737177189127,6
logistic_polynomial,7314,7314,2.72,x,s,w,f,d,c,w,2.6,7.15,,,w,,,f,f,,g,a,p,e,0.2828499635079035,5
logistic_polynomial,27001,27003,11.5,s,,w,t,d,c,y,5.42,24.92,,,w,,,f,f,,d,a,e,p,0.5554758451055375,6
logistic_polynomial,996,996,12.74,f,,g,f,e,,w,11.16,14.64,,,w,u,w,t,g,,d,a,p,e,0.09610567021927251,5
logistic_polynomial,28236,28238,7.75,s,h,n,t,d,,g,4.39,11.71,,t,n,,,f,f,,d,u,p,e,0.2194718081719159,5
logistic_polynomial,10350,10351,1.68,b,g,n,f,a,d,g,3.74,3.4,,s,n,,,f,f,,d,a,e,p,0.6040329295623758,4
logistic_polynomial,60633,60779,1.2,x,s,y,f,f,f,f,3.46,5.45,,,y,,,f,f,,d,a,p,e,0.2926853945266879,5
logistic_polynomial,9384,9384,2.83,b,g,w,f,x,d,w,4.14,3.07,,,y,,,f,f,,g,u,e,p,0.7409805674460834,5
logistic_polynomial,9255,9255,3.35,b,g,w,f,x,d,w,4.09,2.91,,,y,,,f,f,,g,a,e,p,0.6974305118900765,5
logistic_polynomial,28428,28430,17.01,s,t,g,t,d,c,b,5.35,26.41,,,n,,,f,f,,d,a,p,e,0.4113226010784542,5
logistic_polynomial,21884,21886,4.42,x,,y,f,a,c,y,3.93,9.49,,,w,,,f,f,,d,a,e,p,0.6127228010730806,6
logistic_polynomial,50214,50216,11.64,x,e,y,t,p,,e,7.43,23.66,,,e,,,f,f,,d,a,p,e,0.46420842016456787,6
logistic_polynomial,29208,29210,4.42,s,,n,t,d,c,b,5.25,5.57,,,n,,,f,f,,d,u,p,e,0.42210345017793466,6
logistic_polynomial,44520,44522,7.66,b,y,n,f,,,p,15.12,17.13,,,w,,,f,f,,d,a,p,e,0.18393922932435391,7
logistic_polynomial,41940,41942,1.54,b,h,n,f,a,,n,5.19,1.82,,t,n,,,f,f,,h,s,p,e,0.42343890505165543,5
logistic_polynomial,40393,40395,9.42,x,t,n,f,s,,g,6.72,7.56,,y,n,,,f,f,,d,w,p,e,0.44054023166245204,5
logistic_polynomial,15179,15181,10.46,f,y,e,f,,,w,7.83,24.31,b,,n,,w,t,e,,d,a,e,p,0.7936656338270492,5
logistic_polynomial,22014,22016,2.42,x,,y,f,a,c,y,2.46,6.46,,,w,,,f,f,,d,u,e,p,0.7405846355323772,6
logistic_polynomial,23371,23373,3.8,f,,u,f,a,,w,4.53,6.3,,,w,,,f,f,,d,u,p,e,0.4928792299521787,7
logistic_polynomial,39351,39353,5.09,c,e,y,t,x,c,p,7.27,13.08,,,w,,,f,f,,g,s,p,e,0.20863325511505196,5
logistic_polynomial,4440,4440,1.53,f,y,n,f,d,d,p,5.67,3.4,,i,n,,,f,f,,l,a,e,p,0.5014154976296795,4
logistic_polynomial,23066,23068,11.63,x,t,n,f,a,d,w,10.44,30.66,,,w,,,f,f,,d,u,p,e,0.03191123403798994,5
logistic_polynomial,23149,23151,12.37,x,t,n,f,a,d,w,11.37,32.43,,,w,,,f,f,,d,u,p,e,0.029499784147067096,5
logistic_polynomial,16683,16685,5.52,f,h,n,f,s,,n,8.94,12.42,,i,n,,,f,f,,d,a,e,p,0.5064459032576132,5
logistic_polynomial,45506,45508,2.36,b,y,n,f,,c,k,5.02,2.27,,,w,,,f,f,,d,u,e,p,0.625652795295096,6
logistic_polynomial,60697,60843,1.18,f,s,y,f,f,f,f,2.96,5.06,,,y,,,f,f,,d,a,p,e,0.3495609199008336,5
logistic_polynomial,602,602,8.19,x,g,n,f,e,,w,8.78,16.05,,y,w,u,w,t,p,,d,a,p,e,0.4603816218245168,3
logistic_polynomial,22072,22074,4.09,x,,y,f,a,c,y,3.88,9.0,,,w,,,f,f,,d,u,e,p,0.6624306166098622,6
logistic_polynomial,10323,10324,3.9,b,g,n,f,a,d,g,5.56,3.13,,s,n,,,f,f,,d,u,e,p,0.6005334575774707,4
logistic_polynomial,14662,14664,2.28,f,t,o,f,a,d,y,7.06,5.44,,s,o,,,f,f,,d,a,e,p,0.6953637796467479,4
logistic_polynomial,23164,23166,8.35,x,t,n,f,a,d,w,8.09,23.95,,,w,,,f,f,,d,u,p,e,0.03892935166120423,5
logistic_polynomial,55487,55489,9.96,f,,g,f,d,c,y,2.38,13.41,,,w,,,f,f,,d,a,e,p,0.7564805501264903,6
logistic_polynomial,58464,58610,15.84,x,d,n,f,p,,y,5.09,34.34,,,n,,,f,f,,d,a,p,e,0.133850343887922,6
logistic_polynomial,11959,11960,0.92,x,g,e,t,a,,w,5.94,1.03,,,n,,,f,f,,d,u,e,p,0.8258829000047183,6
logistic_polynomial,12671,12672,1.72,x,t,y,f,a,,w,6.34,2.24,,t,y,,,f,f,,h,a,e,p,0.6100714946231172,5
logistic_polynomial,11081,11082,2.64,x,g,n,f,a,,w,7.15,2.53,,,w,,,f,f,,d,u,p,e,0.1368619356065972,6
logistic_polynomial,47865,47867,3.32,b,h,n,f,,,n,9.89,6.24,,,w,,,t,,k,g,w,p,e,0.4227751538775606,7
logistic_polynomial,7824,7824,2.5,f,d,n,f,x,c,w,3.55,2.71,b,s,n,,,f,f,,l,u,p,e,0.41156319035888483,3
logistic_polynomial,25567,25569,7.49,x,t,e,f,x,d,w,5.49,17.41,b,,w,,,f,f,,d,u,p,e,0.30520763284964025,4
logistic_polynomial,23000,23002,10.14,x,t,n,f,a,d,w,9.96,30.38,,,w,,,f,f,,d,u,p,e,0.028471582883528416,5
logistic_polynomial,9221,9221,3.91,b,g,n,f,x,d,w,4.97,3.18,,,y,,,f,f,,g,a,e,p,0.6162416015841555,5
logistic_polynomial,23598,23600,3.93,s,,u,f,a,,w,4.82,6.85,,,w,,,f,f,,d,u,p,e,0.38243673034253695,7
logistic_polynomial,50566,50568,4.35,x,k,n,f,p,,n,4.97,11.08,,,y,,,f,f,,d,a,e,p,0.5620212483922886,6
logistic_polynomial,26828,26830,10.91,s,,w,t,d,c,y,4.91,22.66,,,w,,,f,f,,d,u,e,p,0.6036424442448524,6
logistic_polynomial,12657,12658,1.52,x,t,y,f,a,,w,5.82,2.12,,t,y,,,f,f,,h,u,e,p,0.6480152180461849,5
logistic_polynomial,50277,50279,12.11,x,e,y,t,p,,e,8.42,27.71,,,u,,,f,f,,d,a,p,e,0.34820261697081534,6
logistic_polynomial,33495,33497,10.55,x,h,n,f,s,,p,7.32,17.33,,i,n,,,f,f,,d,a,p,e,0.15984033211204274,5
logistic_polynomial,58731,58877,17.5,f,g,k,f,p,,y,5.55,41.17,,,n,,,f,f,,d,w,p,e,0.22339729764809674,6
logistic_polynomial,32451,32453,3.93,f,t,n,f,x,c,p,6.35,4.68,,i,g,,,f,f,,d,u,p,e,0.3378224318617638,4
logistic_polynomial,16697,16699,8.96,f,g,o,f,s,,y,10.01,12.68,,i,n,,,f,f,,d,a,e,p,0.7555774844094265,5
logistic_polynomial,50540,50542,3.43,x,k,n,f,p,,n,4.68,9.67,,,y,,,f,f,,d,a,e,p,0.5942350438265874,6
logistic_polynomial,50786,50788,3.02,x,k,n,f,p,,e,4.08,9.77,,,y,,,f,f,,d,a,e,p,0.6742502438524623,6
logistic_polynomial,11269,11270,2.72,x,g,n,f,a,,p,6.91,2.41,,,w,,,f,f,,d,u,p,e,0.09326561914568775,6
logistic_polynomial,7283,7283,3.21,x,s,g,f,d,c,w,2.88,7.6,,,w,,,f,f,,g,u,p,e,0.3115452573642666,5
logistic_polynomial,21152,21154,3.36,f,w,y,f,a,,r,5.64,7.01,,t,y,,,f,f,,g,u,p,e,0.4766426943795526,5
logistic_polynomial,997,997,13.59,x,,n,f,e,,w,11.45,18.2,,,w,u,w,t,e,,d,u,p,e,0.05150619715129831,5
logistic_polynomial,28905,28907,7.79,s,d,n,t,d,c,w,5.18,9.23,,,n,,,f,f,,d,a,p,e,0.35688144806545047,5
logistic_polynomial,7695,7695,5.38,f,l,n,f,x,d,e,6.67,5.43,,,n,,,f,f,,d,a,p,e,0.473615724702699,5
logistic_polynomial,60608,60754,1.2,s,s,y,f,f,f,f,2.49,5.04,,,y,,,f,f,,d,u,p,e,0.3128411218349934,5
logistic_polynomial,43305,43307,7.45,x,y,w,t,,,w,8.31,13.87,s,,w,,,t,l,,d,u,p,e,0.4779928835967426,6
logistic_polynomial,28480,28482,11.61,s,t,n,t,d,c,b,5.0,25.02,,,g,,,f,f,,d,a,p,e,0.08185889119158199,5
logistic_polynomial,39466,39468,3.99,c,e,y,t,x,c,r,5.06,11.52,,,w,,,f,f,,d,s,p,e,0.24544623757241749,5
logistic_polynomial,11939,11940,0.56,x,g,e,t,a,,p,5.59,0.98,,,n,,,f,f,,d,u,e,p,0.7605141161630234,6
logistic_polynomial,7945,7945,3.51,f,d,b,f,x,c,w,4.11,2.87,b,s,n,,,f,f,,l,a,p,e,0.2923910844153281,3
logistic_polynomial,28716,28718,7.03,s,d,n,t,d,c,w,4.69,7.27,,,n,,,f,f,,d,u,p,e,0.4375708206615147,5
logistic_polynomial,5921,5921,14.23,x,e,g,f,d,c,w,8.05,23.72,s,,w,,,f,f,,d,a,e,p,0.7796474334649038,4
logistic_polynomial,9780,9780,1.11,x,g,w,f,a,d,w,3.24,1.49,,,n,,,f,f,,l,u,p,e,0.24595155267296157,5
logistic_polynomial,50781,50783,3.76,x,k,n,f,p,,e,5.47,10.95,,,n,,,f,f,,d,a,e,p,0.586283871219261,6
logistic_polynomial,56128,56130,10.22,o,t,y,f,,c,o,1.92,16.31,,,y,,,f,f,,d,w,p,e,0.35768616095500316,6
logistic_polynomial,50600,50602,3.38,x,k,n,f,p,,y,4.82,10.31,,,y,,,f,f,,d,a,e,p,0.7070494704223554,6
logistic_polynomial,60738,60884,1.17,x,s,y,f,f,f,f,3.78,5.58,,,y,,,f,f,,d,u,p,e,0.3227071713480542,5
logistic_polynomial,605,605,8.27,x,g,n,f,e,,w,8.65,16.27,,y,w,u,w,t,p,,d,a,p,e,0.4575942351985465,3
logistic_polynomial,25517,25519,8.52,x,t,e,f,x,d,w,6.5,18.25,b,,w,,,f,f,,d,a,p,e,0.23800752710767634,4
logistic_polynomial,2009,2009,5.95,x,,y,f,e,,w,6.01,12.72,b,,y,u,w,t,g,,d,u,e,p,0.6704813971262625,4
logistic_polynomial,9350,9350,2.93,b,g,n,f,x,d,w,3.86,2.86,,,y,,,f,f,,g,u,e,p,0.6892811969551352,5
logistic_polynomial,39476,39478,6.28,c,e,w,t,x,c,r,7.92,13.75,,,w,,,f,f,,d,s,p,e,0.1159315300326742,5
logistic_polynomial,1050,1050,11.78,x,,n,f,e,,w,10.51,14.67,,,w,u,w,t,g,,d,u,p,e,0.0807754661263851,5
logistic_polynomial,33335,33337,13.61,x,s,w,f,s,,p,7.69,18.03,,i,n,,,f,f,,d,u,p,e,0.13009548073722496,5
logistic_polynomial,23085,23087,10.25,x,t,n,f,a,d,w,10.3,27.33,,,w,,,f,f,,d,a,p,e,0.02599539855329415,5
logistic_polynomial,60758,60904,1.18,f,s,y,f,f,f,f,2.92,4.78,,,y,,,f,f,,d,u,p,e,0.3973504161133649,5
logistic_polynomial,20011,20013,5.95,x,s,o,f,e,,y,7.89,8.39,,,y,,,f,f,,m,a,p,e,0.45932759044344823,6
logistic_polynomial,54074,54076,5.72,s,d,y,f,d,c,o,3.61,6.54,,,o,,,f,f,,h,a,p,e,0.3719000333842686,5
logistic_polynomial,58573,58719,26.96,x,s,n,f,p,,y,5.84,37.43,,,n,,,f,f,,d,w,p,e,0.032683001644186714,6
logistic_polynomial,35297,35299,4.23,x,,n,f,x,c,w,7.96,8.1,b,,n,,w,t,,,g,a,e,p,0.5720696741858706,5
logistic_polynomial,32272,32274,4.39,f,t,n,f,x,c,p,5.75,4.74,,i,g,,,f,f,,m,u,p,e,0.37778714363303445,4
logistic_polynomial,35113,35115,5.49,x,,w,f,x,c,n,8.37,10.26,b,,n,,w,t,,,d,u,e,p,0.7144181943605858,5
logistic_polynomial,11019,11020,2.56,x,g,n,f,a,,p,7.96,2.49,,,n,,,f,f,,d,u,p,e,0.3460343316625671,6
logistic_polynomial,6169,6169,5.44,x,,n,f,d,c,w,5.27,8.83,b,,n,,,f,f,,l,w,p,e,0.23237385405205752,5
logistic_polynomial,7091,7091,2.96,s,s,g,f,d,c,w,2.88,7.19,,,w,,,f,f,,g,a,p,e,0.24172535882507123,5
logistic_polynomial,380,380,7.73,p,g,n,f,e,,w,9.09,16.3,,y,w,u,w,t,p,,d,a,p,e,0.4816670192804375,3
logistic_polynomial,7157,7157,3.17,f,s,g,f,d,c,w,3.0,6.84,,,w,,,f,f,,g,a,p,e,0.3199815697121929,5
logistic_polynomial,39410,39412,6.54,c,e,y,t,x,c,p,8.39,13.88,,,w,,,f,f,,d,u,p,e,0.48335251664942347,5
logistic_polynomial,43118,43120,7.22,x,y,w,t,,,g,7.69,13.38,s,,w,,,t,l,,d,a,p,e,0.45838280447758734,6
logistic_polynomial,6982,6982,3.83,x,,r,f,a,,r,5.88,6.82,,,r,,,f,f,,d,a,e,p,0.9334815830153167,7
logistic_polynomial,26643,26645,9.14,f,,y,f,x,c,y,6.92,11.14,,,w,,,f,f,,d,a,p,e,0.4759154285208601,6
logistic_polynomial,23126,23128,10.9,x,t,n,f,a,d,w,12.39,34.66,,,w,,,f,f,,d,u,p,e,0.019071003082676022,5
logistic_polynomial,33182,33184,13.58,x,h,g,f,s,,p,8.45,18.3,,i,n,,,f,f,,d,a,p,e,0.14966129742457307,5
logistic_polynomial,23760,23762,3.88,x,,p,f,x,,w,5.33,6.36,,,w,,,f,f,,d,a,p,e,0.3696317959665674,7
logistic_polynomial,8397,8397,2.91,x,,w,f,x,c,p,7.6,4.02,,,n,,,f,f,,l,u,p,e,0.49347681654914743,6
logistic_polynomial,26409,26411,8.63,x,s,r,f,x,,n,4.63,18.76,,,n,,,f,f,,d,a,e,p,0.823572992822831,6
logistic_polynomial,1803,1803,6.57,x,,w,f,e,,w,5.74,11.9,b,,y,u,w,t,g,,d,a,e,p,0.5007687034908814,4
logistic_polynomial,12607,12608,1.43,x,t,n,f,d,,w,5.01,1.37,,t,y,,,f,f,,h,u,e,p,0.6862166569805835,5
logistic_polynomial,37332,37334,4.0,x,h,l,f,s,c,g,5.67,6.32,,y,l,,,t,e,k,g,u,p,e,0.3530851505130868,3
logistic_polynomial,9395,9395,3.36,b,g,w,f,x,d,w,4.64,2.74,,,y,,,f,f,,g,a,e,p,0.6986856245767431,5
logistic_polynomial,16712,16714,7.49,f,h,o,f,s,,y,8.59,12.74,,i,o,,,f,f,,d,a,e,p,0.5591619339216797,5
logistic_polynomial,60826,60972,1.16,s,s,y,f,f,f,f,4.15,5.79,,,y,,,f,f,,d,a,p,e,0.23814518828378645,5
logistic_polynomial,26317,26319,10.15,x,s,u,f,x,,n,7.89,24.37,,,p,,,f,f,,d,a,e,p,0.8787750038725208,6
logistic_polynomial,880,880,11.88,x,,g,f,e,,w,10.59,12.35,,,w,u,w,t,g,,d,u,p,e,0.10821642967684186,5
logistic_polynomial,26624,26626,8.77,f,,y,f,x,c,n,6.83,12.89,,,w,,,f,f,,d,u,p,e,0.38653035831819627,6
logistic_polynomial,23025,23027,9.75,x,t,n,f,a,d,w,11.6,32.44,,,w,,,f,f,,d,a,p,e,0.01620404291171665,5
logistic_polynomial,43693,43695,10.76,p,i,n,t,e,,p,9.5,19.07,,y,w,,,t,p,,l,a,e,p,0.6960480510258529,5
logistic_polynomial,25544,25546,7.52,x,h,e,f,x,d,w,6.04,16.84,b,,w,,,f,f,,d,a,p,e,0.14090668339860682,4
logistic_polynomial,42003,42005,1.57,b,h,n,f,a,,n,4.65,1.62,,t,n,,,f,f,,d,s,p,e,0.4983875132242075,5
logistic_polynomial,30550,30552,9.36,s,t,o,t,d,c,o,5.83,17.93,,,w,,,f,f,,d,u,e,p,0.5007839365510868,5
logistic_polynomial,12689,12690,1.36,x,s,y,f,a,,w,4.86,1.78,,t,y,,,f,f,,g,u,e,p,0.5042012831113187,5
logistic_polynomial,26477,26479,8.35,f,,y,f,x,c,n,6.26,11.62,,,w,,,f,f,,d,a,p,e,0.36927542804999375,6
logistic_polynomial,26846,26848,11.06,s,,w,t,d,c,y,5.03,22.74,,,w,,,f,f,,d,a,e,p,0.5545688470549405,6
logistic_polynomial,6737,6737,4.74,x,,r,f,d,,r,5.91,7.52,,,r,,,f,f,,d,u,e,p,0.9748913364151429,7
logistic_polynomial,43310,43312,7.88,x,y,w,t,,,w,7.96,13.64,s,,w,,,t,l,,d,u,p,e,0.4756877246664804,6
logistic_polynomial,35282,35284,5.02,x,,n,f,x,c,n,8.05,10.13,b,,n,,w,t,,,d,a,e,p,0.6221024526686694,5
logistic_polynomial,47681,47683,3.51,b,h,n,f,,,n,10.33,6.53,,,w,,,t,,k,g,w,p,e,0.4298215481223731,7
logistic_polynomial,50514,50516,2.96,x,k,n,f,p,,n,4.01,10.02,,,y,,,f,f,,d,a,e,p,0.6031916020670028,6
logistic_polynomial,11895,11896,0.88,f,g,e,t,a,,p,4.92,0.95,,,n,,,f,f,,h,u,e,p,0.7227057286083182,6
logistic_polynomial,50518,50520,3.49,x,k,n,f,p,,y,4.78,9.85,,,y,,,f,f,,d,a,e,p,0.7154505546163595,6
logistic_polynomial,37264,37266,4.2,x,y,l,f,s,c,u,5.88,6.89,,y,l,,,t,e,k,d,u,p,e,0.17017491582348956,3
logistic_polynomial,718,718,12.68,x,,g,f,e,,w,11.16,16.42,,,w,u,w,t,g,,d,u,p,e,0.09537500500159816,5
logistic_polynomial,54181,54183,5.76,s,d,o,f,d,c,o,3.66,7.29,,,o,,,f,f,,h,u,p,e,0.48881065997842743,5
logistic_polynomial,12670,12671,1.62,x,t,y,f,d,,w,6.46,2.06,,t,y,,,f,f,,d,u,e,p,0.874521005208267,5
logistic_polynomial,10965,10966,2.57,x,g,e,f,a,,w,6.59,2.5,,,w,,,f,f,,d,a,p,e,0.44868657787396476,6
logistic_polynomial,26358,26360,10.18,f,s,r,f,x,,n,6.91,21.9,,,p,,,f,f,,d,w,e,p,0.9126639929650765,6
logistic_polynomial,23644,23646,3.5,s,,u,f,a,,w,4.61,7.48,,,w,,,f,f,,d,u,p,e,0.3794479412467667,7
logistic_polynomial,33508,33510,10.18,x,s,w,f,s,,p,7.16,16.86,,i,n,,,f,f,,d,a,p,e,0.1514182723050157,5
logistic_polynomial,23151,23153,11.27,x,t,n,f,a,d,w,11.92,34.01,,,w,,,f,f,,d,a,p,e,0.01877004769326287,5
logistic_polynomial,11229,11230,2.49,x,g,n,f,a,,w,8.56,2.66,,,w,,,f,f,,d,a,p,e,0.14306857425810912,6
logistic_polynomial,43081,43083,7.4,x,y,w,t,,,g,8.88,16.32,s,,w,,,t,l,,d,u,p,e,0.4508910384806765,6
logistic_polynomial,7012,7012,4.58,x,,r,f,a,,r,6.53,9.02,,,r,,,f,f,,l,u,e,p,0.894361598348965,7
logistic_polynomial,40501,40503,7.09,x,s,n,f,s,,n,5.52,8.23,,y,n,,,f,f,,d,w,p,e,0.4205717051593869,5
logistic_polynomial,43459,43461,9.88,p,i,n,t,e,,p,9.14,18.21,,y,w,,,t,l,,d,a,e,p,0.6036777732842029,5
logistic_polynomial,9660,9660,0.99,x,g,w,f,a,d,w,2.96,1.4,,,n,,,f,f,,l,u,p,e,0.25102747266105285,5
logistic_polynomial,60616,60762,1.32,x,s,y,f,f,f,f,3.43,5.05,,,y,,,f,f,,d,u,p,e,0.33894816752441165,5
logistic_polynomial,25481,25483,7.17,x,h,e,f,x,d,w,5.57,16.67,b,,w,,,f,f,,d,a,p,e,0.14993240559848547,4
logistic_polynomial,44827,44829,6.99,p,y,n,f,,,k,13.78,16.92,,,w,,,f,f,,d,a,p,e,0.09094182418163389,7
logistic_polynomial,25466,25468,6.82,f,h,e,f,x,d,w,5.96,17.91,b,,w,,,f,f,,d,u,p,e,0.18328727987557966,4
logistic_polynomial,16912,16914,9.2,f,t,o,f,s,,n,9.25,13.57,,i,n,,,f,f,,d,a,e,p,0.8321810912353934,5
logistic_polynomial,43358,43360,8.54,x,y,w,t,,,g,8.69,12.84,s,,w,,,t,l,,g,a,p,e,0.49098635092995857,6
logistic_polynomial,60701,60847,1.37,x,s,y,f,f,f,f,4.27,6.03,,,y,,,f,f,,d,u,p,e,0.30652515648819517,5
logistic_polynomial,22227,22229,4.67,x,,y,f,a,c,y,4.58,9.87,,,w,,,f,f,,d,a,e,p,0.5883577524956811,6
logistic_polynomial,11281,11282,2.4,x,g,n,f,a,,p,6.03,2.3,,,n,,,f,f,,d,a,p,e,0.26787148432010455,6
logistic_polynomial,29932,29934,3.36,s,d,u,t,d,c,p,4.58,5.69,,,n,,,f,f,,d,u,e,p,0.6999069699270256,5
logistic_polynomial,45260,45262,3.16,b,y,n,f,,c,n,6.15,2.72,,,w,,,f,f,,d,u,e,p,0.6036777717589649,6
logistic_polynomial,45216,45218,3.24,b,y,n,f,,c,n,6.83,3.05,,,w,,,f,f,,d,a,e,p,0.5648786023783344,6
logistic_polynomial,60713,60859,1.25,s,s,y,f,f,f,f,3.85,5.67,,,y,,,f,f,,d,a,p,e,0.24304822574913912,5
logistic_polynomial,43282,43284,6.48,x,y,w,t,,,p,7.55,13.99,s,,w,,,t,l,,d,u,p,e,0.38886686594461767,6
logistic_polynomial,47656,47658,5.18,b,h,n,f,,,n,11.7,6.34,,,w,,,t,,k,g,w,p,e,0.4662813742501036,7
logistic_polynomial,36256,36258,6.24,x,h,n,f,x,c,w,5.79,5.87,,y,n,,,t,r,,d,u,e,p,0.5323449277264383,4
logistic_polynomial,29152,29154,6.21,s,,n,t,d,c,p,7.01,7.57,,,n,,,f,f,,d,a,p,e,0.4631991933358396,6
logistic_polynomial,26440,26442,11.36,f,s,r,f,x,,n,5.64,18.56,,,p,,,f,f,,d,a,e,p,0.9812074911031592,6
logistic_polynomial,20669,20671,3.54,x,h,p,f,a,c,e,5.25,6.49,,,o,,,f,f,,g,a,e,p,0.5222319652471268,5
logistic_polynomial,379,379,8.85,p,g,n,f,e,,w,8.58,15.18,,y,w,u,w,t,p,,d,a,p,e,0.4846136513006275,3
logistic_polynomial,22234,22236,4.8,x,,y,f,a,c,y,3.67,8.9,,,w,,,f,f,,d,u,e,p,0.6642687223254778,6
logistic_polynomial,14619,14621,3.68,x,t,n,f,a,d,y,6.48,4.92,,s,n,,,f,f,,d,a,e,p,0.6774720019739499,4
logistic_polynomial,9484,9484,3.32,b,g,w,f,x,d,w,5.17,3.17,,,y,,,f,f,,g,u,e,p,0.7294545854219049,5
logistic_polynomial,22183,22185,2.77,x,,y,f,a,c,y,2.77,6.66,,,w,,,f,f,,d,a,e,p,0.6925854459180301,6
logistic_polynomial,54124,54126,6.4,s,d,y,f,d,c,o,2.89,6.38,,,o,,,f,f,,d,u,p,e,0.49408246311533316,5
logistic_polynomial,55444,55446,13.88,f,,g,f,d,c,y,2.63,17.8,,,w,,,f,f,,d,a,e,p,0.753575615001489,6
logistic_polynomial,56383,56385,9.67,o,e,n,f,,c,o,1.66,16.92,,,n,,,f,f,,d,w,p,e,0.41379975583787054,6
logistic_polynomial,23234,23236,9.45,x,t,n,f,a,d,w,9.19,26.84,,,w,,,f,f,,d,u,p,e,0.033251236418488594,5
logistic_polynomial,45624,45626,1.02,b,g,w,f,,,g,2.76,1.48,,,w,,,f,f,,d,u,e,p,0.5764136501820554,7
logistic_polynomial,735,735,12.33,x,,g,f,e,,w,11.29,16.58,,,w,u,w,t,g,,d,u,p,e,0.1005967276412185,5
logistic_polynomial,50829,50831,3.04,x,k,n,f,p,,e,4.42,9.82,,,y,,,f,f,,d,a,e,p,0.6654985309663957,6
logistic_polynomial,11668,11669,1.21,f,g,e,t,a,,p,6.52,1.12,,,n,,,f,f,,h,u,e,p,0.7408499412531317,6
logistic_polynomial,43351,43353,7.75,x,y,w,t,,,g,8.26,12.95,s,,w,,,t,l,,d,u,p,e,0.4976441058057183,6
logistic_polynomial,20107,20109,6.02,b,s,k,f,e,,g,7.48,7.42,,,o,,,f,f,,m,a,p,e,0.29640221996464183,6
logistic_polynomial,7328,7328,3.02,s,s,w,f,d,c,w,2.64,7.31,,,w,,,f,f,,g,a,p,e,0.23933532172973573,5
logistic_polynomial,44565,44567,7.63,b,y,w,f,,,k,13.07,16.78,,,w,,,f,f,,d,a,p,e,0.36990743951764954,7
logistic_polynomial,26688,26690,6.37,f,,y,f,x,c,n,6.62,10.14,,,w,,,f,f,,d,u,p,e,0.462464256044282,6
logistic_polynomial,60849,60995,1.2,s,s,y,f,f,f,f,2.59,4.9,,,y,,,f,f,,d,a,p,e,0.2769081818761117,5
logistic_polynomial,490,490,6.38,x,g,n,f,e,,w,8.43,14.68,,y,w,u,w,t,p,,d,a,p,e,0.4952907481011317,3
logistic_polynomial,43317,43319,7.88,x,y,w,t,,,g,8.55,16.55,s,,w,,,t,l,,d,u,p,e,0.44711241169700616,6
logistic_polynomial,23274,23276,10.0,x,t,n,f,a,d,w,12.18,38.37,,,w,,,f,f,,d,u,p,e,0.012679982526313985,5
logistic_polynomial,54224,54226,6.55,s,d,y,f,d,c,o,3.62,6.67,,,o,,,f,f,,d,a,p,e,0.42177985358506587,5
logistic_polynomial,841,841,12.04,f,,g,f,e,,w,11.24,17.14,,,w,u,w,t,e,,d,u,p,e,0.09891551842332526,5
logistic_polynomial,33472,33474,11.6,x,s,n,f,s,,y,8.32,18.95,,i,n,,,f,f,,d,u,p,e,0.40704745659911373,5
logistic_polynomial,39382,39384,5.82,c,e,w,t,x,c,r,6.98,12.41,,,w,,,f,f,,d,a,p,e,0.3769259846254219,5
logistic_polynomial,11724,11725,0.85,c,g,n,t,a,,w,5.47,1.03,,,n,,,f,f,,h,u,e,p,0.5151954233849401,6
logistic_polynomial,32225,32227,3.47,f,t,n,f,x,c,p,5.24,4.47,,i,g,,,f,f,,m,a,p,e,0.3635267893651869,4
logistic_polynomial,39188,39190,5.21,c,e,w,t,x,c,p,7.31,12.44,,,w,,,f,f,,g,u,p,e,0.43038239766999775,5
logistic_polynomial,9325,9325,3.73,b,g,n,f,x,d,w,4.25,2.96,,,y,,,f,f,,g,u,e,p,0.6660175990017585,5
logistic_polynomial,8348,8348,3.62,x,,n,f,x,c,p,7.37,3.7,,,n,,,f,f,,l,a,p,e,0.3674834635862871,6
logistic_polynomial,9464,9464,3.54,b,g,w,f,x,d,w,4.67,3.41,,,y,,,f,f,,g,u,e,p,0.7197027758582493,5
logistic_polynomial,60575,60721,1.27,s,s,y,f,f,f,f,3.67,5.48,,,y,,,f,f,,d,u,p,e,0.2826519823597716,5
logistic_polynomial,60841,60987,1.15,f,s,y,f,f,f,f,2.85,4.84,,,y,,,f,f,,d,a,p,e,0.35663452633575954,5
logistic_polynomial,28179,28181,7.65,s,h,r,t,d,,w,4.53,12.66,,t,g,,,f,f,,d,a,p,e,0.3281471743409215,5
logistic_polynomial,50523,50525,3.14,x,k,n,f,p,,n,4.48,10.29,,,n,,,f,f,,d,a,e,p,0.5461004716767981,6
logistic_polynomial,33394,33396,12.68,x,s,n,f,s,,y,7.43,17.97,,i,n,,,f,f,,d,u,p,e,0.4040415204861459,5
logistic_polynomial,30367,30369,8.41,s,t,o,t,d,c,o,5.03,16.58,,,w,,,f,f,,d,u,e,p,0.5399944506113727,5
logistic_polynomial,39379,39381,7.63,c,e,w,t,x,c,r,8.05,12.04,,,w,,,f,f,,d,u,p,e,0.3948894050463563,5
logistic_polynomial,9790,9790,1.25,x,g,w,f,a,d,w,3.35,1.79,,,n,,,f,f,,d,u,p,e,0.3278980126695206,5
logistic_polynomial,11277,11278,2.69,x,g,n,f,a,,w,9.03,2.78,,,w,,,f,f,,d,u,p,e,0.17294139580822215,6
logistic_polynomial,21984,21986,4.55,x,,y,f,a,c,y,5.0,10.2,,,w,,,f,f,,d,u,e,p,0.6165831103811887,6
logistic_polynomial,44685,44687,7.89,p,y,n,f,,,p,14.28,16.72,,,w,,,f,f,,d,a,p,e,0.035644831044249314,7
logistic_polynomial,29272,29274,4.86,s,,n,t,d,c,b,6.0,5.87,,,n,,,f,f,,d,a,p,e,0.3643564417682856,6
logistic_polynomial,60747,60893,1.11,x,s,y,f,f,f,f,2.64,4.77,,,y,,,f,f,,d,u,p,e,0.36088016404437084,5
logistic_polynomial,9802,9802,0.91,x,g,w,f,a,d,w,2.91,1.35,,,n,,,f,f,,d,u,p,e,0.34644672957523187,5
logistic_polynomial,26921,26923,12.18,s,,w,t,d,c,y,5.73,24.01,,,w,,,f,f,,d,a,e,p,0.5277084915574124,6
logistic_polynomial,44727,44729,8.1,b,y,w,f,,,k,15.71,17.84,,,w,,,f,f,,d,a,p,e,0.4762286901945905,7
logistic_polynomial,44813,44815,7.77,b,y,w,f,,,k,11.82,16.7,,,w,,,f,f,,d,a,p,e,0.3290026865753615,7
logistic_polynomial,60910,61056,1.29,x,s,y,f,f,f,f,4.08,6.28,,,y,,,f,f,,d,a,p,e,0.2673384116429321,5
logistic_polynomial,20657,20659,3.16,x,h,p,f,a,c,o,4.57,6.61,,,e,,,f,f,,m,u,e,p,0.9254568635966495,5
logistic_polynomial,715,715,13.34,f,,n,f,e,,w,11.41,16.86,,,w,u,w,t,g,,d,u,p,e,0.07822409455863029,5
logistic_polynomial,26143,26145,12.04,f,s,u,f,x,,n,8.07,29.74,,,p,,,f,f,,d,w,e,p,0.7079568731802908,6
logistic_polynomial,27890,27892,6.2,s,h,n,t,d,,g,4.39,12.56,,t,r,,,f,f,,d,u,p,e,0.3144881532631485,5
logistic_polynomial,10545,10546,4.18,b,g,g,f,a,d,g,5.59,3.77,,s,n,,,f,f,,d,u,e,p,0.6519169458520051,4
logistic_polynomial,9385,9385,4.17,b,g,w,f,x,d,w,5.47,3.65,,,y,,,f,f,,g,a,e,p,0.6640085170909159,5
logistic_polynomial,60623,60769,1.28,x,s,y,f,f,f,f,3.48,4.9,,,y,,,f,f,,d,u,p,e,0.3417394058033959,5
logistic_polynomial,20533,20535,3.42,x,h,p,f,a,c,e,4.42,6.54,,,o,,,f,f,,g,a,e,p,0.5309276709235912,5
logistic_polynomial,12650,12651,1.43,x,t,y,f,a,,w,7.01,2.58,,t,y,,,f,f,,g,a,e,p,0.7349270732834354,5
logistic_polynomial,45691,45693,0.9,b,g,w,f,,,g,2.81,1.39,,,w,,,f,f,,d,u,e,p,0.5799941237316837,7
logistic_polynomial,41885,41887,1.35,b,h,n,f,a,,n,5.13,1.69,,t,n,,,f,f,,h,s,p,e,0.4307789450331958,5
logistic_polynomial,60715,60861,1.19,x,s,y,f,f,f,f,3.48,5.84,,,y,,,f,f,,d,a,p,e,0.2843344622522796,5
logistic_polynomial,22143,22145,3.47,x,,y,f,a,c,y,3.45,8.45,,,w,,,f,f,,d,a,e,p,0.6450928005994482,6
logistic_polynomial,50240,50242,11.19,x,e,y,t,p,,o,8.68,24.95,,,u,,,f,f,,d,a,p,e,0.19114867116810805,6
logistic_polynomial,28027,28029,7.61,s,t,g,t,d,,g,4.56,12.34,,t,n,,,f,f,,d,u,p,e,0.43816749400240396,5
logistic_polynomial,44647,44649,8.95,p,y,w,f,,,k,16.79,17.29,,,w,,,f,f,,d,a,p,e,0.19903860109262977,7
logistic_polynomial,7294,7294,2.98,s,s,g,f,d,c,w,2.85,7.04,,,w,,,f,f,,g,a,p,e,0.2441027819174571,5
logistic_polynomial,7172,7172,3.21,s,s,w,f,d,c,w,3.04,6.82,,,w,,,f,f,,g,u,p,e,0.2667061452197678,5
logistic_polynomial,27219,27221,17.36,s,k,w,t,d,d,w,7.2,28.8,,,w,,,f,f,,d,w,p,e,0.48252485910424225,5
logistic_polynomial,48657,48659,25.43,p,t,n,f,p,,y,14.24,65.93,,,n,,,f,f,,d,u,e,p,0.7725413682648345,6
logistic_polynomial,4519,4519,2.75,f,y,n,f,d,d,p,6.04,3.4,,i,n,,,f,f,,h,u,e,p,0.558594200225387,4
logistic_polynomial,25419,25421,6.98,x,t,e,f,x,d,w,6.01,16.99,b,,w,,,f,f,,d,u,p,e,0.28695107985587104,4
logistic_polynomial,22070,22072,4.06,x,,y,f,a,c,y,3.35,8.59,,,w,,,f,f,,d,u,e,p,0.6824934818607454,6
logistic_polynomial,4550,4550,2.97,f,y,n,f,d,d,p,6.03,3.01,,i,n,,,f,f,,h,u,e,p,0.5626341655700876,4
logistic_polynomial,58529,58675,13.17,f,g,n,f,p,,y,6.02,43.81,,,n,,,f,f,,d,a,p,e,0.08588268637854023,6
logistic_polynomial,6156,6156,5.65,x,,n,f,d,c,y,5.29,9.42,b,,n,,,f,f,,l,w,p,e,0.49807788726645275,5
logistic_polynomial,60922,61068,1.17,s,s,y,f,f,f,f,3.25,5.45,,,y,,,f,f,,d,u,p,e,0.2896405955608542,5
logistic_polynomial,360,360,6.32,x,g,n,f,e,,w,7.66,15.84,,y,w,u,w,t,p,,d,a,p,e,0.47902157216142943,3
logistic_polynomial,44618,44620,8.43,p,y,n,f,,,p,17.38,17.7,,,w,,,f,f,,d,a,p,e,0.07112588155181915,7
logistic_polynomial,25731,25733,8.83,f,t,e,f,x,d,w,7.12,19.51,b,,w,,,f,f,,d,u,p,e,0.2856610183008785,4
logistic_polynomial,39198,39200,4.8,c,e,w,t,x,c,y,7.21,12.89,,,w,,,f,f,,g,s,p,e,0.4383952034914838,5
logistic_polynomial,12667,12668,1.6,x,t,n,f,a,,w,5.64,1.85,,t,y,,,f,f,,g,u,e,p,0.573101600252178,5
logistic_polynomial,23226,23228,9.75,x,t,n,f,a,d,w,8.58,27.5,,,w,,,f,f,,d,a,p,e,0.03149447698883555,5
logistic_polynomial,5923,5923,13.47,x,e,n,f,d,c,w,7.43,25.02,s,,w,,,f,f,,l,a,e,p,0.6766411701966789,4
logistic_polynomial,1984,1984,6.89,x,,y,f,e,,w,6.31,13.48,b,,y,u,w,t,g,,d,u,e,p,0.6510627594377957,4
logistic_polynomial,55575,55577,11.95,f,,w,f,d,c,y,2.44,13.57,,,w,,,f,f,,d,a,e,p,0.7083135977970149,6
logistic_polynomial,45560,45562,1.23,b,g,g,f,,,g,3.33,1.65,,,w,,,f,f,,d,a,e,p,0.52947060088225,7
logistic_polynomial,22189,22191,3.62,x,,y,f,a,c,y,3.62,8.07,,,w,,,f,f,,d,u,e,p,0.6838927147249293,6
logistic_polynomial,58656,58802,22.26,x,g,n,f,p,,y,6.14,45.1,,,n,,,f,f,,d,a,p,e,0.43964899133804336,6
logistic_polynomial,11726,11727,0.87,x,g,e,t,a,,w,5.5,1.03,,,n,,,f,f,,h,u,e,p,0.7711112955165492,6
logistic_polynomial,28055,28057,8.06,s,h,g,t,d,,g,4.55,13.55,,t,g,,,f,f,,d,u,p,e,0.0625975677930298,5
logistic_polynomial,11017,11018,2.55,x,g,n,f,a,,w,7.49,2.63,,,n,,,f,f,,d,u,p,e,0.4211149459418361,6
logistic_polynomial,50783,50785,3.24,x,k,n,f,p,,n,4.41,10.33,,,y,,,f,f,,d,a,e,p,0.5876639777444013,6
logistic_polynomial,20586,20588,3.09,x,d,o,f,a,c,e,4.6,6.27,,,e,,,f,f,,m,w,e,p,0.8656118118206176,5
logistic_polynomial,30855,30857,9.54,s,,y,t,d,,o,5.33,13.14,,,w,,,t,f,,d,a,p,e,0.44253975571193277,7
logistic_polynomial,23713,23715,4.5,f,,p,f,x,,w,5.22,7.11,,,w,,,f,f,,d,u,p,e,0.4317042784830017,7
logistic_polynomial,50385,50387,12.47,x,e,n,t,p,,o,8.82,27.26,,,u,,,f,f,,d,a,p,e,0.09746757614317425,6
logistic_polynomial,44003,44005,9.23,f,s,w,f,e,c,k,19.32,13.22,,s,w,,,t,e,,d,u,e,p,0.5959530827092447,4
logistic_polynomial,43077,43079,7.1,x,y,w,t,,,p,7.84,14.42,s,,w,,,t,l,,d,a,p,e,0.33634836402263746,6
logistic_polynomial,20778,20780,3.21,x,h,o,f,a,c,e,4.12,6.22,,,e,,,f,f,,g,w,e,p,0.8533226924917554,5
logistic_polynomial,27140,27142,11.68,s,,w,t,d,c,y,5.12,25.01,,,w,,,f,f,,d,u,e,p,0.6246072179557663,6
logistic_polynomial,50317,50319,10.08,x,e,y,t,p,,o,8.61,29.52,,,e,,,f,f,,d,u,p,e,0.26375665613274063,6
logistic_polynomial,45663,45665,0.84,b,g,w,f,,,g,2.39,1.18,,,w,,,f,f,,d,a,e,p,0.5484473644403888,7
logistic_polynomial,44614,44616,8.93,b,y,n,f,,,p,15.73,18.59,,,w,,,f,f,,d,a,p,e,0.1675286577131466,7
logistic_polynomial,27998,28000,7.07,s,h,n,t,d,,g,4.47,11.89,,t,n,,,f,f,,d,u,p,e,0.22415019518091606,5
logistic_polynomial,12614,12615,1.66,x,t,y,f,d,,w,5.38,2.08,,t,y,,,f,f,,g,u,e,p,0.886172678505846,5
logistic_polynomial,25761,25763,8.74,x,t,e,f,x,d,w,5.54,17.71,b,,w,,,f,f,,d,u,p,e,0.30630621433103683,4
logistic_polynomial,5762,5762,18.96,s,e,n,f,d,c,w,9.16,27.8,s,,w,,,f,f,,l,a,e,p,0.5268335458441503,4
logistic_polynomial,8238,8238,4.43,x,,w,f,x,c,p,8.44,4.42,,,n,,,f,f,,l,a,p,e,0.41957044018527045,6
logistic_polynomial,50647,50649,3.41,x,k,n,f,p,,y,4.18,9.95,,,y,,,f,f,,d,a,e,p,0.7258603121201408,6
logistic_polynomial,60792,60938,1.37,x,s,y,f,f,f,f,4.87,6.38,,,y,,,f,f,,d,u,p,e,0.29434119056089036,5
logistic_polynomial,32296,32298,3.82,f,t,n,f,x,c,p,5.87,4.3,,i,g,,,f,f,,d,a,p,e,0.3052139815042431,4
logistic_polynomial,60628,60774,1.1,f,s,y,f,f,f,f,3.62,5.27,,,y,,,f,f,,d,u,p,e,0.37395851294682647,5
logistic_polynomial,60821,60967,1.29,s,s,y,f,f,f,f,3.67,5.03,,,y,,,f,f,,d,a,p,e,0.25721358311208037,5
logistic_polynomial,41751,41753,1.64,b,h,n,f,a,,n,3.57,1.39,,t,n,,,f,f,,h,s,p,e,0.4245112114122054,5
logistic_polynomial,33436,33438,9.81,x,s,n,f,s,,y,7.81,18.1,,i,n,,,f,f,,d,a,p,e,0.3990750359000864,5
logistic_polynomial,40451,40453,6.1,x,s,n,f,s,,g,5.5,7.83,,y,n,,,f,f,,d,w,p,e,0.3067974984848241,5
logistic_polynomial,45492,45494,3.0,b,y,n,f,,c,k,7.37,3.6,,,w,,,f,f,,d,u,e,p,0.6171016840264553,6
logistic_polynomial,7347,7347,2.54,s,s,w,f,d,c,w,2.55,6.62,,,w,,,f,f,,g,a,p,e,0.25124975139604905,5
logistic_polynomial,26963,26965,12.99,s,,w,t,d,c,y,5.87,26.09,,,w,,,f,f,,d,a,e,p,0.5554763524804027,6
logistic_polynomial,39510,39512,7.02,c,e,w,t,x,c,r,5.72,12.04,,,w,,,f,f,,g,s,p,e,0.1618084591991038,5
logistic_polynomial,8326,8326,3.91,x,,w,f,x,c,p,8.15,4.04,,,n,,,f,f,,l,a,p,e,0.43756347219854724,6
logistic_polynomial,8018,8018,3.01,f,d,n,f,x,c,w,4.85,3.04,b,s,n,,,f,f,,d,a,p,e,0.4543877014201105,3
logistic_polynomial,23102,23104,7.02,x,t,n,f,a,d,w,8.3,22.32,,,w,,,f,f,,d,u,p,e,0.03625208900360876,5
logistic_polynomial,7162,7162,2.89,s,s,w,f,d,c,w,2.86,7.55,,,w,,,f,f,,g,a,p,e,0.23140277386766595,5
logistic_polynomial,26384,26386,10.23,x,s,r,f,x,,n,5.91,18.13,,,n,,,f,f,,d,a,e,p,0.7772063386722072,6
logistic_polynomial,44825,44827,6.83,p,y,n,f,,,p,15.6,16.81,,,w,,,f,f,,d,a,p,e,0.051648087263166394,7
logistic_polynomial,33445,33447,13.05,x,h,n,f,s,,p,8.23,17.84,,i,n,,,f,f,,d,a,p,e,0.12185954272585804,5
logistic_polynomial,29666,29668,4.25,f,d,g,t,d,c,p,4.91,6.64,,,n,,,f,f,,d,a,e,p,0.5403775823262772,5
logistic_polynomial,26389,26391,11.29,f,s,n,f,x,,n,7.36,23.94,,,p,,,f,f,,d,a,e,p,0.7795654218632073,6
logistic_polynomial,30738,30740,10.99,s,,o,t,d,,o,6.18,13.23,,,w,,,t,f,,d,a,p,e,0.45617540965974984,7
logistic_polynomial,15258,15260,11.14,x,y,e,f,,,w,7.61,25.58,b,,n,,w,t,e,,d,a,e,p,0.7783899108789115,5
logistic_polynomial,43316,43318,7.38,x,y,w,t,,,p,7.46,13.98,s,,w,,,t,l,,d,u,p,e,0.3827442260089468,6
logistic_polynomial,50279,50281,11.5,x,e,y,t,p,,o,10.5,34.72,,,u,,,f,f,,d,u,p,e,0.1580768111133359,6
logistic_polynomial,7442,7442,5.17,f,l,n,f,x,d,n,6.46,4.74,,,y,,,f,f,,l,a,p,e,0.3508352004897844,5
logistic_polynomial,459,459,8.0,x,g,n,f,e,,w,7.58,15.87,,y,w,u,w,t,p,,d,a,p,e,0.4766942668423355,3
logistic_polynomial,60601,60747,1.3,s,s,y,f,f,f,f,2.94,4.97,,,y,,,f,f,,d,a,p,e,0.26860560501487885,5
logistic_polynomial,50145,50147,9.13,x,e,y,t,p,,o,7.04,22.45,,,u,,,f,f,,d,a,p,e,0.22310020369904038,6
logistic_polynomial,23466,23468,3.33,s,,u,f,a,,w,4.77,8.02,,,w,,,f,f,,d,a,p,e,0.3289440602757288,7
logistic_polynomial,6063,6063,5.24,x,,g,f,d,c,w,5.62,10.36,b,,n,,,f,f,,d,w,p,e,0.36810383474392183,5
logistic_polynomial,11745,11746,1.43,c,g,n,t,a,,w,6.09,1.01,,,n,,,f,f,,d,u,e,p,0.5909051967893034,6
logistic_polynomial,45732,45734,1.06,b,g,w,f,,,g,2.74,1.48,,,w,,,f,f,,d,a,e,p,0.5328442626075465,7
logistic_polynomial,35145,35147,4.68,x,,w,f,x,c,w,8.22,9.58,b,,n,,w,t,,,g,u,e,p,0.6376100832280476,5
logistic_polynomial,7122,7122,3.27,s,s,w,f,d,c,w,2.59,6.42,,,w,,,f,f,,g,a,p,e,0.24853346984104635,5
logistic_polynomial,22224,22226,3.97,x,,y,f,a,c,y,3.84,9.29,,,w,,,f,f,,d,a,e,p,0.6201189914857459,6
logistic_polynomial,9691,9691,1.13,x,g,w,f,a,d,w,3.44,1.6,,,n,,,f,f,,d,u,p,e,0.3336142499399026,5
logistic_polynomial,58793,58939,19.93,x,g,o,f,p,,y,5.56,45.68,,,n,,,f,f,,d,w,p,e,0.392772750092151,6
logistic_polynomial,3811,3811,2.8,f,y,n,f,e,c,w,4.03,3.31,,k,w,,,t,e,,m,u,p,e,0.43657327844721366,4
logistic_polynomial,12695,12696,1.45,x,t,y,f,d,,w,6.4,1.76,,t,y,,,f,f,,h,a,e,p,0.8193756859485932,5
logistic_polynomial,43744,43746,9.38,x,i,n,t,e,,p,8.64,16.26,,y,w,,,t,p,,d,a,e,p,0.7965306680464151,5
logistic_polynomial,1982,1982,4.72,x,,y,f,e,,w,5.53,11.49,b,,y,u,w,t,g,,d,u,e,p,0.6990395199916762,4
logistic_polynomial,44478,44480,7.63,p,y,w,f,,,k,15.5,17.96,,,w,,,f,f,,d,a,p,e,0.1427770158048207,7
logistic_polynomial,4346,4346,2.53,f,y,n,f,d,d,p,6.7,3.69,,i,n,,,f,f,,h,a,e,p,0.5253263298319898,4
logistic_polynomial,54199,54201,4.78,s,d,o,f,d,c,o,3.43,6.27,,,o,,,f,f,,h,a,p,e,0.48148898227894515,5
logistic_polynomial,60855,61001,1.27,x,s,y,f,f,f,f,3.79,5.48,,,y,,,f,f,,d,a,p,e,0.2875135763682184,5
logistic_polynomial,20627,20629,3.72,x,s,e,f,a,c,o,4.61,6.78,,,e,,,f,f,,g,w,e,p,0.7842026593830165,5
logistic_polynomial,8100,8100,2.93,f,d,b,f,x,c,w,4.76,3.24,b,s,n,,,f,f,,l,a,p,e,0.29834611758349183,3
logistic_polynomial,7203,7203,2.16,x,s,g,f,d,c,w,2.79,6.43,,,w,,,f,f,,g,u,p,e,0.33509103545513763,5
logistic_polynomial,58605,58751,17.27,f,s,k,f,p,,y,6.53,42.65,,,n,,,f,f,,d,a,p,e,0.46349130425739343,6
logistic_polynomial,44826,44828,8.83,b,y,n,f,,,k,15.23,17.33,,,w,,,f,f,,d,a,p,e,0.38431291352362246,7
logistic_polynomial,60877,61023,1.17,s,s,y,f,f,f,f,2.26,4.41,,,y,,,f,f,,d,u,p,e,0.3303994844006506,5
logistic_polynomial,895,895,13.17,f,,g,f,e,,w,11.27,16.99,,,w,u,w,t,e,,d,u,p,e,0.08549351048049862,5
logistic_polynomial,4388,4388,2.87,f,y,n,f,d,d,p,8.89,4.52,,i,n,,,f,f,,h,a,e,p,0.5631669366016953,4
logistic_polynomial,23769,23771,4.04,x,,y,f,x,,w,5.64,7.0,,,w,,,f,f,,d,u,p,e,0.35460289695033625,7
logistic_polynomial,33272,33274,16.82,x,h,w,f,s,,y,10.1,18.45,,i,n,,,f,f,,d,u,p,e,0.34785349082427136,5
logistic_polynomial,43204,43206,7.66,x,y,w,t,,,g,7.93,15.03,s,,w,,,t,l,,g,a,p,e,0.4820431909315715,6
logistic_polynomial,9349,9349,4.06,b,g,n,f,x,d,w,4.4,3.15,,,y,,,f,f,,g,u,e,p,0.6533380030141471,5
logistic_polynomial,45422,45424,3.35,b,y,n,f,,c,k,6.94,3.12,,,w,,,f,f,,d,a,e,p,0.5662183089926144,6
logistic_polynomial,45780,45782,1.11,b,g,g,f,,,g,3.27,1.58,,,w,,,f,f,,d,a,e,p,0.5338777410661047,7
logistic_polynomial,7382,7382,2.38,f,s,w,f,d,c,w,2.77,6.43,,,w,,,f,f,,g,a,p,e,0.3282672681808239,5
logistic_polynomial,23999,24001,3.67,f,,y,f,x,,w,4.34,5.75,,,w,,,f,f,,d,a,p,e,0.39457218807482897,7
logistic_polynomial,9398,9398,3.13,b,g,n,f,x,d,w,4.27,3.37,,,y,,,f,f,,g,a,e,p,0.6346751163923879,5
logistic_polynomial,20638,20640,3.8,x,d,o,f,a,c,e,4.68,6.22,,,e,,,f,f,,g,a,e,p,0.9613434105230398,5
logistic_polynomial,53644,53646,12.32,s,t,n,t,d,c,n,5.69,15.54,,,n,,,f,f,,h,a,p,e,0.49165896727372166,5
logistic_polynomial,14500,14502,4.91,f,t,o,f,a,d,w,5.82,5.07,,k,n,,,f,f,,d,w,e,p,0.6773919149556412,4
logistic_polynomial,9264,9264,3.87,b,g,n,f,x,d,w,4.94,3.66,,,y,,,f,f,,g,u,e,p,0.6496884304907332,5
logistic_polynomial,39403,39405,6.17,c,e,w,t,x,c,p,6.65,13.02,,,w,,,f,f,,g,u,p,e,0.4214634430216492,5
logistic_polynomial,47764,47766,2.94,b,h,n,f,,,n,9.69,5.55,,,w,,,t,,k,g,w,p,e,0.44761207753864335,7
logistic_polynomial,11949,11950,1.06,x,g,e,t,a,,p,4.93,0.97,,,n,,,f,f,,h,a,e,p,0.6413268341154027,6
logistic_polynomial,11810,11811,1.12,c,g,n,t,a,,w,5.48,0.94,,,n,,,f,f,,d,a,e,p,0.5443298229481347,6
logistic_polynomial,23130,23132,11.63,x,t,n,f,a,d,w,9.64,27.12,,,w,,,f,f,,d,a,p,e,0.03158608314646886,5
logistic_polynomial,8014,8014,2.39,f,d,b,f,x,c,w,3.56,2.57,b,s,n,,,f,f,,d,a,p,e,0.429964021195374,3
logistic_polynomial,43487,43489,10.19,p,i,n,t,e,,p,8.86,17.38,,y,w,,,t,l,,d,a,e,p,0.6072780043985293,5
logistic_polynomial,58607,58753,19.71,x,g,n,f,p,,y,4.06,39.08,,,n,,,f,f,,d,a,p,e,0.3651870700592719,6
logistic_polynomial,40420,40422,6.23,x,s,n,f,s,,n,5.64,7.49,,y,n,,,f,f,,d,w,p,e,0.4505848508976263,5
logistic_polynomial,45225,45227,2.88,b,y,n,f,,c,n,6.93,2.89,,,w,,,f,f,,d,a,e,p,0.5828903006081593,6
logistic_polynomial,9481,9481,3.46,b,g,n,f,x,d,w,4.52,3.19,,,y,,,f,f,,g,u,e,p,0.6685835194191359,5
logistic_polynomial,16917,16919,7.77,f,h,o,f,s,,n,10.47,13.28,,i,n,,,f,f,,d,a,e,p,0.751046582720775,5
logistic_polynomial,897,897,12.29,f,,g,f,e,,w,11.22,15.97,,,w,u,w,t,e,,d,u,p,e,0.09733154956331216,5
logistic_polynomial,23895,23897,3.23,f,,p,f,x,,w,5.16,6.41,,,w,,,f,f,,d,a,p,e,0.4234308206744864,7
logistic_polynomial,50271,50273,10.93,x,e,y,t,p,,e,8.68,23.56,,,u,,,f,f,,d,u,p,e,0.3580093075567853,6
logistic_polynomial,44665,44667,8.34,b,y,w,f,,,k,13.55,17.55,,,w,,,f,f,,d,a,p,e,0.3615071085933269,7
logistic_polynomial,32295,32297,3.39,f,t,n,f,x,c,p,5.08,3.96,,i,g,,,f,f,,d,u,p,e,0.35669045222444024,4
logistic_polynomial,23335,23337,2.53,s,,u,f,a,,w,4.99,7.72,,,w,,,f,f,,d,u,p,e,0.3765580258224764,7
logistic_polynomial,27960,27962,6.2,s,h,n,t,d,,w,4.65,11.93,,t,g,,,f,f,,d,a,p,e,0.0408928334895303,5
logistic_polynomial,9210,9210,3.55,b,g,w,f,x,d,w,4.24,2.87,,,y,,,f,f,,g,u,e,p,0.7283431357070943,5
logistic_polynomial,7318,7318,3.33,f,s,g,f,d,c,w,3.09,8.06,,,w,,,f,f,,g,a,p,e,0.3009292508065562,5
logistic_polynomial,785,785,12.22,x,,n,f,e,,w,10.8,14.88,,,w,u,w,t,e,,d,a,p,e,0.0524303257876981,5
logistic_polynomial,23206,23208,7.83,x,t,n,f,a,d,w,6.98,25.53,,,w,,,f,f,,d,a,p,e,0.03565803443562257,5
logistic_polynomial,11704,11705,1.04,x,g,e,t,a,,p,6.36,0.99,,,n,,,f,f,,d,u,e,p,0.7666460819764834,6
logistic_polynomial,401,401,8.47,x,g,n,f,e,,w,9.3,16.31,,y,w,u,w,t,p,,d,u,p,e,0.4966792997654999,3
logistic_polynomial,50742,50744,2.97,x,k,n,f,p,,n,4.68,10.14,,,n,,,f,f,,d,a,e,p,0.5437677790195111,6
logistic_polynomial,9532,9532,1.12,x,g,w,f,a,d,w,3.44,1.7,,,n,,,f,f,,d,a,p,e,0.29403587114037255,5
logistic_polynomial,27811,27813,6.94,x,d,n,t,d,c,w,6.35,9.33,,,n,,,f,f,,d,a,p,e,0.410711100224928,5
logistic_polynomial,23343,23345,2.69,f,,u,f,a,,w,3.56,6.12,,,w,,,f,f,,d,a,p,e,0.4839121454152394,7
logistic_polynomial,60753,60899,1.24,x,s,y,f,f,f,f,2.48,4.69,,,y,,,f,f,,d,a,p,e,0.3263146860649708,5
logistic_polynomial,21940,21942,4.76,x,,y,f,a,c,y,4.24,8.43,,,w,,,f,f,,d,u,e,p,0.6545983844740305,6
logistic_polynomial,16776,16778,7.67,f,g,o,f,s,,y,8.6,12.2,,i,n,,,f,f,,d,a,e,p,0.7714551095875862,5
logistic_polynomial,23062,23064,11.75,x,t,n,f,a,d,w,10.38,30.73,,,w,,,f,f,,d,a,p,e,0.02753799380873207,5
logistic_polynomial,25536,25538,8.29,f,t,e,f,x,d,w,6.11,17.24,b,,w,,,f,f,,d,u,p,e,0.325144584561691,4
logistic_polynomial,35273,35275,5.04,x,,n,f,x,c,n,7.79,8.19,b,,n,,w,t,,,d,a,e,p,0.6603134688653847,5
logistic_polynomial,40351,40353,6.93,x,s,n,f,s,,g,5.13,6.98,,y,n,,,f,f,,d,w,p,e,0.2956815691737177,5
logistic_polynomial,5724,5724,13.35,f,e,n,f,d,c,w,8.1,24.09,s,,w,,,f,f,,d,a,e,p,0.764743225874926,4
logistic_polynomial,43701,43703,10.89,x,i,n,t,e,,p,9.09,18.44,,y,w,,,t,p,,l,a,e,p,0.6815082465743374,5
logistic_polynomial,7334,7334,3.67,f,s,g,f,d,c,w,2.99,6.38,,,w,,,f,f,,g,u,p,e,0.36046521226526274,5
logistic_polynomial,32356,32358,3.54,f,t,n,f,x,c,p,6.02,3.68,,i,g,,,f,f,,g,u,p,e,0.41458149797175914,4
logistic_polynomial,23239,23241,11.11,x,t,n,f,a,d,w,11.78,33.87,,,w,,,f,f,,d,a,p,e,0.01871029462554688,5
logistic_polynomial,25510,25512,7.66,f,t,e,f,x,d,w,5.63,16.82,b,,w,,,f,f,,d,u,p,e,0.3433075889226052,4
logistic_polynomial,7866,7866,3.52,f,d,n,f,x,c,w,4.46,3.15,b,s,n,,,f,f,,d,u,p,e,0.4814881485949865,3
logistic_polynomial,20598,20600,4.57,x,d,o,f,a,c,e,5.57,7.36,,,e,,,f,f,,g,u,e,p,0.9615923097908491,5
logistic_polynomial,21892,21894,4.06,x,,y,f,a,c,y,4.59,10.05,,,w,,,f,f,,d,u,e,p,0.6298288544237257,6
logistic_polynomial,22978,22980,11.19,x,t,n,f,a,d,w,9.59,29.62,,,w,,,f,f,,d,a,p,e,0.02991652307024479,5
logistic_polynomial,20518,20520,2.9,x,d,p,f,a,c,e,4.15,6.08,,,o,,,f,f,,g,u,e,p,0.6119862279272634,5
logistic_polynomial,60726,60872,1.18,s,s,y,f,f,f,f,4.11,5.09,,,y,,,f,f,,d,a,p,e,0.2526234717030775,5
logistic_polynomial,28060,28062,6.99,s,h,n,t,d,,g,4.43,11.75,,t,n,,,f,f,,d,a,p,e,0.19715863753170015,5
logistic_polynomial,50397,50399,12.24,x,e,y,t,p,,o,8.33,31.34,,,e,,,f,f,,d,u,p,e,0.34225203513770797,6
logistic_polynomial,12395,12396,1.7,x,t,y,f,d,,w,6.93,2.03,,t,y,,,f,f,,g,a,e,p,0.8835575166610165,5
logistic_polynomial,11946,11947,0.99,x,g,e,t,a,,w,6.24,1.06,,,n,,,f,f,,d,u,e,p,0.8289984755566413,6
logistic_polynomial,22977,22979,12.13,x,t,n,f,a,d,w,12.9,37.07,,,w,,,f,f,,d,u,p,e,0.02018710637485795,5
logistic_polynomial,7998,7998,3.88,f,d,b,f,x,c,w,4.89,3.06,b,s,n,,,f,f,,d,a,p,e,0.3767241250984256,3
logistic_polynomial,25506,25508,8.24,f,t,e,f,x,d,w,6.72,17.86,b,,w,,,f,f,,d,u,p,e,0.30323879980288515,4
logistic_polynomial,23246,23248,11.1,x,t,n,f,a,d,w,11.19,34.23,,,w,,,f,f,,d,u,p,e,0.023839845240324738,5
logistic_polynomial,48702,48704,26.16,x,w,n,f,p,,y,20.99,89.19,,,n,,,f,f,,d,u,e,p,0.5540223257517759,6
logistic_polynomial,54058,54060,6.06,s,d,y,f,d,c,o,3.29,6.48,,,o,,,f,f,,h,a,p,e,0.372592812121501,5
logistic_polynomial,33199,33201,15.39,x,s,n,f,s,,p,8.71,18.58,,i,n,,,f,f,,d,u,p,e,0.07472988232586088,5
logistic_polynomial,7166,7166,2.49,s,s,g,f,d,c,w,2.79,7.42,,,w,,,f,f,,g,u,p,e,0.2757328453666467,5
logistic_polynomial,27178,27180,10.32,s,,w,t,d,c,y,6.07,24.49,,,w,,,f,f,,d,u,e,p,0.5284207236820466,6
logistic_polynomial,33311,33313,13.01,x,s,w,f,s,,y,7.1,17.15,,i,n,,,f,f,,d,a,p,e,0.4193503935883008,5
logistic_polynomial,23785,23787,4.61,x,,b,f,x,,w,5.06,6.23,,,w,,,f,f,,d,u,p,e,0.16317387221969806,7
logistic_polynomial,23128,23130,10.39,x,t,n,f,a,d,w,10.19,25.23,,,w,,,f,f,,d,a,p,e,0.028605869549202162,5
logistic_polynomial,50435,50437,12.23,x,e,y,t,p,,e,10.79,32.28,,,e,,,f,f,,d,u,p,e,0.377777637636376,6
logistic_polynomial,60754,60900,1.25,s,s,y,f,f,f,f,3.83,5.55,,,y,,,f,f,,d,u,p,e,0.2793449834401246,5
logistic_polynomial,36336,36338,4.42,x,h,n,f,x,c,w,4.71,5.32,,y,n,,,t,r,,d,u,e,p,0.5996674226996231,4
logistic_polynomial,16769,16771,8.05,f,t,o,f,s,,n,8.81,11.4,,i,n,,,f,f,,d,a,e,p,0.8599587440582346,5
logistic_polynomial,44696,44698,7.8,b,y,n,f,,,p,14.93,17.49,,,w,,,f,f,,d,a,p,e,0.16835978181206498,7
logistic_polynomial,20699,20701,2.73,x,h,o,f,a,c,o,3.81,6.1,,,e,,,f,f,,m,a,e,p,0.9316183790500259,5
logistic_polynomial,792,792,11.14,x,,n,f,e,,w,10.54,11.28,,,w,u,w,t,e,,d,a,p,e,0.06569285936824946,5
logistic_polynomial,12625,12626,1.75,x,t,y,f,a,,w,7.54,2.32,,t,y,,,f,f,,h,a,e,p,0.6425463346292059,5
logistic_polynomial,10288,10289,3.06,b,g,g,f,a,d,g,5.75,2.86,,s,n,,,f,f,,d,a,e,p,0.6632467529835899,4
logistic_polynomial,32405,32407,3.46,f,t,n,f,x,c,p,5.52,3.7,,i,g,,,f,f,,d,u,p,e,0.3620569921704945,4
logistic_polynomial,23514,23516,4.31,f,,u,f,a,,w,4.68,7.98,,,w,,,f,f,,d,u,p,e,0.4549330177310626,7
logistic_polynomial,7173,7173,2.82,f,s,w,f,d,c,w,2.89,6.55,,,w,,,f,f,,g,u,p,e,0.36011766762240743,5
logistic_polynomial,45474,45476,3.4,b,y,n,f,,c,k,6.99,3.39,,,w,,,f,f,,d,u,e,p,0.6011839224120249,6
logistic_polynomial,9366,9366,3.32,b,g,w,f,x,d,w,3.96,2.71,,,y,,,f,f,,g,a,e,p,0.7018215947947272,5
logistic_polynomial,23340,23342,4.79,f,,u,f,a,,w,4.36,8.33,,,w,,,f,f,,d,a,p,e,0.4072778025971795,7
logistic_polynomial,58454,58600,9.72,f,d,k,f,p,,y,3.93,27.55,,,n,,,f,f,,d,w,p,e,0.06989446067207153,6
logistic_polynomial,7891,7891,3.09,f,d,n,f,x,c,w,4.53,2.58,b,s,n,,,f,f,,d,a,p,e,0.4612600695183464,3
logistic_polynomial,23534,23536,3.17,f,,u,f,a,,w,3.88,7.28,,,w,,,f,f,,d,u,p,e,0.49480841652337787,7
logistic_polynomial,44545,44547,7.53,p,y,n,f,,,k,14.65,16.88,,,w,,,f,f,,d,a,p,e,0.10729324222039979,7
logistic_polynomial,7324,7324,2.66,f,s,g,f,d,c,w,2.83,7.62,,,w,,,f,f,,g,u,p,e,0.35503035753763657,5
logistic_polynomial,43485,43487,10.38,x,i,n,t,e,,p,9.49,17.7,,y,w,,,t,p,,l,a,e,p,0.6881891390874663,5
logistic_polynomial,790,790,11.87,x,,g,f,e,,w,11.32,16.4,,,w,u,w,t,g,,d,u,p,e,0.10719833335750457,5
logistic_polynomial,46502,46504,5.07,f,,y,f,x,c,n,6.91,4.43,,,w,,,f,f,,d,u,e,p,0.5952398114874772,6
logistic_polynomial,28005,28007,6.97,s,t,n,t,d,,w,4.39,11.53,,t,n,,,f,f,,d,u,p,e,0.37000118652790964,5
logistic_polynomial,11989,11990,0.81,c,g,e,t,a,,p,5.11,0.99,,,n,,,f,f,,d,a,e,p,0.8359268628747483,6
logistic_polynomial,23216,23218,9.51,x,t,n,f,a,d,w,12.47,34.61,,,w,,,f,f,,d,a,p,e,0.01202730814439509,5
logistic_polynomial,43462,43464,10.33,x,i,n,t,e,,p,9.06,17.06,,y,w,,,t,p,,l,a,e,p,0.6944099181429372,5
logistic_polynomial,28003,28005,8.52,s,t,n,t,d,,w,4.39,12.61,,t,r,,,f,f,,d,u,p,e,0.45085217657082904,5
logistic_polynomial,28062,28064,8.08,s,h,g,t,d,,g,4.63,12.56,,t,n,,,f,f,,d,a,p,e,0.23190348797080457,5
logistic_polynomial,43476,43478,9.77,p,i,n,t,e,,p,8.6,16.91,,y,w,,,t,p,,d,a,e,p,0.8044738321169432,5
logistic_polynomial,49185,49187,7.23,x,d,e,t,p,,y,4.9,11.98,,,e,,,f,f,,d,u,e,p,0.509329556384473,6
logistic_polynomial,8092,8092,4.47,f,d,b,f,x,c,w,5.1,3.55,b,s,n,,,f,f,,l,a,p,e,0.2573247162024043,3
logistic_polynomial,43302,43304,7.44,x,y,w,t,,,p,8.19,14.38,s,,w,,,t,l,,d,a,p,e,0.3321482463374562,6
logistic_polynomial,60796,60942,1.35,x,s,y,f,f,f,f,4.21,5.91,,,y,,,f,f,,d,u,p,e,0.3098992323219901,5
logistic_polynomial,50654,50656,3.55,x,k,n,f,p,,e,5.03,9.68,,,y,,,f,f,,d,a,e,p,0.6566995218908028,6
logistic_polynomial,23374,23376,3.09,s,,u,f,a,,w,4.25,6.88,,,w,,,f,f,,d,u,p,e,0.39994574971487995,7
logistic_polynomial,5744,5744,13.44,f,e,g,f,a,c,w,8.0,23.37,s,,w,,,f,f,,l,a,e,p,0.5138967969451056,4
logistic_polynomial,778,778,12.17,f,,n,f,e,,w,11.16,15.44,,,w,u,w,t,e,,d,a,p,e,0.06383232910039455,5
logistic_polynomial,5612,5612,7.02,f,,g,f,s,c,g,6.52,17.85,b,,u,,,f,f,,d,a,e,p,0.5677630725980863,5
logistic_polynomial,7073,7073,2.52,x,s,w,f,d,c,w,2.63,7.15,,,w,,,f,f,,g,a,p,e,0.2824346386216186,5
logistic_polynomial,27981,27983,9.25,s,h,n,t,d,,g,4.77,13.88,,t,n,,,f,f,,d,a,p,e,0.1688898258705785,5
logistic_polynomial,9426,9426,2.84,b,g,w,f,x,d,w,4.74,2.79,,,y,,,f,f,,g,a,e,p,0.7102427842172079,5
logistic_polynomial,60705,60851,1.32,s,s,y,f,f,f,f,4.33,5.93,,,y,,,f,f,,d,u,p,e,0.2664126621757714,5
logistic_polynomial,797,797,13.65,x,,n,f,e,,w,11.38,16.39,,,w,u,w,t,e,,d,u,p,e,0.05031053793781185,5
logistic_polynomial,20707,20709,4.61,x,s,o,f,a,c,e,5.26,7.41,,,e,,,f,f,,m,u,e,p,0.943752672175114,5
logistic_polynomial,43445,43447,10.48,x,i,n,t,e,,p,8.95,16.62,,y,w,,,t,p,,l,a,e,p,0.6942666580232927,5
logistic_polynomial,46308,46310,4.74,f,,y,f,x,c,n,6.4,4.17,,,w,,,f,f,,d,a,e,p,0.5612978689422937,6
logistic_polynomial,9509,9509,2.31,b,g,w,f,x,d,w,4.02,2.39,,,y,,,f,f,,g,a,e,p,0.7283605054098578,5
logistic_polynomial,10435,10436,3.17,b,g,n,f,a,d,g,5.06,3.1,,s,n,,,f,f,,d,u,e,p,0.6190411942381107,4
logistic_polynomial,45723,45725,1.2,b,g,g,f,,,g,3.31,1.65,,,w,,,f,f,,d,u,e,p,0.5733458341162491,7
logistic_polynomial,9324,9324,3.58,b,g,n,f,x,d,w,4.96,3.5,,,y,,,f,f,,g,u,e,p,0.6600978689978872,5
logistic_polynomial,50668,50670,3.86,x,k,n,f,p,,y,5.19,9.79,,,y,,,f,f,,d,a,e,p,0.7093912850396723,6
logistic_polynomial,23046,23048,10.34,x,t,n,f,a,d,w,8.58,28.07,,,w,,,f,f,,d,u,p,e,0.03951170615617418,5
logistic_polynomial,44577,44579,6.66,b,y,n,f,,,p,12.87,16.41,,,w,,,f,f,,d,a,p,e,0.1358587538002752,7
logistic_polynomial,50296,50298,11.8,x,e,n,t,p,,e,6.75,27.46,,,e,,,f,f,,d,a,p,e,0.3325472209838207,6
logistic_polynomial,7217,7217,2.79,f,s,w,f,d,c,w,3.15,7.68,,,w,,,f,f,,g,u,p,e,0.3356194518053415,5
logistic_polynomial,43215,43217,8.03,x,y,w,t,,,p,9.14,15.57,s,,w,,,t,l,,g,u,p,e,0.3974961528658652,6
logistic_polynomial,7483,7483,4.03,f,l,n,f,x,d,e,5.26,4.53,,,y,,,f,f,,l,a,p,e,0.452428782393706,5
logistic_polynomial,16750,16752,7.81,f,t,o,f,s,,y,8.1,11.89,,i,o,,,f,f,,d,a,e,p,0.7277832677668087,5
logistic_polynomial,9475,9475,3.13,b,g,n,f,x,d,w,4.34,3.33,,,y,,,f,f,,g,a,e,p,0.6351026644551356,5
logistic_polynomial,15415,15417,8.32,f,y,y,f,,,w,6.91,25.14,b,,n,,w,t,e,,d,a,e,p,0.5752799015955896,5
logistic_polynomial,16670,16672,7.33,f,t,o,f,s,,n,9.88,13.42,,i,o,,,f,f,,d,a,e,p,0.6070970835001329,5
logistic_polynomial,25494,25496,8.61,f,h,e,f,x,d,w,5.42,17.82,b,,w,,,f,f,,d,a,p,e,0.17942384197226918,4
logistic_polynomial,8337,8337,3.65,f,,n,f,x,c,p,7.61,3.44,,,n,,,f,f,,l,u,p,e,0.4673287413792695,6
logistic_polynomial,9394,9394,3.49,b,g,w,f,x,d,w,4.72,3.12,,,y,,,f,f,,g,a,e,p,0.6891664597821782,5
logistic_polynomial,7808,7808,3.62,f,d,b,f,x,c,w,4.8,3.28,b,s,n,,,f,f,,l,a,p,e,0.2821054895563915,3
logistic_polynomial,6997,6997,4.1,x,,r,f,d,,r,6.23,7.33,,,r,,,f,f,,d,u,e,p,0.9763920801787033,7
logistic_polynomial,23111,23113,12.11,x,t,n,f,a,d,w,11.76,34.02,,,w,,,f,f,,d,a,p,e,0.021966331773531095,5
logistic_polynomial,43184,43186,7.02,x,y,w,t,,,p,6.69,13.4,s,,w,,,t,l,,g,a,p,e,0.4111960819932567,6
logistic_polynomial,33449,33451,10.43,x,s,g,f,s,,y,9.7,18.41,,i,n,,,f,f,,d,u,p,e,0.4803867913685159,5
logistic_polynomial,53475,53477,13.09,s,t,n,t,d,c,n,7.06,16.73,,,n,,,f,f,,h,a,p,e,0.4292641300468148,5
logistic_polynomial,7140,7140,3.34,f,s,w,f,d,c,w,3.41,7.64,,,w,,,f,f,,g,a,p,e,0.2897717808992981,5
logistic_polynomial,45424,45426,2.74,b,y,n,f,,c,k,6.04,2.91,,,w,,,f,f,,d,u,e,p,0.6127467321036075,6
logistic_polynomial,55761,55763,14.2,f,,g,f,d,c,y,2.59,16.93,,,w,,,f,f,,d,a,e,p,0.7278109576766856,6
logistic_polynomial,58756,58902,23.41,f,s,n,f,p,,y,5.45,38.48,,,n,,,f,f,,d,w,p,e,0.07471633533457905,6
logistic_polynomial,50453,50455,11.4,x,e,y,t,p,,o,9.11,33.79,,,u,,,f,f,,d,u,p,e,0.20511069270372215,6
logistic_polynomial,50139,50141,10.27,x,e,y,t,p,,o,6.57,22.85,,,u,,,f,f,,d,u,p,e,0.28598619405753856,6
logistic_polynomial,50418,50420,9.61,x,e,n,t,p,,e,7.72,24.74,,,e,,,f,f,,d,u,p,e,0.274936340876432,6
logistic_polynomial,11656,11657,0.81,f,g,e,t,a,,w,5.13,0.9,,,n,,,f,f,,d,u,e,p,0.845257624878273,6
logistic_polynomial,23988,23990,4.75,f,,b,f,x,,w,5.43,6.54,,,w,,,f,f,,d,a,p,e,0.15855796435163436,7
logistic_polynomial,16607,16609,7.98,f,h,o,f,s,,y,7.93,11.22,,i,o,,,f,f,,d,a,e,p,0.5649694816254753,5
logistic_polynomial,25543,25545,7.73,f,t,e,f,x,d,w,6.25,17.94,b,,w,,,f,f,,d,u,p,e,0.31566700275703946,4
logistic_polynomial,795,795,13.26,f,,g,f,e,,w,11.18,17.57,,,w,u,w,t,g,,d,a,p,e,0.08855042978877203,5
logistic_polynomial,4521,4521,2.65,f,y,n,f,d,d,p,4.93,3.37,,i,n,,,f,f,,h,a,e,p,0.5076834055002873,4
logistic_polynomial,10969,10970,2.47,x,g,n,f,a,,p,7.17,2.65,,,w,,,f,f,,d,u,p,e,0.09607727162106273,6
logistic_polynomial,36126,36128,5.96,x,h,n,f,x,c,n,6.4,6.68,,y,n,,,t,r,,d,a,e,p,0.6508737314552523,4
logistic_polynomial,23265,23267,11.2,x,t,n,f,a,d,w,9.96,30.1,,,w,,,f,f,,d,u,p,e,0.03306615077810474,5
logistic_polynomial,22162,22164,4.32,x,,y,f,a,c,y,5.86,10.68,,,w,,,f,f,,d,a,e,p,0.5524096107401069,6
logistic_polynomial,60812,60958,1.19,x,s,y,f,f,f,f,3.28,5.79,,,y,,,f,f,,d,u,p,e,0.3257324321915546,5
logistic_polynomial,50759,50761,2.52,x,k,n,f,p,,e,3.81,8.83,,,y,,,f,f,,d,a,e,p,0.6956902194910194,6
logistic_polynomial,50251,50253,10.44,x,e,y,t,p,,o,7.87,23.52,,,u,,,f,f,,d,u,p,e,0.238157460535857,6
logistic_polynomial,55615,55617,11.66,f,,g,f,d,c,y,2.58,14.04,,,w,,,f,f,,d,a,e,p,0.7233551848496764,6
logistic_polynomial,30735,30737,6.33,s,,y,t,d,,o,5.4,12.8,,,w,,,t,f,,d,a,p,e,0.48863077942212485,7
logistic_polynomial,60727,60873,1.2,s,s,y,f,f,f,f,3.73,5.57,,,y,,,f,f,,d,u,p,e,0.28022459121549703,5
logistic_polynomial,9697,9697,1.05,x,g,w,f,a,d,w,3.02,1.49,,,n,,,f,f,,l,u,p,e,0.24813898420519878,5
logistic_polynomial,33278,33280,12.64,x,s,g,f,s,,y,7.05,16.79,,i,n,,,f,f,,d,u,p,e,0.48035063720546733,5
logistic_polynomial,6120,6120,5.49,f,,g,f,d,c,w,5.51,11.24,b,,n,,,f,f,,d,w,p,e,0.39926695218145686,5
logistic_polynomial,29823,29825,3.99,s,d,p,t,d,c,p,5.56,6.76,,,n,,,f,f,,d,a,e,p,0.6161899754004471,5
logistic_polynomial,5891,5891,11.33,x,e,g,f,a,c,w,6.15,22.3,s,,w,,,f,f,,l,a,e,p,0.5614838223695985,4
logistic_polynomial,44053,44055,9.53,f,s,w,f,e,c,w,20.11,12.89,,s,w,,,t,e,,d,u,e,p,0.5279289676674594,4
logistic_polynomial,33499,33501,12.95,x,s,y,f,s,,p,7.1,17.58,,i,n,,,f,f,,d,a,p,e,0.20372070259364394,5
logistic_polynomial,23779,23781,3.73,x,,p,f,x,,w,4.61,6.53,,,w,,,f,f,,d,a,p,e,0.3746783555196036,7
logistic_polynomial,23069,23071,11.39,x,t,n,f,a,d,w,10.67,29.78,,,w,,,f,f,,d,a,p,e,0.025838935634480593,5
logistic_polynomial,1007,1007,10.96,f,,g,f,e,,w,11.09,14.59,,,w,u,w,t,g,,d,u,p,e,0.14517275075146502,5
logistic_polynomial,60763,60909,1.28,x,s,y,f,f,f,f,3.44,5.09,,,y,,,f,f,,d,a,p,e,0.30018895961966774,5
logistic_polynomial,5218,5218,9.11,f,,u,f,s,c,u,6.71,19.36,,,u,,,f,f,,d,a,e,p,0.6607508906297681,6
logistic_polynomial,43346,43348,5.96,x,y,w,t,,,p,7.19,13.12,s,,w,,,t,l,,g,u,p,e,0.4596269195252459,6
logistic_polynomial,14724,14726,4.02,f,t,n,f,a,d,y,5.36,4.97,,k,n,,,f,f,,d,w,e,p,0.7119207873449324,4
logistic_polynomial,16925,16927,8.59,f,h,n,f,s,,y,10.18,12.96,,i,n,,,f,f,,d,a,e,p,0.6007371813108388,5
logistic_polynomial,28047,28049,8.71,s,h,g,t,d,,g,4.83,13.51,,t,n,,,f,f,,d,a,p,e,0.2198796813851333,5
logistic_polynomial,35076,35078,3.96,x,,n,f,x,c,n,7.51,8.14,b,,n,,w,t,,,g,u,e,p,0.753335682368575,5
logistic_polynomial,27880,27882,6.29,x,d,n,t,d,c,w,7.5,8.25,,,n,,,f,f,,d,a,p,e,0.44396194116405424,5
logistic_polynomial,29865,29867,3.27,f,d,p,t,d,c,p,4.89,6.34,,,n,,,f,f,,d,a,e,p,0.7227569899152154,5
logistic_polynomial,7683,7683,3.85,f,l,n,f,x,d,n,5.99,4.87,,,n,,,f,f,,d,u,p,e,0.4937040727844683,5
logistic_polynomial,44823,44825,7.21,b,y,w,f,,,k,13.62,16.73,,,w,,,f,f,,d,a,p,e,0.4000769843014967,7
logistic_polynomial,11201,11202,2.28,x,g,n,f,a,,p,6.85,2.48,,,w,,,f,f,,d,u,p,e,0.09647020734410312,6
logistic_polynomial,45295,45297,3.11,b,y,n,f,,c,k,6.51,2.83,,,w,,,f,f,,d,u,e,p,0.6133114152630252,6
logistic_polynomial,23337,23339,3.99,s,,u,f,a,,w,4.47,6.7,,,w,,,f,f,,d,u,p,e,0.3884386028354183,7
logistic_polynomial,28113,28115,6.88,s,t,n,t,d,,g,4.29,11.32,,t,r,,,f,f,,d,a,p,e,0.4495972653867534,5
logistic_polynomial,28056,28058,8.04,s,t,n,t,d,,g,4.48,12.6,,t,g,,,f,f,,d,a,p,e,0.08002784592005709,5
logistic_polynomial,43647,43649,9.43,x,i,n,t,e,,p,8.92,17.32,,y,w,,,t,p,,l,a,e,p,0.705379499230682,5
logistic_polynomial,23052,23054,10.58,x,t,n,f,a,d,w,11.01,27.67,,,w,,,f,f,,d,u,p,e,0.02926258049739643,5
logistic_polynomial,45696,45698,1.11,b,g,w,f,,,g,2.91,1.42,,,w,,,f,f,,d,a,e,p,0.5313540323745203,7
logistic_polynomial,58488,58634,19.5,x,d,n,f,p,,y,4.37,40.92,,,n,,,f,f,,d,w,p,e,0.20534042788080498,6
logistic_polynomial,33380,33382,12.03,x,s,n,f,s,,y,6.93,17.47,,i,n,,,f,f,,d,a,p,e,0.3897176224148786,5
logistic_polynomial,5792,5792,15.89,f,e,g,f,a,c,w,7.51,23.46,s,,w,,,f,f,,d,a,e,p,0.6139147054240447,4
logistic_polynomial,7222,7222,3.19,x,s,w,f,d,c,w,3.04,7.85,,,w,,,f,f,,g,u,p,e,0.2956820404758439,5
logistic_polynomial,4410,4410,2.65,f,y,n,f,d,d,p,6.12,3.43,,i,n,,,f,f,,h,u,e,p,0.5616132959955649,4
logistic_polynomial,3712,3712,3.03,f,y,w,f,e,c,w,4.61,3.66,,k,w,,,t,e,,d,u,p,e,0.4250787092412883,4
logistic_polynomial,26830,26832,11.45,s,,w,t,d,c,y,5.74,24.26,,,w,,,f,f,,d,u,e,p,0.5667208017432909,6
logistic_polynomial,26949,26951,10.14,s,,w,t,d,c,y,5.19,23.04,,,w,,,f,f,,d,u,e,p,0.577591479793916,6
logistic_polynomial,43179,43181,7.07,x,y,w,t,,,p,8.04,12.98,s,,w,,,t,l,,g,u,p,e,0.4469221229109342,6
logistic_polynomial,20575,20577,3.34,x,s,p,f,a,c,o,4.46,6.73,,,e,,,f,f,,m,u,e,p,0.8943307668099152,5
logistic_polynomial,20505,20507,2.66,x,s,e,f,a,c,e,4.62,5.8,,,e,,,f,f,,m,u,e,p,0.9776504767749395,5
logistic_polynomial,751,751,13.05,x,,n,f,e,,w,10.87,15.08,,,w,u,w,t,g,,d,u,p,e,0.0669716972119891,5
logistic_polynomial,33293,33295,13.26,x,s,g,f,s,,y,8.25,18.36,,i,n,,,f,f,,d,a,p,e,0.40009460297236465,5
logistic_polynomial,7183,7183,2.38,s,s,g,f,d,c,w,2.82,7.44,,,w,,,f,f,,g,u,p,e,0.2747054107336945,5
logistic_polynomial,20803,20805,3.28,x,s,e,f,a,c,e,4.22,6.25,,,e,,,f,f,,g,u,e,p,0.975426874154391,5
logistic_polynomial,33313,33315,13.95,x,s,n,f,s,,p,8.05,16.55,,i,n,,,f,f,,d,u,p,e,0.0877302758608316,5
logistic_polynomial,50416,50418,10.66,x,e,y,t,p,,o,8.03,27.42,,,u,,,f,f,,d,u,p,e,0.23395718928395176,6
logistic_polynomial,20760,20762,3.73,x,d,e,f,a,c,o,4.4,6.21,,,e,,,f,f,,g,w,e,p,0.8571248486493318,5
logistic_polynomial,5834,5834,14.54,f,e,g,f,d,c,w,9.1,24.61,s,,w,,,f,f,,d,a,e,p,0.7849524772905928,4
logistic_polynomial,30478,30480,9.65,s,t,o,t,d,c,o,5.76,18.1,,,w,,,f,f,,d,u,e,p,0.5035258046211875,5
logistic_polynomial,1801,1801,6.4,x,,y,f,e,,w,5.71,11.43,b,,y,u,w,t,g,,d,u,e,p,0.6858801453266141,4
logistic_polynomial,50495,50497,3.58,x,k,n,f,p,,e,4.21,9.76,,,y,,,f,f,,d,a,e,p,0.671991665580118,6
logistic_polynomial,14820,14822,4.64,x,t,n,f,a,d,y,8.37,6.52,,k,n,,,f,f,,d,s,e,p,0.6752739966611709,4
logistic_polynomial,22204,22206,4.38,x,,y,f,a,c,y,4.44,10.12,,,w,,,f,f,,d,a,e,p,0.5900227908353357,6
logistic_polynomial,50400,50402,10.62,x,e,y,t,p,,e,8.21,20.56,,,e,,,f,f,,d,u,p,e,0.4675366530322769,6
logistic_polynomial,44498,44500,7.29,p,y,n,f,,,k,12.84,16.98,,,w,,,f,f,,d,a,p,e,0.07618839102320507,7
logistic_polynomial,7408,7408,2.84,s,s,w,f,d,c,w,3.25,8.1,,,w,,,f,f,,g,u,p,e,0.24711366660188194,5
logistic_polynomial,7180,7180,2.79,f,s,w,f,d,c,w,2.77,6.95,,,w,,,f,f,,g,a,p,e,0.31881669407670665,5
logistic_polynomial,40446,40448,8.07,x,s,n,f,s,,g,6.21,8.22,,y,n,,,f,f,,d,w,p,e,0.24873392432582106,5
logistic_polynomial,60848,60994,1.22,f,s,y,f,f,f,f,3.49,5.65,,,y,,,f,f,,d,u,p,e,0.3665608969776951,5
logistic_polynomial,23710,23712,2.31,x,,p,f,x,,w,3.95,6.06,,,w,,,f,f,,d,u,p,e,0.4516157072333814,7
logistic_polynomial,33237,33239,13.97,x,s,g,f,s,,y,8.22,17.79,,i,n,,,f,f,,d,u,p,e,0.4141716142494877,5
logistic_polynomial,23461,23463,4.15,s,,u,f,a,,w,3.85,6.04,,,w,,,f,f,,d,a,p,e,0.36460858187409073,7
logistic_polynomial,15255,15257,14.58,f,y,y,f,,,w,7.64,28.44,b,,n,,w,t,e,,d,a,e,p,0.6662455545707711,5
logistic_polynomial,25470,25472,7.52,x,h,e,f,x,d,w,6.61,17.32,b,,w,,,f,f,,d,u,p,e,0.15093338753787178,4
logistic_polynomial,27965,27967,6.81,s,t,n,t,d,,g,4.64,13.05,,t,r,,,f,f,,d,a,p,e,0.4294069132300235,5
logistic_polynomial,5499,5499,6.53,x,,g,f,s,c,g,5.22,17.56,b,,u,,,f,f,,d,a,e,p,0.571790704632401,5
logistic_polynomial,26127,26129,10.2,f,s,u,f,x,,n,6.79,22.27,,,n,,,f,f,,d,u,e,p,0.5142292507601304,6
logistic_polynomial,14681,14683,5.76,f,t,o,f,a,d,y,7.61,5.8,,s,o,,,f,f,,d,a,e,p,0.6146595127812677,4
logistic_polynomial,36075,36077,6.23,x,h,n,f,x,c,n,5.65,6.47,,y,n,,,t,r,,d,u,e,p,0.6847016159792316,4
logistic_polynomial,60820,60966,1.07,s,s,y,f,f,f,f,3.93,5.78,,,y,,,f,f,,d,a,p,e,0.24041162450345277,5
logistic_polynomial,23253,23255,10.43,x,t,n,f,a,d,w,11.69,29.28,,,w,,,f,f,,d,u,p,e,0.025361784175692723,5
logistic_polynomial,25521,25523,7.68,f,h,e,f,x,d,w,5.54,16.88,b,,w,,,f,f,,d,a,p,e,0.1761085308397544,4
logistic_polynomial,33531,33533,12.31,x,h,w,f,s,,p,8.09,16.88,,i,n,,,f,f,,d,a,p,e,0.16281383182010742,5
logistic_polynomial,4123,4123,3.16,x,y,n,f,a,,w,5.07,3.27,,y,n,,,t,r,,h,a,p,e,0.4765612674187012,5
logistic_polynomial,60634,60780,1.21,x,s,y,f,f,f,f,3.54,5.78,,,y,,,f,f,,d,u,p,e,0.32150107695547786,5
logistic_polynomial,58750,58896,19.98,x,s,o,f,p,,y,5.19,27.8,,,n,,,f,f,,d,a,p,e,0.10077551877666843,6
logistic_polynomial,671,671,7.33,p,g,n,f,e,,w,8.65,15.49,,y,w,u,w,t,p,,d,a,p,e,0.49788651141188933,3
logistic_polynomial,23243,23245,10.62,x,t,n,f,a,d,w,9.61,28.78,,,w,,,f,f,,d,u,p,e,0.033592021890191934,5
logistic_polynomial,22185,22187,3.53,x,,y,f,a,c,y,4.23,9.56,,,w,,,f,f,,d,a,e,p,0.6062787951494002,6
logistic_polynomial,8400,8400,4.43,x,,n,f,x,c,p,8.47,3.97,,,n,,,f,f,,l,a,p,e,0.3686413266394221,6
logistic_polynomial,9217,9217,3.84,b,g,w,f,x,d,w,4.43,3.35,,,y,,,f,f,,g,a,e,p,0.6771268546530017,5
logistic_polynomial,14756,14758,5.17,x,t,o,f,a,d,y,6.25,5.71,,s,n,,,f,f,,d,w,e,p,0.5574967669219736,4
logistic_polynomial,45769,45771,1.17,b,g,g,f,,,g,2.82,1.81,,,w,,,f,f,,d,u,e,p,0.5749445639575022,7
logistic_polynomial,5164,5164,8.79,f,,u,f,s,c,u,7.79,18.07,,,u,,,f,f,,d,a,e,p,0.6347792873660996,6
logistic_polynomial,11988,11989,1.04,x,g,e,t,a,,w,6.37,1.09,,,n,,,f,f,,d,u,e,p,0.8298618836890479,6
logistic_polynomial,20574,20576,3.38,x,d,e,f,a,c,o,3.91,6.38,,,e,,,f,f,,m,a,e,p,0.9651294177953681,5
logistic_polynomial,25547,25549,7.7,x,t,e,f,x,d,w,6.0,17.02,b,,w,,,f,f,,d,a,p,e,0.25539374615494526,4
logistic_polynomial,14482,14484,6.38,f,h,n,f,a,d,y,9.15,7.3,,k,n,,,f,f,,d,a,e,p,0.7981614361524488,4
logistic_polynomial,45481,45483,3.01,b,y,n,f,,c,k,6.5,2.56,,,w,,,f,f,,d,u,e,p,0.6229924599317325,6
logistic_polynomial,55679,55681,6.95,f,,l,f,d,c,y,2.19,11.84,,,w,,,f,f,,d,a,e,p,0.5299462248649917,6
logistic_polynomial,25711,25713,6.89,f,h,e,f,x,d,w,6.02,16.87,b,,w,,,f,f,,d,a,p,e,0.16309724825288274,4
logistic_polynomial,11788,11789,0.84,f,g,e,t,a,,w,4.93,0.96,,,n,,,f,f,,h,u,e,p,0.7972184857970912,6
logistic_polynomial,45432,45434,3.61,b,y,n,f,,c,k,6.6,2.8,,,w,,,f,f,,d,u,e,p,0.6002122455424299,6
logistic_polynomial,10984,10985,2.44,x,g,n,f,a,,p,7.15,2.41,,,n,,,f,f,,d,a,p,e,0.2879331522366714,6
logistic_polynomial,45251,45253,2.72,b,y,n,f,,c,n,6.67,2.9,,,w,,,f,f,,d,u,e,p,0.6224297348001931,6
logistic_polynomial,31020,31022,8.74,s,,y,t,d,,o,4.69,12.36,,,w,,,t,f,,d,a,p,e,0.4820345456389573,7
logistic_polynomial,35251,35253,4.9,x,,n,f,x,c,n,8.6,9.03,b,,n,,w,t,,,g,a,e,p,0.7035769751465878,5
logistic_polynomial,10479,10480,4.39,b,g,g,f,a,d,g,6.09,3.92,,s,n,,,f,f,,d,u,e,p,0.647197553574435,4
logistic_polynomial,9302,9302,3.51,b,g,w,f,x,d,w,3.7,2.93,,,y,,,f,f,,g,u,e,p,0.7317382389914521,5
logistic_polynomial,58649,58795,17.85,x,d,k,f,p,,y,5.47,40.51,,,n,,,f,f,,d,w,p,e,0.2836406856851521,6
logistic_polynomial,11135,11136,2.03,x,g,n,f,a,,p,3.88,2.08,,,w,,,f,f,,d,a,p,e,0.07613538109973363,6
logistic_polynomial,23945,23947,3.3,x,,b,f,x,,w,4.67,6.06,,,w,,,f,f,,d,a,p,e,0.1567823964415089,7
logistic_polynomial,54325,54327,5.32,s,d,y,f,d,c,o,3.95,6.71,,,o,,,f,f,,d,a,p,e,0.44543517378844294,5
logistic_polynomial,9447,9447,3.53,b,g,n,f,x,d,w,4.39,3.13,,,y,,,f,f,,g,a,e,p,0.6283317724579578,5
logistic_polynomial,43484,43486,10.44,x,i,n,t,e,,p,9.07,17.71,,y,w,,,t,p,,l,a,e,p,0.6901556489116784,5
logistic_polynomial,7112,7112,2.38,x,s,g,f,d,c,w,2.9,7.28,,,w,,,f,f,,g,u,p,e,0.31772736847348865,5
logistic_polynomial,7582,7582,4.47,f,l,n,f,x,d,y,5.63,5.16,,,n,,,f,f,,l,a,p,e,0.4549918293937864,5
logistic_polynomial,29776,29778,3.62,f,d,n,t,d,c,p,5.58,6.88,,,n,,,f,f,,d,u,e,p,0.5094367600464101,5
logistic_polynomial,7768,7768,3.24,f,d,n,f,x,c,w,4.16,2.84,b,s,n,,,f,f,,l,u,p,e,0.3868285906008477,3
logistic_polynomial,28072,28074,7.41,s,h,g,t,d,,g,4.74,12.3,,t,n,,,f,f,,d,u,p,e,0.2691512541151134,5
logistic_polynomial,23549,23551,3.42,f,,u,f,a,,w,3.56,7.47,,,w,,,f,f,,d,u,p,e,0.4975660572503052,7
logistic_polynomial,26290,26292,8.15,f,s,n,f,x,,n,5.5,19.67,,,p,,,f,f,,d,w,e,p,0.5169843953878852,6
logistic_polynomial,43704,43706,10.14,x,i,n,t,e,,p,9.33,18.23,,y,w,,,t,p,,d,a,e,p,0.7760530020571664,5
logistic_polynomial,26350,26352,10.8,s,s,u,f,x,,n,6.95,20.51,,,p,,,f,f,,d,w,e,p,0.6239337354527025,6
logistic_polynomial,7406,7406,2.61,s,s,w,f,d,c,w,2.59,6.14,,,w,,,f,f,,g,a,p,e,0.2558553895161015,5
logistic_polynomial,23393,23395,3.55,s,,u,f,a,,w,5.4,9.28,,,w,,,f,f,,d,u,p,e,0.3354402830620257,7
logistic_polynomial,9608,9608,0.9,x,g,w,f,a,d,w,2.38,1.16,,,n,,,f,f,,l,a,p,e,0.22978381614161572,5
logistic_polynomial,45536,45538,1.14,b,g,g,f,,,g,3.53,1.52,,,w,,,f,f,,d,a,e,p,0.5334015100923346,7
logistic_polynomial,910,910,13.55,x,,g,f,e,,w,10.93,14.4,,,w,u,w,t,g,,d,a,p,e,0.06888988103513716,5
logistic_polynomial,7339,7339,3.26,x,s,w,f,d,c,w,2.96,8.04,,,w,,,f,f,,g,a,p,e,0.2604113811185423,5
logistic_polynomial,29983,29985,4.17,s,d,u,t,d,c,p,4.94,6.62,,,n,,,f,f,,d,u,e,p,0.669578487423637,5
logistic_polynomial,23566,23568,3.77,s,,u,f,a,,w,4.38,7.28,,,w,,,f,f,,d,u,p,e,0.3835905312450559,7
logistic_polynomial,7906,7906,4.38,f,d,b,f,x,c,w,5.37,3.6,b,s,n,,,f,f,,l,a,p,e,0.25963659191420235,3
logistic_polynomial,25546,25548,6.09,f,h,e,f,x,d,w,6.67,17.17,b,,w,,,f,f,,d,a,p,e,0.14618433405439218,4
logistic_polynomial,20583,20585,3.27,x,d,o,f,a,c,o,4.03,6.56,,,e,,,f,f,,g,a,e,p,0.9288735372993271,5
logistic_polynomial,25568,25570,7.38,x,h,e,f,x,d,w,4.86,15.78,b,,w,,,f,f,,d,a,p,e,0.16963733580992257,4
logistic_polynomial,45602,45604,1.4,b,g,g,f,,,g,3.79,1.71,,,w,,,f,f,,d,a,e,p,0.5225741834090318,7
logistic_polynomial,9233,9233,2.87,b,g,w,f,x,d,w,3.78,2.38,,,y,,,f,f,,g,a,e,p,0.7180827667812735,5
logistic_polynomial,9241,9241,4.0,b,g,w,f,x,d,w,5.26,3.2,,,y,,,f,f,,g,u,e,p,0.712470279931037,5
logistic_polynomial,28169,28171,6.92,s,t,g,t,d,,w,4.59,13.4,,t,g,,,f,f,,d,u,p,e,0.12067947690410886,5
logistic_polynomial,44504,44506,8.18,p,y,n,f,,,p,16.46,18.36,,,w,,,f,f,,d,a,p,e,0.04915338063621529,7
logistic_polynomial,50542,50544,3.04,x,k,n,f,p,,n,4.43,10.07,,,n,,,f,f,,d,a,e,p,0.5514155377324153,6
logistic_polynomial,944,944,12.68,f,,n,f,e,,w,11.46,16.85,,,w,u,w,t,e,,d,a,p,e,0.05935415336221849,5
logistic_polynomial,9292,9292,3.87,b,g,w,f,x,d,w,5.02,3.18,,,y,,,f,f,,g,a,e,p,0.6785627888543538,5
logistic_polynomial,576,576,7.72,p,g,n,f,e,,w,8.41,16.69,,y,w,u,w,t,p,,d,a,p,e,0.4793987472074288,3
logistic_polynomial,9872,9873,0.97,x,g,w,f,a,d,w,3.02,1.57,,,n,,,f,f,,d,a,p,e,0.30165427495795444,5
logistic_polynomial,878,878,12.03,x,,g,f,e,,w,10.73,11.43,,,w,u,w,t,e,,d,a,p,e,0.07436788398114096,5
logistic_polynomial,1953,1953,6.5,x,,w,f,e,,w,5.79,13.27,b,,y,u,w,t,g,,d,u,e,p,0.5299877536203739,4
logistic_polynomial,23792,23794,4.16,x,,p,f,x,,w,5.72,6.59,,,w,,,f,f,,d,a,p,e,0.35945852417427,7
logistic_polynomial,5961,5961,11.65,f,e,n,f,d,c,w,7.62,24.0,s,,w,,,f,f,,l,a,e,p,0.6941681028860195,4
logistic_polynomial,50308,50310,8.54,x,e,y,t,p,,e,6.92,20.52,,,u,,,f,f,,d,u,p,e,0.41113166433121273,6
logistic_polynomial,12589,12590,1.56,x,t,y,f,d,,w,6.47,1.69,,t,y,,,f,f,,d,u,e,p,0.8806057223257431,5
logistic_polynomial,45544,45546,0.96,b,g,g,f,,,g,3.08,1.53,,,w,,,f,f,,d,u,e,p,0.5823111078766874,7
logistic_polynomial,9205,9205,3.58,b,g,n,f,x,d,w,4.36,3.34,,,y,,,f,f,,g,u,e,p,0.6636133572252927,5
logistic_polynomial,45354,45356,2.42,b,y,n,f,,c,n,5.99,2.56,,,w,,,f,f,,d,u,e,p,0.6255963016102221,6
logistic_polynomial,27629,27631,7.33,x,d,n,t,d,c,w,8.13,9.25,,,n,,,f,f,,d,a,p,e,0.40461020976095635,5
logistic_polynomial,25618,25620,7.08,x,h,e,f,x,d,w,4.73,16.9,b,,w,,,f,f,,d,a,p,e,0.16988006843164039,4
logistic_polynomial,33240,33242,10.96,x,s,n,f,s,,p,7.21,17.97,,i,n,,,f,f,,d,a,p,e,0.11570941543785718,5
logistic_polynomial,15328,15330,7.57,x,y,y,f,,,w,6.39,24.11,b,,n,,w,t,e,,d,a,e,p,0.542342567613997,5
logistic_polynomial,7412,7412,2.58,s,s,w,f,d,c,w,2.91,6.97,,,w,,,f,f,,g,a,p,e,0.23795046917375212,5
logistic_polynomial,9183,9183,3.54,b,g,n,f,x,d,w,4.45,2.72,,,y,,,f,f,,g,u,e,p,0.6742947388730163,5
logistic_polynomial,29114,29116,4.82,s,,n,t,d,c,b,5.26,5.39,,,n,,,f,f,,d,u,p,e,0.41447251628228177,6
logistic_polynomial,45226,45228,2.83,b,y,n,f,,c,k,6.51,2.83,,,w,,,f,f,,d,a,e,p,0.5795379489191704,6
logistic_polynomial,19599,19601,2.38,x,y,o,f,a,,o,3.08,5.17,,,o,,,f,f,,h,a,p,e,0.26327263620693486,6
logistic_polynomial,15448,15450,10.22,f,y,e,f,,,w,6.59,25.06,b,,n,,w,t,e,,d,w,e,p,0.5410146827403116,5
logistic_polynomial,44679,44681,8.87,b,y,w,f,,,p,16.87,19.26,,,w,,,f,f,,d,a,p,e,0.24997941778916094,7
logistic_polynomial,50190,50192,11.11,x,e,y,t,p,,o,9.04,32.71,,,e,,,f,f,,d,a,p,e,0.23575172507541875,6
logistic_polynomial,60786,60932,1.19,x,s,y,f,f,f,f,3.79,5.93,,,y,,,f,f,,d,u,p,e,0.314542082191553,5
logistic_polynomial,12386,12387,1.58,x,s,y,f,d,,w,6.05,2.25,,t,y,,,f,f,,h,a,e,p,0.5732413605972103,5
logistic_polynomial,26222,26224,10.78,f,s,u,f,x,,n,7.02,21.22,,,p,,,f,f,,d,w,e,p,0.7096151330930749,6
logistic_polynomial,11690,11691,0.97,f,g,e,t,a,,w,5.43,1.06,,,n,,,f,f,,h,u,e,p,0.7987618021489694,6
logistic_polynomial,27696,27698,6.68,s,d,n,t,d,c,w,6.78,9.97,,,n,,,f,f,,d,a,p,e,0.3587541301876175,5
logistic_polynomial,11655,11656,0.99,c,g,e,t,a,,w,6.1,0.97,,,n,,,f,f,,h,u,e,p,0.8785318378461802,6
logistic_polynomial,43607,43609,10.3,p,i,n,t,e,,p,8.37,16.19,,y,w,,,t,p,,d,a,e,p,0.8022267714386839,5
logistic_polynomial,6844,6844,4.83,x,,w,f,a,,r,6.07,7.61,,,r,,,f,f,,d,u,e,p,0.6110313964187164,7
logistic_polynomial,44761,44763,8.81,p,y,w,f,,,k,16.29,18.87,,,w,,,f,f,,d,a,p,e,0.14647036144457867,7
logistic_polynomial,58476,58622,20.97,f,g,k,f,p,,y,4.98,42.21,,,n,,,f,f,,d,w,p,e,0.4618424792505141,6
logistic_polynomial,9686,9686,0.87,x,g,w,f,a,d,w,2.16,1.22,,,n,,,f,f,,d,u,p,e,0.35948511303346325,5
logistic_polynomial,23071,23073,12.31,x,t,n,f,a,d,w,11.19,31.94,,,w,,,f,f,,d,a,p,e,0.025549630684376868,5
logistic_polynomial,45412,45414,2.7,b,y,n,f,,c,n,6.38,2.64,,,w,,,f,f,,d,a,e,p,0.5817393614429898,6
logistic_polynomial,22179,22181,3.37,x,,y,f,a,c,y,4.26,8.67,,,w,,,f,f,,d,u,e,p,0.6614099774202721,6
logistic_polynomial,43627,43629,10.66,x,i,n,t,e,,p,9.67,18.66,,y,w,,,t,p,,l,a,e,p,0.6786281626044193,5
logistic_polynomial,12684,12685,1.73,x,t,y,f,a,,w,7.13,2.06,,t,y,,,f,f,,g,a,e,p,0.7462700905374116,5
logistic_polynomial,23511,23513,4.3,f,,u,f,a,,w,4.75,8.13,,,w,,,f,f,,d,a,p,e,0.4086843304227006,7
logistic_polynomial,12586,12587,1.47,x,g,y,f,d,,w,6.37,1.74,,t,y,,,f,f,,d,u,e,p,0.6989142934197304,5
logistic_polynomial,7887,7887,3.6,f,d,n,f,x,c,w,5.0,2.94,b,s,n,,,f,f,,l,a,p,e,0.334719880748811,3
logistic_polynomial,915,915,13.54,x,,g,f,e,,w,10.97,16.48,,,w,u,w,t,e,,d,a,p,e,0.0569995241084014,5
logistic_polynomial,23342,23344,4.18,f,,u,f,a,,w,5.32,8.43,,,w,,,f,f,,d,u,p,e,0.4395923736479469,7
logistic_polynomial,44650,44652,9.36,b,y,w,f,,,p,16.17,18.59,,,w,,,f,f,,d,a,p,e,0.22360361121525935,7
logistic_polynomial,834,834,11.73,f,,n,f,e,,w,10.51,12.96,,,w,u,w,t,g,,d,u,p,e,0.09822507130248095,5
logistic_polynomial,28041,28043,6.96,s,h,r,t,d,,w,4.52,13.04,,t,g,,,f,f,,d,a,p,e,0.33375280367098836,5
logistic_polynomial,5726,5726,15.17,f,e,g,f,a,c,w,8.61,25.58,s,,w,,,f,f,,l,a,e,p,0.5004129354918864,4
logistic_polynomial,9379,9379,3.13,b,g,n,f,x,d,w,4.35,3.35,,,y,,,f,f,,g,a,e,p,0.6347000115452692,5
logistic_polynomial,43365,43367,8.6,x,y,w,t,,,w,8.57,15.64,s,,w,,,t,l,,g,a,p,e,0.4479367409593939,6
logistic_polynomial,26680,26682,7.21,f,,y,f,x,c,n,7.61,12.56,,,w,,,f,f,,d,u,p,e,0.41051357637130037,6
logistic_polynomial,43757,43759,9.0,x,i,n,t,e,,p,8.53,14.75,,y,w,,,t,l,,d,a,e,p,0.6252702772600166,5
logistic_polynomial,23141,23143,10.1,x,t,n,f,a,d,w,14.74,33.58,,,w,,,f,f,,d,a,p,e,0.013400700283855833,5
logistic_polynomial,43071,43073,7.88,x,y,w,t,,,p,8.24,14.08,s,,w,,,t,l,,g,u,p,e,0.41980277178978465,6
logistic_polynomial,7114,7114,2.28,f,s,w,f,d,c,w,2.73,7.12,,,w,,,f,f,,g,a,p,e,0.3187957953845522,5
logistic_polynomial,23448,23450,6.08,s,,u,f,a,,w,4.64,7.92,,,w,,,f,f,,d,u,p,e,0.33280165362651365,7
logistic_polynomial,23992,23994,3.92,f,,p,f,x,,w,3.91,5.61,,,w,,,f,f,,d,a,p,e,0.4406045827055868,7
logistic_polynomial,23868,23870,2.56,f,,b,f,x,,w,4.58,6.2,,,w,,,f,f,,d,a,p,e,0.18692942528781997,7
logistic_polynomial,43768,43770,9.02,x,i,n,t,e,,p,9.24,18.29,,y,w,,,t,p,,l,a,e,p,0.6982347537895576,5
logistic_polynomial,25463,25465,7.7,f,t,e,f,x,d,w,5.62,17.99,b,,w,,,f,f,,d,u,p,e,0.33877581516704436,4
logistic_polynomial,3704,3704,3.57,f,y,w,f,e,c,w,4.54,3.29,,k,w,,,t,e,,m,a,p,e,0.43795901575718504,4
logistic_polynomial,44776,44778,7.6,p,y,n,f,,,k,15.71,17.51,,,w,,,f,f,,d,a,p,e,0.12657130155882138,7
logistic_polynomial,27885,27887,8.77,s,h,n,t,d,,w,4.66,14.21,,t,n,,,f,f,,d,u,p,e,0.19612031121987653,5
logistic_polynomial,19473,19475,2.86,f,s,o,f,a,,o,3.42,5.67,,,o,,,f,f,,h,a,p,e,0.2807257778832666,6
logistic_polynomial,26641,26643,7.75,f,,y,f,x,c,y,6.9,13.92,,,w,,,f,f,,d,a,p,e,0.49202448633706586,6
logistic_polynomial,21957,21959,4.93,x,,y,f,a,c,y,4.51,10.72,,,w,,,f,f,,d,a,e,p,0.5776601277401247,6
logistic_polynomial,20682,20684,3.48,x,h,p,f,a,c,e,4.19,6.09,,,e,,,f,f,,m,a,e,p,0.9559325600748847,5
logistic_polynomial,30479,30481,7.05,s,t,o,t,d,c,o,5.58,17.06,,,w,,,f,f,,d,u,e,p,0.5089298207932914,5
logistic_polynomial,43923,43925,11.58,f,s,w,f,e,c,p,22.49,13.5,,s,w,,,t,e,,d,u,e,p,0.6217119432799347,4
logistic_polynomial,22102,22104,3.24,x,,y,f,a,c,y,3.43,8.81,,,w,,,f,f,,d,u,e,p,0.6800544364556997,6
logistic_polynomial,44651,44653,7.66,p,y,w,f,,,k,14.57,17.12,,,w,,,f,f,,d,a,p,e,0.12896318952460897,7
logistic_polynomial,1006,1006,13.09,x,,g,f,e,,w,11.08,16.48,,,w,u,w,t,g,,d,a,p,e,0.07623366415952525,5
logistic_polynomial,33532,33534,10.17,x,s,w,f,s,,p,7.49,17.54,,i,n,,,f,f,,d,u,p,e,0.1700766296932278,5
logistic_polynomial,9652,9652,0.97,x,g,w,f,a,d,w,2.58,1.3,,,n,,,f,f,,d,u,p,e,0.35010395574573516,5
logistic_polynomial,21929,21931,3.88,x,,y,f,a,c,y,4.98,9.81,,,w,,,f,f,,d,u,e,p,0.626169064414583,6
logistic_polynomial,50265,50267,10.76,x,e,y,t,p,,o,9.98,29.29,,,e,,,f,f,,d,u,p,e,0.234279169249982,6
logistic_polynomial,48674,48676,22.2,x,t,n,f,p,,y,15.47,82.94,,,n,,,f,f,,d,u,e,p,0.6836999051098396,6
logistic_polynomial,7296,7296,3.25,x,s,w,f,d,c,w,2.57,6.67,,,w,,,f,f,,g,u,p,e,0.32387307056487075,5
logistic_polynomial,9603,9603,0.88,x,g,w,f,a,d,w,2.39,1.4,,,n,,,f,f,,l,a,p,e,0.22607076664714687,5
logistic_polynomial,43736,43738,9.72,p,i,n,t,e,,p,9.05,17.97,,y,w,,,t,l,,d,a,e,p,0.6078813701128729,5
logistic_polynomial,22022,22024,4.12,x,,y,f,a,c,y,4.33,10.04,,,w,,,f,f,,d,a,e,p,0.5949854748001344,6
logistic_polynomial,6242,6242,7.03,f,,n,f,d,c,w,6.34,9.85,b,,n,,,f,f,,l,w,p,e,0.22333651028612378,5
logistic_polynomial,1999,1999,6.95,x,,y,f,e,,w,6.25,13.53,b,,y,u,w,t,g,,d,u,e,p,0.6513755645150471,4
logistic_polynomial,45803,45805,1.32,b,g,g,f,,,g,3.76,1.85,,,w,,,f,f,,d,a,e,p,0.5207299452900817,7
logistic_polynomial,50646,50648,4.68,x,k,n,f,p,,e,4.3,9.71,,,n,,,f,f,,d,a,e,p,0.629455811950031,6
logistic_polynomial,58535,58681,19.93,x,g,e,f,p,,y,5.18,37.5,,,n,,,f,f,,d,w,p,e,0.2528680216121979,6
logistic_polynomial,33418,33420,14.22,x,s,y,f,s,,p,7.7,18.5,,i,n,,,f,f,,d,u,p,e,0.20114866612031584,5
logistic_polynomial,39397,39399,5.01,c,e,y,t,x,c,r,6.53,11.65,,,w,,,f,f,,d,s,p,e,0.2249524663673348,5
logistic_polynomial,47690,47692,3.28,b,h,n,f,,,n,9.75,5.15,,,w,,,t,,k,g,w,p,e,0.4566601767764783,7
logistic_polynomial,34986,34988,3.45,x,,n,f,x,c,n,7.89,10.01,b,,n,,w,t,,,g,a,e,p,0.6838979834223273,5
logistic_polynomial,47934,47936,3.49,b,h,n,f,,,n,8.99,5.45,,,w,,,t,,k,g,w,p,e,0.4056814776802978,7
logistic_polynomial,50257,50259,10.5,x,e,y,t,p,,o,10.57,29.32,,,u,,,f,f,,d,u,p,e,0.1568594958532664,6
logistic_polynomial,23562,23564,3.53,f,,u,f,a,,w,4.83,6.25,,,w,,,f,f,,d,a,p,e,0.4515218902300866,7
logistic_polynomial,8027,8027,3.46,f,d,b,f,x,c,w,4.37,2.85,b,s,n,,,f,f,,d,a,p,e,0.3928822239437744,3
logistic_polynomial,20775,20777,3.18,x,h,p,f,a,c,e,4.63,6.8,,,o,,,f,f,,g,u,e,p,0.5692533171783234,5
logistic_polynomial,29873,29875,3.19,s,d,u,t,d,c,p,4.45,5.73,,,n,,,f,f,,d,a,e,p,0.6649734883933198,5
logistic_polynomial,54096,54098,6.3,s,d,y,f,d,c,o,4.56,6.84,,,o,,,f,f,,d,u,p,e,0.4488558572425573,5
logistic_polynomial,60631,60777,1.35,f,s,y,f,f,f,f,3.48,6.14,,,y,,,f,f,,d,a,p,e,0.3163684778192831,5
logistic_polynomial,6966,6966,5.3,x,,w,f,a,,r,6.44,7.67,,,r,,,f,f,,d,a,e,p,0.5576167727138962,7
logistic_polynomial,28209,28211,7.51,s,h,g,t,d,,w,4.6,14.32,,t,r,,,f,f,,d,u,p,e,0.3514655594493982,5
logistic_polynomial,60893,61039,1.2,s,s,y,f,f,f,f,3.32,5.04,,,y,,,f,f,,d,u,p,e,0.2968126990463725,5
logistic_polynomial,25460,25462,8.65,f,t,e,f,x,d,w,6.93,19.29,b,,w,,,f,f,,d,u,p,e,0.29153288463893756,4
logistic_polynomial,9442,9442,4.43,b,g,w,f,x,d,w,5.12,3.5,,,y,,,f,f,,g,a,e,p,0.6574152925005307,5
logistic_polynomial,22090,22092,3.44,x,,y,f,a,c,y,3.54,8.56,,,w,,,f,f,,d,a,e,p,0.6410033588325731,6
logistic_polynomial,28545,28547,9.59,s,t,k,t,d,c,b,4.56,24.12,,,g,,,f,f,,g,a,p,e,0.3016137234635462,5
logistic_polynomial,23412,23414,4.44,s,,u,f,a,,w,4.49,6.87,,,w,,,f,f,,d,u,p,e,0.37823119140584466,7
logistic_polynomial,40326,40328,6.26,x,s,n,f,s,,g,5.3,7.76,,y,n,,,f,f,,d,w,p,e,0.30586167288335014,5
logistic_polynomial,25448,25450,7.87,f,h,e,f,x,d,w,6.19,17.27,b,,w,,,f,f,,d,u,p,e,0.18551694565074722,4
logistic_polynomial,6161,6161,6.83,f,,g,f,d,c,w,5.15,10.85,b,,n,,,f,f,,d,w,p,e,0.3953868258132721,5
logistic_polynomial,44493,44495,8.09,b,y,n,f,,,p,15.6,17.72,,,w,,,f,f,,d,a,p,e,0.187139846156679,7
logistic_polynomial,29732,29734,2.14,s,d,p,t,d,c,p,4.09,6.55,,,n,,,f,f,,d,a,e,p,0.6531552221659601,5
logistic_polynomial,23659,23661,2.76,f,,b,f,x,,w,4.77,6.11,,,w,,,f,f,,d,u,p,e,0.2137118422251543,7
logistic_polynomial,20641,20643,3.0,x,s,o,f,a,c,o,4.35,6.69,,,e,,,f,f,,g,w,e,p,0.6591680916935193,5
logistic_polynomial,46417,46419,4.3,x,,y,f,x,c,n,6.92,4.06,,,w,,,f,f,,d,a,e,p,0.5424185942094991,6
logistic_polynomial,58552,58698,18.04,f,s,k,f,p,,y,5.55,33.73,,,n,,,f,f,,d,w,p,e,0.09374163164926376,6
logistic_polynomial,30869,30871,10.49,s,,y,t,d,,o,5.3,12.73,,,w,,,t,f,,d,a,p,e,0.41547678807767946,7
logistic_polynomial,60702,60848,1.35,s,s,y,f,f,f,f,3.44,5.49,,,y,,,f,f,,d,u,p,e,0.2853791184480449,5
logistic_polynomial,28176,28178,7.08,s,t,g,t,d,,g,4.5,12.54,,t,g,,,f,f,,d,a,p,e,0.11008824057649622,5
logistic_polynomial,36248,36250,5.47,x,h,n,f,x,c,w,4.69,5.47,,y,n,,,t,r,,d,a,e,p,0.5259673581403654,4
logistic_polynomial,60871,61017,1.23,s,s,y,f,f,f,f,3.57,6.22,,,y,,,f,f,,d,u,p,e,0.2690416644991481,5
logistic_polynomial,7174,7174,3.34,s,s,g,f,d,c,w,3.64,7.42,,,w,,,f,f,,g,u,p,e,0.2528002692408598,5
logistic_polynomial,20588,20590,3.0,x,d,o,f,a,c,e,4.25,6.49,,,o,,,f,f,,m,a,e,p,0.6092955348509234,5
logistic_polynomial,9549,9549,1.03,x,g,w,f,a,d,w,3.65,1.7,,,n,,,f,f,,d,a,p,e,0.29470464174831185,5
logistic_polynomial,44487,44489,7.54,b,y,w,f,,,p,12.04,16.24,,,w,,,f,f,,d,a,p,e,0.15172373976950188,7
logistic_polynomial,25569,25571,7.77,f,h,e,f,x,d,w,6.78,18.71,b,,w,,,f,f,,d,a,p,e,0.14391289551248537,4
logistic_polynomial,39257,39259,4.83,c,e,w,t,x,c,p,4.61,11.17,,,w,,,f,f,,g,s,p,e,0.17088895816942623,5
logistic_polynomial,25687,25689,6.79,f,h,e,f,x,d,w,6.42,17.79,b,,w,,,f,f,,d,a,p,e,0.15005560007510332,4
logistic_polynomial,22945,22947,11.47,x,t,n,f,a,d,w,11.2,31.23,,,w,,,f,f,,d,u,p,e,0.02778341443110872,5
logistic_polynomial,43240,43242,7.01,x,y,w,t,,,w,8.34,14.71,s,,w,,,t,l,,d,u,p,e,0.4693833573295528,6
logistic_polynomial,23456,23458,4.3,s,,u,f,a,,w,4.34,7.8,,,w,,,f,f,,d,a,p,e,0.33040708784260703,7
logistic_polynomial,727,727,12.74,x,,g,f,e,,w,11.16,15.27,,,w,u,w,t,g,,d,a,p,e,0.08108249722651678,5
logistic_polynomial,12525,12526,1.34,x,t,y,f,a,,w,6.07,2.03,,t,y,,,f,f,,d,a,e,p,0.6881636827287256,5
logistic_polynomial,29920,29922,3.2,s,d,u,t,d,c,p,4.45,5.38,,,n,,,f,f,,d,u,e,p,0.7083271439819588,5
logistic_polynomial,60852,60998,1.07,x,s,y,f,f,f,f,3.39,5.23,,,y,,,f,f,,d,u,p,e,0.3365008286003175,5
logistic_polynomial,28076,28078,7.99,s,t,n,t,d,,w,4.42,12.05,,t,n,,,f,f,,d,a,p,e,0.31482498252622804,5
logistic_polynomial,1056,1056,11.26,x,,g,f,e,,w,10.72,11.31,,,w,u,w,t,g,,d,u,p,e,0.12458087886688736,5
logistic_polynomial,22036,22038,2.75,x,,y,f,a,c,y,3.71,8.71,,,w,,,f,f,,d,u,e,p,0.6740472453336394,6
logistic_polynomial,4269,4269,2.4,f,y,n,f,d,d,p,4.99,2.77,,i,n,,,f,f,,h,u,e,p,0.5717364841028169,4
logistic_polynomial,737,737,12.48,f,,g,f,e,,w,11.04,17.03,,,w,u,w,t,e,,d,a,p,e,0.07931425348897524,5
logistic_polynomial,9699,9699,1.17,x,g,w,f,a,d,w,3.42,1.65,,,n,,,f,f,,l,a,p,e,0.21082091966703279,5
logistic_polynomial,11757,11758,0.96,c,g,e,t,a,,w,5.29,0.98,,,n,,,f,f,,d,a,e,p,0.8845396060554855,6
logistic_polynomial,15421,15423,9.76,f,y,e,f,,,w,5.07,21.19,b,,n,,w,t,e,,d,a,e,p,0.870569493217632,5
logistic_polynomial,25504,25506,7.08,f,t,e,f,x,d,w,5.6,17.25,b,,w,,,f,f,,d,u,p,e,0.33915444163910397,4
logistic_polynomial,15341,15343,7.81,x,y,y,f,,,w,6.91,25.85,b,,n,,w,t,e,,d,a,e,p,0.5064426935741824,5
logistic_polynomial,11926,11927,1.34,c,g,e,t,a,,w,6.2,1.07,,,n,,,f,f,,h,u,e,p,0.8742020228981419,6
logistic_polynomial,56409,56411,7.6,o,e,n,f,,c,o,1.46,15.71,,,n,,,f,f,,d,w,p,e,0.4116772589445127,6
logistic_polynomial,7865,7865,3.19,f,d,n,f,x,c,w,3.43,2.34,b,s,n,,,f,f,,l,u,p,e,0.4021600834106706,3
logistic_polynomial,54291,54293,5.01,s,d,y,f,d,c,o,3.64,6.47,,,o,,,f,f,,h,u,p,e,0.4298840343333862,5
logistic_polynomial,50553,50555,3.97,x,k,n,f,p,,y,5.07,10.16,,,n,,,f,f,,d,a,e,p,0.6699406566922346,6
logistic_polynomial,23223,23225,9.27,x,t,n,f,a,d,w,10.36,27.51,,,w,,,f,f,,d,u,p,e,0.02736398484244322,5
logistic_polynomial,60915,61061,1.25,x,s,y,f,f,f,f,4.4,6.61,,,y,,,f,f,,d,a,p,e,0.25732967281068564,5
logistic_polynomial,43431,43433,9.5,x,i,n,t,e,,p,8.96,17.41,,y,w,,,t,p,,d,a,e,p,0.7877138956287665,5
logistic_polynomial,40275,40277,5.84,x,s,n,f,s,,g,5.42,8.2,,y,n,,,f,f,,d,w,p,e,0.3094670615033429,5
logistic_polynomial,45464,45466,2.86,b,y,n,f,,c,n,6.93,3.02,,,w,,,f,f,,d,u,e,p,0.6216266489029895,6
logistic_polynomial,50223,50225,12.01,x,e,n,t,p,,o,9.07,28.48,,,u,,,f,f,,d,a,p,e,0.09205703977510649,6
logistic_polynomial,22109,22111,3.61,x,,y,f,a,c,y,2.77,7.13,,,w,,,f,f,,d,a,e,p,0.6812818692977204,6
logistic_polynomial,9259,9259,3.08,b,g,w,f,x,d,w,4.21,2.98,,,y,,,f,f,,g,a,e,p,0.7020027062614698,5
logistic_polynomial,16899,16901,8.06,f,g,o,f,s,,n,9.07,12.77,,i,n,,,f,f,,d,a,e,p,0.645880981003768,5
logistic_polynomial,20681,20683,3.4,x,s,o,f,a,c,o,4.58,6.62,,,e,,,f,f,,g,w,e,p,0.6533061009896058,5
logistic_polynomial,43502,43504,10.23,x,i,n,t,e,,p,9.06,16.92,,y,w,,,t,l,,d,a,e,p,0.5856383677512372,5
logistic_polynomial,7248,7248,3.33,s,s,w,f,d,c,w,3.01,7.41,,,w,,,f,f,,g,a,p,e,0.22777748354914293,5
logistic_polynomial,45417,45419,3.14,b,y,n,f,,c,k,6.75,2.6,,,w,,,f,f,,d,u,e,p,0.6238158940276495,6
logistic_polynomial,44726,44728,7.49,p,y,n,f,,,p,14.83,15.91,,,w,,,f,f,,d,a,p,e,0.04633673820206235,7
logistic_polynomial,26192,26194,13.31,f,s,u,f,x,,n,7.19,25.38,,,p,,,f,f,,d,a,e,p,0.9212627371184776,6
logistic_polynomial,58507,58653,15.45,f,s,o,f,p,,y,5.81,41.28,,,n,,,f,f,,d,w,p,e,0.11616076595859283,6
logistic_polynomial,10298,10299,4.5,b,g,g,f,a,d,g,5.72,3.86,,s,n,,,f,f,,d,a,e,p,0.6004860779359761,4
logistic_polynomial,1055,1055,13.92,x,,g,f,e,,w,10.9,15.75,,,w,u,w,t,e,,d,u,p,e,0.06205512263259365,5
logistic_polynomial,789,789,12.3,f,,n,f,e,,w,11.11,14.23,,,w,u,w,t,e,,d,a,p,e,0.06322995345494688,5
logistic_polynomial,11275,11276,2.58,x,g,n,f,a,,p,6.57,2.43,,,w,,,f,f,,d,u,p,e,0.09138851871021739,6
logistic_polynomial,50445,50447,11.23,x,e,y,t,p,,o,8.87,30.65,,,u,,,f,f,,d,a,p,e,0.1843646250399835,6
logistic_polynomial,21888,21890,4.36,x,,y,f,a,c,y,3.91,7.92,,,w,,,f,f,,d,a,e,p,0.6330357385006722,6
logistic_polynomial,22002,22004,2.72,x,,y,f,a,c,y,3.69,7.1,,,w,,,f,f,,d,a,e,p,0.6635830466512945,6
logistic_polynomial,43395,43397,6.56,x,y,w,t,,,p,7.29,12.09,s,,w,,,t,l,,g,u,p,e,0.46965296157574843,6
logistic_polynomial,44718,44720,8.1,b,y,n,f,,,p,14.86,17.52,,,w,,,f,f,,d,a,p,e,0.163274386827957,7
logistic_polynomial,29743,29745,3.53,f,d,p,t,d,c,p,5.21,6.5,,,n,,,f,f,,d,u,e,p,0.7493648605661632,5
logistic_polynomial,26584,26586,6.88,f,,y,f,x,c,n,6.27,11.15,,,w,,,f,f,,d,a,p,e,0.4020328989126859,6
logistic_polynomial,20636,20638,2.86,x,d,e,f,a,c,o,3.4,5.93,,,e,,,f,f,,m,a,e,p,0.9683432971793193,5
logistic_polynomial,12618,12619,1.16,x,s,y,f,d,,w,5.76,1.47,,t,y,,,f,f,,h,a,e,p,0.6012853408263311,5
logistic_polynomial,39414,39416,5.45,c,e,w,t,x,c,p,7.47,13.19,,,w,,,f,f,,d,u,p,e,0.36445925594250406,5
logistic_polynomial,6932,6932,4.98,x,,w,f,a,,r,7.45,8.43,,,r,,,f,f,,d,a,e,p,0.5563480225236553,7
logistic_polynomial,60830,60976,1.32,f,s,y,f,f,f,f,3.44,5.48,,,y,,,f,f,,d,a,p,e,0.331303244034064,5
logistic_polynomial,21989,21991,3.63,x,,y,f,a,c,y,3.73,8.68,,,w,,,f,f,,d,a,e,p,0.6332231563144216,6
logistic_polynomial,50399,50401,10.89,x,e,y,t,p,,o,5.77,14.9,,,u,,,f,f,,d,u,p,e,0.2765393260770254,6
logistic_polynomial,60908,61054,1.2,f,s,y,f,f,f,f,2.36,4.5,,,y,,,f,f,,d,u,p,e,0.41656069768855625,5
logistic_polynomial,33324,33326,12.56,x,s,n,f,s,,p,8.47,17.75,,i,n,,,f,f,,d,a,p,e,0.08994735636892284,5
logistic_polynomial,7215,7215,2.88,x,s,g,f,d,c,w,3.28,7.39,,,w,,,f,f,,g,u,p,e,0.3047446752173575,5
logistic_polynomial,23984,23986,4.12,x,,b,f,x,,w,4.71,6.08,,,w,,,f,f,,d,a,p,e,0.14882186735393546,7
logistic_polynomial,50544,50546,2.91,x,k,n,f,p,,y,4.27,8.76,,,y,,,f,f,,d,a,e,p,0.7418898059279585,6
logistic_polynomial,25757,25759,6.62,f,t,e,f,x,d,w,5.64,16.24,b,,w,,,f,f,,d,u,p,e,0.34222818299152213,4
logistic_polynomial,20740,20742,2.74,x,s,e,f,a,c,o,4.41,6.99,,,o,,,f,f,,m,u,e,p,0.5315366183815382,5
logistic_polynomial,19544,19546,3.12,f,s,o,f,a,,o,3.91,6.11,,,o,,,f,f,,m,a,p,e,0.38576580522288,6
logistic_polynomial,2031,2031,7.24,x,,w,f,e,,w,5.7,12.19,b,,y,u,w,t,g,,d,u,e,p,0.5340330580683165,4
logistic_polynomial,9393,9393,2.94,b,g,w,f,x,d,w,4.5,2.67,,,y,,,f,f,,g,u,e,p,0.7444539942652199,5
logistic_polynomial,46406,46408,3.81,f,,w,f,x,c,n,5.93,3.49,,,w,,,f,f,,d,u,e,p,0.5011077679716948,6
logistic_polynomial,27962,27964,8.13,s,h,n,t,d,,w,4.61,13.1,,t,n,,,f,f,,d,u,p,e,0.2018070865691437,5
logistic_polynomial,7109,7109,3.4,f,s,w,f,d,c,w,3.44,9.03,,,w,,,f,f,,g,u,p,e,0.3069654161055318,5
logistic_polynomial,60905,61051,1.17,x,s,y,f,f,f,f,3.13,5.43,,,y,,,f,f,,d,u,p,e,0.3363542484809572,5
logistic_polynomial,35112,35114,4.5,x,,w,f,x,c,w,8.52,10.5,b,,n,,w,t,,,d,u,e,p,0.5715557449930583,5
logistic_polynomial,3755,3755,3.9,f,y,n,f,e,c,w,4.84,3.66,,k,w,,,t,e,,d,u,p,e,0.3397753589955524,4
logistic_polynomial,6996,6996,3.96,x,,r,f,a,,r,5.94,7.83,,,w,,,f,f,,d,a,e,p,0.6529167911659782,7
logistic_polynomial,44795,44797,8.34,b,y,w,f,,,k,15.4,17.76,,,w,,,f,f,,d,a,p,e,0.45464228990094796,7
logistic_polynomial,11242,11243,2.48,x,g,n,f,a,,w,7.4,2.43,,,w,,,f,f,,d,a,p,e,0.12453973105824248,6
logistic_polynomial,9506,9506,2.69,b,g,n,f,x,d,w,4.25,2.8,,,y,,,f,f,,g,a,e,p,0.6554417057909455,5
logistic_polynomial,716,716,12.42,x,,n,f,e,,w,10.87,14.62,,,w,u,w,t,g,,d,a,p,e,0.06340203770122756,5
logistic_polynomial,25558,25560,6.43,f,t,e,f,x,d,w,5.58,16.83,b,,w,,,f,f,,d,a,p,e,0.2998283988806117,4
logistic_polynomial,23554,23556,3.59,f,,u,f,a,,w,4.52,7.26,,,w,,,f,f,,d,u,p,e,0.4788003810984545,7
logistic_polynomial,27988,27990,8.61,s,h,n,t,d,,w,4.58,12.86,,t,g,,,f,f,,d,u,p,e,0.0430222028519329,5
logistic_polynomial,23018,23020,10.99,x,t,n,f,a,d,w,8.04,20.38,,,w,,,f,f,,d,u,p,e,0.045836831973029846,5
logistic_polynomial,14602,14604,4.64,f,t,o,f,a,d,w,6.29,4.23,,k,n,,,f,f,,d,w,e,p,0.7014774141692096,4
logistic_polynomial,11660,11661,1.1,c,g,n,t,a,,w,5.69,1.07,,,n,,,f,f,,h,u,e,p,0.512513881351609,6
logistic_polynomial,7158,7158,3.05,x,s,g,f,d,c,w,2.8,7.96,,,w,,,f,f,,g,u,p,e,0.3099232882673038,5
logistic_polynomial,50367,50369,13.25,x,e,n,t,p,,o,10.94,31.09,,,u,,,f,f,,d,u,p,e,0.08932081131231599,6
logistic_polynomial,813,813,12.07,f,,n,f,e,,w,10.93,16.77,,,w,u,w,t,g,,d,a,p,e,0.07774043726697825,5
logistic_polynomial,25418,25420,8.23,f,t,e,f,x,d,w,5.62,18.07,b,,w,,,f,f,,d,u,p,e,0.3414993011260506,4
logistic_polynomial,19565,19567,2.5,f,s,o,f,a,,o,3.51,5.92,,,o,,,f,f,,m,a,p,e,0.4031464323742967,6
logistic_polynomial,45361,45363,2.61,b,y,n,f,,c,n,6.52,3.17,,,w,,,f,f,,d,a,e,p,0.5724657487263033,6
logistic_polynomial,19556,19558,1.81,x,y,o,f,a,,o,3.07,4.8,,,o,,,f,f,,m,a,p,e,0.3973808161686205,6
logistic_polynomial,29857,29859,3.74,s,d,u,t,d,c,p,4.41,6.16,,,n,,,f,f,,d,a,e,p,0.6500910847671522,5
logistic_polynomial,20756,20758,3.54,x,h,p,f,a,c,e,4.19,6.69,,,e,,,f,f,,m,a,e,p,0.9539634471304482,5
logistic_polynomial,43087,43089,8.13,x,y,w,t,,,w,9.02,14.9,s,,w,,,t,l,,d,a,p,e,0.4115506528782053,6
logistic_polynomial,56233,56235,5.55,o,t,n,f,,c,y,1.35,14.02,,,n,,,f,f,,d,w,p,e,0.36337467136735946,6
logistic_polynomial,20731,20733,3.84,x,d,p,f,a,c,e,4.92,6.1,,,e,,,f,f,,m,w,e,p,0.8396783338648364,5
logistic_polynomial,43547,43549,10.03,p,i,n,t,e,,p,8.59,16.67,,y,w,,,t,l,,d,a,e,p,0.6159057968820629,5
logistic_polynomial,8316,8316,3.56,f,,n,f,x,c,p,8.57,4.04,,,n,,,f,f,,l,a,p,e,0.444252140438744,6
logistic_polynomial,22997,22999,10.89,x,t,n,f,a,d,w,10.97,32.92,,,w,,,f,f,,d,a,p,e,0.02103601825195607,5
logistic_polynomial,7249,7249,2.51,x,s,w,f,d,c,w,2.58,5.94,,,w,,,f,f,,g,u,p,e,0.3384799434528939,5
logistic_polynomial,50264,50266,13.39,x,e,y,t,p,,e,9.89,34.97,,,u,,,f,f,,d,a,p,e,0.33401991101067485,6
logistic_polynomial,23137,23139,9.57,x,t,n,f,a,d,w,9.21,28.79,,,w,,,f,f,,d,a,p,e,0.026493429989179838,5
logistic_polynomial,43279,43281,7.9,x,y,w,t,,,g,9.29,16.84,s,,w,,,t,l,,g,a,p,e,0.4478887254652353,6
logistic_polynomial,15423,15425,10.83,f,y,e,f,,,w,5.75,24.01,b,,n,,w,t,e,,d,a,e,p,0.8641099096596441,5
logistic_polynomial,35043,35045,4.98,x,,w,f,x,c,w,8.27,9.71,b,,n,,w,t,,,g,u,e,p,0.6309635787692914,5
logistic_polynomial,36038,36040,5.74,x,h,n,f,x,c,n,5.09,5.41,,y,n,,,t,r,,d,u,e,p,0.7110537339534455,4
logistic_polynomial,28066,28068,7.56,s,h,g,t,d,,g,4.51,12.43,,t,r,,,f,f,,d,u,p,e,0.36859122954157086,5
logistic_polynomial,19587,19589,2.13,f,y,o,f,a,,o,2.57,5.62,,,o,,,f,f,,m,a,p,e,0.43634074095659453,6
logistic_polynomial,7036,7036,4.65,x,,r,f,d,,r,6.12,7.8,,,r,,,f,f,,l,a,e,p,0.9536075014103296,7
logistic_polynomial,27923,27925,8.21,s,t,n,t,d,,w,4.49,12.67,,t,r,,,f,f,,d,u,p,e,0.45197972995460156,5
logistic_polynomial,7200,7200,2.64,x,s,w,f,d,c,w,2.35,6.59,,,w,,,f,f,,g,u,p,e,0.3355771732544962,5
logistic_polynomial,19864,19866,6.08,x,s,o,f,e,,y,7.56,8.28,,,y,,,f,f,,m,u,p,e,0.497046524472988,6
logistic_polynomial,15382,15384,8.75,x,y,e,f,,,w,7.48,23.82,b,,n,,w,t,e,,d,a,e,p,0.751779646277514,5
logistic_polynomial,7903,7903,4.14,f,d,b,f,x,c,w,5.57,3.62,b,s,n,,,f,f,,l,a,p,e,0.2664356763406231,3
logistic_polynomial,12493,12494,1.47,x,g,y,f,d,,w,5.79,1.81,,t,y,,,f,f,,d,a,e,p,0.6462239573719939,5
logistic_polynomial,44499,44501,7.91,b,y,w,f,,,k,16.32,19.04,,,w,,,f,f,,d,a,p,e,0.47658006331135216,7
logistic_polynomial,32323,32325,4.25,f,t,n,f,x,c,p,6.57,4.99,,i,g,,,f,f,,g,u,p,e,0.373328858680938,4
logistic_polynomial,19846,19848,6.39,b,s,k,f,e,,g,6.85,7.86,,,o,,,f,f,,m,a,p,e,0.2769741763475631,6
logistic_polynomial,25648,25650,9.29,x,h,e,f,x,d,w,7.08,18.16,b,,w,,,f,f,,d,a,p,e,0.12116051207770608,4
logistic_polynomial,7389,7389,2.88,f,s,g,f,d,c,w,2.74,6.58,,,w,,,f,f,,g,a,p,e,0.33275837936967523,5
logistic_polynomial,12384,12385,1.32,x,t,y,f,a,,w,5.87,2.17,,t,y,,,f,f,,h,u,e,p,0.6516633690810407,5
logistic_polynomial,44789,44791,7.95,p,y,n,f,,,p,16.33,17.36,,,w,,,f,f,,d,a,p,e,0.05551283571281007,7
logistic_polynomial,9424,9424,2.95,b,g,n,f,x,d,w,4.88,3.23,,,y,,,f,f,,g,u,e,p,0.6800900878722743,5
logistic_polynomial,12560,12561,1.45,x,t,y,f,d,,w,6.06,1.8,,t,y,,,f,f,,d,a,e,p,0.8553735558337691,5
logistic_polynomial,60861,61007,1.29,f,s,y,f,f,f,f,4.78,6.36,,,y,,,f,f,,d,a,p,e,0.29717042631417717,5
logistic_polynomial,23231,23233,9.17,x,t,n,f,a,d,w,10.02,32.1,,,w,,,f,f,,d,u,p,e,0.022034356123164393,5
logistic_polynomial,56133,56135,9.42,o,t,n,f,,c,o,1.46,14.96,,,n,,,f,f,,d,a,p,e,0.485791388619056,6
logistic_polynomial,28170,28172,7.58,s,h,g,t,d,,w,4.41,11.7,,t,g,,,f,f,,d,a,p,e,0.05336757602728926,5
logistic_polynomial,19848,19850,5.62,x,s,o,f,e,,k,6.71,7.85,,,o,,,f,f,,g,a,p,e,0.094032234012322,6
logistic_polynomial,9830,9830,1.11,x,g,w,f,a,d,w,3.04,1.48,,,n,,,f,f,,l,a,p,e,0.2162832178536087,5
logistic_polynomial,25539,25541,7.95,x,t,e,f,x,d,w,5.77,17.86,b,,w,,,f,f,,d,a,p,e,0.26020122218157204,4
logistic_polynomial,9746,9746,0.99,x,g,w,f,a,d,w,2.98,1.69,,,n,,,f,f,,l,u,p,e,0.24562217446849302,5
logistic_polynomial,50752,50754,3.53,x,k,n,f,p,,e,5.03,10.74,,,y,,,f,f,,d,a,e,p,0.6368959547962476,6
logistic_polynomial,39297,39299,5.15,c,e,w,t,x,c,r,6.55,13.02,,,w,,,f,f,,g,s,p,e,0.15338459011750555,5
logistic_polynomial,23744,23746,3.0,f,,b,f,x,,w,4.34,6.38,,,w,,,f,f,,d,a,p,e,0.18342221763586022,7
logistic_polynomial,44820,44822,7.3,b,y,w,f,,,p,14.8,17.34,,,w,,,f,f,,d,a,p,e,0.2109936553952951,7
logistic_polynomial,26322,26324,10.59,x,s,u,f,x,,n,6.09,21.06,,,n,,,f,f,,d,u,e,p,0.5034956661108948,6
logistic_polynomial,58668,58814,14.12,x,s,k,f,p,,y,4.91,28.45,,,n,,,f,f,,d,w,p,e,0.04428938448698263,6
logistic_polynomial,60875,61021,1.2,f,s,y,f,f,f,f,3.61,5.25,,,y,,,f,f,,d,a,p,e,0.33430510841349487,5
logistic_polynomial,50180,50182,11.45,x,e,y,t,p,,o,9.24,27.33,,,u,,,f,f,,d,a,p,e,0.1787605372061106,6
logistic_polynomial,23211,23213,12.03,x,t,n,f,a,d,w,12.2,32.33,,,w,,,f,f,,d,a,p,e,0.021658071032497332,5
logistic_polynomial,26266,26268,11.05,x,s,r,f,x,,n,7.02,19.85,,,p,,,f,f,,d,u,e,p,0.9766259431532258,6
logistic_polynomial,23240,23242,9.49,x,t,n,f,a,d,w,9.44,25.92,,,w,,,f,f,,d,a,p,e,0.028221646587845914,5
logistic_polynomial,23261,23263,8.72,x,t,n,f,a,d,w,7.06,25.74,,,w,,,f,f,,d,a,p,e,0.039225321968610435,5
logistic_polynomial,22151,22153,3.64,x,,y,f,a,c,y,3.98,9.81,,,w,,,f,f,,d,u,e,p,0.6496808088785954,6
logistic_polynomial,44569,44571,9.11,b,y,n,f,,,p,17.59,19.86,,,w,,,f,f,,d,a,p,e,0.2243882805634058,7
logistic_polynomial,23908,23910,5.04,x,,p,f,x,,w,5.65,7.14,,,w,,,f,f,,d,a,p,e,0.33353910716349644,7
logistic_polynomial,8113,8113,4.93,f,d,b,f,x,c,w,5.89,3.71,b,s,n,,,f,f,,l,a,p,e,0.24610285117792405,3
logistic_polynomial,9317,9317,3.51,b,g,w,f,x,d,w,4.74,2.84,,,y,,,f,f,,g,u,e,p,0.7291270444129083,5
logistic_polynomial,25585,25587,7.42,f,t,e,f,x,d,w,5.64,16.94,b,,w,,,f,f,,d,a,p,e,0.3033808511564693,4
logistic_polynomial,9499,9499,3.86,b,g,w,f,x,d,w,5.09,3.26,,,y,,,f,f,,g,u,e,p,0.7146207046467503,5
logistic_polynomial,32188,32190,3.98,f,t,n,f,x,c,p,6.32,4.8,,i,g,,,f,f,,d,a,p,e,0.2961496739669682,4
logistic_polynomial,28200,28202,7.59,s,h,g,t,d,,g,4.56,13.05,,t,n,,,f,f,,d,a,p,e,0.23853962672613602,5
logistic_polynomial,33190,33192,12.26,x,h,n,f,s,,p,7.33,17.11,,i,n,,,f,f,,d,u,p,e,0.16310913103324803,5
logistic_polynomial,27494,27496,21.26,x,k,w,t,d,d,w,7.2,27.43,,,w,,,f,f,,d,w,p,e,0.3963729197630051,5
logistic_polynomial,10964,10965,2.3,x,g,n,f,a,,w,8.19,2.59,,,n,,,f,f,,d,a,p,e,0.41458972224003976,6
logistic_polynomial,12690,12691,1.31,x,t,n,f,a,,w,5.52,1.67,,t,y,,,f,f,,g,a,e,p,0.5402957989532647,5
logistic_polynomial,50582,50584,3.55,x,k,n,f,p,,e,5.08,10.51,,,n,,,f,f,,d,a,e,p,0.6018470012200029,6
logistic_polynomial,44561,44563,8.39,b,y,n,f,,,p,14.74,17.95,,,w,,,f,f,,d,a,p,e,0.1500090981286485,7
logistic_polynomial,45317,45319,2.94,b,y,n,f,,c,k,5.71,2.42,,,w,,,f,f,,d,a,e,p,0.5720176922185036,6
logistic_polynomial,7983,7983,2.99,f,d,b,f,x,c,w,3.79,2.58,b,s,n,,,f,f,,d,u,p,e,0.45622588563633903,3
logistic_polynomial,4327,4327,3.43,f,y,n,f,d,d,p,7.23,3.56,,i,n,,,f,f,,h,a,e,p,0.5173394831109193,4
logistic_polynomial,33515,33517,14.82,x,h,g,f,s,,p,8.23,18.02,,i,n,,,f,f,,d,u,p,e,0.15030888139642767,5
logistic_polynomial,6050,6050,6.14,f,,g,f,d,c,w,5.32,9.64,b,,n,,,f,f,,l,w,p,e,0.31075663269394843,5
logistic_polynomial,50717,50719,3.07,x,k,n,f,p,,e,4.69,9.88,,,y,,,f,f,,d,a,e,p,0.6588771106024691,6
logistic_polynomial,1042,1042,12.94,x,,g,f,e,,w,10.96,13.42,,,w,u,w,t,g,,d,u,p,e,0.09079653573552297,5
logistic_polynomial,25702,25704,7.28,x,t,e,f,x,d,w,5.19,16.46,b,,w,,,f,f,,d,u,p,e,0.3201097688997214,4
logistic_polynomial,23076,23078,7.37,x,t,n,f,a,d,w,7.32,24.4,,,w,,,f,f,,d,a,p,e,0.032764584310784085,5
logistic_polynomial,28562,28564,13.0,x,t,g,t,d,c,b,4.74,22.67,,,g,,,f,f,,d,a,p,e,0.12494294281670766,5
logistic_polynomial,29808,29810,2.76,f,d,n,t,d,c,p,5.05,5.66,,,n,,,f,f,,d,a,e,p,0.5077934598597439,5
logistic_polynomial,980,980,13.17,x,,n,f,e,,w,11.22,17.16,,,w,u,w,t,e,,d,a,p,e,0.04581684763971385,5
logistic_polynomial,43641,43643,9.64,p,i,n,t,e,,p,8.49,15.33,,y,w,,,t,l,,d,a,e,p,0.6303242575943725,5
logistic_polynomial,23807,23809,4.4,x,,b,f,x,,w,5.16,6.46,,,w,,,f,f,,d,a,p,e,0.1407629537815966,7
logistic_polynomial,33206,33208,11.92,x,h,g,f,s,,p,7.84,17.91,,i,n,,,f,f,,d,u,p,e,0.20876856047369222,5
logistic_polynomial,50446,50448,11.04,x,e,n,t,p,,e,8.65,26.19,,,u,,,f,f,,d,u,p,e,0.19381389099326657,6
logistic_polynomial,7168,7168,3.15,x,s,w,f,d,c,w,3.17,7.99,,,w,,,f,f,,g,u,p,e,0.2903790026624481,5
logistic_polynomial,60672,60818,1.07,s,s,y,f,f,f,f,2.67,4.58,,,y,,,f,f,,d,a,p,e,0.2815834278173832,5
logistic_polynomial,32387,32389,3.6,f,t,n,f,x,c,p,6.07,4.07,,i,g,,,f,f,,g,u,p,e,0.4046968148318296,4
logistic_polynomial,20626,20628,3.25,x,s,e,f,a,c,o,3.83,5.59,,,e,,,f,f,,g,u,e,p,0.9555277052905359,5
logistic_polynomial,33524,33526,12.56,x,h,n,f,s,,y,7.87,18.56,,i,n,,,f,f,,d,u,p,e,0.4898348734937305,5
logistic_polynomial,6991,6991,5.49,x,,w,f,a,,r,7.76,8.47,,,r,,,f,f,,d,a,e,p,0.5482684386420836,7
logistic_polynomial,4429,4429,1.67,f,y,n,f,d,d,p,4.47,2.61,,i,n,,,f,f,,h,a,e,p,0.5464881557022104,4
logistic_polynomial,50332,50334,10.34,x,e,y,t,p,,e,9.94,29.22,,,u,,,f,f,,d,u,p,e,0.2847645194260707,6
logistic_polynomial,12513,12514,1.38,x,t,y,f,a,,w,5.16,1.53,,t,y,,,f,f,,d,u,e,p,0.7223908730851051,5
logistic_polynomial,47754,47756,5.0,b,h,n,f,,,n,9.29,6.91,,,w,,,t,,k,g,w,p,e,0.3346272745002912,7
logistic_polynomial,43586,43588,9.62,x,i,n,t,e,,p,9.31,18.39,,y,w,,,t,p,,d,a,e,p,0.779218290598505,5
logistic_polynomial,26271,26273,14.53,s,s,n,f,x,,n,8.54,27.96,,,p,,,f,f,,d,a,e,p,0.7005656448888141,6
logistic_polynomial,50204,50206,9.3,x,e,y,t,p,,o,7.32,18.98,,,e,,,f,f,,d,a,p,e,0.29807894978043015,6
logistic_polynomial,22129,22131,4.84,x,,y,f,a,c,y,3.59,10.04,,,w,,,f,f,,d,a,e,p,0.6156287900544968,6
logistic_polynomial,7165,7165,2.51,f,s,w,f,d,c,w,2.61,6.32,,,w,,,f,f,,g,a,p,e,0.33387748589600236,5
logistic_polynomial,25484,25486,7.89,x,h,e,f,x,d,w,6.02,18.34,b,,w,,,f,f,,d,u,p,e,0.15991488546281107,4
logistic_polynomial,14960,14962,10.28,f,s,e,f,d,d,w,8.36,11.95,,i,n,,,t,,w,d,a,e,p,0.5048675376286961,4
logistic_polynomial,9326,9326,3.37,b,g,w,f,x,d,w,3.76,3.18,,,y,,,f,f,,g,u,e,p,0.7310439749871477,5
logistic_polynomial,9601,9601,0.99,x,g,w,f,a,d,w,3.67,1.58,,,n,,,f,f,,l,a,p,e,0.21366872593345218,5
logistic_polynomial,25636,25638,7.86,x,h,e,f,x,d,w,6.56,17.68,b,,w,,,f,f,,d,a,p,e,0.1299410603628543,4
logistic_polynomial,44673,44675,7.47,p,y,n,f,,,k,13.96,16.75,,,w,,,f,f,,d,a,p,e,0.09461328067074458,7
logistic_polynomial,28227,28229,7.03,s,t,g,t,d,,w,4.5,13.14,,t,g,,,f,f,,d,u,p,e,0.12244674776234662,5
logistic_polynomial,3791,3791,3.4,f,y,n,f,e,c,w,5.32,3.91,,k,w,,,t,e,,m,a,p,e,0.36704877549829623,4
logistic_artifact_config,45862,45864,1.23,b,g,g,f,,,g,3.82,1.76,,,w,,,f,f,,d,a,e,p,0.5818466253114436,7
logistic_artifact_config,26425,26427,12.41,f,s,n,f,x,,n,6.7,21.45,,,p,,,f,f,,d,w,e,p,0.6131556831920075,6
logistic_artifact_config,43766,43768,10.07,p,i,n,t,e,,p,8.47,17.54,,y,w,,,t,p,,d,a,e,p,0.8162321603674646,5
logistic_artifact_config,26466,26468,9.08,s,s,n,f,x,,n,6.7,23.37,,,p,,,f,f,,d,a,e,p,0.8137047036616811,6
logistic_artifact_config,714,714,12.26,f,,n,f,e,,w,11.3,16.66,,,w,u,w,t,e,,d,a,p,e,0.16226513461284095,5
logistic_artifact_config,45323,45325,3.0,b,y,n,f,,c,n,5.83,2.28,,,w,,,f,f,,d,u,e,p,0.5734738090488898,6
logistic_artifact_config,50288,50290,11.62,x,e,y,t,p,,o,7.82,29.39,,,e,,,f,f,,d,u,p,e,0.37478403051935794,6
logistic_artifact_config,41807,41809,1.6,b,h,n,f,a,,n,4.93,1.43,,t,n,,,f,f,,h,s,p,e,0.4584108473506232,5
logistic_artifact_config,44769,44771,7.43,b,y,n,f,,,p,16.52,18.3,,,w,,,f,f,,d,a,p,e,0.3309491902224975,7
logistic_artifact_config,1002,1002,11.77,f,,g,f,e,,w,10.91,14.76,,,w,u,w,t,g,,d,a,p,e,0.18117138467144892,5
logistic_artifact_config,6914,6914,3.63,x,,r,f,a,,r,6.17,8.3,,,w,,,f,f,,d,u,e,p,0.7000313332729209,7
logistic_artifact_config,6958,6958,4.04,x,,r,f,a,,r,5.87,7.55,,,w,,,f,f,,l,a,e,p,0.5587885966324482,7
logistic_artifact_config,45203,45205,3.03,b,y,n,f,,c,k,6.21,2.67,,,w,,,f,f,,d,a,e,p,0.582714058062924,6
logistic_artifact_config,20102,20104,5.07,b,s,o,f,e,,g,6.09,7.08,,,o,,,f,f,,m,a,p,e,0.3612807662233751,6
logistic_artifact_config,5924,5924,12.1,s,e,n,f,d,c,w,8.19,26.88,s,,w,,,f,f,,l,a,e,p,0.647521239199977,4
logistic_artifact_config,7380,7380,2.63,x,s,g,f,d,c,w,2.71,7.05,,,w,,,f,f,,g,u,p,e,0.33103469157904425,5
logistic_artifact_config,6257,6257,4.7,x,,n,f,d,c,w,5.45,10.05,b,,n,,,f,f,,l,w,p,e,0.35397893909627737,5
logistic_artifact_config,50735,50737,3.81,x,k,n,f,p,,e,4.43,9.56,,,y,,,f,f,,d,a,e,p,0.8229511574669046,6
logistic_artifact_config,20675,20677,4.3,x,d,e,f,a,c,o,5.44,7.11,,,e,,,f,f,,m,u,e,p,0.9734508612214016,5
logistic_artifact_config,26212,26214,11.56,f,s,y,f,x,,n,6.94,24.73,,,p,,,f,f,,d,a,e,p,0.9279425850392026,6
logistic_artifact_config,45451,45453,2.45,b,y,n,f,,c,k,5.54,2.4,,,w,,,f,f,,d,a,e,p,0.5869035400188704,6
logistic_artifact_config,27082,27084,10.68,s,,w,t,d,c,y,6.06,23.96,,,w,,,f,f,,d,a,e,p,0.5742309653063381,6
logistic_artifact_config,23957,23959,5.42,x,,y,f,x,,w,5.93,7.4,,,w,,,f,f,,d,u,p,e,0.288553462955225,7
logistic_artifact_config,58483,58629,14.01,f,s,k,f,p,,y,5.85,48.84,,,n,,,f,f,,d,a,p,e,0.21523290853374422,6
logistic_artifact_config,20704,20706,4.37,x,h,o,f,a,c,o,4.96,6.57,,,e,,,f,f,,m,u,e,p,0.9422696512540429,5
logistic_artifact_config,44707,44709,8.39,b,y,n,f,,,p,14.57,18.04,,,w,,,f,f,,d,a,p,e,0.3114755198992642,7
logistic_artifact_config,9882,9883,0.9,x,g,w,f,a,d,w,2.84,1.45,,,n,,,f,f,,d,u,p,e,0.3941989499782903,5
logistic_artifact_config,26992,26994,12.29,s,,w,t,d,c,y,6.15,24.77,,,w,,,f,f,,d,a,e,p,0.5537276709705476,6
logistic_artifact_config,25698,25700,6.93,f,t,e,f,x,d,w,6.21,17.08,b,,w,,,f,f,,d,a,p,e,0.4024486807355745,4
logistic_artifact_config,7566,7566,5.26,f,l,n,f,x,d,e,6.22,5.18,,,n,,,f,f,,l,a,p,e,0.41565522728888143,5
logistic_artifact_config,25471,25473,7.42,x,h,e,f,x,d,w,6.67,17.8,b,,w,,,f,f,,d,a,p,e,0.1937945456925849,4
logistic_artifact_config,26639,26641,7.73,f,,y,f,x,c,n,6.55,11.57,,,w,,,f,f,,d,u,p,e,0.49156359763039403,6
logistic_artifact_config,26637,26639,8.17,f,,y,f,x,c,n,6.88,12.28,,,w,,,f,f,,d,u,p,e,0.4873110612019739,6
logistic_artifact_config,10526,10527,3.6,b,g,g,f,a,d,g,5.51,3.29,,s,n,,,f,f,,d,a,e,p,0.7642839941287742,4
logistic_artifact_config,9337,9337,3.53,b,g,n,f,x,d,w,4.21,3.11,,,y,,,f,f,,g,u,e,p,0.7595430623915009,5
logistic_artifact_config,44667,44669,6.81,p,y,w,f,,,p,14.46,16.47,,,w,,,f,f,,d,a,p,e,0.1165615503152187,7
logistic_artifact_config,40302,40304,7.01,x,s,n,f,s,,g,5.67,7.46,,y,n,,,f,f,,d,w,p,e,0.2697028349575182,5
logistic_artifact_config,30677,30679,10.49,s,t,p,t,d,c,o,6.75,17.76,,,w,,,f,f,,d,u,e,p,0.513846984978908,5
logistic_artifact_config,20475,20477,2.93,x,s,e,f,a,c,o,4.09,6.41,,,o,,,f,f,,g,u,e,p,0.6261630540103208,5
logistic_artifact_config,33435,33437,13.13,x,h,w,f,s,,p,7.31,18.14,,i,n,,,f,f,,d,u,p,e,0.33156940139361774,5
logistic_artifact_config,15374,15376,10.01,f,y,n,f,,,w,7.1,26.19,b,,n,,w,t,e,,d,a,e,p,0.6448537420290004,5
logistic_artifact_config,55655,55657,10.43,f,,w,f,d,c,y,2.52,14.74,,,w,,,f,f,,d,a,e,p,0.7780199935060867,6
logistic_artifact_config,20690,20692,4.06,x,h,o,f,a,c,e,4.36,6.6,,,o,,,f,f,,g,u,e,p,0.7007864296712332,5
logistic_artifact_config,10416,10417,4.66,b,g,g,f,a,d,g,5.99,3.52,,s,n,,,f,f,,d,a,e,p,0.7558482871275263,4
logistic_artifact_config,23800,23802,3.5,f,,b,f,x,,w,3.98,5.95,,,w,,,f,f,,d,a,p,e,0.17330567178713277,7
logistic_artifact_config,43625,43627,9.5,x,i,n,t,e,,p,9.08,18.24,,y,w,,,t,p,,d,a,e,p,0.7988520627302452,5
logistic_artifact_config,1957,1957,7.06,x,,w,f,e,,w,6.33,12.76,b,,y,u,w,t,g,,d,a,e,p,0.5770939733904316,4
logistic_artifact_config,35206,35208,4.59,x,,w,f,x,c,w,7.97,9.44,b,,n,,w,t,,,g,a,e,p,0.6942084662534478,5
logistic_artifact_config,45461,45463,3.09,b,y,n,f,,c,n,7.31,3.33,,,w,,,f,f,,d,a,e,p,0.5382714615809873,6
logistic_artifact_config,15361,15363,9.81,f,y,y,f,,,w,6.56,23.86,b,,n,,w,t,e,,d,w,e,p,0.5070311900365037,5
logistic_artifact_config,6903,6903,4.78,x,,l,f,d,,r,7.59,7.65,,,r,,,f,f,,l,u,e,p,0.5920712388171798,7
logistic_artifact_config,9388,9388,2.51,b,g,n,f,x,d,w,4.23,2.95,,,y,,,f,f,,g,a,e,p,0.7383623508394382,5
logistic_artifact_config,14575,14577,5.22,x,h,n,f,a,d,y,7.25,5.34,,s,n,,,f,f,,d,a,e,p,0.5368214278831164,4
logistic_artifact_config,21980,21982,3.91,x,,y,f,a,c,y,4.84,10.15,,,w,,,f,f,,d,u,e,p,0.7045299402676719,6
logistic_artifact_config,23734,23736,3.59,f,,p,f,x,,w,6.05,6.57,,,w,,,f,f,,d,a,p,e,0.38859156912547255,7
logistic_artifact_config,50170,50172,10.94,x,e,y,t,p,,o,7.36,25.03,,,e,,,f,f,,d,u,p,e,0.3817472147824975,6
logistic_artifact_config,25655,25657,7.17,f,t,e,f,x,d,w,5.75,17.54,b,,w,,,f,f,,d,a,p,e,0.3971327043327988,4
logistic_artifact_config,23914,23916,3.77,f,,b,f,x,,w,4.35,6.38,,,w,,,f,f,,d,u,p,e,0.19739830746971654,7
logistic_artifact_config,8243,8243,3.84,f,,n,f,x,c,p,8.16,4.15,,,n,,,f,f,,l,a,p,e,0.4346986956612235,6
logistic_artifact_config,14665,14667,5.75,x,t,o,f,a,d,y,7.91,5.98,,s,n,,,f,f,,d,s,e,p,0.6844344568592982,4
logistic_artifact_config,11842,11843,1.16,f,g,e,t,a,,p,6.42,1.06,,,n,,,f,f,,h,a,e,p,0.7563491034050981,6
logistic_artifact_config,43505,43507,8.82,x,i,n,t,e,,p,8.57,15.45,,y,w,,,t,l,,d,a,e,p,0.6920106051901593,5
logistic_artifact_config,55846,55848,6.22,s,,n,f,,,w,4.62,23.12,,,n,,,f,f,,d,u,e,p,0.5018520252602431,8
logistic_artifact_config,23191,23193,10.29,x,t,n,f,a,d,w,10.79,31.25,,,w,,,f,f,,d,a,p,e,0.08040835850619381,5
logistic_artifact_config,23681,23683,3.05,x,,b,f,x,,w,4.87,6.42,,,w,,,f,f,,d,a,p,e,0.14205666191133734,7
logistic_artifact_config,7209,7209,3.42,s,s,g,f,d,c,w,3.0,8.67,,,w,,,f,f,,g,a,p,e,0.2499575874176718,5
logistic_artifact_config,50692,50694,3.01,x,k,n,f,p,,e,4.52,9.28,,,n,,,f,f,,d,a,e,p,0.816302571027032,6
logistic_artifact_config,50126,50128,9.77,x,e,n,t,p,,o,8.35,24.78,,,u,,,f,f,,d,u,p,e,0.14715723320620205,6
logistic_artifact_config,5583,5583,7.06,x,,g,f,s,c,g,4.89,19.19,b,,u,,,f,f,,d,a,e,p,0.5099822697593329,5
logistic_artifact_config,58520,58666,14.69,f,s,e,f,p,,y,5.83,40.82,,,n,,,f,f,,d,w,p,e,0.08296262030316932,6
logistic_artifact_config,20559,20561,3.5,x,d,p,f,a,c,e,4.23,6.06,,,e,,,f,f,,m,u,e,p,0.9680981291119781,5
logistic_artifact_config,58683,58829,21.64,f,g,e,f,p,,y,4.91,35.56,,,n,,,f,f,,d,a,p,e,0.2603645161476343,6
logistic_artifact_config,15500,15502,8.01,x,y,e,f,,,w,7.19,23.78,b,,n,,w,t,e,,d,a,e,p,0.9138957159585309,5
logistic_artifact_config,9318,9318,3.18,b,g,w,f,x,d,w,3.96,2.42,,,y,,,f,f,,g,a,e,p,0.8048838631285021,5
logistic_artifact_config,23845,23847,3.81,f,,b,f,x,,w,5.22,6.79,,,w,,,f,f,,d,a,p,e,0.1744478761198252,7
logistic_artifact_config,12507,12508,1.4,x,t,y,f,a,,w,5.83,2.17,,t,y,,,f,f,,g,a,e,p,0.6944470756281843,5
logistic_artifact_config,11112,11113,2.39,x,g,n,f,a,,w,6.64,2.39,,,n,,,f,f,,d,u,p,e,0.466345062901392,6
logistic_artifact_config,25658,25660,7.94,x,t,e,f,x,d,w,5.98,17.96,b,,w,,,f,f,,d,u,p,e,0.36265887244118733,4
logistic_artifact_config,60651,60797,1.31,x,s,y,f,f,f,f,3.25,5.54,,,y,,,f,f,,d,a,p,e,0.2588822203112333,5
logistic_artifact_config,23918,23920,3.54,x,,y,f,x,,w,5.55,6.37,,,w,,,f,f,,d,u,p,e,0.30778580938939326,7
logistic_artifact_config,58590,58736,15.6,f,g,o,f,p,,y,4.63,31.8,,,n,,,f,f,,d,w,p,e,0.06412475779068216,6
logistic_artifact_config,24096,24098,8.0,x,,e,f,x,c,w,6.63,12.87,,s,w,,,f,f,,d,u,e,p,0.5417107948273087,5
logistic_artifact_config,44646,44648,8.07,p,y,w,f,,,p,15.97,17.65,,,w,,,f,f,,d,a,p,e,0.11282401654975661,7
logistic_artifact_config,30613,30615,11.92,s,t,o,t,d,c,o,6.55,16.64,,,w,,,f,f,,d,u,e,p,0.5719997345863733,5
logistic_artifact_config,58508,58654,13.73,x,g,k,f,p,,y,5.41,32.81,,,n,,,f,f,,d,a,p,e,0.2453522900458716,6
logistic_artifact_config,33469,33471,11.52,x,s,w,f,s,,p,6.74,16.65,,i,n,,,f,f,,d,a,p,e,0.2539256320659384,5
logistic_artifact_config,22069,22071,3.9,x,,y,f,a,c,y,3.85,8.53,,,w,,,f,f,,d,a,e,p,0.6646256194955349,6
logistic_artifact_config,43577,43579,11.07,x,i,n,t,e,,p,9.15,17.64,,y,w,,,t,p,,l,a,e,p,0.707049693544867,5
logistic_artifact_config,7077,7077,2.77,s,s,w,f,d,c,w,2.73,6.73,,,w,,,f,f,,g,u,p,e,0.3302343636967043,5
logistic_artifact_config,11713,11714,0.59,c,g,e,t,a,,w,4.97,0.82,,,n,,,f,f,,d,a,e,p,0.8682286175421541,6
logistic_artifact_config,50156,50158,11.1,x,e,n,t,p,,e,8.9,27.51,,,e,,,f,f,,d,a,p,e,0.3498534247298349,6
logistic_artifact_config,7056,7056,4.16,x,,w,f,d,,r,5.35,6.83,,,r,,,f,f,,d,u,e,p,0.8723948456320948,7
logistic_artifact_config,10527,10528,3.81,b,g,n,f,a,d,g,6.92,4.3,,s,n,,,f,f,,d,a,e,p,0.7246581613864187,4
logistic_artifact_config,33487,33489,7.56,x,s,y,f,s,,p,6.41,16.58,,i,n,,,f,f,,d,u,p,e,0.4036592505541171,5
logistic_artifact_config,11951,11952,1.22,x,g,e,t,a,,w,6.1,1.12,,,n,,,f,f,,d,u,e,p,0.7880671101867064,6
logistic_artifact_config,50599,50601,2.71,x,k,n,f,p,,n,4.27,10.22,,,n,,,f,f,,d,a,e,p,0.7318228772195653,6
logistic_artifact_config,6231,6231,5.99,x,,n,f,d,c,w,5.12,10.21,b,,n,,,f,f,,l,w,p,e,0.3371277591776748,5
logistic_artifact_config,23622,23624,3.75,s,,u,f,a,,w,5.49,8.19,,,w,,,f,f,,d,a,p,e,0.3678535531501061,7
logistic_artifact_config,47746,47748,3.81,b,h,n,f,,,n,9.81,5.55,,,w,,,t,,k,g,w,p,e,0.4099952520936594,7
logistic_artifact_config,9237,9237,3.03,b,g,w,f,x,d,w,4.19,2.97,,,y,,,f,f,,g,a,e,p,0.8067774828498471,5
logistic_artifact_config,60757,60903,1.12,x,s,y,f,f,f,f,2.66,4.58,,,y,,,f,f,,d,u,p,e,0.29191254599275845,5
logistic_artifact_config,50622,50624,3.65,x,k,n,f,p,,y,4.05,9.69,,,n,,,f,f,,d,a,e,p,0.8452971617705687,6
logistic_artifact_config,43727,43729,10.55,p,i,n,t,e,,p,9.05,18.2,,y,w,,,t,l,,d,a,e,p,0.7067916388557531,5
logistic_artifact_config,25485,25487,7.25,x,h,e,f,x,d,w,5.88,17.01,b,,w,,,f,f,,d,a,p,e,0.19280728359777735,4
logistic_artifact_config,24287,24289,8.27,f,,e,f,x,c,w,7.9,18.45,,s,w,,,f,f,,d,a,e,p,0.5707204114234512,5
logistic_artifact_config,6275,6275,5.78,f,,g,f,d,c,w,4.6,10.03,b,,n,,,f,f,,l,w,p,e,0.45681477698865447,5
logistic_artifact_config,33441,33443,9.17,x,h,n,f,s,,p,5.86,15.71,,i,n,,,f,f,,d,a,p,e,0.2484323258593198,5
logistic_artifact_config,45212,45214,2.65,b,y,n,f,,c,k,6.56,3.16,,,w,,,f,f,,d,u,e,p,0.6288738821468685,6
logistic_artifact_config,50707,50709,3.3,x,k,n,f,p,,y,3.88,9.5,,,y,,,f,f,,d,a,e,p,0.8584325403596594,6
logistic_artifact_config,35216,35218,4.16,x,,w,f,x,c,w,8.15,9.87,b,,n,,w,t,,,g,a,e,p,0.6996792782035767,5
logistic_artifact_config,23922,23924,4.28,f,,y,f,x,,w,5.85,7.89,,,w,,,f,f,,d,u,p,e,0.36184412761789886,7
logistic_artifact_config,33407,33409,10.12,x,s,g,f,s,,p,7.84,16.88,,i,n,,,f,f,,d,a,p,e,0.2355761884270248,5
logistic_artifact_config,43084,43086,8.09,x,y,w,t,,,g,8.91,15.92,s,,w,,,t,l,,d,a,p,e,0.4702480152312819,6
logistic_artifact_config,20499,20501,2.75,x,s,p,f,a,c,e,4.0,6.28,,,e,,,f,f,,g,a,e,p,0.9546680014598525,5
logistic_artifact_config,58769,58915,22.9,f,s,k,f,p,,y,8.3,55.72,,,n,,,f,f,,d,w,p,e,0.04628986505693698,6
logistic_artifact_config,15210,15212,12.99,f,y,y,f,,,w,7.79,27.38,b,,n,,w,t,e,,d,a,e,p,0.7670743119171688,5
logistic_artifact_config,58606,58752,14.7,f,s,n,f,p,,y,4.88,36.12,,,n,,,f,f,,d,w,p,e,0.012703285838252453,6
logistic_artifact_config,26363,26365,9.04,f,s,y,f,x,,n,4.63,18.08,,,p,,,f,f,,d,a,e,p,0.9337878764025576,6
logistic_artifact_config,39446,39448,5.95,c,e,y,t,x,c,r,9.85,13.94,,,w,,,f,f,,d,u,p,e,0.48472230158308555,5
logistic_artifact_config,4339,4339,2.01,f,y,n,f,d,d,p,6.38,3.72,,i,n,,,f,f,,h,u,e,p,0.6217445612516663,4
logistic_artifact_config,23315,23317,3.99,s,,u,f,a,,w,4.79,8.4,,,w,,,f,f,,d,a,p,e,0.36164741512485826,7
logistic_artifact_config,11907,11908,0.91,x,g,e,t,a,,p,5.32,1.14,,,n,,,f,f,,h,a,e,p,0.6998815192992742,6
logistic_artifact_config,5475,5475,7.63,s,,g,f,s,c,g,7.23,19.79,b,,u,,,f,f,,g,a,e,p,0.5657246863054268,5
logistic_artifact_config,9848,9848,1.01,x,g,w,f,a,d,w,2.97,1.45,,,n,,,f,f,,l,a,p,e,0.2656034726288622,5
logistic_artifact_config,50199,50201,11.08,x,e,y,t,p,,e,7.93,28.82,,,u,,,f,f,,d,u,p,e,0.41324566683027525,6
logistic_artifact_config,25765,25767,8.79,x,t,e,f,x,d,w,6.51,18.1,b,,w,,,f,f,,d,u,p,e,0.3548012839008519,4
logistic_artifact_config,26916,26918,10.04,s,,w,t,d,c,y,5.95,23.92,,,w,,,f,f,,d,a,e,p,0.5819048094922507,6
logistic_artifact_config,9784,9784,1.06,x,g,w,f,a,d,w,3.01,1.42,,,n,,,f,f,,d,u,p,e,0.3930096073938077,5
logistic_artifact_config,32286,32288,4.33,f,t,n,f,x,c,p,5.55,4.99,,i,g,,,f,f,,d,u,p,e,0.3328655071057621,4
logistic_artifact_config,43723,43725,10.37,p,i,n,t,e,,p,9.26,18.04,,y,w,,,t,l,,d,a,e,p,0.7096393078078418,5
logistic_artifact_config,23472,23474,4.12,s,,u,f,a,,w,4.2,7.32,,,w,,,f,f,,d,u,p,e,0.3966884961995977,7
logistic_artifact_config,60671,60817,1.28,s,s,y,f,f,f,f,3.22,4.87,,,y,,,f,f,,d,u,p,e,0.2544240048506062,5
logistic_artifact_config,9204,9204,4.06,b,g,n,f,x,d,w,4.53,2.9,,,y,,,f,f,,g,u,e,p,0.7556317503125797,5
logistic_artifact_config,50650,50652,4.19,x,k,n,f,p,,n,4.3,9.66,,,n,,,f,f,,d,a,e,p,0.7164864057362174,6
logistic_artifact_config,894,894,10.8,f,,n,f,e,,w,10.51,12.34,,,w,u,w,t,g,,d,a,p,e,0.15592476306824424,5
logistic_artifact_config,20567,20569,2.53,x,d,o,f,a,c,e,4.02,5.36,,,o,,,f,f,,g,u,e,p,0.7464177484700227,5
logistic_artifact_config,9322,9322,4.14,b,g,w,f,x,d,w,4.75,2.99,,,y,,,f,f,,g,u,e,p,0.8247539506994943,5
logistic_artifact_config,23289,23291,12.37,x,t,n,f,a,d,w,9.35,26.14,,,w,,,f,f,,d,u,p,e,0.08282698387637487,5
logistic_artifact_config,23122,23124,11.94,x,t,n,f,a,d,w,14.9,35.86,,,w,,,f,f,,d,u,p,e,0.09299196101219757,5
logistic_artifact_config,26435,26437,11.49,x,s,u,f,x,,n,8.22,27.19,,,p,,,f,f,,d,w,e,p,0.7979925523955717,6
logistic_artifact_config,6332,6332,6.59,f,,n,f,d,c,w,7.02,11.36,b,,n,,,f,f,,l,w,p,e,0.4029164783549848,5
logistic_artifact_config,50643,50645,2.69,x,k,n,f,p,,e,4.21,9.81,,,n,,,f,f,,d,a,e,p,0.8178323248271095,6
logistic_artifact_config,9501,9501,3.29,b,g,w,f,x,d,w,4.66,2.91,,,y,,,f,f,,g,u,e,p,0.8308725237709145,5
logistic_artifact_config,21927,21929,4.29,x,,y,f,a,c,y,3.69,7.86,,,w,,,f,f,,d,a,e,p,0.659428113535716,6
logistic_artifact_config,44523,44525,8.24,b,y,n,f,,,p,15.25,16.8,,,w,,,f,f,,d,a,p,e,0.3162956648302017,7
logistic_artifact_config,20602,20604,3.4,x,d,p,f,a,c,o,4.17,5.79,,,e,,,f,f,,m,a,e,p,0.9243150111651873,5
logistic_artifact_config,50396,50398,9.69,x,e,n,t,p,,e,7.86,24.72,,,e,,,f,f,,d,a,p,e,0.3625219917917483,6
logistic_artifact_config,14560,14562,4.88,x,t,o,f,a,d,y,6.48,5.14,,k,n,,,f,f,,d,w,e,p,0.9172558990805664,4
logistic_artifact_config,14807,14809,4.62,f,h,o,f,a,d,y,5.62,5.5,,s,n,,,f,f,,d,a,e,p,0.8475050223260446,4
logistic_artifact_config,50665,50667,3.25,x,k,n,f,p,,e,3.65,9.16,,,n,,,f,f,,d,a,e,p,0.8117678229882003,6
logistic_artifact_config,33507,33509,12.43,x,s,g,f,s,,p,7.73,17.32,,i,n,,,f,f,,d,a,p,e,0.21399414314183762,5
logistic_artifact_config,36103,36105,4.14,x,h,n,f,x,c,w,5.41,4.84,,y,n,,,t,r,,d,u,e,p,0.6015002481299234,4
logistic_artifact_config,3668,3668,3.27,f,y,w,f,e,c,w,3.63,3.28,,k,w,,,t,e,,d,a,p,e,0.4003724179419855,4
logistic_artifact_config,25582,25584,8.54,x,h,e,f,x,d,w,6.72,18.16,b,,w,,,f,f,,d,u,p,e,0.21134561709097827,4
logistic_artifact_config,34951,34953,4.47,x,,n,f,x,c,n,7.81,8.29,b,,n,,w,t,,,d,u,e,p,0.7057050709015698,5
logistic_artifact_config,23045,23047,9.67,x,t,n,f,a,d,w,10.48,29.24,,,w,,,f,f,,d,a,p,e,0.082487963499073,5
logistic_artifact_config,60690,60836,1.18,f,s,y,f,f,f,f,3.2,5.33,,,y,,,f,f,,d,a,p,e,0.31675496396104275,5
logistic_artifact_config,44693,44695,7.94,p,y,n,f,,,k,12.61,16.48,,,w,,,f,f,,d,a,p,e,0.17657806454278357,7
logistic_artifact_config,15324,15326,10.7,f,y,e,f,,,w,5.65,23.52,b,,n,,w,t,e,,d,a,e,p,0.921809356103281,5
logistic_artifact_config,58660,58806,16.56,f,d,k,f,p,,y,4.19,26.44,,,n,,,f,f,,d,a,p,e,0.2675825186541839,6
logistic_artifact_config,50379,50381,9.7,x,e,n,t,p,,e,9.03,20.41,,,e,,,f,f,,d,a,p,e,0.3685420626776757,6
logistic_artifact_config,20631,20633,4.03,x,s,e,f,a,c,o,4.98,7.11,,,e,,,f,f,,g,w,e,p,0.8696790402869508,5
logistic_artifact_config,20477,20479,3.09,x,s,e,f,a,c,o,4.59,6.47,,,e,,,f,f,,m,w,e,p,0.850067596805232,5
logistic_artifact_config,58536,58682,13.55,f,d,n,f,p,,y,5.27,37.26,,,n,,,f,f,,d,a,p,e,0.0731862792789009,6
logistic_artifact_config,11204,11205,2.63,x,g,n,f,a,,w,8.22,2.74,,,w,,,f,f,,d,u,p,e,0.14536919678511975,6
logistic_artifact_config,23105,23107,10.17,x,t,n,f,a,d,w,10.55,29.45,,,w,,,f,f,,d,a,p,e,0.08061357505147611,5
logistic_artifact_config,28357,28359,15.54,x,t,k,t,d,c,b,5.51,27.43,,,g,,,f,f,,l,a,p,e,0.20227216631231512,5
logistic_artifact_config,27945,27947,8.04,s,h,n,t,d,,g,4.44,12.4,,t,r,,,f,f,,d,u,p,e,0.3927544700156684,5
logistic_artifact_config,5707,5707,15.15,x,e,g,f,d,c,w,8.41,24.93,s,,w,,,f,f,,l,a,e,p,0.7048293023154708,4
logistic_artifact_config,22206,22208,4.13,x,,y,f,a,c,y,4.17,9.03,,,w,,,f,f,,d,a,e,p,0.6632797313231787,6
logistic_artifact_config,14736,14738,4.26,f,t,o,f,a,d,w,7.26,6.55,,k,n,,,f,f,,d,s,e,p,0.7687493325959328,4
logistic_artifact_config,39395,39397,5.03,c,e,y,t,x,c,p,6.41,11.2,,,w,,,f,f,,d,s,p,e,0.1950654921969076,5
logistic_artifact_config,58584,58730,21.29,x,d,e,f,p,,y,6.62,50.27,,,n,,,f,f,,d,w,p,e,0.0704758794748062,6
logistic_artifact_config,30566,30568,10.19,s,t,o,t,d,c,o,5.84,18.11,,,w,,,f,f,,d,a,e,p,0.5495505809922452,5
logistic_artifact_config,26160,26162,10.4,s,s,n,f,x,,n,5.97,18.8,,,p,,,f,f,,d,w,e,p,0.5211787976935756,6
logistic_artifact_config,58788,58934,21.89,x,d,k,f,p,,y,5.18,45.72,,,n,,,f,f,,d,a,p,e,0.1739414914288377,6
logistic_artifact_config,9358,9358,3.5,b,g,n,f,x,d,w,4.71,2.61,,,y,,,f,f,,g,a,e,p,0.7301326040670005,5
logistic_artifact_config,43594,43596,10.42,x,i,n,t,e,,p,9.38,17.59,,y,w,,,t,p,,d,a,e,p,0.7920371913107388,5
logistic_artifact_config,28288,28290,16.7,s,t,g,t,d,c,b,5.47,28.17,,,n,,,f,f,,g,a,p,e,0.37265887513097384,5
logistic_artifact_config,11699,11700,1.19,c,g,e,t,a,,p,6.14,1.16,,,n,,,f,f,,d,u,e,p,0.8748266442568025,6
logistic_artifact_config,45835,45837,1.02,b,g,w,f,,,g,3.13,1.52,,,w,,,f,f,,d,a,e,p,0.6277330882264683,7
logistic_artifact_config,20522,20524,3.41,x,h,e,f,a,c,o,4.24,6.31,,,o,,,f,f,,g,u,e,p,0.6851963463471433,5
logistic_artifact_config,50201,50203,10.3,x,e,n,t,p,,e,7.33,23.04,,,u,,,f,f,,d,a,p,e,0.2273483773371705,6
logistic_artifact_config,24333,24335,6.94,x,,e,f,x,c,w,6.11,14.94,,s,w,,,f,f,,d,a,e,p,0.5110579240121597,5
logistic_artifact_config,782,782,12.4,f,,g,f,e,,w,11.14,15.52,,,w,u,w,t,g,,d,a,p,e,0.17690277532884008,5
logistic_artifact_config,50325,50327,9.81,x,e,n,t,p,,o,6.94,23.63,,,u,,,f,f,,d,u,p,e,0.14348917341863135,6
logistic_artifact_config,6783,6783,4.08,x,,w,f,a,,r,5.39,8.0,,,r,,,f,f,,d,a,e,p,0.6842038991024939,7
logistic_artifact_config,28915,28917,7.45,s,d,n,t,d,c,w,6.1,8.77,,,n,,,f,f,,d,a,p,e,0.421307922123181,5
logistic_artifact_config,9231,9231,3.26,b,g,w,f,x,d,w,4.67,2.97,,,y,,,f,f,,g,a,e,p,0.8063915808452267,5
logistic_artifact_config,28037,28039,8.57,s,h,g,t,d,,w,4.71,12.53,,t,g,,,f,f,,d,u,p,e,0.06492604606837352,5
logistic_artifact_config,9443,9443,3.79,b,g,n,f,x,d,w,4.22,2.8,,,y,,,f,f,,g,a,e,p,0.7251401015321529,5
logistic_artifact_config,27776,27778,7.3,x,d,n,t,d,c,w,6.64,8.47,,,n,,,f,f,,d,a,p,e,0.47331315687773934,5
logistic_artifact_config,36023,36025,4.99,x,h,n,f,x,c,n,5.55,5.47,,y,n,,,t,r,,d,a,e,p,0.7122030220048241,4
logistic_artifact_config,28183,28185,6.82,s,h,g,t,d,,w,4.52,12.77,,t,r,,,f,f,,d,u,p,e,0.4219156516089003,5
logistic_artifact_config,23826,23828,4.85,f,,y,f,x,,w,5.28,7.06,,,w,,,f,f,,d,a,p,e,0.3154015559909622,7
logistic_artifact_config,44770,44772,7.57,p,y,w,f,,,p,15.68,16.54,,,w,,,f,f,,d,a,p,e,0.11496915014474611,7
logistic_artifact_config,35095,35097,5.04,x,,n,f,x,c,w,8.24,9.01,b,,n,,w,t,,,g,a,e,p,0.594367810103876,5
logistic_artifact_config,10995,10996,2.7,x,g,n,f,a,,p,6.81,2.49,,,w,,,f,f,,d,a,p,e,0.11209541139795004,6
logistic_artifact_config,58539,58685,20.36,x,s,o,f,p,,y,5.73,42.13,,,n,,,f,f,,d,a,p,e,0.08993611127550322,6
logistic_artifact_config,23014,23016,10.32,x,t,n,f,a,d,w,9.75,27.45,,,w,,,f,f,,d,a,p,e,0.07896198855376733,5
logistic_artifact_config,30725,30727,10.07,s,,y,t,d,,o,5.24,12.87,,,w,,,t,f,,d,a,p,e,0.42905922257630663,7
logistic_artifact_config,15193,15195,7.35,x,y,y,f,,,w,6.79,22.34,b,,n,,w,t,e,,d,a,e,p,0.767589747009052,5
logistic_artifact_config,5839,5839,13.71,x,e,n,f,d,c,w,6.79,22.86,s,,w,,,f,f,,l,a,e,p,0.6659630096072598,4
logistic_artifact_config,23916,23918,3.62,x,,b,f,x,,w,3.61,5.85,,,w,,,f,f,,d,u,p,e,0.15626551287292628,7
logistic_artifact_config,6298,6298,5.85,f,,g,f,d,c,w,5.73,11.04,b,,n,,,f,f,,l,w,p,e,0.46134479391702526,5
logistic_artifact_config,28022,28024,7.43,s,t,g,t,d,,g,4.52,13.38,,t,g,,,f,f,,d,a,p,e,0.13321721753582855,5
logistic_artifact_config,9239,9239,2.32,b,g,w,f,x,d,w,4.23,2.96,,,y,,,f,f,,g,a,e,p,0.8126514037026137,5
logistic_artifact_config,9444,9444,3.4,b,g,w,f,x,d,w,3.62,3.08,,,y,,,f,f,,g,a,e,p,0.8019080453424401,5
logistic_artifact_config,26395,26397,9.89,s,s,u,f,x,,n,7.96,24.02,,,p,,,f,f,,d,a,e,p,0.9290380584133936,6
logistic_artifact_config,25623,25625,9.12,f,t,e,f,x,d,w,7.38,18.99,b,,w,,,f,f,,d,a,p,e,0.3802960281958463,4
logistic_artifact_config,11120,11121,2.21,x,g,n,f,a,,p,5.01,2.25,,,w,,,f,f,,d,a,p,e,0.11109085928285892,6
logistic_artifact_config,24060,24062,8.43,x,,e,f,x,c,w,7.93,19.27,,s,w,,,f,f,,d,u,e,p,0.541441617396677,5
logistic_artifact_config,20564,20566,3.28,x,s,o,f,a,c,e,5.08,7.34,,,e,,,f,f,,g,u,e,p,0.9712568816501315,5
logistic_artifact_config,16834,16836,8.08,f,h,n,f,s,,y,8.32,12.29,,i,n,,,f,f,,d,a,e,p,0.6963305150286091,5
logistic_artifact_config,50311,50313,9.12,x,e,y,t,p,,e,6.35,17.69,,,u,,,f,f,,d,a,p,e,0.3921807249997632,6
logistic_artifact_config,28579,28581,17.65,s,t,g,t,d,c,w,4.95,24.26,,,g,,,f,f,,d,a,p,e,0.13616873349145098,5
logistic_artifact_config,1831,1831,8.0,x,,y,f,e,,w,6.4,13.05,b,,y,u,w,t,g,,d,u,e,p,0.6788764006161963,4
logistic_artifact_config,60768,60914,1.35,x,s,y,f,f,f,f,2.96,6.38,,,y,,,f,f,,d,a,p,e,0.2572537139819325,5
logistic_artifact_config,45444,45446,2.92,b,y,n,f,,c,k,6.33,3.13,,,w,,,f,f,,d,a,e,p,0.584624070431069,6
logistic_artifact_config,40303,40305,7.89,x,s,n,f,s,,g,5.56,7.0,,y,n,,,f,f,,d,w,p,e,0.2603285405458932,5
logistic_artifact_config,22993,22995,9.96,x,t,n,f,a,d,w,9.49,28.14,,,w,,,f,f,,d,a,p,e,0.07992921457520714,5
logistic_artifact_config,60650,60796,1.17,f,s,y,f,f,f,f,4.08,6.35,,,y,,,f,f,,d,u,p,e,0.35790554789823725,5
logistic_artifact_config,50281,50283,11.89,x,e,n,t,p,,e,11.21,31.31,,,e,,,f,f,,d,a,p,e,0.35032306670673247,6
logistic_artifact_config,16619,16621,7.87,f,h,n,f,s,,y,9.37,12.05,,i,n,,,f,f,,d,a,e,p,0.7031043977565379,5
logistic_artifact_config,23016,23018,6.73,x,t,n,f,a,d,w,8.61,24.5,,,w,,,f,f,,d,a,p,e,0.09207188940074457,5
logistic_artifact_config,11105,11106,2.29,x,g,n,f,a,,w,4.61,2.13,,,w,,,f,f,,d,u,p,e,0.1387865822158568,6
logistic_artifact_config,25693,25695,6.96,x,t,e,f,x,d,w,6.38,16.78,b,,w,,,f,f,,d,u,p,e,0.37672155777892313,4
logistic_artifact_config,900,900,12.98,x,,g,f,e,,w,10.89,16.71,,,w,u,w,t,g,,d,u,p,e,0.1565582207386667,5
logistic_artifact_config,50228,50230,11.51,x,e,n,t,p,,o,9.91,33.29,,,e,,,f,f,,d,a,p,e,0.20218372681434568,6
logistic_artifact_config,7337,7337,3.34,x,s,g,f,d,c,w,3.28,8.39,,,w,,,f,f,,g,a,p,e,0.2896298637877986,5
logistic_artifact_config,26442,26444,11.35,s,s,u,f,x,,n,7.14,26.43,,,p,,,f,f,,d,a,e,p,0.922523570867476,6
logistic_artifact_config,15244,15246,12.51,f,y,e,f,,,w,9.47,28.05,b,,n,,w,t,e,,d,a,e,p,0.9202224317339655,5
logistic_artifact_config,7327,7327,3.36,x,s,g,f,d,c,w,3.49,8.02,,,w,,,f,f,,g,u,p,e,0.32586683665365757,5
logistic_artifact_config,45639,45641,1.09,b,g,w,f,,,g,2.36,1.44,,,w,,,f,f,,d,u,e,p,0.6615666667022829,7
logistic_artifact_config,29773,29775,3.39,s,d,g,t,d,c,p,4.66,6.37,,,n,,,f,f,,d,u,e,p,0.5402214777748987,5
logistic_artifact_config,34987,34989,3.99,x,,w,f,x,c,n,7.41,7.23,b,,n,,w,t,,,d,a,e,p,0.7587121139252121,5
logistic_artifact_config,15437,15439,11.32,x,y,n,f,,,w,8.74,26.48,b,,n,,w,t,e,,d,a,e,p,0.5703319232854028,5
logistic_artifact_config,33192,33194,9.01,x,s,w,f,s,,p,6.74,16.7,,i,n,,,f,f,,d,a,p,e,0.27971129243871196,5
logistic_artifact_config,9804,9804,0.97,x,g,w,f,a,d,w,2.83,1.47,,,n,,,f,f,,l,u,p,e,0.29923691956929793,5
logistic_artifact_config,23081,23083,11.82,x,t,n,f,a,d,w,11.29,33.85,,,w,,,f,f,,d,u,p,e,0.08768585464628935,5
logistic_artifact_config,7184,7184,2.94,f,s,g,f,d,c,w,2.92,6.66,,,w,,,f,f,,g,u,p,e,0.3921607524467857,5
logistic_artifact_config,28410,28412,15.43,x,t,n,t,d,c,n,5.32,26.97,,,g,,,f,f,,g,u,p,e,0.3801830694675581,5
logistic_artifact_config,761,761,11.61,f,,n,f,e,,w,10.94,14.61,,,w,u,w,t,g,,d,u,p,e,0.17399042100604367,5
logistic_artifact_config,45679,45681,1.01,b,g,w,f,,,g,2.68,1.45,,,w,,,f,f,,d,a,e,p,0.6257588907627515,7
logistic_artifact_config,60615,60761,1.2,f,s,y,f,f,f,f,4.4,6.38,,,y,,,f,f,,d,a,p,e,0.3215886058294624,5
logistic_artifact_config,15375,15377,10.98,f,y,e,f,,,w,6.89,24.03,b,,n,,w,t,e,,d,a,e,p,0.9225100624429149,5
logistic_artifact_config,23060,23062,10.88,x,t,n,f,a,d,w,12.45,33.21,,,w,,,f,f,,d,a,p,e,0.08047170486367206,5
logistic_artifact_config,33391,33393,14.2,x,h,g,f,s,,p,7.59,16.98,,i,n,,,f,f,,d,a,p,e,0.24740660455062932,5
logistic_artifact_config,24144,24146,8.65,f,,e,f,x,c,w,6.72,16.96,,s,w,,,f,f,,d,u,e,p,0.6008627125309456,5
logistic_artifact_config,14480,14482,4.97,x,h,o,f,a,d,y,7.77,5.31,,s,n,,,f,f,,d,a,e,p,0.8119742282832895,4
logistic_artifact_config,22064,22066,5.29,x,,y,f,a,c,y,4.18,9.28,,,w,,,f,f,,d,u,e,p,0.6865039199567631,6
logistic_artifact_config,19484,19486,2.97,f,s,o,f,a,,o,3.87,6.35,,,o,,,f,f,,h,a,p,e,0.3490336459521423,6
logistic_artifact_config,6717,6717,4.74,x,,r,f,d,,r,5.3,7.87,,,r,,,f,f,,l,u,e,p,0.9705103442144624,7
logistic_artifact_config,37232,37234,4.23,x,h,l,f,s,c,g,6.31,6.43,,y,l,,,t,e,k,g,a,p,e,0.29202641005990365,3
logistic_artifact_config,30853,30855,8.79,s,,y,t,d,,o,5.35,11.62,,,w,,,t,f,,d,u,p,e,0.487877296889709,7
logistic_artifact_config,7322,7322,3.46,x,s,w,f,d,c,w,3.3,8.46,,,w,,,f,f,,g,a,p,e,0.32995722254073656,5
logistic_artifact_config,12543,12544,1.52,x,s,y,f,d,,w,6.59,2.12,,t,y,,,f,f,,g,u,e,p,0.7237241645262106,5
logistic_artifact_config,14502,14504,3.35,x,h,o,f,a,d,y,6.03,4.32,,k,o,,,f,f,,d,s,e,p,0.5098896073636888,4
logistic_artifact_config,22986,22988,11.93,x,t,n,f,a,d,w,12.1,31.81,,,w,,,f,f,,d,u,p,e,0.08864137814080075,5
logistic_artifact_config,7315,7315,3.35,f,s,w,f,d,c,w,3.37,8.09,,,w,,,f,f,,g,u,p,e,0.43609516527149816,5
logistic_artifact_config,9471,9471,3.74,b,g,w,f,x,d,w,4.74,3.09,,,y,,,f,f,,g,a,e,p,0.8026310732895384,5
logistic_artifact_config,43560,43562,9.57,p,i,n,t,e,,p,9.08,17.9,,y,w,,,t,p,,d,a,e,p,0.8218995109644956,5
logistic_artifact_config,44600,44602,8.63,p,y,w,f,,,k,13.16,17.1,,,w,,,f,f,,d,a,p,e,0.24130920974183645,7
logistic_artifact_config,25689,25691,7.7,f,t,e,f,x,d,w,6.73,18.64,b,,w,,,f,f,,d,a,p,e,0.3949791186596494,4
logistic_artifact_config,31014,31016,10.13,s,,y,t,d,,o,4.53,13.07,,,w,,,t,f,,d,u,p,e,0.46595742222559516,7
logistic_artifact_config,50636,50638,3.05,x,k,n,f,p,,n,4.56,10.7,,,y,,,f,f,,d,a,e,p,0.746591438256138,6
logistic_artifact_config,47657,47659,4.37,b,h,n,f,,,k,11.92,7.05,,,w,,,t,,k,g,w,p,e,0.46176007767524924,7
logistic_artifact_config,39190,39192,5.35,c,e,w,t,x,c,p,6.48,13.31,,,w,,,f,f,,d,u,p,e,0.45003887040407603,5
logistic_artifact_config,45761,45763,0.96,b,g,g,f,,,g,2.26,1.17,,,w,,,f,f,,d,a,e,p,0.5777924526388342,7
logistic_artifact_config,58625,58771,19.61,x,s,o,f,p,,y,5.78,45.92,,,n,,,f,f,,d,w,p,e,0.026977590338839442,6
logistic_artifact_config,26428,26430,12.0,s,s,u,f,x,,n,8.47,27.3,,,n,,,f,f,,d,u,e,p,0.5773863802963517,6
logistic_artifact_config,5987,5987,16.03,x,e,g,f,a,c,w,8.65,24.98,s,,w,,,f,f,,d,a,e,p,0.5645801439465395,4
logistic_artifact_config,20581,20583,4.54,x,s,o,f,a,c,o,5.32,7.09,,,e,,,f,f,,m,u,e,p,0.9245821922203805,5
logistic_artifact_config,16823,16825,8.34,f,t,o,f,s,,y,9.91,13.14,,i,n,,,f,f,,d,a,e,p,0.9466150879774209,5
logistic_artifact_config,56182,56184,6.45,o,t,o,f,,c,o,1.4,14.35,,,y,,,f,f,,d,w,p,e,0.4293480135740981,6
logistic_artifact_config,14775,14777,3.56,f,h,n,f,a,d,y,3.21,4.08,,k,n,,,f,f,,d,a,e,p,0.8774146202834173,4
logistic_artifact_config,868,868,13.91,x,,n,f,e,,w,11.05,13.91,,,w,u,w,t,e,,d,u,p,e,0.13687250711678892,5
logistic_artifact_config,9522,9522,2.76,b,g,n,f,x,d,w,3.6,2.45,,,y,,,f,f,,g,a,e,p,0.7334246371334073,5
logistic_artifact_config,27574,27576,6.07,s,d,n,t,d,c,w,6.62,8.55,,,n,,,f,f,,d,a,p,e,0.44169097086072867,5
logistic_artifact_config,6730,6730,5.23,x,,w,f,d,,r,5.92,8.21,,,r,,,f,f,,l,u,e,p,0.811404177013164,7
logistic_artifact_config,60684,60830,1.36,x,s,y,f,f,f,f,3.28,5.45,,,y,,,f,f,,d,a,p,e,0.2585056926137202,5
logistic_artifact_config,20620,20622,3.8,x,d,e,f,a,c,o,3.57,6.0,,,e,,,f,f,,g,u,e,p,0.9780435808539182,5
logistic_artifact_config,23749,23751,3.75,f,,b,f,x,,w,3.36,6.03,,,w,,,f,f,,d,a,p,e,0.1696662990582154,7
logistic_artifact_config,40472,40474,5.93,x,s,n,f,s,,n,5.06,6.33,,y,n,,,f,f,,d,w,p,e,0.39723408087855155,5
logistic_artifact_config,28856,28858,5.15,s,d,n,t,d,c,w,4.8,7.2,,,n,,,f,f,,d,u,p,e,0.4863475126021691,5
logistic_artifact_config,9731,9731,1.0,x,g,w,f,a,d,w,3.09,1.53,,,n,,,f,f,,d,u,p,e,0.39412619703520496,5
logistic_artifact_config,44797,44799,7.23,p,y,n,f,,,k,15.26,17.48,,,w,,,f,f,,d,a,p,e,0.18999975880466918,7
logistic_artifact_config,2026,2026,5.76,x,,y,f,e,,w,6.03,13.17,b,,y,u,w,t,g,,d,u,e,p,0.7024204171675624,4
logistic_artifact_config,23051,23053,9.14,x,t,n,f,a,d,w,8.2,24.27,,,w,,,f,f,,d,a,p,e,0.08141200869203873,5
logistic_artifact_config,23722,23724,3.62,x,,b,f,x,,w,3.87,6.02,,,w,,,f,f,,d,a,p,e,0.13610555872541252,7
logistic_artifact_config,5894,5894,13.41,f,e,n,f,d,c,w,8.6,26.16,s,,w,,,f,f,,d,w,e,p,0.531302332058353,4
logistic_artifact_config,8006,8006,3.32,f,d,n,f,x,c,w,4.95,2.99,b,s,n,,,f,f,,d,u,p,e,0.4508580088017494,3
logistic_artifact_config,860,860,12.28,f,,n,f,e,,w,10.79,13.3,,,w,u,w,t,g,,d,u,p,e,0.16869564478530336,5
logistic_artifact_config,33338,33340,12.9,x,h,w,f,s,,p,7.26,16.81,,i,n,,,f,f,,d,a,p,e,0.29819780003018576,5
logistic_artifact_config,43673,43675,9.47,x,i,n,t,e,,p,8.99,17.08,,y,w,,,t,p,,d,a,e,p,0.7989474961694606,5
logistic_artifact_config,11776,11777,0.86,f,g,e,t,a,,p,4.92,0.97,,,n,,,f,f,,h,u,e,p,0.7833637522989154,6
logistic_artifact_config,43621,43623,10.05,x,i,n,t,e,,p,8.86,17.22,,y,w,,,t,p,,d,a,e,p,0.7935636152300413,5
logistic_artifact_config,60666,60812,1.29,x,s,y,f,f,f,f,3.07,5.56,,,y,,,f,f,,d,u,p,e,0.2916201402612201,5
logistic_artifact_config,43251,43253,8.57,x,y,w,t,,,p,7.99,12.05,s,,w,,,t,l,,d,a,p,e,0.3942778036886621,6
logistic_artifact_config,47775,47777,4.24,b,h,n,f,,,k,11.28,6.99,,,w,,,t,,k,g,w,p,e,0.46028287071690926,7
logistic_artifact_config,37340,37342,3.05,x,y,l,f,s,c,g,4.49,5.55,,y,w,,,t,e,k,m,u,p,e,0.48485778035543264,3
logistic_artifact_config,25446,25448,6.91,x,t,e,f,x,d,w,6.03,16.36,b,,w,,,f,f,,d,a,p,e,0.3375123797737624,4
logistic_artifact_config,26332,26334,12.42,x,s,n,f,x,,n,8.88,25.66,,,p,,,f,f,,d,u,e,p,0.8454348863966737,6
logistic_artifact_config,35077,35079,4.6,x,,w,f,x,c,n,8.53,10.18,b,,n,,w,t,,,d,a,e,p,0.7565615874463913,5
logistic_artifact_config,54271,54273,5.85,s,d,y,f,d,c,o,3.5,6.52,,,o,,,f,f,,h,a,p,e,0.4063732457161279,5
logistic_artifact_config,33336,33338,12.36,x,h,n,f,s,,p,8.1,18.12,,i,n,,,f,f,,d,u,p,e,0.25641933165575137,5
logistic_artifact_config,55582,55584,12.46,f,,l,f,d,c,y,2.59,14.55,,,w,,,f,f,,d,a,e,p,0.5012197566657742,6
logistic_artifact_config,16666,16668,7.57,f,h,o,f,s,,y,8.75,12.76,,i,n,,,f,f,,d,a,e,p,0.8962960439219234,5
logistic_artifact_config,9462,9462,4.15,b,g,w,f,x,d,w,4.7,3.38,,,y,,,f,f,,g,u,e,p,0.8244932191671833,5
logistic_artifact_config,43398,43400,8.53,x,y,w,t,,,p,8.74,14.97,s,,w,,,t,l,,g,a,p,e,0.49633622322765686,6
logistic_artifact_config,21911,21913,3.89,x,,y,f,a,c,y,3.91,10.47,,,w,,,f,f,,d,a,e,p,0.6647049709635355,6
logistic_artifact_config,25474,25476,7.56,f,h,e,f,x,d,w,5.36,17.47,b,,w,,,f,f,,d,u,p,e,0.2660028333078948,4
logistic_artifact_config,26404,26406,11.15,x,s,y,f,x,,n,6.97,21.43,,,p,,,f,f,,d,u,e,p,0.9219927018457039,6
logistic_artifact_config,14485,14487,3.83,f,h,n,f,a,d,y,6.87,6.23,,s,n,,,f,f,,d,a,e,p,0.6199771918145907,4
logistic_artifact_config,912,912,11.65,f,,g,f,e,,w,10.92,14.43,,,w,u,w,t,g,,d,u,p,e,0.20835593889626924,5
logistic_artifact_config,44746,44748,8.21,p,y,w,f,,,k,15.45,17.46,,,w,,,f,f,,d,a,p,e,0.25391831765933076,7
logistic_artifact_config,22186,22188,5.51,x,,y,f,a,c,y,4.48,10.79,,,w,,,f,f,,d,u,e,p,0.6850771755194704,6
logistic_artifact_config,43570,43572,9.0,p,i,n,t,e,,p,8.37,16.09,,y,w,,,t,p,,d,a,e,p,0.8243767382092398,5
logistic_artifact_config,23150,23152,11.93,x,t,n,f,a,d,w,11.85,31.21,,,w,,,f,f,,d,a,p,e,0.07573573213660062,5
logistic_artifact_config,893,893,12.88,f,,g,f,e,,w,11.06,14.74,,,w,u,w,t,g,,d,a,p,e,0.1731086554666211,5
logistic_artifact_config,12609,12610,1.31,x,t,n,f,d,,w,6.75,2.33,,t,y,,,f,f,,g,u,e,p,0.7787405920340377,5
logistic_artifact_config,7671,7671,4.08,f,l,n,f,x,d,y,6.09,5.02,,,n,,,f,f,,l,a,p,e,0.49223174322245317,5
logistic_artifact_config,56286,56288,6.06,o,t,n,f,,c,o,1.5,13.43,,,y,,,f,f,,d,a,p,e,0.439204379607866,6
logistic_artifact_config,23280,23282,9.68,x,t,n,f,a,d,w,9.1,31.39,,,w,,,f,f,,d,u,p,e,0.0934791398355952,5
logistic_artifact_config,11881,11882,1.01,c,g,e,t,a,,p,5.92,1.05,,,n,,,f,f,,h,a,e,p,0.8294551403595882,6
logistic_artifact_config,7878,7878,3.25,f,d,b,f,x,c,w,3.95,2.73,b,s,n,,,f,f,,d,a,p,e,0.38360531271548276,3
logistic_artifact_config,26462,26464,12.81,x,s,u,f,x,,n,7.66,19.99,,,p,,,f,f,,d,a,e,p,0.9313117264556853,6
logistic_artifact_config,50320,50322,11.01,x,e,n,t,p,,e,9.46,30.62,,,e,,,f,f,,d,u,p,e,0.39195363428616814,6
logistic_artifact_config,60829,60975,1.24,f,s,y,f,f,f,f,3.81,5.49,,,y,,,f,f,,d,u,p,e,0.35595918847770425,5
logistic_artifact_config,1017,1017,11.14,f,,g,f,e,,w,10.45,13.26,,,w,u,w,t,g,,d,a,p,e,0.1849034541382714,5
logistic_artifact_config,26181,26183,10.98,s,s,r,f,x,,n,8.16,23.53,,,p,,,f,f,,d,u,e,p,0.982212039726894,6
logistic_artifact_config,20782,20784,3.54,x,h,e,f,a,c,o,4.74,7.07,,,e,,,f,f,,g,w,e,p,0.9005380646554924,5
logistic_artifact_config,58637,58783,17.6,x,g,o,f,p,,y,4.62,34.65,,,n,,,f,f,,d,a,p,e,0.14724925613538237,6
logistic_artifact_config,33344,33346,12.08,x,s,n,f,s,,p,7.8,18.57,,i,n,,,f,f,,d,a,p,e,0.18135129816288212,5
logistic_artifact_config,16646,16648,8.54,f,t,o,f,s,,n,9.4,12.46,,i,n,,,f,f,,d,a,e,p,0.8916191218525892,5
logistic_artifact_config,12615,12616,1.5,x,g,n,f,d,,w,5.77,2.01,,t,y,,,f,f,,d,a,e,p,0.5180364795461104,5
logistic_artifact_config,30688,30690,11.11,s,t,o,t,d,c,o,6.47,17.36,,,w,,,f,f,,d,a,e,p,0.5408214530717278,5
logistic_artifact_config,23487,23489,4.62,s,,u,f,a,,w,4.84,8.32,,,w,,,f,f,,d,u,p,e,0.3933030416783467,7
logistic_artifact_config,14587,14589,4.43,f,t,o,f,a,d,w,6.76,5.4,,k,o,,,f,f,,d,a,e,p,0.7200582822296754,4
logistic_artifact_config,11850,11851,1.17,f,g,e,t,a,,p,4.82,1.02,,,n,,,f,f,,d,u,e,p,0.8127388943410043,6
logistic_artifact_config,27908,27910,8.05,s,h,g,t,d,,w,4.6,12.79,,t,n,,,f,f,,d,u,p,e,0.2941593944329378,5
logistic_artifact_config,15456,15458,7.67,x,y,e,f,,,w,6.3,23.7,b,,n,,w,t,e,,d,w,e,p,0.7414519388534291,5
logistic_artifact_config,56145,56147,6.77,o,t,n,f,,c,y,1.31,14.92,,,n,,,f,f,,d,w,p,e,0.33477280711511764,6
logistic_artifact_config,50593,50595,3.47,x,k,n,f,p,,e,4.8,10.26,,,n,,,f,f,,d,a,e,p,0.8133966449106981,6
logistic_artifact_config,49073,49075,7.22,x,d,e,t,p,,y,7.07,14.29,,,e,,,f,f,,d,u,e,p,0.6002294794421817,6
logistic_artifact_config,45183,45185,2.32,b,y,n,f,,c,k,6.35,2.97,,,w,,,f,f,,d,u,e,p,0.6319662213016607,6
logistic_artifact_config,9704,9704,1.14,x,g,w,f,a,d,w,3.12,1.53,,,n,,,f,f,,d,a,p,e,0.35352403660862647,5
logistic_artifact_config,50447,50449,10.62,x,e,n,t,p,,o,8.91,27.04,,,u,,,f,f,,d,u,p,e,0.1428118457199857,6
logistic_artifact_config,7198,7198,3.2,x,s,g,f,d,c,w,2.82,6.9,,,w,,,f,f,,g,u,p,e,0.3249405330576884,5
logistic_artifact_config,7370,7370,3.37,s,s,g,f,d,c,w,3.02,7.3,,,w,,,f,f,,g,a,p,e,0.2507077131283302,5
logistic_artifact_config,41944,41946,1.59,b,h,n,f,a,,n,4.91,1.66,,t,n,,,f,f,,h,s,p,e,0.458401505315216,5
logistic_artifact_config,15059,15061,10.69,f,s,e,f,d,d,w,8.12,14.73,,i,n,,,t,,w,d,u,e,p,0.6668263937498147,4
logistic_artifact_config,6249,6249,5.88,x,,g,f,d,c,w,6.29,10.7,b,,n,,,f,f,,l,w,p,e,0.39600707383663747,5
logistic_artifact_config,33454,33456,10.82,x,h,y,f,s,,p,6.75,16.73,,i,n,,,f,f,,d,u,p,e,0.43271982316784896,5
logistic_artifact_config,35292,35294,4.58,x,,n,f,x,c,w,8.48,10.16,b,,n,,w,t,,,d,u,e,p,0.544234435429142,5
logistic_artifact_config,9216,9216,3.46,b,g,n,f,x,d,w,4.94,2.88,,,y,,,f,f,,g,u,e,p,0.7628992394880408,5
logistic_artifact_config,11001,11002,2.79,x,g,n,f,a,,p,8.75,2.66,,,n,,,f,f,,d,a,p,e,0.40609165011495324,6
logistic_artifact_config,20667,20669,2.41,x,s,o,f,a,c,o,4.08,6.25,,,e,,,f,f,,g,a,e,p,0.9329065138142585,5
logistic_artifact_config,30854,30856,10.82,s,,y,t,d,,o,5.93,14.28,,,w,,,t,f,,d,u,p,e,0.46369926256987903,7
logistic_artifact_config,60921,61067,1.24,f,s,y,f,f,f,f,3.56,5.44,,,y,,,f,f,,d,u,p,e,0.35482004446744075,5
logistic_artifact_config,7219,7219,2.38,x,s,g,f,d,c,w,2.92,6.46,,,w,,,f,f,,g,u,p,e,0.3349802038696717,5
logistic_artifact_config,29708,29710,3.3,f,d,g,t,d,c,p,3.79,6.12,,,n,,,f,f,,d,a,e,p,0.6107851324067106,5
logistic_artifact_config,4574,4574,2.84,f,y,n,f,d,d,p,6.84,4.08,,i,n,,,f,f,,l,u,e,p,0.5611451277923778,4
logistic_artifact_config,7795,7795,3.66,f,d,b,f,x,c,w,4.02,2.85,b,i,n,,,f,f,,l,a,p,e,0.479318510124931,3
logistic_artifact_config,7194,7194,2.72,s,s,w,f,d,c,w,2.71,7.03,,,w,,,f,f,,g,u,p,e,0.3306802542691754,5
logistic_artifact_config,9520,9520,4.19,b,g,n,f,x,d,w,4.39,3.07,,,y,,,f,f,,g,a,e,p,0.7215762732216005,5
logistic_artifact_config,16833,16835,8.9,f,t,n,f,s,,y,9.37,12.1,,i,n,,,f,f,,d,a,e,p,0.8240584953054403,5
logistic_artifact_config,50286,50288,10.18,x,e,y,t,p,,o,9.5,28.67,,,u,,,f,f,,d,a,p,e,0.23394904309580952,6
logistic_artifact_config,8263,8263,2.44,f,,n,f,x,c,p,6.59,3.19,,,n,,,f,f,,l,a,p,e,0.4452472422893035,6
logistic_artifact_config,7358,7358,2.87,f,s,g,f,d,c,w,2.61,6.38,,,w,,,f,f,,g,u,p,e,0.39160486153075064,5
logistic_artifact_config,8386,8386,3.82,x,,n,f,x,c,p,8.53,3.86,,,n,,,f,f,,d,a,p,e,0.4715869391840936,6
logistic_artifact_config,58491,58637,12.71,f,d,e,f,p,,y,5.01,32.7,,,n,,,f,f,,d,w,p,e,0.1334043898153531,6
logistic_artifact_config,11845,11846,1.01,f,g,e,t,a,,w,5.43,1.01,,,n,,,f,f,,d,u,e,p,0.8303471298398372,6
logistic_artifact_config,20795,20797,3.22,x,d,o,f,a,c,o,4.15,6.09,,,e,,,f,f,,g,u,e,p,0.9606900528461968,5
logistic_artifact_config,15285,15287,9.12,f,y,y,f,,,w,6.51,24.8,b,,n,,w,t,e,,d,w,e,p,0.5156765512087447,5
logistic_artifact_config,12399,12400,1.62,x,t,y,f,d,,w,6.57,2.66,,t,y,,,f,f,,d,a,e,p,0.8038846214186367,5
logistic_artifact_config,6933,6933,5.08,x,,l,f,d,,r,6.54,6.76,,,r,,,f,f,,d,a,e,p,0.6426491203714165,7
logistic_artifact_config,6970,6970,4.77,x,,r,f,d,,r,5.44,6.76,,,l,,,f,f,,d,u,e,p,0.648544657567086,7
logistic_artifact_config,12447,12448,1.3,x,t,y,f,d,,w,5.65,1.75,,t,y,,,f,f,,g,a,e,p,0.8592935379229211,5
logistic_artifact_config,23976,23978,3.79,f,,y,f,x,,w,5.42,6.68,,,w,,,f,f,,d,a,p,e,0.3282304425660414,7
logistic_artifact_config,27894,27896,9.41,s,h,g,t,d,,g,4.58,14.03,,t,g,,,f,f,,d,a,p,e,0.06225317694503553,5
logistic_artifact_config,50740,50742,4.78,x,k,n,f,p,,n,5.68,11.43,,,y,,,f,f,,d,a,e,p,0.7333147363546132,6
logistic_artifact_config,23840,23842,3.95,f,,y,f,x,,w,5.72,6.55,,,w,,,f,f,,d,a,p,e,0.327721693591659,7
logistic_artifact_config,20606,20608,4.31,x,s,p,f,a,c,e,5.05,6.86,,,e,,,f,f,,g,u,e,p,0.9590191754833346,5
logistic_artifact_config,1015,1015,10.81,x,,n,f,e,,w,10.26,13.98,,,w,u,w,t,e,,d,a,p,e,0.13455414741857416,5
logistic_artifact_config,16722,16724,6.1,f,t,o,f,s,,n,8.43,12.05,,i,n,,,f,f,,d,a,e,p,0.9017208017634204,5
logistic_artifact_config,26868,26870,11.63,s,,w,t,d,c,y,6.9,25.56,,,w,,,f,f,,d,a,e,p,0.5658399976020146,6
logistic_artifact_config,16887,16889,8.54,f,s,o,f,s,,n,9.91,14.37,,i,n,,,f,f,,d,a,e,p,0.7495094284836881,5
logistic_artifact_config,44593,44595,8.77,p,y,w,f,,,k,17.61,17.75,,,w,,,f,f,,d,a,p,e,0.25650899368611213,7
logistic_artifact_config,7139,7139,3.54,s,s,g,f,d,c,w,2.91,6.97,,,w,,,f,f,,g,u,p,e,0.28111851737943544,5
logistic_artifact_config,56354,56356,7.12,o,t,y,f,,c,o,1.48,15.07,,,y,,,f,f,,d,w,p,e,0.294968398625713,6
logistic_artifact_config,58773,58919,21.25,x,g,k,f,p,,y,4.88,43.29,,,n,,,f,f,,d,a,p,e,0.17699643599433473,6
logistic_artifact_config,5860,5860,15.02,s,e,n,f,d,c,w,10.7,27.98,s,,w,,,f,f,,d,a,e,p,0.7153543084629138,4
logistic_artifact_config,23406,23408,4.12,f,,u,f,a,,w,3.74,6.56,,,w,,,f,f,,d,a,p,e,0.46852669922525164,7
logistic_artifact_config,43117,43119,7.81,x,y,w,t,,,p,9.05,16.2,s,,w,,,t,l,,d,a,p,e,0.4082702451020566,6
logistic_artifact_config,50259,50261,10.73,x,e,y,t,p,,o,7.55,23.85,,,u,,,f,f,,d,u,p,e,0.25277234685603267,6
logistic_artifact_config,50567,50569,3.94,x,k,n,f,p,,e,5.5,10.64,,,y,,,f,f,,d,a,e,p,0.8249583030900925,6
logistic_artifact_config,58720,58866,13.39,f,s,k,f,p,,y,5.0,36.77,,,n,,,f,f,,d,a,p,e,0.21933033164594296,6
logistic_artifact_config,60582,60728,1.25,s,s,y,f,f,f,f,3.73,5.71,,,y,,,f,f,,d,u,p,e,0.2565542102264761,5
logistic_artifact_config,26318,26320,11.47,s,s,u,f,x,,n,6.4,22.3,,,n,,,f,f,,d,u,e,p,0.5749263674098405,6
logistic_artifact_config,44553,44555,8.49,p,y,w,f,,,p,13.99,16.79,,,w,,,f,f,,d,a,p,e,0.10684856326493775,7
logistic_artifact_config,9662,9662,1.12,x,g,w,f,a,d,w,3.1,1.59,,,n,,,f,f,,l,a,p,e,0.2649648640109727,5
logistic_artifact_config,43437,43439,11.2,x,i,n,t,e,,p,9.76,18.43,,y,w,,,t,p,,l,a,e,p,0.7080487081627355,5
logistic_artifact_config,60783,60929,1.11,f,s,y,f,f,f,f,2.98,4.87,,,y,,,f,f,,d,u,p,e,0.35381742256430804,5
logistic_artifact_config,28141,28143,7.11,s,t,n,t,d,,w,4.57,12.79,,t,n,,,f,f,,d,u,p,e,0.4217866619138258,5
logistic_artifact_config,23899,23901,3.75,f,,b,f,x,,w,5.14,6.63,,,w,,,f,f,,d,u,p,e,0.20005739494593197,7
logistic_artifact_config,9286,9286,3.96,b,g,w,f,x,d,w,4.43,3.42,,,y,,,f,f,,g,a,e,p,0.799763079963973,5
logistic_artifact_config,58689,58835,18.54,x,d,n,f,p,,y,5.56,39.16,,,n,,,f,f,,d,w,p,e,0.01234160206040843,6
logistic_artifact_config,26789,26791,7.27,f,,y,f,x,c,n,6.51,11.54,,,w,,,f,f,,d,a,p,e,0.4558210332328138,6
logistic_artifact_config,20798,20800,3.79,x,h,e,f,a,c,o,5.21,6.84,,,e,,,f,f,,m,w,e,p,0.8802306263465827,5
logistic_artifact_config,60816,60962,1.22,f,s,y,f,f,f,f,2.97,5.42,,,y,,,f,f,,d,a,p,e,0.31529090981606567,5
logistic_artifact_config,22956,22958,10.22,x,t,n,f,a,d,w,10.58,32.64,,,w,,,f,f,,d,a,p,e,0.08029676987300878,5
logistic_artifact_config,50245,50247,11.61,x,e,n,t,p,,e,10.33,27.61,,,u,,,f,f,,d,u,p,e,0.2556869707222929,6
logistic_artifact_config,26905,26907,11.35,s,,w,t,d,c,y,6.76,24.76,,,w,,,f,f,,d,u,e,p,0.6092599808871837,6
logistic_artifact_config,50215,50217,10.99,x,e,y,t,p,,o,8.33,24.72,,,e,,,f,f,,d,a,p,e,0.3470699605639222,6
logistic_artifact_config,15290,15292,8.82,x,y,n,f,,,w,7.91,26.45,b,,n,,w,t,e,,d,a,e,p,0.5982070555286557,5
logistic_artifact_config,9387,9387,3.85,b,g,w,f,x,d,w,4.67,3.35,,,y,,,f,f,,g,a,e,p,0.8014613386925865,5
logistic_artifact_config,783,783,14.55,x,,g,f,e,,w,11.32,16.34,,,w,u,w,t,g,,d,u,p,e,0.14707779597284631,5
logistic_artifact_config,7371,7371,2.61,f,s,w,f,d,c,w,3.03,8.2,,,w,,,f,f,,g,u,p,e,0.44398135845437786,5
logistic_artifact_config,15307,15309,9.36,f,y,n,f,,,w,6.38,22.95,b,,n,,w,t,e,,d,a,e,p,0.6498831263668338,5
logistic_artifact_config,26379,26381,13.28,f,s,r,f,x,,n,6.25,23.34,,,w,,,f,f,,d,u,e,p,0.5846436458709402,6
logistic_artifact_config,1900,1900,3.8,x,,w,f,e,,w,5.1,9.99,b,,y,u,w,t,g,,d,u,e,p,0.6516604831264927,4
logistic_artifact_config,43655,43657,9.43,p,i,n,t,e,,p,8.86,16.49,,y,w,,,t,l,,l,a,e,p,0.6268618803835518,5
logistic_artifact_config,28112,28114,7.85,s,h,r,t,d,,g,4.38,11.71,,t,g,,,f,f,,d,u,p,e,0.43782112525883926,5
logistic_artifact_config,22059,22061,3.71,x,,y,f,a,c,y,4.7,10.88,,,w,,,f,f,,d,a,e,p,0.6702527102858813,6
logistic_artifact_config,4457,4457,2.61,s,y,n,f,d,d,p,6.65,3.29,,i,n,,,f,f,,h,u,e,p,0.5006025027832054,4
logistic_artifact_config,14646,14648,5.64,x,t,o,f,a,d,y,7.0,5.24,,k,o,,,f,f,,d,s,e,p,0.6624248322958818,4
logistic_artifact_config,22231,22233,3.52,x,,y,f,a,c,y,3.46,8.64,,,w,,,f,f,,d,u,e,p,0.7032632002109712,6
logistic_artifact_config,11238,11239,2.79,x,g,n,f,a,,p,8.6,2.55,,,n,,,f,f,,d,u,p,e,0.4461480538707403,6
logistic_artifact_config,9316,9316,3.07,b,g,w,f,x,d,w,3.82,2.73,,,y,,,f,f,,g,u,e,p,0.8301495624140263,5
logistic_artifact_config,11774,11775,0.92,f,g,e,t,a,,p,5.25,0.96,,,n,,,f,f,,h,a,e,p,0.7543622504461815,6
logistic_artifact_config,9529,9529,3.63,b,g,n,f,x,d,w,4.34,2.87,,,y,,,f,f,,g,a,e,p,0.7272802596737131,5
logistic_artifact_config,25542,25544,7.18,f,t,e,f,x,d,w,5.31,18.41,b,,w,,,f,f,,d,u,p,e,0.4352273933444098,4
logistic_artifact_config,23629,23631,3.81,s,,u,f,a,,w,3.64,7.37,,,w,,,f,f,,d,a,p,e,0.3586868100192231,7
logistic_artifact_config,7981,7981,3.51,f,d,b,f,x,c,w,4.35,2.99,b,i,n,,,f,f,,l,a,p,e,0.48291220700325665,3
logistic_artifact_config,9878,9879,0.94,x,g,w,f,a,d,w,2.69,1.28,,,n,,,f,f,,l,u,p,e,0.2990077122322572,5
logistic_artifact_config,9430,9430,3.6,b,g,w,f,x,d,w,4.79,2.99,,,y,,,f,f,,g,u,e,p,0.8289320953613393,5
logistic_artifact_config,9570,9570,1.05,x,g,w,f,a,d,w,2.84,1.4,,,n,,,f,f,,l,u,p,e,0.29840824195027166,5
logistic_artifact_config,14713,14715,3.93,f,t,o,f,a,d,y,6.16,5.64,,k,n,,,f,f,,d,w,e,p,0.9385368113979393,4
logistic_artifact_config,28860,28862,8.49,s,d,n,t,d,c,w,7.21,10.79,,,n,,,f,f,,d,a,p,e,0.4130764725300018,5
logistic_artifact_config,23530,23532,4.28,f,,u,f,a,,w,3.91,6.82,,,w,,,f,f,,d,a,p,e,0.46723504767410295,7
logistic_artifact_config,58670,58816,19.51,x,g,e,f,p,,y,6.0,40.26,,,n,,,f,f,,d,w,p,e,0.07589886003505038,6
logistic_artifact_config,50521,50523,3.22,x,k,n,f,p,,y,4.57,9.3,,,n,,,f,f,,d,a,e,p,0.8496009811613469,6
logistic_artifact_config,25479,25481,8.19,x,t,e,f,x,d,w,6.19,16.36,b,,w,,,f,f,,d,a,p,e,0.3233385484746976,4
logistic_artifact_config,11694,11695,1.11,c,g,n,t,a,,w,6.09,0.88,,,n,,,f,f,,d,u,e,p,0.5282588387307902,6
logistic_artifact_config,23684,23686,4.62,x,,p,f,x,,w,5.28,6.83,,,w,,,f,f,,d,a,p,e,0.3100121270875078,7
logistic_artifact_config,45570,45572,1.1,b,g,w,f,,,g,2.88,1.64,,,w,,,f,f,,d,u,e,p,0.6637460669750725,7
logistic_artifact_config,44802,44804,8.03,b,y,n,f,,,p,13.27,17.15,,,w,,,f,f,,d,a,p,e,0.3100853407908043,7
logistic_artifact_config,872,872,11.0,x,,g,f,e,,w,11.1,14.55,,,w,u,w,t,e,,d,u,p,e,0.188024706150121,5
logistic_artifact_config,50709,50711,3.17,x,k,n,f,p,,y,4.7,9.95,,,y,,,f,f,,d,a,e,p,0.8611975490323118,6
logistic_artifact_config,40263,40265,7.41,x,s,n,f,s,,g,6.61,9.05,,y,n,,,f,f,,d,w,p,e,0.2690497406455525,5
logistic_artifact_config,25631,25633,8.22,x,t,e,f,x,d,w,7.28,17.71,b,,w,,,f,f,,d,u,p,e,0.36532134285253615,4
logistic_artifact_config,10946,10947,2.39,x,g,e,f,a,,p,5.55,2.33,,,w,,,f,f,,d,a,p,e,0.46400538435054467,6
logistic_artifact_config,9435,9435,3.62,b,g,n,f,x,d,w,4.11,3.09,,,y,,,f,f,,g,a,e,p,0.7264390347551051,5
logistic_artifact_config,25724,25726,7.42,f,t,e,f,x,d,w,6.72,18.16,b,,w,,,f,f,,d,a,p,e,0.39853468975683337,4
logistic_artifact_config,16592,16594,6.96,f,s,o,f,s,,n,9.01,13.06,,i,n,,,f,f,,d,a,e,p,0.7616850133563476,5
logistic_artifact_config,43133,43135,6.92,x,y,w,t,,,w,6.97,11.82,s,,w,,,t,l,,d,a,p,e,0.4345369525432466,6
logistic_artifact_config,25429,25431,7.82,x,h,e,f,x,d,w,5.93,18.21,b,,w,,,f,f,,d,u,p,e,0.21503293352948177,4
logistic_artifact_config,39322,39324,3.45,c,e,w,t,x,c,p,4.75,11.08,,,w,,,f,f,,d,s,p,e,0.1562117852364232,5
logistic_artifact_config,7032,7032,4.11,x,,r,f,d,,r,6.27,8.44,,,r,,,f,f,,l,a,e,p,0.967044814196368,7
logistic_artifact_config,15158,15160,10.96,x,s,e,f,d,d,w,9.52,15.18,,i,n,,,t,,w,d,a,e,p,0.5654946741964135,4
logistic_artifact_config,30713,30715,7.89,s,,y,t,d,,o,3.98,11.87,,,w,,,t,f,,d,u,p,e,0.49279640290570265,7
logistic_artifact_config,28086,28088,7.01,s,t,n,t,d,,w,4.46,12.34,,t,n,,,f,f,,d,a,p,e,0.38251210541412045,5
logistic_artifact_config,15190,15192,8.71,f,y,y,f,,,w,6.05,24.86,b,,n,,w,t,e,,d,w,e,p,0.5187460529412075,5
logistic_artifact_config,40408,40410,8.58,x,s,n,f,s,,g,5.5,7.92,,y,n,,,f,f,,d,w,p,e,0.25305585243237216,5
logistic_artifact_config,20671,20673,3.01,x,h,e,f,a,c,e,4.02,6.57,,,e,,,f,f,,g,w,e,p,0.9509498941334461,5
logistic_artifact_config,11258,11259,2.53,x,g,e,f,a,,p,7.46,2.42,,,w,,,f,f,,d,a,p,e,0.47168287877212167,6
logistic_artifact_config,36067,36069,3.64,x,h,n,f,x,c,n,4.46,5.57,,y,n,,,t,r,,d,a,e,p,0.7221513925087928,4
logistic_artifact_config,4441,4441,3.18,f,y,n,f,d,d,p,6.94,3.8,,i,n,,,f,f,,h,u,e,p,0.6098366732828653,4
logistic_artifact_config,12648,12649,1.56,x,s,n,f,d,,w,5.59,1.66,,t,y,,,f,f,,g,u,e,p,0.5503744678715016,5
logistic_artifact_config,50166,50168,12.43,x,e,y,t,p,,e,8.91,31.39,,,u,,,f,f,,d,u,p,e,0.400422341479526,6
logistic_artifact_config,23915,23917,3.8,x,,y,f,x,,w,4.46,6.56,,,w,,,f,f,,d,u,p,e,0.30024625452581694,7
logistic_artifact_config,21899,21901,3.55,x,,y,f,a,c,y,4.82,9.38,,,w,,,f,f,,d,u,e,p,0.7084831680965231,6
logistic_artifact_config,15283,15285,10.27,x,y,e,f,,,w,7.3,23.13,b,,n,,w,t,e,,d,w,e,p,0.7185555151081273,5
logistic_artifact_config,43413,43415,8.59,x,y,w,t,,,w,8.24,13.69,s,,w,,,t,l,,d,u,p,e,0.46003686437725116,6
logistic_artifact_config,60649,60795,1.26,f,s,y,f,f,f,f,4.16,6.42,,,y,,,f,f,,d,u,p,e,0.3571756944249727,5
logistic_artifact_config,43613,43615,9.45,p,i,n,t,e,,p,9.13,17.58,,y,w,,,t,p,,d,a,e,p,0.8229998111233509,5
logistic_artifact_config,23691,23693,2.28,x,,y,f,x,,w,3.69,5.43,,,w,,,f,f,,d,u,p,e,0.3141345607630528,7
logistic_artifact_config,20436,20438,5.46,f,s,o,f,d,d,o,6.24,13.09,,,w,,,f,f,,g,a,e,p,0.5317303072825483,5
logistic_artifact_config,25492,25494,7.24,f,t,e,f,x,d,w,5.9,16.47,b,,w,,,f,f,,d,u,p,e,0.4376959836333127,4
logistic_artifact_config,24151,24153,9.16,f,,e,f,x,c,w,7.54,18.61,,s,w,,,f,f,,d,a,e,p,0.5574176827436831,5
logistic_artifact_config,14846,14848,11.52,f,s,e,f,d,d,w,8.05,13.08,,i,n,,,t,,w,d,u,e,p,0.6570117404188677,4
logistic_artifact_config,12396,12397,1.6,x,t,y,f,d,,w,6.25,2.24,,t,y,,,f,f,,d,a,e,p,0.8030853541521779,5
logistic_artifact_config,44756,44758,7.95,p,y,w,f,,,k,14.63,16.31,,,w,,,f,f,,d,a,p,e,0.2535495924006367,7
logistic_artifact_config,16757,16759,8.23,f,h,o,f,s,,y,8.65,12.85,,i,n,,,f,f,,d,a,e,p,0.8928294677093593,5
logistic_artifact_config,7195,7195,3.03,f,s,g,f,d,c,w,2.79,7.47,,,w,,,f,f,,g,u,p,e,0.39027754798604014,5
logistic_artifact_config,19879,19881,5.98,x,s,e,f,e,,k,5.65,6.52,,,o,,,f,f,,m,a,p,e,0.2425894625335592,6
logistic_artifact_config,5662,5662,15.44,f,e,g,f,d,c,w,9.0,26.99,s,,w,,,f,f,,d,a,e,p,0.8263459014041457,4
logistic_artifact_config,9558,9558,1.04,x,g,w,f,a,d,w,2.33,1.33,,,n,,,f,f,,d,u,p,e,0.39003014804547986,5
logistic_artifact_config,28240,28242,15.53,x,t,k,t,d,c,b,4.81,26.95,,,g,,,f,f,,g,a,p,e,0.361625225474543,5
logistic_artifact_config,58580,58726,20.04,x,d,k,f,p,,y,4.4,39.25,,,n,,,f,f,,d,a,p,e,0.18667499740602989,6
logistic_artifact_config,60900,61046,1.2,s,s,y,f,f,f,f,3.61,5.19,,,y,,,f,f,,d,u,p,e,0.25666710694276285,5
logistic_artifact_config,30690,30692,8.15,s,t,p,t,d,c,o,4.62,17.53,,,w,,,f,f,,d,u,e,p,0.533919703909769,5
logistic_artifact_config,5777,5777,14.12,s,e,g,f,d,c,w,8.51,24.83,s,,w,,,f,f,,d,a,e,p,0.7599330223298524,4
logistic_artifact_config,16819,16821,7.17,f,t,o,f,s,,n,8.79,12.75,,t,n,,,f,f,,d,a,e,p,0.6471606772832874,5
logistic_artifact_config,35084,35086,4.72,x,,w,f,x,c,w,8.2,9.36,b,,n,,w,t,,,g,u,e,p,0.7280054028638168,5
logistic_artifact_config,43438,43440,10.66,x,i,n,t,e,,p,8.77,17.23,,y,w,,,t,p,,d,a,e,p,0.7879596065799966,5
logistic_artifact_config,12443,12444,1.77,x,t,y,f,a,,w,5.87,2.47,,t,y,,,f,f,,d,u,e,p,0.6386046268815362,5
logistic_artifact_config,9871,9872,0.88,x,g,w,f,a,d,w,2.93,1.45,,,n,,,f,f,,d,a,p,e,0.35579359131027916,5
logistic_artifact_config,15482,15484,10.15,f,y,e,f,,,w,5.99,25.4,b,,n,,w,t,e,,d,a,e,p,0.9242523672817328,5
logistic_artifact_config,33334,33336,11.05,x,s,w,f,s,,p,8.54,17.26,,i,n,,,f,f,,d,a,p,e,0.2655233709860402,5
logistic_artifact_config,44785,44787,8.7,p,y,n,f,,,p,14.96,17.71,,,w,,,f,f,,d,a,p,e,0.07340811234313332,7
logistic_artifact_config,9258,9258,3.72,b,g,n,f,x,d,w,4.63,2.96,,,y,,,f,f,,g,a,e,p,0.7274815568852816,5
logistic_artifact_config,50758,50760,4.57,x,k,n,f,p,,n,5.18,10.84,,,n,,,f,f,,d,a,e,p,0.7158401584616296,6
logistic_artifact_config,14769,14771,5.71,f,t,o,f,a,d,y,7.88,7.24,,k,o,,,f,f,,d,s,e,p,0.7238690204071743,4
logistic_artifact_config,24354,24356,7.57,f,,e,f,x,c,w,7.51,17.99,,s,w,,,f,f,,d,u,e,p,0.6179656451143166,5
logistic_artifact_config,14821,14823,4.59,f,t,o,f,a,d,y,5.23,4.99,,k,n,,,f,f,,d,a,e,p,0.9816886270387039,4
logistic_artifact_config,26415,26417,9.4,x,s,u,f,x,,n,7.75,23.67,,,n,,,f,f,,d,u,e,p,0.65214855928133,6
logistic_artifact_config,10986,10987,2.51,x,g,n,f,a,,p,5.95,2.45,,,w,,,f,f,,d,u,p,e,0.12899211116102552,6
logistic_artifact_config,28121,28123,6.55,s,h,g,t,d,,w,4.41,11.72,,t,r,,,f,f,,d,u,p,e,0.4250235739982963,5
logistic_artifact_config,54214,54216,5.34,s,d,y,f,d,c,o,3.55,6.44,,,o,,,f,f,,h,u,p,e,0.45405781861816913,5
logistic_artifact_config,3855,3855,3.91,f,y,w,f,e,c,w,4.37,3.53,,k,w,,,t,e,,m,u,p,e,0.48463756818504833,4
logistic_artifact_config,35196,35198,3.84,x,,n,f,x,c,n,7.76,8.16,b,,n,,w,t,,,d,a,e,p,0.6769939798747139,5
logistic_artifact_config,20484,20486,3.76,x,s,o,f,a,c,e,4.53,6.23,,,e,,,f,f,,g,w,e,p,0.881757276938921,5
logistic_artifact_config,51239,51241,4.74,x,t,o,f,p,,n,5.01,11.72,,,e,,,f,f,,d,a,e,p,0.5150032179762958,6
logistic_artifact_config,9369,9369,3.77,b,g,w,f,x,d,w,4.99,3.13,,,y,,,f,f,,g,u,e,p,0.8282179498829889,5
logistic_artifact_config,55725,55727,8.26,f,,w,f,d,c,y,2.52,14.62,,,w,,,f,f,,d,a,e,p,0.7971060763058672,6
logistic_artifact_config,933,933,12.31,x,,n,f,e,,w,10.55,12.86,,,w,u,w,t,g,,d,a,p,e,0.11457062241840152,5
logistic_artifact_config,23007,23009,9.63,x,t,n,f,a,d,w,10.01,29.1,,,w,,,f,f,,d,a,p,e,0.08194366572415468,5
logistic_artifact_config,6759,6759,4.24,x,,r,f,a,,r,5.97,7.7,,,w,,,f,f,,l,a,e,p,0.5566635950054252,7
logistic_artifact_config,30919,30921,8.16,s,,y,t,d,,o,5.75,13.32,,,w,,,t,f,,d,a,p,e,0.45626122946193814,7
logistic_artifact_config,34989,34991,4.42,x,,w,f,x,c,w,8.33,10.03,b,,n,,w,t,,,d,a,e,p,0.6072934515385529,5
logistic_artifact_config,11031,11032,2.69,x,g,n,f,a,,p,9.17,2.84,,,n,,,f,f,,d,a,p,e,0.40936182333357934,6
logistic_artifact_config,6066,6066,6.58,f,,g,f,d,c,w,5.61,11.24,b,,n,,,f,f,,l,w,p,e,0.4511949446415113,5
logistic_artifact_config,8162,8162,3.75,x,,n,f,x,c,p,8.36,4.12,,,n,,,f,f,,l,a,p,e,0.37027681180315547,6
logistic_artifact_config,60733,60879,1.31,x,s,y,f,f,f,f,3.74,5.59,,,y,,,f,f,,d,a,p,e,0.260763068480055,5
logistic_artifact_config,23815,23817,3.02,x,,y,f,x,,w,3.84,6.0,,,w,,,f,f,,d,a,p,e,0.2721029674934184,7
logistic_artifact_config,23822,23824,3.5,f,,p,f,x,,w,4.65,5.88,,,w,,,f,f,,d,a,p,e,0.38318239417664224,7
logistic_artifact_config,44677,44679,8.38,b,y,w,f,,,p,14.18,16.6,,,w,,,f,f,,d,a,p,e,0.406218296346785,7
logistic_artifact_config,29728,29730,3.01,f,d,p,t,d,c,p,5.03,5.83,,,n,,,f,f,,d,u,e,p,0.8039835656043487,5
logistic_artifact_config,25593,25595,7.61,f,t,e,f,x,d,w,5.4,17.23,b,,w,,,f,f,,d,a,p,e,0.3899922540783972,4
logistic_artifact_config,29995,29997,3.5,s,d,g,t,d,c,p,5.02,6.82,,,n,,,f,f,,d,u,e,p,0.5404975756101761,5
logistic_artifact_config,25732,25734,7.17,x,t,e,f,x,d,w,5.25,17.49,b,,w,,,f,f,,d,u,p,e,0.36873161045231656,4
logistic_artifact_config,23909,23911,4.4,f,,b,f,x,,w,5.14,6.59,,,w,,,f,f,,d,a,p,e,0.16982080074658934,7
logistic_artifact_config,35109,35111,4.55,x,,n,f,x,c,n,7.92,9.56,b,,n,,w,t,,,d,u,e,p,0.7051026037952353,5
logistic_artifact_config,819,819,12.95,f,,g,f,e,,w,11.8,17.32,,,w,u,w,t,g,,d,a,p,e,0.17444683574093478,5
logistic_artifact_config,43644,43646,10.19,x,i,n,t,e,,p,9.05,18.41,,y,w,,,t,p,,l,a,e,p,0.7160197533869901,5
logistic_artifact_config,27157,27159,13.3,s,,w,t,d,c,y,6.55,27.81,,,w,,,f,f,,d,u,e,p,0.5830601260067851,6
logistic_artifact_config,33433,33435,11.33,x,h,g,f,s,,p,5.81,16.37,,i,n,,,f,f,,d,u,p,e,0.30363584508229774,5
logistic_artifact_config,60590,60736,1.36,x,s,y,f,f,f,f,4.45,5.83,,,y,,,f,f,,d,a,p,e,0.2629713700991351,5
logistic_artifact_config,28028,28030,7.46,s,t,g,t,d,,w,4.43,12.97,,t,n,,,f,f,,d,a,p,e,0.43082658652946654,5
logistic_artifact_config,26125,26127,11.74,x,s,r,f,x,,n,7.66,26.21,,,w,,,f,f,,d,a,e,p,0.5012787547870629,6
logistic_artifact_config,40492,40494,4.78,x,s,n,f,s,,g,4.63,5.41,,y,n,,,f,f,,d,w,p,e,0.2893987426532725,5
logistic_artifact_config,7298,7298,3.67,f,s,g,f,d,c,w,3.66,9.03,,,w,,,f,f,,g,u,p,e,0.38616547757229513,5
logistic_artifact_config,899,899,13.41,x,,g,f,e,,w,11.28,15.85,,,w,u,w,t,g,,d,a,p,e,0.1341132044545837,5
logistic_artifact_config,58663,58809,18.25,f,g,e,f,p,,y,5.28,43.64,,,n,,,f,f,,d,w,p,e,0.10220831392017768,6
logistic_artifact_config,31001,31003,7.86,s,,y,t,d,,o,4.18,11.9,,,w,,,t,f,,d,u,p,e,0.49418663690577547,7
logistic_artifact_config,5366,5366,9.68,f,,n,f,s,c,p,7.44,19.75,b,,u,,,f,f,,g,a,e,p,0.5337558950933674,5
logistic_artifact_config,14888,14890,12.19,f,s,e,f,d,d,w,8.43,14.77,,i,n,,,t,,w,d,u,e,p,0.6504932048825548,4
logistic_artifact_config,3747,3747,3.28,f,y,n,f,e,c,w,4.19,3.43,,k,w,,,t,e,,d,u,p,e,0.3438060261392227,4
logistic_artifact_config,30400,30402,11.72,s,t,o,t,d,c,o,7.13,17.99,,,w,,,f,f,,d,u,e,p,0.5771758359526143,5
logistic_artifact_config,9247,9247,4.52,b,g,n,f,x,d,w,5.39,3.67,,,y,,,f,f,,g,u,e,p,0.7542451731427232,5
logistic_artifact_config,20516,20518,4.23,x,s,e,f,a,c,e,5.33,6.38,,,e,,,f,f,,m,u,e,p,0.9804160791091856,5
logistic_artifact_config,43472,43474,9.6,p,i,n,t,e,,p,9.38,18.09,,y,w,,,t,l,,l,a,e,p,0.6269437675941374,5
logistic_artifact_config,58679,58825,21.02,x,s,k,f,p,,y,5.06,34.36,,,n,,,f,f,,d,a,p,e,0.12512363122950224,6
logistic_artifact_config,20599,20601,3.92,x,h,p,f,a,c,o,5.14,6.9,,,e,,,f,f,,g,u,e,p,0.9377067428251844,5
logistic_artifact_config,9262,9262,3.99,b,g,w,f,x,d,w,4.81,3.39,,,y,,,f,f,,g,a,e,p,0.800731200585384,5
logistic_artifact_config,25461,25463,8.58,x,t,e,f,x,d,w,5.65,17.07,b,,w,,,f,f,,d,a,p,e,0.3164167208152701,4
logistic_artifact_config,27002,27004,10.46,s,,w,t,d,c,y,6.65,25.89,,,w,,,f,f,,d,a,e,p,0.579604976765993,6
logistic_artifact_config,9409,9409,3.03,b,g,w,f,x,d,w,4.05,3.28,,,y,,,f,f,,g,u,e,p,0.8310389463176502,5
logistic_artifact_config,9446,9446,4.27,b,g,w,f,x,d,w,5.26,3.18,,,y,,,f,f,,g,u,e,p,0.8252230442514272,5
logistic_artifact_config,43639,43641,9.76,p,i,n,t,e,,p,8.83,17.94,,y,w,,,t,l,,l,a,e,p,0.6224139383026064,5
logistic_artifact_config,26995,26997,12.35,s,,w,t,d,c,y,6.28,25.54,,,w,,,f,f,,d,a,e,p,0.5534573528080777,6
logistic_artifact_config,58506,58652,18.98,f,s,n,f,p,,y,5.26,47.94,,,n,,,f,f,,d,a,p,e,0.03661191937995374,6
logistic_artifact_config,44758,44760,8.03,p,y,n,f,,,k,15.66,17.69,,,w,,,f,f,,d,a,p,e,0.18479456015607548,7
logistic_artifact_config,5432,5432,6.51,f,,g,f,s,c,g,5.85,18.01,b,,u,,,f,f,,g,a,e,p,0.6825763163185344,5
logistic_artifact_config,29815,29817,3.18,f,d,n,t,d,c,p,3.98,5.19,,,n,,,f,f,,d,u,e,p,0.5994305495784844,5
logistic_artifact_config,33525,33527,14.03,x,h,y,f,s,,p,7.32,17.33,,i,n,,,f,f,,d,u,p,e,0.39448792316916553,5
logistic_artifact_config,15247,15249,10.38,f,y,e,f,,,w,7.37,26.73,b,,n,,w,t,e,,d,w,e,p,0.7698501049569995,5
logistic_artifact_config,28529,28531,14.45,s,t,n,t,d,c,w,5.15,26.43,,,g,,,f,f,,g,u,p,e,0.2082573476815999,5
logistic_artifact_config,55499,55501,15.15,f,,b,f,d,c,y,2.88,16.86,,,w,,,f,f,,d,a,e,p,0.6219525163366506,6
logistic_artifact_config,23132,23134,11.16,x,t,n,f,a,d,w,10.33,29.11,,,w,,,f,f,,d,u,p,e,0.08920232658840799,5
logistic_artifact_config,11109,11110,2.52,x,g,n,f,a,,p,8.58,2.67,,,n,,,f,f,,d,u,p,e,0.44953717494370365,6
logistic_artifact_config,60787,60933,1.39,s,s,y,f,f,f,f,3.29,5.2,,,y,,,f,f,,d,a,p,e,0.2232902740177274,5
logistic_artifact_config,44628,44630,8.62,p,y,w,f,,,k,13.61,16.81,,,w,,,f,f,,d,a,p,e,0.2430977694346606,7
logistic_artifact_config,7893,7893,2.93,f,d,n,f,x,c,w,4.37,3.43,b,s,n,,,f,f,,l,a,p,e,0.3158722465391149,3
logistic_artifact_config,33225,33227,11.34,x,h,y,f,s,,p,7.52,17.01,,i,n,,,f,f,,d,a,p,e,0.38943347520032906,5
logistic_artifact_config,33398,33400,13.83,x,s,w,f,s,,p,7.73,19.22,,i,n,,,f,f,,d,a,p,e,0.23483962546966264,5
logistic_artifact_config,45625,45627,1.29,b,g,w,f,,,g,3.41,1.62,,,w,,,f,f,,d,u,e,p,0.6638898885493456,7
logistic_artifact_config,55739,55741,7.99,f,,b,f,d,c,y,2.55,15.4,,,w,,,f,f,,d,a,e,p,0.7044529978320426,6
logistic_artifact_config,35016,35018,4.0,x,,w,f,x,c,w,8.0,8.41,b,,n,,w,t,,,d,a,e,p,0.6112475930068136,5
logistic_artifact_config,15368,15370,9.31,f,y,e,f,,,w,7.83,25.59,b,,n,,w,t,e,,d,w,e,p,0.7813796330214314,5
logistic_artifact_config,27592,27594,6.27,s,d,n,t,d,c,w,7.68,9.44,,,n,,,f,f,,d,a,p,e,0.4441811616442007,5
logistic_artifact_config,25451,25453,4.57,f,h,e,f,x,d,w,4.31,14.75,b,,w,,,f,f,,d,u,p,e,0.2938092503896556,4
logistic_artifact_config,36334,36336,4.83,x,h,n,f,x,c,n,5.34,5.54,,y,n,,,t,r,,d,a,e,p,0.713053606824252,4
logistic_artifact_config,713,713,11.84,x,,n,f,e,,w,10.85,14.53,,,w,u,w,t,e,,d,u,p,e,0.1496742332445497,5
logistic_artifact_config,7402,7402,3.02,f,s,w,f,d,c,w,2.57,6.95,,,w,,,f,f,,g,a,p,e,0.3961037806346095,5
logistic_artifact_config,28103,28105,6.97,s,h,r,t,d,,w,4.63,12.18,,t,g,,,f,f,,d,a,p,e,0.369198784375417,5
logistic_artifact_config,29659,29661,2.81,f,d,u,t,d,c,p,4.37,6.74,,,n,,,f,f,,d,a,e,p,0.7986639425135845,5
logistic_artifact_config,24249,24251,7.75,f,,e,f,x,c,w,6.98,16.95,,s,w,,,f,f,,d,u,e,p,0.6133889525741961,5
logistic_artifact_config,50427,50429,11.96,x,e,y,t,p,,o,8.05,29.82,,,u,,,f,f,,d,a,p,e,0.2125604125879209,6
logistic_artifact_config,33275,33277,11.83,x,h,y,f,s,,p,6.67,17.3,,i,n,,,f,f,,d,a,p,e,0.37926236863831886,5
logistic_artifact_config,43461,43463,10.18,x,i,n,t,e,,p,9.18,18.33,,y,w,,,t,p,,l,a,e,p,0.7166671840552368,5
logistic_artifact_config,12508,12509,1.59,x,s,y,f,d,,w,7.02,2.23,,t,y,,,f,f,,h,a,e,p,0.5499655436681867,5
logistic_artifact_config,7395,7395,2.47,s,s,w,f,d,c,w,2.84,6.26,,,w,,,f,f,,g,u,p,e,0.33429526575150115,5
logistic_artifact_config,60878,61024,1.35,x,s,y,f,f,f,f,4.68,6.17,,,y,,,f,f,,d,a,p,e,0.2639207167901222,5
logistic_artifact_config,12647,12648,1.42,x,g,y,f,a,,w,6.27,1.82,,t,y,,,f,f,,g,u,e,p,0.6000157643463018,5
logistic_artifact_config,23010,23012,10.86,x,t,n,f,a,d,w,9.74,32.93,,,w,,,f,f,,d,a,p,e,0.07663353853783103,5
logistic_artifact_config,26263,26265,10.13,x,s,r,f,x,,n,6.86,19.27,,,w,,,f,f,,d,a,e,p,0.5196442006792433,6
logistic_artifact_config,23242,23244,11.17,x,t,n,f,a,d,w,12.87,31.38,,,w,,,f,f,,d,a,p,e,0.08006305668177523,5
logistic_artifact_config,26976,26978,10.69,s,,w,t,d,c,y,5.79,23.89,,,w,,,f,f,,d,u,e,p,0.61303234875641,6
logistic_artifact_config,16709,16711,8.36,f,g,n,f,s,,y,10.03,13.54,,i,n,,,f,f,,d,a,e,p,0.7299514377844698,5
logistic_artifact_config,14597,14599,5.09,x,t,o,f,a,d,y,4.44,3.66,,k,o,,,f,f,,d,a,e,p,0.8848311362201272,4
logistic_artifact_config,50347,50349,9.84,x,e,n,t,p,,o,5.3,24.25,,,u,,,f,f,,d,u,p,e,0.13925708620580607,6
logistic_artifact_config,28451,28453,15.33,s,t,n,t,d,c,n,4.68,23.37,,,g,,,f,f,,d,a,p,e,0.22236965158274746,5
logistic_artifact_config,7308,7308,2.57,x,s,w,f,d,c,w,2.49,6.74,,,w,,,f,f,,g,a,p,e,0.3370183582699859,5
logistic_artifact_config,26909,26911,12.23,s,,w,t,d,c,y,5.34,24.85,,,w,,,f,f,,d,a,e,p,0.5504812075077579,6
logistic_artifact_config,12622,12623,1.49,x,g,n,f,d,,w,6.2,1.92,,t,y,,,f,f,,g,u,e,p,0.656526964617359,5
logistic_artifact_config,5435,5435,8.89,f,,n,f,s,c,g,6.6,18.6,b,,u,,,f,f,,g,a,e,p,0.6058816125200392,5
logistic_artifact_config,20577,20579,3.01,x,h,e,f,a,c,e,4.61,6.2,,,e,,,f,f,,g,u,e,p,0.9884819287130652,5
logistic_artifact_config,23673,23675,5.9,x,,b,f,x,,w,5.59,7.28,,,w,,,f,f,,d,a,p,e,0.12627620039303178,7
logistic_artifact_config,2062,2062,6.42,x,,y,f,e,,w,5.55,12.28,b,,y,u,w,t,g,,d,a,e,p,0.6566381987611317,4
logistic_artifact_config,43598,43600,9.24,p,i,n,t,e,,p,8.64,16.99,,y,w,,,t,l,,d,a,e,p,0.7193719131580905,5
logistic_artifact_config,27913,27915,8.78,s,h,n,t,d,,w,4.81,14.01,,t,n,,,f,f,,d,a,p,e,0.21378884214883528,5
logistic_artifact_config,23981,23983,3.87,f,,p,f,x,,w,4.64,6.16,,,w,,,f,f,,d,u,p,e,0.41846422434550523,7
logistic_artifact_config,50316,50318,9.85,x,e,n,t,p,,o,6.89,21.09,,,e,,,f,f,,d,u,p,e,0.23676532104109183,6
logistic_artifact_config,5523,5523,10.2,f,,g,f,s,c,g,7.97,23.91,b,,u,,,f,f,,g,a,e,p,0.6479378614623045,5
logistic_artifact_config,26932,26934,10.65,s,,w,t,d,c,y,6.46,25.97,,,w,,,f,f,,d,u,e,p,0.6163607224424054,6
logistic_artifact_config,23103,23105,10.92,x,t,n,f,a,d,w,11.36,33.8,,,w,,,f,f,,d,u,p,e,0.09166418290431025,5
logistic_artifact_config,11076,11077,2.56,x,g,e,f,a,,p,6.77,2.64,,,w,,,f,f,,d,a,p,e,0.4678086242641217,6
logistic_artifact_config,12503,12504,1.59,x,g,n,f,d,,w,6.36,1.85,,t,y,,,f,f,,d,a,e,p,0.5198342220660421,5
logistic_artifact_config,41861,41863,2.01,b,h,n,f,a,,n,5.14,1.66,,t,n,,,f,f,,h,s,p,e,0.4540680246011799,5
logistic_artifact_config,9365,9365,2.68,b,g,w,f,x,d,w,4.21,3.02,,,y,,,f,f,,g,a,e,p,0.8096853005348897,5
logistic_artifact_config,23065,23067,9.05,x,t,n,f,a,d,w,8.28,22.25,,,w,,,f,f,,d,u,p,e,0.09545929007627393,5
logistic_artifact_config,20630,20632,2.98,x,d,o,f,a,c,e,3.66,6.1,,,e,,,f,f,,g,u,e,p,0.981045550904333,5
logistic_artifact_config,27756,27758,6.15,x,d,n,t,d,c,w,7.17,9.07,,,n,,,f,f,,d,a,p,e,0.4909478289149255,5
logistic_artifact_config,23237,23239,9.53,x,t,n,f,a,d,w,11.79,27.76,,,w,,,f,f,,d,a,p,e,0.08514830844135027,5
logistic_artifact_config,5337,5337,6.28,s,,g,f,s,c,p,5.48,17.05,b,,u,,,f,f,,g,a,e,p,0.5082420663049334,5
logistic_artifact_config,60736,60882,1.38,f,s,y,f,f,f,f,3.74,6.19,,,y,,,f,f,,d,u,p,e,0.35384019980975884,5
logistic_artifact_config,36220,36222,4.61,x,h,n,f,x,c,w,5.11,5.13,,y,n,,,t,r,,d,u,e,p,0.5940666455514868,4
logistic_artifact_config,6001,6001,5.72,x,,n,f,d,c,w,5.82,10.65,b,,n,,,f,f,,l,w,p,e,0.34339117826052884,5
logistic_artifact_config,12475,12476,1.59,x,s,y,f,d,,w,6.02,2.34,,t,y,,,f,f,,g,u,e,p,0.7206640507725504,5
logistic_artifact_config,30937,30939,8.72,s,,y,t,d,,o,5.61,13.52,,,w,,,t,f,,d,a,p,e,0.44824041515499635,7
logistic_artifact_config,30784,30786,8.96,s,,y,t,d,,o,4.6,12.48,,,w,,,t,f,,d,a,p,e,0.44031256805251434,7
logistic_artifact_config,20733,20735,4.04,x,h,e,f,a,c,e,4.24,6.45,,,o,,,f,f,,m,a,e,p,0.7540431194716325,5
logistic_artifact_config,20537,20539,3.81,x,s,p,f,a,c,o,4.21,6.16,,,e,,,f,f,,g,w,e,p,0.7190162303105293,5
logistic_artifact_config,26894,26896,12.06,s,,w,t,d,c,y,5.7,24.88,,,w,,,f,f,,d,u,e,p,0.5952150902060684,6
logistic_artifact_config,40509,40511,5.93,x,s,n,f,s,,g,5.0,6.55,,y,n,,,f,f,,d,w,p,e,0.2784538512165616,5
logistic_artifact_config,14528,14530,3.82,f,h,n,f,a,d,y,7.76,6.62,,k,n,,,f,f,,d,a,e,p,0.8853251212832655,4
logistic_artifact_config,36066,36068,6.07,x,h,n,f,x,c,n,5.05,6.89,,y,n,,,t,r,,d,a,e,p,0.6981120200351124,4
logistic_artifact_config,58546,58692,17.64,f,s,n,f,p,,y,5.02,37.67,,,n,,,f,f,,d,a,p,e,0.039271242092426974,6
logistic_artifact_config,7415,7415,4.71,f,l,y,f,x,d,n,5.77,4.86,,,n,,,f,f,,l,a,p,e,0.48021113815189936,5
logistic_artifact_config,7368,7368,2.59,x,s,g,f,d,c,w,2.77,7.07,,,w,,,f,f,,g,a,p,e,0.29586945748452764,5
logistic_artifact_config,23964,23966,4.77,f,,y,f,x,,w,4.82,7.21,,,w,,,f,f,,d,u,p,e,0.35131248033589485,7
logistic_artifact_config,50601,50603,3.56,x,k,n,f,p,,n,4.05,9.79,,,y,,,f,f,,d,a,e,p,0.7396474184093388,6
logistic_artifact_config,43239,43241,6.47,x,y,w,t,,,p,7.59,13.6,s,,w,,,t,l,,d,u,p,e,0.45976916455070715,6
logistic_artifact_config,47677,47679,3.91,b,h,n,f,,,k,9.08,4.91,,,w,,,t,,k,g,w,p,e,0.45401580255660967,7
logistic_artifact_config,22949,22951,11.78,x,t,n,f,a,d,w,13.83,34.32,,,w,,,f,f,,d,u,p,e,0.09199015198926111,5
logistic_artifact_config,835,835,12.89,f,,g,f,e,,w,11.34,15.75,,,w,u,w,t,e,,d,a,p,e,0.19030644135617047,5
logistic_artifact_config,27793,27795,6.04,x,d,n,t,d,c,w,6.58,9.69,,,n,,,f,f,,d,a,p,e,0.489329634108751,5
logistic_artifact_config,21974,21976,3.44,x,,y,f,a,c,y,3.69,8.36,,,w,,,f,f,,d,u,e,p,0.7051399871113461,6
logistic_artifact_config,744,744,12.16,f,,n,f,e,,w,11.03,15.01,,,w,u,w,t,e,,d,a,p,e,0.16240301081596567,5
logistic_artifact_config,711,711,11.99,x,,g,f,e,,w,11.2,14.27,,,w,u,w,t,e,,d,a,p,e,0.15715424612479725,5
logistic_artifact_config,50421,50423,12.0,x,e,n,t,p,,o,9.18,30.77,,,u,,,f,f,,d,a,p,e,0.11622065003832592,6
logistic_artifact_config,23862,23864,3.33,x,,y,f,x,,w,4.04,5.78,,,w,,,f,f,,d,a,p,e,0.26970677996136677,7
logistic_artifact_config,23650,23652,4.57,x,,b,f,x,,w,5.53,6.89,,,w,,,f,f,,d,u,p,e,0.15466286329831935,7
logistic_artifact_config,27129,27131,11.58,s,,w,t,d,c,y,6.0,25.61,,,w,,,f,f,,d,a,e,p,0.5620442042213581,6
logistic_artifact_config,7355,7355,2.63,f,s,g,f,d,c,w,2.8,7.2,,,w,,,f,f,,g,u,p,e,0.3953853133174733,5
logistic_artifact_config,26244,26246,11.13,f,s,r,f,x,,n,6.2,20.92,,,p,,,f,f,,d,w,e,p,0.9506944962722984,6
logistic_artifact_config,20474,20476,3.52,x,s,e,f,a,c,o,4.41,6.0,,,o,,,f,f,,g,a,e,p,0.5804580901218561,5
logistic_artifact_config,36082,36084,5.58,x,h,n,f,x,c,n,5.82,6.82,,y,n,,,t,r,,d,a,e,p,0.7067292883236529,4
logistic_artifact_config,40411,40413,8.01,x,s,n,f,s,,g,6.45,8.35,,y,n,,,f,f,,d,w,p,e,0.2623683423324343,5
logistic_artifact_config,20529,20531,4.01,x,s,e,f,a,c,e,5.39,7.2,,,e,,,f,f,,g,u,e,p,0.9841793556991192,5
logistic_artifact_config,44568,44570,8.23,p,y,w,f,,,k,14.94,17.16,,,w,,,f,f,,d,a,p,e,0.251829687546647,7
logistic_artifact_config,50579,50581,3.93,x,k,n,f,p,,e,4.44,10.8,,,y,,,f,f,,d,a,e,p,0.8219313526532714,6
logistic_artifact_config,43404,43406,7.57,x,y,w,t,,,w,8.34,14.38,s,,w,,,t,l,,d,a,p,e,0.4324420675596859,6
logistic_artifact_config,1870,1870,5.97,x,,w,f,e,,w,5.92,12.76,b,,y,u,w,t,g,,d,a,e,p,0.5890240644757466,4
logistic_artifact_config,25583,25585,7.78,x,h,e,f,x,d,w,6.87,17.07,b,,w,,,f,f,,d,u,p,e,0.21872488038131804,4
logistic_artifact_config,23284,23286,12.74,x,t,n,f,a,d,w,11.43,32.89,,,w,,,f,f,,d,u,p,e,0.08416201991740042,5
logistic_artifact_config,5334,5334,9.76,f,,n,f,s,c,g,7.52,19.89,b,,u,,,f,f,,d,a,e,p,0.5005436642748021,5
logistic_artifact_config,58727,58873,17.08,x,d,e,f,p,,y,5.38,39.93,,,n,,,f,f,,d,w,p,e,0.08504807657810104,6
logistic_artifact_config,11273,11274,2.65,x,g,n,f,a,,w,6.76,2.35,,,w,,,f,f,,d,u,p,e,0.14167898659327358,6
logistic_artifact_config,23036,23038,11.79,x,t,n,f,a,d,w,9.57,29.24,,,w,,,f,f,,d,u,p,e,0.085345228654854,5
logistic_artifact_config,8046,8046,2.82,f,d,n,f,x,c,w,3.63,2.8,b,s,n,,,f,f,,d,a,p,e,0.4099774762078371,3
logistic_artifact_config,29786,29788,3.49,s,d,p,t,d,c,p,4.53,5.99,,,n,,,f,f,,d,u,e,p,0.7124466383917207,5
logistic_artifact_config,6065,6065,4.5,x,,n,f,d,c,w,4.75,9.71,b,,n,,,f,f,,l,w,p,e,0.3532315835635245,5
logistic_artifact_config,8361,8361,3.34,x,,w,f,x,c,p,8.59,4.46,,,n,,,f,f,,l,a,p,e,0.47870405898481094,6
logistic_artifact_config,30419,30421,8.06,s,t,o,t,d,c,o,6.08,18.71,,,w,,,f,f,,d,a,e,p,0.5781517564964684,5
logistic_artifact_config,26975,26977,13.23,s,,w,t,d,c,y,6.62,25.89,,,w,,,f,f,,d,a,e,p,0.5436288764491362,6
logistic_artifact_config,11832,11833,1.01,c,g,e,t,a,,w,6.13,1.0,,,n,,,f,f,,d,a,e,p,0.868346888740825,6
logistic_artifact_config,11162,11163,2.39,x,g,e,f,a,,w,6.74,2.41,,,w,,,f,f,,d,a,p,e,0.4947753350638874,6
logistic_artifact_config,29771,29773,4.16,s,d,p,t,d,c,p,5.31,6.86,,,n,,,f,f,,d,u,e,p,0.7082894989574324,5
logistic_artifact_config,14732,14734,4.91,f,h,o,f,a,d,y,6.28,5.83,,k,n,,,f,f,,d,w,e,p,0.8744078838704922,4
logistic_artifact_config,11094,11095,2.31,x,g,e,f,a,,w,6.42,2.39,,,w,,,f,f,,d,a,p,e,0.49422761299394996,6
logistic_artifact_config,44791,44793,8.14,b,y,w,f,,,p,15.81,17.44,,,w,,,f,f,,d,a,p,e,0.41703689039505365,7
logistic_artifact_config,45362,45364,2.74,b,y,n,f,,c,k,5.42,2.73,,,w,,,f,f,,d,a,e,p,0.5825620878619548,6
logistic_artifact_config,60907,61053,1.31,x,s,y,f,f,f,f,4.0,5.94,,,y,,,f,f,,d,a,p,e,0.26172046633135365,5
logistic_artifact_config,58600,58746,20.87,f,d,k,f,p,,y,4.87,33.64,,,n,,,f,f,,d,w,p,e,0.07353251003709292,6
logistic_artifact_config,41863,41865,1.55,b,h,n,f,a,,n,4.53,1.52,,t,n,,,f,f,,h,s,p,e,0.45705852336292024,5
logistic_artifact_config,45565,45567,0.57,b,g,g,f,,,g,2.34,1.24,,,w,,,f,f,,d,u,e,p,0.623069115586905,7
logistic_artifact_config,26467,26469,11.13,f,s,r,f,x,,n,7.23,22.13,,,w,,,f,f,,d,a,e,p,0.5765261436537373,6
logistic_artifact_config,26413,26415,12.41,s,s,u,f,x,,n,6.87,24.17,,,n,,,f,f,,d,a,e,p,0.5234427095046288,6
logistic_artifact_config,60909,61055,1.27,f,s,y,f,f,f,f,2.76,5.15,,,y,,,f,f,,d,u,p,e,0.35084761561943256,5
logistic_artifact_config,26472,26474,9.54,s,s,r,f,x,,n,6.17,23.27,,,n,,,f,f,,d,u,e,p,0.8485813261769696,6
logistic_artifact_config,39368,39370,5.59,c,e,w,t,x,c,p,5.04,12.26,,,w,,,f,f,,d,u,p,e,0.43998300260897466,5
logistic_artifact_config,23721,23723,3.83,x,,b,f,x,,w,3.51,5.9,,,w,,,f,f,,d,u,p,e,0.15454921880914366,7
logistic_artifact_config,28309,28311,13.4,s,t,n,t,d,c,w,5.47,28.64,,,n,,,f,f,,d,a,p,e,0.4813246350254778,5
logistic_artifact_config,26126,26128,10.64,f,s,y,f,x,,n,8.19,21.9,,,n,,,f,f,,d,u,e,p,0.6163189090432891,6
logistic_artifact_config,22038,22040,3.04,x,,y,f,a,c,y,4.21,7.97,,,w,,,f,f,,d,a,e,p,0.6762924413569995,6
logistic_artifact_config,23227,23229,11.3,x,t,n,f,a,d,w,11.98,34.88,,,w,,,f,f,,d,a,p,e,0.07808711406780584,5
logistic_artifact_config,7186,7186,2.81,x,s,w,f,d,c,w,2.53,6.75,,,w,,,f,f,,g,a,p,e,0.33438240664035596,5
logistic_artifact_config,44533,44535,7.84,b,y,w,f,,,p,15.08,16.98,,,w,,,f,f,,d,a,p,e,0.4173943512564921,7
logistic_artifact_config,7277,7277,3.0,f,s,g,f,d,c,w,3.37,8.69,,,w,,,f,f,,g,a,p,e,0.35419735984319156,5
logistic_artifact_config,9346,9346,3.46,b,g,w,f,x,d,w,4.35,2.89,,,y,,,f,f,,g,u,e,p,0.8287356376939424,5
logistic_artifact_config,44793,44795,7.28,p,y,n,f,,,k,11.18,16.9,,,w,,,f,f,,d,a,p,e,0.17741529765718958,7
logistic_artifact_config,22962,22964,10.63,x,t,n,f,a,d,w,10.58,28.54,,,w,,,f,f,,d,a,p,e,0.07893014236489089,5
logistic_artifact_config,45228,45230,2.95,b,y,n,f,,c,n,7.31,3.28,,,w,,,f,f,,d,u,e,p,0.5811767991574437,6
logistic_artifact_config,39399,39401,4.66,c,e,y,t,x,c,p,5.2,11.7,,,w,,,f,f,,d,a,p,e,0.4908920694741647,5
logistic_artifact_config,20687,20689,4.55,x,h,e,f,a,c,e,5.12,7.35,,,o,,,f,f,,g,u,e,p,0.8149264825264468,5
logistic_artifact_config,9716,9716,1.15,x,g,w,f,a,d,w,2.72,1.49,,,n,,,f,f,,l,a,p,e,0.26319285365294665,5
logistic_artifact_config,47739,47741,2.9,b,h,n,f,,,k,9.0,6.04,,,w,,,t,,k,g,w,p,e,0.4666062819910055,7
logistic_artifact_config,27345,27347,20.55,s,k,w,t,d,d,w,7.52,30.81,,,w,,,f,f,,d,w,p,e,0.4362790425598431,5
logistic_artifact_config,11808,11809,0.73,c,g,e,t,a,,w,5.64,0.89,,,n,,,f,f,,d,a,e,p,0.8689150562688917,6
logistic_artifact_config,58575,58721,17.09,f,g,o,f,p,,y,5.51,43.33,,,n,,,f,f,,d,w,p,e,0.06011551238976233,6
logistic_artifact_config,33250,33252,13.26,x,h,n,f,s,,p,7.71,17.63,,i,n,,,f,f,,d,a,p,e,0.21648662405161734,5
logistic_artifact_config,864,864,13.73,x,,n,f,e,,w,11.47,17.54,,,w,u,w,t,e,,d,a,p,e,0.11993653556108205,5
logistic_artifact_config,15338,15340,9.94,f,y,n,f,,,w,6.59,24.89,b,,n,,w,t,e,,d,a,e,p,0.6435661128154568,5
logistic_artifact_config,23761,23763,3.97,x,,y,f,x,,w,4.99,6.79,,,w,,,f,f,,d,u,p,e,0.30056547549742657,7
logistic_artifact_config,24332,24334,6.65,x,,e,f,x,c,w,7.5,18.6,,s,w,,,f,f,,d,u,e,p,0.5625614543884981,5
logistic_artifact_config,35165,35167,4.23,x,,w,f,x,c,n,7.79,8.25,b,,n,,w,t,,,d,a,e,p,0.7576627795399857,5
logistic_artifact_config,6178,6178,4.65,x,,g,f,d,c,w,4.69,8.46,b,,n,,,f,f,,l,w,p,e,0.40421120576341074,5
logistic_artifact_config,26658,26660,6.94,f,,y,f,x,c,n,6.73,10.43,,,w,,,f,f,,d,a,p,e,0.4614164714319946,6
logistic_artifact_config,40549,40551,8.2,x,s,n,f,s,,n,5.63,8.37,,y,n,,,f,f,,d,w,p,e,0.3713713682606988,5
logistic_artifact_config,11669,11670,1.1,x,g,e,t,a,,p,6.11,1.02,,,n,,,f,f,,h,u,e,p,0.7348720041705226,6
logistic_artifact_config,28366,28368,15.51,x,t,n,t,d,c,w,4.99,24.33,,,n,,,f,f,,d,a,p,e,0.4998597560690188,5
logistic_artifact_config,12524,12525,1.51,x,g,y,f,d,,w,5.68,1.74,,t,y,,,f,f,,d,a,e,p,0.6919086794531295,5
logistic_artifact_config,28586,28588,14.44,x,t,g,t,d,c,b,4.9,23.88,,,n,,,f,f,,l,a,p,e,0.26196588544204735,5
logistic_artifact_config,3844,3844,2.94,f,y,n,f,e,c,n,3.75,3.24,,k,w,,,t,e,,d,a,p,e,0.4749002166395704,4
logistic_artifact_config,45395,45397,2.89,b,y,n,f,,c,k,7.1,3.33,,,w,,,f,f,,d,u,e,p,0.6284262372440289,6
logistic_artifact_config,11978,11979,1.13,x,g,e,t,a,,p,4.9,0.93,,,n,,,f,f,,d,a,e,p,0.7364826220912708,6
logistic_artifact_config,7657,7657,3.46,f,l,n,f,x,d,e,5.09,4.85,,,y,,,f,f,,l,u,p,e,0.49685543177869446,5
logistic_artifact_config,6857,6857,5.06,x,,w,f,d,,r,4.92,6.94,,,r,,,f,f,,l,u,e,p,0.8098385673880572,7
logistic_artifact_config,20820,20822,4.06,x,h,o,f,a,c,e,5.24,7.21,,,e,,,f,f,,g,w,e,p,0.9081337089906589,5
logistic_artifact_config,19668,19670,2.29,x,s,o,f,a,,o,2.9,5.05,,,o,,,f,f,,h,a,p,e,0.29252707761549385,6
logistic_artifact_config,23463,23465,2.91,f,,u,f,a,,w,3.64,5.61,,,w,,,f,f,,d,a,p,e,0.48405688377073475,7
logistic_artifact_config,19652,19654,2.0,f,s,o,f,a,,o,3.17,5.8,,,o,,,f,f,,m,a,p,e,0.4525260192830072,6
logistic_artifact_config,23038,23040,9.76,x,t,n,f,a,d,w,11.92,30.61,,,w,,,f,f,,d,a,p,e,0.08425678695349467,5
logistic_artifact_config,20509,20511,3.39,x,d,o,f,a,c,o,4.86,6.86,,,e,,,f,f,,g,a,e,p,0.9540906781715034,5
logistic_artifact_config,1904,1904,5.03,x,,w,f,e,,w,5.62,12.24,b,,y,u,w,t,g,,d,a,e,p,0.5995755160447442,4
logistic_artifact_config,20710,20712,3.16,x,h,e,f,a,c,e,4.71,6.81,,,e,,,f,f,,m,u,e,p,0.9858096644341461,5
logistic_artifact_config,7242,7242,2.46,s,s,g,f,d,c,w,2.07,5.82,,,w,,,f,f,,g,a,p,e,0.2563559458184857,5
logistic_artifact_config,16677,16679,8.6,f,s,o,f,s,,n,9.24,12.99,,i,n,,,f,f,,d,a,e,p,0.7465693911671862,5
logistic_artifact_config,60836,60982,1.16,x,s,y,f,f,f,f,2.72,4.6,,,y,,,f,f,,d,u,p,e,0.291723526025628,5
logistic_artifact_config,767,767,10.88,x,,n,f,e,,w,10.78,12.34,,,w,u,w,t,g,,d,a,p,e,0.12295434540159511,5
logistic_artifact_config,27995,27997,6.96,s,t,n,t,d,,g,4.43,12.22,,t,g,,,f,f,,d,u,p,e,0.12927566038144914,5
logistic_artifact_config,45467,45469,3.32,b,y,n,f,,c,n,6.21,3.11,,,w,,,f,f,,d,u,e,p,0.5710764926024525,6
logistic_artifact_config,45491,45493,2.74,b,y,n,f,,c,k,5.66,2.63,,,w,,,f,f,,d,a,e,p,0.5837479179140657,6
logistic_artifact_config,49332,49334,6.4,x,d,e,t,p,,y,5.38,11.65,,,e,,,f,f,,d,u,e,p,0.6028928887102177,6
logistic_artifact_config,60638,60784,1.44,f,s,y,f,f,f,f,4.27,6.87,,,y,,,f,f,,d,u,p,e,0.35543825657412276,5
logistic_artifact_config,50764,50766,3.22,x,k,n,f,p,,n,4.03,9.95,,,y,,,f,f,,d,a,e,p,0.7429758327398058,6
logistic_artifact_config,22100,22102,3.67,x,,y,f,a,c,y,3.46,7.92,,,w,,,f,f,,d,a,e,p,0.6656741450468318,6
logistic_artifact_config,876,876,12.38,f,,g,f,e,,w,10.92,15.66,,,w,u,w,t,g,,d,a,p,e,0.1764003037005434,5
logistic_artifact_config,964,964,12.98,f,,g,f,e,,w,10.94,15.94,,,w,u,w,t,g,,d,u,p,e,0.19695501613684338,5
logistic_artifact_config,25559,25561,8.19,x,t,e,f,x,d,w,5.87,17.73,b,,w,,,f,f,,d,u,p,e,0.3591573864588025,4
logistic_artifact_config,23861,23863,4.62,x,,y,f,x,,w,5.27,6.82,,,w,,,f,f,,d,a,p,e,0.2611481861297265,7
logistic_artifact_config,60917,61063,1.42,x,s,y,f,f,f,f,4.88,5.8,,,y,,,f,f,,d,a,p,e,0.26403509365115113,5
logistic_artifact_config,33224,33226,10.84,x,h,w,f,s,,p,8.81,18.5,,i,n,,,f,f,,d,a,p,e,0.3278848160973197,5
logistic_artifact_config,60807,60953,1.33,x,s,y,f,f,f,f,4.1,6.09,,,y,,,f,f,,d,a,p,e,0.26188394870676596,5
logistic_artifact_config,7737,7737,4.25,f,l,y,f,x,d,n,6.02,4.95,,,n,,,f,f,,l,a,p,e,0.4874838477665334,5
logistic_artifact_config,5361,5361,9.9,f,,n,f,s,c,p,7.89,19.57,b,,u,,,f,f,,g,a,e,p,0.5331531719251825,5
logistic_artifact_config,6791,6791,4.58,x,,w,f,d,,r,6.2,7.02,,,r,,,f,f,,l,u,e,p,0.8175407683232427,7
logistic_artifact_config,16714,16716,8.82,f,h,o,f,s,,n,9.64,13.62,,i,n,,,f,f,,d,a,e,p,0.795844376273342,5
logistic_artifact_config,50645,50647,3.13,x,k,n,f,p,,n,4.04,8.28,,,n,,,f,f,,d,a,e,p,0.7268263591984527,6
logistic_artifact_config,20508,20510,2.39,x,h,e,f,a,c,e,4.41,6.53,,,e,,,f,f,,m,a,e,p,0.9838369934104985,5
logistic_artifact_config,23679,23681,3.79,x,,p,f,x,,w,5.15,6.17,,,w,,,f,f,,d,u,p,e,0.3562336652911326,7
logistic_artifact_config,9420,9420,3.68,b,g,w,f,x,d,w,5.09,3.16,,,y,,,f,f,,g,a,e,p,0.8042285506154956,5
logistic_artifact_config,29697,29699,3.97,f,d,n,t,d,c,p,5.63,7.65,,,n,,,f,f,,d,a,e,p,0.5562748216674404,5
logistic_artifact_config,24230,24232,7.03,x,,e,f,x,c,w,7.66,19.24,,s,w,,,f,f,,d,u,e,p,0.5583193569298608,5
logistic_artifact_config,28294,28296,13.86,f,t,n,t,d,c,b,5.12,25.06,,,n,,,f,f,,g,a,p,e,0.4668583342519439,5
logistic_artifact_config,23708,23710,4.15,x,,y,f,x,,w,6.17,6.88,,,w,,,f,f,,d,a,p,e,0.26946859811787593,7
logistic_artifact_config,16672,16674,5.9,f,t,n,f,s,,y,8.39,13.4,,i,o,,,f,f,,d,a,e,p,0.514173978784351,5
logistic_artifact_config,25675,25677,7.76,f,h,e,f,x,d,w,5.23,17.5,b,,w,,,f,f,,d,u,p,e,0.26344574265134085,4
logistic_artifact_config,22012,22014,4.58,x,,y,f,a,c,y,3.45,8.27,,,w,,,f,f,,d,a,e,p,0.6548454581606792,6
logistic_artifact_config,44511,44513,8.31,p,y,n,f,,,p,15.23,18.43,,,w,,,f,f,,d,a,p,e,0.07515448284223562,7
logistic_artifact_config,5649,5649,13.96,s,e,g,f,d,c,w,8.55,23.66,s,,w,,,f,f,,d,a,e,p,0.7617595123653137,4
logistic_artifact_config,16884,16886,8.42,f,h,o,f,s,,y,8.39,11.31,,i,n,,,f,f,,d,a,e,p,0.8914722508761037,5
logistic_artifact_config,23824,23826,4.81,x,,p,f,x,,w,5.94,7.12,,,w,,,f,f,,d,a,p,e,0.31066050402731243,7
logistic_artifact_config,45350,45352,2.95,b,y,n,f,,c,n,5.89,3.09,,,w,,,f,f,,d,a,e,p,0.5330689554084683,6
logistic_artifact_config,23142,23144,10.54,x,t,n,f,a,d,w,11.39,31.89,,,w,,,f,f,,d,u,p,e,0.09350602434147579,5
logistic_artifact_config,37361,37363,3.68,x,y,l,f,s,c,u,5.73,7.82,,y,l,,,t,e,k,d,a,p,e,0.15165347100507431,3
logistic_artifact_config,41768,41770,1.52,b,h,n,f,a,,n,5.0,1.55,,t,n,,,f,f,,h,s,p,e,0.45978214571272846,5
logistic_artifact_config,20580,20582,3.75,x,s,o,f,a,c,o,4.58,6.77,,,e,,,f,f,,g,w,e,p,0.7794920324341391,5
logistic_artifact_config,7250,7250,3.18,s,s,w,f,d,c,w,3.0,7.04,,,w,,,f,f,,g,a,p,e,0.2910454516294656,5
logistic_artifact_config,19532,19534,1.86,f,s,o,f,a,,o,2.65,5.02,,,o,,,f,f,,h,a,p,e,0.3569913895410995,6
logistic_artifact_config,20611,20613,3.62,x,h,e,f,a,c,o,4.1,5.49,,,e,,,f,f,,g,a,e,p,0.9705747958414928,5
logistic_artifact_config,58538,58684,26.73,f,d,o,f,p,,y,5.98,44.26,,,n,,,f,f,,d,w,p,e,0.037717749301845335,6
logistic_artifact_config,9251,9251,4.02,b,g,n,f,x,d,w,5.03,3.58,,,y,,,f,f,,g,a,e,p,0.7258541249355902,5
logistic_artifact_config,22164,22166,4.63,x,,y,f,a,c,y,5.12,9.44,,,w,,,f,f,,d,u,e,p,0.6978817164028753,6
logistic_artifact_config,9188,9188,4.12,b,g,w,f,x,d,w,5.53,3.52,,,y,,,f,f,,g,a,e,p,0.8019248889348638,5
logistic_artifact_config,33386,33388,8.96,x,h,g,f,s,,p,6.62,16.69,,i,n,,,f,f,,d,a,p,e,0.2981120787538897,5
logistic_artifact_config,28067,28069,8.05,s,h,r,t,d,,g,4.47,12.05,,t,g,,,f,f,,d,u,p,e,0.43561959485566115,5
logistic_artifact_config,12536,12537,1.53,x,t,y,f,a,,w,5.85,2.22,,t,y,,,f,f,,d,a,e,p,0.6022566782368414,5
logistic_artifact_config,51569,51571,14.85,x,d,e,f,p,,n,17.65,36.5,s,y,w,,,f,f,,d,u,e,p,0.5950122678305451,4
logistic_artifact_config,7873,7873,3.33,f,d,n,f,x,c,w,5.22,3.36,b,s,n,,,f,f,,l,a,p,e,0.3150197887381407,3
logistic_artifact_config,47957,47959,3.38,b,h,n,f,,,k,8.2,4.41,,,w,,,t,,k,g,w,p,e,0.4566402905104772,7
logistic_artifact_config,1011,1011,12.79,f,,g,f,e,,w,11.0,15.78,,,w,u,w,t,e,,d,u,p,e,0.21707914257781943,5
logistic_artifact_config,9625,9625,1.04,x,g,w,f,a,d,w,2.88,1.33,,,n,,,f,f,,d,a,p,e,0.35365884635731903,5
logistic_artifact_config,26994,26996,12.69,s,,w,t,d,c,y,6.95,25.72,,,w,,,f,f,,d,a,e,p,0.5523260358808832,6
logistic_artifact_config,3792,3792,3.4,f,y,w,f,e,c,w,4.67,3.65,,k,w,,,t,e,,d,u,p,e,0.44439380251089544,4
logistic_artifact_config,15501,15503,7.15,f,y,e,f,,,w,6.37,22.73,b,,n,,w,t,e,,d,a,e,p,0.9351576879666524,5
logistic_artifact_config,43269,43271,6.52,x,y,w,t,,,g,7.79,12.92,s,,w,,,t,l,,d,a,p,e,0.48576777701951535,6
logistic_artifact_config,58514,58660,21.51,x,d,o,f,p,,y,3.94,34.43,,,n,,,f,f,,d,a,p,e,0.12270242268645867,6
logistic_artifact_config,33397,33399,10.67,x,h,w,f,s,,p,7.87,16.73,,i,n,,,f,f,,d,u,p,e,0.3636437315286923,5
logistic_artifact_config,26272,26274,11.76,x,s,n,f,x,,n,6.08,21.79,,,p,,,f,f,,d,a,e,p,0.8196157470061957,6
logistic_artifact_config,30644,30646,7.62,s,t,o,t,d,c,o,5.69,16.33,,,w,,,f,f,,d,u,e,p,0.6222275542762842,5
logistic_artifact_config,14573,14575,4.12,f,t,o,f,a,d,y,5.11,4.92,,k,o,,,f,f,,d,a,e,p,0.9152578218206855,4
logistic_artifact_config,9201,9201,3.64,b,g,n,f,x,d,w,4.33,3.22,,,y,,,f,f,,g,u,e,p,0.7589113817117632,5
logistic_artifact_config,58651,58797,16.32,x,d,o,f,p,,y,4.97,41.8,,,n,,,f,f,,d,w,p,e,0.047989033579559345,6
logistic_artifact_config,44767,44769,7.72,b,y,n,f,,,p,16.12,16.89,,,w,,,f,f,,d,a,p,e,0.3260394287579038,7
logistic_artifact_config,33396,33398,11.89,x,s,n,f,s,,p,7.1,16.58,,i,n,,,f,f,,d,u,p,e,0.20701363816707918,5
logistic_artifact_config,5798,5798,12.79,x,e,n,f,a,c,w,8.07,27.47,s,,w,,,f,f,,d,a,e,p,0.5477462849821839,4
logistic_artifact_config,27284,27286,15.81,s,k,w,t,d,d,w,5.7,27.89,,,w,,,f,f,,d,w,p,e,0.48961724478726165,5
logistic_artifact_config,15225,15227,9.9,f,y,y,f,,,w,6.0,25.24,b,,n,,w,t,e,,d,a,e,p,0.7891701335804793,5
logistic_artifact_config,3686,3686,3.4,f,y,w,f,e,c,w,4.59,3.63,,k,w,,,t,e,,d,u,p,e,0.4440016536083043,4
logistic_artifact_config,7419,7419,4.92,f,l,n,f,x,d,n,6.11,5.06,,,y,,,f,f,,l,u,p,e,0.36199127610118886,5
logistic_artifact_config,9867,9868,1.13,x,g,w,f,a,d,w,3.1,1.6,,,n,,,f,f,,l,a,p,e,0.2648611355351369,5
logistic_artifact_config,30000,30002,3.39,f,d,p,t,d,c,p,4.66,5.96,,,n,,,f,f,,d,a,e,p,0.7715488355878103,5
logistic_artifact_config,33332,33334,12.44,x,h,y,f,s,,p,8.62,17.53,,i,n,,,f,f,,d,a,p,e,0.3808733531091813,5
logistic_artifact_config,25551,25553,8.05,f,h,e,f,x,d,w,6.67,18.13,b,,w,,,f,f,,d,a,p,e,0.23472791729713116,4
logistic_artifact_config,24041,24043,8.64,f,,e,f,x,c,w,6.71,17.66,,s,w,,,f,f,,d,a,e,p,0.5602224517395845,5
logistic_artifact_config,16652,16654,7.43,f,g,o,f,s,,y,10.17,13.86,,t,n,,,f,f,,d,a,e,p,0.6850776222115165,5
logistic_artifact_config,44629,44631,7.08,p,y,w,f,,,p,13.58,17.32,,,w,,,f,f,,d,a,p,e,0.11326440376937975,7
logistic_artifact_config,22467,22469,5.79,x,t,y,t,x,c,y,8.29,16.42,,,w,,,f,f,,d,u,e,p,0.508182731646294,5
logistic_artifact_config,39276,39278,5.18,c,e,w,t,x,c,p,3.38,11.11,,,w,,,f,f,,g,s,p,e,0.1969553911728495,5
logistic_artifact_config,50457,50459,11.81,x,e,n,t,p,,o,8.83,28.09,,,u,,,f,f,,d,u,p,e,0.13505072755145667,6
logistic_artifact_config,23817,23819,4.66,x,,b,f,x,,w,5.81,6.73,,,w,,,f,f,,d,a,p,e,0.13419998283167597,7
logistic_artifact_config,7125,7125,2.55,s,s,w,f,d,c,w,2.76,7.6,,,w,,,f,f,,g,a,p,e,0.2968375863115125,5
logistic_artifact_config,25587,25589,7.94,f,h,e,f,x,d,w,6.85,18.46,b,,w,,,f,f,,d,u,p,e,0.2677979177109906,4
logistic_artifact_config,9308,9308,4.16,b,g,n,f,x,d,w,5.59,3.73,,,y,,,f,f,,g,u,e,p,0.7584624748548475,5
logistic_artifact_config,4469,4469,3.66,f,y,n,f,d,d,p,6.45,2.89,,i,n,,,f,f,,l,a,e,p,0.507228048011967,4
logistic_artifact_config,45582,45584,1.21,b,g,g,f,,,g,3.03,1.59,,,w,,,f,f,,d,a,e,p,0.5782771959504611,7
logistic_artifact_config,27143,27145,13.86,s,,w,t,d,c,y,7.22,29.28,,,w,,,f,f,,d,a,e,p,0.5377953029577694,6
logistic_artifact_config,28157,28159,7.27,s,t,g,t,d,,g,4.63,13.68,,t,n,,,f,f,,d,a,p,e,0.47620768733162544,5
logistic_artifact_config,58661,58807,15.84,x,s,k,f,p,,y,5.13,42.32,,,n,,,f,f,,d,a,p,e,0.15752687688705358,6
logistic_artifact_config,15188,15190,7.03,x,y,n,f,,,w,5.22,24.01,b,,n,,w,t,e,,d,a,e,p,0.6082405173451533,5
logistic_artifact_config,58496,58642,24.97,f,d,k,f,p,,y,6.24,44.46,,,n,,,f,f,,d,w,p,e,0.06126339467297349,6
logistic_artifact_config,58570,58716,19.26,x,s,o,f,p,,y,5.1,39.93,,,n,,,f,f,,d,w,p,e,0.027215087838647088,6
logistic_artifact_config,44702,44704,8.65,p,y,n,f,,,k,14.1,17.47,,,w,,,f,f,,d,a,p,e,0.1753932391780705,7
logistic_artifact_config,51359,51361,3.63,x,t,o,f,p,,n,5.69,10.55,,,e,,,f,f,,d,u,e,p,0.5743563021778226,6
logistic_artifact_config,14705,14707,3.87,f,h,o,f,a,d,w,4.55,4.18,,k,n,,,f,f,,d,a,e,p,0.860463903508315,4
logistic_artifact_config,30564,30566,8.3,s,t,p,t,d,c,o,6.86,17.38,,,w,,,f,f,,d,u,e,p,0.5431375222811844,5
logistic_artifact_config,9516,9516,3.62,b,g,w,f,x,d,w,4.15,2.99,,,y,,,f,f,,g,u,e,p,0.8269561033473735,5
logistic_artifact_config,40369,40371,6.3,x,s,n,f,s,,g,5.45,7.1,,y,n,,,f,f,,d,w,p,e,0.2762847919675182,5
logistic_artifact_config,29860,29862,4.15,s,d,u,t,d,c,p,5.32,6.93,,,n,,,f,f,,d,u,e,p,0.7358541742275432,5
logistic_artifact_config,720,720,12.37,x,,g,f,e,,w,11.17,16.87,,,w,u,w,t,g,,d,u,p,e,0.16158176730270785,5
logistic_artifact_config,16869,16871,7.18,f,t,o,f,s,,y,8.94,13.37,,t,n,,,f,f,,d,a,e,p,0.7951662240323094,5
logistic_artifact_config,31041,31043,10.35,s,,y,t,d,,o,6.39,13.97,,,w,,,t,f,,d,u,p,e,0.4721981685988854,7
logistic_artifact_config,7078,7078,3.48,x,s,g,f,d,c,w,2.8,8.16,,,w,,,f,f,,g,u,p,e,0.3214389733786362,5
logistic_artifact_config,33325,33327,12.8,x,s,y,f,s,,p,7.15,16.97,,i,n,,,f,f,,d,a,p,e,0.30620252510489193,5
logistic_artifact_config,9811,9811,0.98,x,g,w,f,a,d,w,2.47,1.24,,,n,,,f,f,,d,a,p,e,0.3525177452856987,5
logistic_artifact_config,24229,24231,6.15,f,,e,f,x,c,w,6.49,17.31,,s,w,,,f,f,,d,u,e,p,0.6307896296329984,5
logistic_artifact_config,10534,10535,3.42,b,g,n,f,a,d,g,5.91,3.57,,s,n,,,f,f,,d,a,e,p,0.7248142818711935,4
logistic_artifact_config,5775,5775,15.9,s,e,n,f,d,c,w,8.69,24.73,s,,w,,,f,f,,l,a,e,p,0.6034760049611427,4
logistic_artifact_config,22408,22410,5.76,x,t,y,t,x,c,y,8.11,17.69,,,w,,,f,f,,d,u,e,p,0.5074512380882941,5
logistic_artifact_config,44783,44785,7.52,b,y,w,f,,,p,12.26,17.29,,,w,,,f,f,,d,a,p,e,0.40772747303783524,7
logistic_artifact_config,40364,40366,5.12,x,s,n,f,s,,n,5.05,6.6,,y,n,,,f,f,,d,w,p,e,0.40737662283345333,5
logistic_artifact_config,50196,50198,11.83,x,e,n,t,p,,e,8.18,29.29,,,e,,,f,f,,d,u,p,e,0.37591895300306954,6
logistic_artifact_config,7160,7160,3.14,x,s,g,f,d,c,w,2.94,7.63,,,w,,,f,f,,g,a,p,e,0.2905026941327967,5
logistic_artifact_config,26299,26301,9.53,x,s,y,f,x,,n,5.08,18.59,,,p,,,f,f,,d,w,e,p,0.7395201470658407,6
logistic_artifact_config,9200,9200,3.24,b,g,n,f,x,d,w,4.88,3.1,,,y,,,f,f,,g,a,e,p,0.7334152703658461,5
logistic_artifact_config,26196,26198,13.39,f,s,u,f,x,,n,7.89,23.36,,,p,,,f,f,,d,u,e,p,0.9535875680244953,6
logistic_artifact_config,35143,35145,5.35,x,,w,f,x,c,w,8.61,11.35,b,,n,,w,t,,,d,a,e,p,0.5967025906177912,5
logistic_artifact_config,25555,25557,7.3,f,t,e,f,x,d,w,5.3,17.24,b,,w,,,f,f,,d,a,p,e,0.39339551988433313,4
logistic_artifact_config,14745,14747,4.37,f,h,n,f,a,d,y,5.78,4.6,,s,n,,,f,f,,d,a,e,p,0.6083512729876502,4
logistic_artifact_config,50596,50598,2.65,x,k,n,f,p,,e,4.46,10.01,,,y,,,f,f,,d,a,e,p,0.8316999553360844,6
logistic_artifact_config,23531,23533,3.13,s,,u,f,a,,w,3.94,6.7,,,w,,,f,f,,d,a,p,e,0.3684564049075892,7
logistic_artifact_config,846,846,12.61,x,,g,f,e,,w,11.17,16.18,,,w,u,w,t,g,,d,a,p,e,0.1387801420272187,5
logistic_artifact_config,11779,11780,0.98,f,g,e,t,a,,p,5.02,1.0,,,n,,,f,f,,h,a,e,p,0.7529160723867008,6
logistic_artifact_config,43466,43468,9.58,p,i,n,t,e,,p,8.81,16.98,,y,w,,,t,l,,l,a,e,p,0.6246999562632195,5
logistic_artifact_config,11867,11868,0.98,f,g,e,t,a,,w,6.01,1.03,,,n,,,f,f,,h,a,e,p,0.7744451177484047,6
logistic_artifact_config,47756,47758,3.93,b,h,n,f,,,n,9.29,6.45,,,w,,,t,,k,g,w,p,e,0.4058025890862898,7
logistic_artifact_config,55685,55687,14.33,f,,g,f,d,c,y,2.75,15.8,,,w,,,f,f,,d,a,e,p,0.7023011240839809,6
logistic_artifact_config,11906,11907,0.89,x,g,e,t,a,,p,5.68,1.07,,,n,,,f,f,,d,a,e,p,0.7419074488782552,6
logistic_artifact_config,1853,1853,7.53,x,,w,f,e,,w,6.15,13.53,b,,y,u,w,t,g,,d,a,e,p,0.5700369757673848,4
logistic_artifact_config,26328,26330,12.52,f,s,r,f,x,,n,7.03,23.07,,,w,,,f,f,,d,u,e,p,0.5981172772716113,6
logistic_artifact_config,28244,28246,11.29,x,t,k,t,d,c,b,5.48,27.63,,,g,,,f,f,,l,u,p,e,0.272358347255647,5
logistic_artifact_config,25624,25626,6.52,x,t,e,f,x,d,w,5.73,17.1,b,,w,,,f,f,,d,a,p,e,0.34064213785088887,4
logistic_artifact_config,15525,15527,12.31,x,y,e,f,,,w,9.78,29.5,b,,n,,w,t,e,,d,w,e,p,0.7058391507272465,5
logistic_artifact_config,56127,56129,9.08,o,t,y,f,,c,o,1.49,14.76,,,y,,,f,f,,d,w,p,e,0.274089485818059,6
logistic_artifact_config,29661,29663,3.1,f,d,n,t,d,c,p,4.56,6.03,,,n,,,f,f,,d,a,e,p,0.5625445899387039,5
logistic_artifact_config,7154,7154,2.57,x,s,w,f,d,c,w,4.14,10.24,,,w,,,f,f,,g,u,p,e,0.38243970660482546,5
logistic_artifact_config,29061,29063,5.86,s,,n,t,d,c,b,6.46,6.54,,,n,,,f,f,,d,a,p,e,0.36801938074662316,6
logistic_artifact_config,23701,23703,3.65,x,,p,f,x,,w,5.03,6.46,,,w,,,f,f,,d,a,p,e,0.31998822421860756,7
logistic_artifact_config,50319,50321,9.22,x,e,y,t,p,,e,5.75,20.17,,,u,,,f,f,,d,u,p,e,0.42791662636671884,6
logistic_artifact_config,45463,45465,3.3,b,y,n,f,,c,k,7.1,3.34,,,w,,,f,f,,d,a,e,p,0.5834830217485131,6
logistic_artifact_config,58672,58818,19.88,x,g,e,f,p,,y,4.81,40.13,,,n,,,f,f,,d,a,p,e,0.2255021617156864,6
logistic_artifact_config,976,976,11.32,f,,g,f,e,,w,11.31,13.96,,,w,u,w,t,g,,d,u,p,e,0.21259149129823265,5
logistic_artifact_config,5992,5992,11.77,s,e,g,f,d,c,w,6.65,23.5,s,,w,,,f,f,,d,a,e,p,0.7754786246473601,4
logistic_artifact_config,29108,29110,6.28,s,,n,t,d,c,b,6.45,6.1,,,n,,,f,f,,d,a,p,e,0.3629258535993692,6
logistic_artifact_config,58684,58830,18.37,x,d,o,f,p,,y,6.65,45.91,,,n,,,f,f,,d,w,p,e,0.044591138372387026,6
logistic_artifact_config,50432,50434,8.94,x,e,y,t,p,,o,7.64,22.47,,,u,,,f,f,,d,u,p,e,0.2715010449461308,6
logistic_artifact_config,60652,60798,1.25,f,s,y,f,f,f,f,3.21,5.8,,,y,,,f,f,,d,u,p,e,0.35303850458108393,5
logistic_artifact_config,6141,6141,5.81,f,,n,f,d,c,w,5.44,10.23,b,,n,,,f,f,,l,w,p,e,0.4053596706966665,5
logistic_artifact_config,7268,7268,2.94,x,s,g,f,d,c,w,2.82,7.85,,,w,,,f,f,,g,a,p,e,0.2921445488034653,5
logistic_artifact_config,32287,32289,3.76,f,t,n,f,x,c,p,5.75,3.99,,i,g,,,f,f,,g,a,p,e,0.3946616447544222,4
logistic_artifact_config,50420,50422,10.33,x,e,y,t,p,,o,6.48,21.05,,,u,,,f,f,,d,a,p,e,0.2228494749534901,6
logistic_artifact_config,5696,5696,16.98,f,e,g,f,a,c,w,8.21,24.5,s,,w,,,f,f,,d,a,e,p,0.6173810672910609,4
logistic_artifact_config,9526,9526,3.3,b,g,w,f,x,d,w,4.04,2.48,,,y,,,f,f,,g,u,e,p,0.8290887119256095,5
logistic_artifact_config,43212,43214,7.16,x,y,w,t,,,w,8.37,13.81,s,,w,,,t,l,,d,a,p,e,0.43798569677264465,6
logistic_artifact_config,7214,7214,3.18,s,s,w,f,d,c,w,3.12,6.84,,,w,,,f,f,,g,a,p,e,0.29157089534561753,5
logistic_artifact_config,4378,4378,2.42,f,y,n,f,d,d,p,6.68,3.88,,i,n,,,f,f,,l,u,e,p,0.5658213372473885,4
logistic_artifact_config,20836,20838,2.71,f,d,y,f,a,,r,4.86,5.42,,t,y,,,f,f,,d,a,p,e,0.4282359140142761,5
logistic_artifact_config,6833,6833,4.5,x,,l,f,d,,r,6.69,7.78,,,r,,,f,f,,l,u,e,p,0.591248959000751,7
logistic_artifact_config,60680,60826,1.2,s,s,y,f,f,f,f,3.05,5.01,,,y,,,f,f,,d,u,p,e,0.25455689935836057,5
logistic_artifact_config,45240,45242,2.82,b,y,n,f,,c,n,5.98,3.0,,,w,,,f,f,,d,u,e,p,0.5763957826869366,6
logistic_artifact_config,7305,7305,3.04,x,s,g,f,d,c,w,2.31,6.79,,,w,,,f,f,,g,u,p,e,0.32456144413443105,5
logistic_artifact_config,24252,24254,6.38,x,,e,f,x,c,w,4.9,12.58,,s,w,,,f,f,,d,u,e,p,0.554267697567273,5
logistic_artifact_config,50451,50453,10.78,x,e,y,t,p,,o,6.76,24.72,,,e,,,f,f,,d,a,p,e,0.3424589302006843,6
logistic_artifact_config,1019,1019,11.37,x,,g,f,e,,w,10.3,12.61,,,w,u,w,t,g,,d,a,p,e,0.14489829493057152,5
logistic_artifact_config,54309,54311,4.76,s,d,y,f,d,c,o,3.42,5.85,,,o,,,f,f,,d,a,p,e,0.4695485104402656,5
logistic_artifact_config,58630,58776,18.83,x,d,o,f,p,,y,5.21,34.45,,,n,,,f,f,,d,w,p,e,0.042716042617144366,6
logistic_artifact_config,24027,24029,8.64,f,,e,f,x,c,w,7.76,22.06,,s,w,,,f,f,,d,u,e,p,0.6051126194260055,5
logistic_artifact_config,25595,25597,8.35,f,t,e,f,x,d,w,6.36,18.47,b,,w,,,f,f,,d,u,p,e,0.42529865907730097,4
logistic_artifact_config,50729,50731,3.67,x,k,n,f,p,,e,4.41,10.6,,,n,,,f,f,,d,a,e,p,0.8105624552538256,6
logistic_artifact_config,58752,58898,19.24,x,s,e,f,p,,y,4.56,38.7,,,n,,,f,f,,d,w,p,e,0.05007182098777314,6
logistic_artifact_config,60854,61000,1.26,x,s,y,f,f,f,f,3.04,5.44,,,y,,,f,f,,d,a,p,e,0.25859301104625565,5
logistic_artifact_config,28885,28887,5.23,s,d,n,t,d,c,w,5.65,7.98,,,n,,,f,f,,d,u,p,e,0.48941334162697125,5
logistic_artifact_config,23077,23079,10.7,x,t,n,f,a,d,w,10.33,27.85,,,w,,,f,f,,d,u,p,e,0.09126008609999092,5
logistic_artifact_config,58621,58767,20.32,f,d,k,f,p,,y,6.19,41.41,,,n,,,f,f,,d,w,p,e,0.07700205948660593,6
logistic_artifact_config,9226,9226,4.63,b,g,n,f,x,d,w,5.51,3.88,,,y,,,f,f,,g,a,e,p,0.7213223268455405,5
logistic_artifact_config,26161,26163,7.7,s,s,r,f,x,,n,4.74,18.39,,,n,,,f,f,,d,w,e,p,0.5791970649685545,6
logistic_artifact_config,25586,25588,7.83,f,h,e,f,x,d,w,5.98,17.72,b,,w,,,f,f,,d,u,p,e,0.26562259926956605,4
logistic_artifact_config,36052,36054,7.21,x,h,n,f,x,c,w,5.76,6.37,,y,n,,,t,r,,d,u,e,p,0.5637243050628934,4
logistic_artifact_config,10579,10580,3.53,b,g,g,f,a,d,g,5.67,4.07,,s,n,,,f,f,,d,a,e,p,0.7654229644634685,4
logistic_artifact_config,26302,26304,10.95,x,s,u,f,x,,n,5.93,18.5,,,p,,,f,f,,d,a,e,p,0.9353042053403565,6
logistic_artifact_config,6955,6955,4.13,x,,r,f,a,,r,6.79,8.6,,,w,,,f,f,,l,u,e,p,0.6025328585464319,7
logistic_artifact_config,20610,20612,2.88,x,d,o,f,a,c,o,3.83,5.32,,,o,,,f,f,,m,u,e,p,0.5261686959257533,5
logistic_artifact_config,995,995,13.22,f,,n,f,e,,w,11.35,17.71,,,w,u,w,t,g,,d,u,p,e,0.162981976149405,5
logistic_artifact_config,11797,11798,0.7,c,g,e,t,a,,p,5.29,0.98,,,n,,,f,f,,h,u,e,p,0.8522452324184485,6
logistic_artifact_config,7314,7314,2.72,x,s,w,f,d,c,w,2.6,7.15,,,w,,,f,f,,g,a,p,e,0.3356856619513341,5
logistic_artifact_config,12365,12366,1.67,x,g,n,f,d,,w,5.92,1.97,,t,y,,,f,f,,d,a,e,p,0.5165627063332048,5
logistic_artifact_config,27001,27003,11.5,s,,w,t,d,c,y,5.42,24.92,,,w,,,f,f,,d,a,e,p,0.5603387164782478,6
logistic_artifact_config,996,996,12.74,f,,g,f,e,,w,11.16,14.64,,,w,u,w,t,g,,d,a,p,e,0.17446296734985234,5
logistic_artifact_config,28236,28238,7.75,s,h,n,t,d,,g,4.39,11.71,,t,n,,,f,f,,d,u,p,e,0.2853017296763877,5
logistic_artifact_config,10350,10351,1.68,b,g,n,f,a,d,g,3.74,3.4,,s,n,,,f,f,,d,a,e,p,0.7343049398870984,4
logistic_artifact_config,60633,60779,1.2,x,s,y,f,f,f,f,3.46,5.45,,,y,,,f,f,,d,a,p,e,0.26081545256528094,5
logistic_artifact_config,43682,43684,10.07,x,i,n,t,e,,p,9.12,17.14,,y,w,,,t,l,,l,a,e,p,0.5832948976850759,5
logistic_artifact_config,35042,35044,4.7,x,,w,f,x,c,n,8.21,8.6,b,,n,,w,t,,,g,s,e,p,0.5341679718259875,5
logistic_artifact_config,9384,9384,2.83,b,g,w,f,x,d,w,4.14,3.07,,,y,,,f,f,,g,u,e,p,0.8327817380164123,5
logistic_artifact_config,9255,9255,3.35,b,g,w,f,x,d,w,4.09,2.91,,,y,,,f,f,,g,a,e,p,0.803833058675422,5
logistic_artifact_config,28428,28430,17.01,s,t,g,t,d,c,b,5.35,26.41,,,n,,,f,f,,d,a,p,e,0.2813189260548321,5
logistic_artifact_config,21884,21886,4.42,x,,y,f,a,c,y,3.93,9.49,,,w,,,f,f,,d,a,e,p,0.6587141340098384,6
logistic_artifact_config,15359,15361,10.99,f,y,n,f,,,w,7.39,25.03,b,,n,,w,t,e,,d,a,e,p,0.6345100705120654,5
logistic_artifact_config,29208,29210,4.42,s,,n,t,d,c,b,5.25,5.57,,,n,,,f,f,,d,u,p,e,0.4202461876276911,6
logistic_artifact_config,44520,44522,7.66,b,y,n,f,,,p,15.12,17.13,,,w,,,f,f,,d,a,p,e,0.322304602561926,7
logistic_artifact_config,5310,5310,9.1,s,,g,f,s,c,g,7.88,18.62,b,,u,,,f,f,,g,a,e,p,0.5500848552793762,5
logistic_artifact_config,41940,41942,1.54,b,h,n,f,a,,n,5.19,1.82,,t,n,,,f,f,,h,s,p,e,0.46041904196257455,5
logistic_artifact_config,40393,40395,9.42,x,t,n,f,s,,g,6.72,7.56,,y,n,,,f,f,,d,w,p,e,0.47961581982940743,5
logistic_artifact_config,15179,15181,10.46,f,y,e,f,,,w,7.83,24.31,b,,n,,w,t,e,,d,a,e,p,0.9257325725758033,5
logistic_artifact_config,7988,7988,3.87,f,d,b,f,x,c,w,4.53,2.62,b,i,n,,,f,f,,l,a,p,e,0.47915406902802843,3
logistic_artifact_config,22014,22016,2.42,x,,y,f,a,c,y,2.46,6.46,,,w,,,f,f,,d,u,e,p,0.7114036676990078,6
logistic_artifact_config,58503,58649,19.9,f,s,o,f,p,,y,5.74,49.74,,,n,,,f,f,,d,a,p,e,0.11729119785090508,6
logistic_artifact_config,39351,39353,5.09,c,e,y,t,x,c,p,7.27,13.08,,,w,,,f,f,,g,s,p,e,0.2679531212054902,5
logistic_artifact_config,4440,4440,1.53,f,y,n,f,d,d,p,5.67,3.4,,i,n,,,f,f,,l,a,e,p,0.5311798497073982,4
logistic_artifact_config,23066,23068,11.63,x,t,n,f,a,d,w,10.44,30.66,,,w,,,f,f,,d,u,p,e,0.08730380270328321,5
logistic_artifact_config,23149,23151,12.37,x,t,n,f,a,d,w,11.37,32.43,,,w,,,f,f,,d,u,p,e,0.08560450322601076,5
logistic_artifact_config,16683,16685,5.52,f,h,n,f,s,,n,8.94,12.42,,i,n,,,f,f,,d,a,e,p,0.5570098692129107,5
logistic_artifact_config,45506,45508,2.36,b,y,n,f,,c,k,5.02,2.27,,,w,,,f,f,,d,u,e,p,0.6253716900196251,6
logistic_artifact_config,60697,60843,1.18,f,s,y,f,f,f,f,2.96,5.06,,,y,,,f,f,,d,a,p,e,0.31575666220376075,5
logistic_artifact_config,22072,22074,4.09,x,,y,f,a,c,y,3.88,9.0,,,w,,,f,f,,d,u,e,p,0.6986937468525297,6
logistic_artifact_config,10323,10324,3.9,b,g,n,f,a,d,g,5.56,3.13,,s,n,,,f,f,,d,u,e,p,0.7508904746142657,4
logistic_artifact_config,14662,14664,2.28,f,t,o,f,a,d,y,7.06,5.44,,s,o,,,f,f,,d,a,e,p,0.7268445327833242,4
logistic_artifact_config,23164,23166,8.35,x,t,n,f,a,d,w,8.09,23.95,,,w,,,f,f,,d,u,p,e,0.09823925332131744,5
logistic_artifact_config,26202,26204,11.59,f,s,n,f,x,,n,8.3,23.67,,,p,,,f,f,,d,w,e,p,0.6304566927279636,6
logistic_artifact_config,55487,55489,9.96,f,,g,f,d,c,y,2.38,13.41,,,w,,,f,f,,d,a,e,p,0.7469183972290726,6
logistic_artifact_config,58464,58610,15.84,x,d,n,f,p,,y,5.09,34.34,,,n,,,f,f,,d,a,p,e,0.050319661495185436,6
logistic_artifact_config,11959,11960,0.92,x,g,e,t,a,,w,5.94,1.03,,,n,,,f,f,,d,u,e,p,0.7901682877940772,6
logistic_artifact_config,12671,12672,1.72,x,t,y,f,a,,w,6.34,2.24,,t,y,,,f,f,,h,a,e,p,0.5532550536583979,5
logistic_artifact_config,11081,11082,2.64,x,g,n,f,a,,w,7.15,2.53,,,w,,,f,f,,d,u,p,e,0.14268038906366817,6
logistic_artifact_config,30686,30688,8.83,s,t,o,t,d,c,o,6.21,17.9,,,w,,,f,f,,d,u,e,p,0.6093838466202162,5
logistic_artifact_config,47865,47867,3.32,b,h,n,f,,,n,9.89,6.24,,,w,,,t,,k,g,w,p,e,0.4165102089430498,7
logistic_artifact_config,7824,7824,2.5,f,d,n,f,x,c,w,3.55,2.71,b,s,n,,,f,f,,l,u,p,e,0.35450468574637006,3
logistic_artifact_config,25567,25569,7.49,x,t,e,f,x,d,w,5.49,17.41,b,,w,,,f,f,,d,u,p,e,0.36595325058515127,4
logistic_artifact_config,23000,23002,10.14,x,t,n,f,a,d,w,9.96,30.38,,,w,,,f,f,,d,u,p,e,0.0929519994900413,5
logistic_artifact_config,9221,9221,3.91,b,g,n,f,x,d,w,4.97,3.18,,,y,,,f,f,,g,a,e,p,0.7268206428492816,5
logistic_artifact_config,1848,1848,8.11,x,,w,f,e,,w,6.61,13.76,b,,y,u,w,t,g,,d,u,e,p,0.6052516327726751,4
logistic_artifact_config,51606,51608,17.85,p,d,e,f,p,,n,15.74,33.96,s,y,w,,,f,f,,d,a,e,p,0.544216379663362,4
logistic_artifact_config,23598,23600,3.93,s,,u,f,a,,w,4.82,6.85,,,w,,,f,f,,d,u,p,e,0.40214291935242286,7
logistic_artifact_config,50566,50568,4.35,x,k,n,f,p,,n,4.97,11.08,,,y,,,f,f,,d,a,e,p,0.7349982323526784,6
logistic_artifact_config,26828,26830,10.91,s,,w,t,d,c,y,4.91,22.66,,,w,,,f,f,,d,u,e,p,0.6062927364240792,6
logistic_artifact_config,12657,12658,1.52,x,t,y,f,a,,w,5.82,2.12,,t,y,,,f,f,,h,u,e,p,0.5940752602381832,5
logistic_artifact_config,26962,26964,11.98,s,,w,t,d,c,y,6.66,26.67,,,w,,,f,f,,d,a,e,p,0.5599378990782435,6
logistic_artifact_config,50277,50279,12.11,x,e,y,t,p,,e,8.42,27.71,,,u,,,f,f,,d,a,p,e,0.36333300580663197,6
logistic_artifact_config,33495,33497,10.55,x,h,n,f,s,,p,7.32,17.33,,i,n,,,f,f,,d,a,p,e,0.24022934297108406,5
logistic_artifact_config,58731,58877,17.5,f,g,k,f,p,,y,5.55,41.17,,,n,,,f,f,,d,w,p,e,0.08655384421964697,6
logistic_artifact_config,32451,32453,3.93,f,t,n,f,x,c,p,6.35,4.68,,i,g,,,f,f,,d,u,p,e,0.3411924240672944,4
logistic_artifact_config,16697,16699,8.96,f,g,o,f,s,,y,10.01,12.68,,i,n,,,f,f,,d,a,e,p,0.9050643607328359,5
logistic_artifact_config,50540,50542,3.43,x,k,n,f,p,,n,4.68,9.67,,,y,,,f,f,,d,a,e,p,0.743392073910761,6
logistic_artifact_config,50786,50788,3.02,x,k,n,f,p,,e,4.08,9.77,,,y,,,f,f,,d,a,e,p,0.8279024635669118,6
logistic_artifact_config,11269,11270,2.72,x,g,n,f,a,,p,6.91,2.41,,,w,,,f,f,,d,u,p,e,0.12991858109879317,6
logistic_artifact_config,7283,7283,3.21,x,s,g,f,d,c,w,2.88,7.6,,,w,,,f,f,,g,u,p,e,0.3249803321390311,5
logistic_artifact_config,997,997,13.59,x,,n,f,e,,w,11.45,18.2,,,w,u,w,t,e,,d,u,p,e,0.139468244341292,5
logistic_artifact_config,28905,28907,7.79,s,d,n,t,d,c,w,5.18,9.23,,,n,,,f,f,,d,a,p,e,0.4124052491562447,5
logistic_artifact_config,60608,60754,1.2,s,s,y,f,f,f,f,2.49,5.04,,,y,,,f,f,,d,u,p,e,0.25243013230018374,5
logistic_artifact_config,43305,43307,7.45,x,y,w,t,,,w,8.31,13.87,s,,w,,,t,l,,d,u,p,e,0.47526991098652277,6
logistic_artifact_config,28480,28482,11.61,s,t,n,t,d,c,b,5.0,25.02,,,g,,,f,f,,d,a,p,e,0.06584017061228647,5
logistic_artifact_config,39466,39468,3.99,c,e,y,t,x,c,r,5.06,11.52,,,w,,,f,f,,d,s,p,e,0.16724029485500916,5
logistic_artifact_config,11939,11940,0.56,x,g,e,t,a,,p,5.59,0.98,,,n,,,f,f,,d,u,e,p,0.7752746436496298,6
logistic_artifact_config,7945,7945,3.51,f,d,b,f,x,c,w,4.11,2.87,b,s,n,,,f,f,,l,a,p,e,0.28860323555581224,3
logistic_artifact_config,28716,28718,7.03,s,d,n,t,d,c,w,4.69,7.27,,,n,,,f,f,,d,u,p,e,0.46115621295880427,5
logistic_artifact_config,5921,5921,14.23,x,e,g,f,d,c,w,8.05,23.72,s,,w,,,f,f,,d,a,e,p,0.790798546486842,4
logistic_artifact_config,9780,9780,1.11,x,g,w,f,a,d,w,3.24,1.49,,,n,,,f,f,,l,u,p,e,0.29941317631814657,5
logistic_artifact_config,50781,50783,3.76,x,k,n,f,p,,e,5.47,10.95,,,n,,,f,f,,d,a,e,p,0.8130459204413177,6
logistic_artifact_config,56128,56130,10.22,o,t,y,f,,c,o,1.92,16.31,,,y,,,f,f,,d,w,p,e,0.26378797904572543,6
logistic_artifact_config,51401,51403,5.38,x,t,o,f,p,,n,6.57,12.25,,,e,,,f,f,,d,u,e,p,0.555790127778825,6
logistic_artifact_config,50600,50602,3.38,x,k,n,f,p,,y,4.82,10.31,,,y,,,f,f,,d,a,e,p,0.8601316622905756,6
logistic_artifact_config,60738,60884,1.17,x,s,y,f,f,f,f,3.78,5.58,,,y,,,f,f,,d,u,p,e,0.29587621020989735,5
logistic_artifact_config,25517,25519,8.52,x,t,e,f,x,d,w,6.5,18.25,b,,w,,,f,f,,d,a,p,e,0.3206160233399862,4
logistic_artifact_config,2009,2009,5.95,x,,y,f,e,,w,6.01,12.72,b,,y,u,w,t,g,,d,u,e,p,0.70031148249507,4
logistic_artifact_config,9350,9350,2.93,b,g,n,f,x,d,w,3.86,2.86,,,y,,,f,f,,g,u,e,p,0.764025530092162,5
logistic_artifact_config,39476,39478,6.28,c,e,w,t,x,c,r,7.92,13.75,,,w,,,f,f,,d,s,p,e,0.12035188675757665,5
logistic_artifact_config,1050,1050,11.78,x,,n,f,e,,w,10.51,14.67,,,w,u,w,t,g,,d,u,p,e,0.1356055539016625,5
logistic_artifact_config,33335,33337,13.61,x,s,w,f,s,,p,7.69,18.03,,i,n,,,f,f,,d,u,p,e,0.2684005105882962,5
logistic_artifact_config,14972,14974,12.15,x,s,e,f,d,d,w,9.55,15.68,,i,n,,,t,,w,d,a,e,p,0.5501295166268517,4
logistic_artifact_config,23085,23087,10.25,x,t,n,f,a,d,w,10.3,27.33,,,w,,,f,f,,d,a,p,e,0.08004370288408369,5
logistic_artifact_config,60758,60904,1.18,f,s,y,f,f,f,f,2.92,4.78,,,y,,,f,f,,d,u,p,e,0.35271678327950445,5
logistic_artifact_config,30503,30505,10.37,s,t,p,t,d,c,o,6.03,16.87,,,w,,,f,f,,d,u,e,p,0.5119766561972046,5
logistic_artifact_config,54074,54076,5.72,s,d,y,f,d,c,o,3.61,6.54,,,o,,,f,f,,h,a,p,e,0.4085515075369238,5
logistic_artifact_config,58573,58719,26.96,x,s,n,f,p,,y,5.84,37.43,,,n,,,f,f,,d,w,p,e,0.005187665355675394,6
logistic_artifact_config,35297,35299,4.23,x,,n,f,x,c,w,7.96,8.1,b,,n,,w,t,,,g,a,e,p,0.6034017561360087,5
logistic_artifact_config,32272,32274,4.39,f,t,n,f,x,c,p,5.75,4.74,,i,g,,,f,f,,m,u,p,e,0.37763138141571134,4
logistic_artifact_config,35113,35115,5.49,x,,w,f,x,c,n,8.37,10.26,b,,n,,w,t,,,d,u,e,p,0.7774221717429604,5
logistic_artifact_config,11019,11020,2.56,x,g,n,f,a,,p,7.96,2.49,,,n,,,f,f,,d,u,p,e,0.44597781241909107,6
logistic_artifact_config,6169,6169,5.44,x,,n,f,d,c,w,5.27,8.83,b,,n,,,f,f,,l,w,p,e,0.34451627915287136,5
logistic_artifact_config,7091,7091,2.96,s,s,g,f,d,c,w,2.88,7.19,,,w,,,f,f,,g,a,p,e,0.2542602166215564,5
logistic_artifact_config,7157,7157,3.17,f,s,g,f,d,c,w,3.0,6.84,,,w,,,f,f,,g,a,p,e,0.35076491321237496,5
logistic_artifact_config,26300,26302,12.4,f,s,y,f,x,,n,8.06,22.05,,,n,,,f,f,,d,u,e,p,0.5935685608077846,6
logistic_artifact_config,43118,43120,7.22,x,y,w,t,,,g,7.69,13.38,s,,w,,,t,l,,d,a,p,e,0.47600233623247135,6
logistic_artifact_config,6982,6982,3.83,x,,r,f,a,,r,5.88,6.82,,,r,,,f,f,,d,a,e,p,0.9436405866797876,7
logistic_artifact_config,23126,23128,10.9,x,t,n,f,a,d,w,12.39,34.66,,,w,,,f,f,,d,u,p,e,0.09343414776986902,5
logistic_artifact_config,33182,33184,13.58,x,h,g,f,s,,p,8.45,18.3,,i,n,,,f,f,,d,a,p,e,0.2566199986834507,5
logistic_artifact_config,23760,23762,3.88,x,,p,f,x,,w,5.33,6.36,,,w,,,f,f,,d,a,p,e,0.3186821926207596,7
logistic_artifact_config,58463,58609,20.98,f,d,n,f,p,,y,6.07,50.07,,,n,,,f,f,,d,a,p,e,0.0510624035456442,6
logistic_artifact_config,26409,26411,8.63,x,s,r,f,x,,n,4.63,18.76,,,n,,,f,f,,d,a,e,p,0.8542715937353853,6
logistic_artifact_config,1803,1803,6.57,x,,w,f,e,,w,5.74,11.9,b,,y,u,w,t,g,,d,a,e,p,0.580639417450606,4
logistic_artifact_config,12607,12608,1.43,x,t,n,f,d,,w,5.01,1.37,,t,y,,,f,f,,h,u,e,p,0.6496155557295952,5
logistic_artifact_config,37332,37334,4.0,x,h,l,f,s,c,g,5.67,6.32,,y,l,,,t,e,k,g,u,p,e,0.32752740409426195,3
logistic_artifact_config,40281,40283,7.82,x,t,n,f,s,,g,6.3,8.82,,y,n,,,f,f,,d,w,p,e,0.49830244204113666,5
logistic_artifact_config,9395,9395,3.36,b,g,w,f,x,d,w,4.64,2.74,,,y,,,f,f,,g,a,e,p,0.8055010073813683,5
logistic_artifact_config,16712,16714,7.49,f,h,o,f,s,,y,8.59,12.74,,i,o,,,f,f,,d,a,e,p,0.6302375619714816,5
logistic_artifact_config,60826,60972,1.16,s,s,y,f,f,f,f,4.15,5.79,,,y,,,f,f,,d,a,p,e,0.22834227779481445,5
logistic_artifact_config,26317,26319,10.15,x,s,u,f,x,,n,7.89,24.37,,,p,,,f,f,,d,a,e,p,0.9398192712801686,6
logistic_artifact_config,880,880,11.88,x,,g,f,e,,w,10.59,12.35,,,w,u,w,t,g,,d,u,p,e,0.1639435002943017,5
logistic_artifact_config,26624,26626,8.77,f,,y,f,x,c,n,6.83,12.89,,,w,,,f,f,,d,u,p,e,0.4790783896726199,6
logistic_artifact_config,23025,23027,9.75,x,t,n,f,a,d,w,11.6,32.44,,,w,,,f,f,,d,a,p,e,0.083704586161083,5
logistic_artifact_config,43693,43695,10.76,p,i,n,t,e,,p,9.5,19.07,,y,w,,,t,p,,l,a,e,p,0.7421102173405261,5
logistic_artifact_config,25544,25546,7.52,x,h,e,f,x,d,w,6.04,16.84,b,,w,,,f,f,,d,a,p,e,0.19112183378811692,4
logistic_artifact_config,30550,30552,9.36,s,t,o,t,d,c,o,5.83,17.93,,,w,,,f,f,,d,u,e,p,0.6009039834833905,5
logistic_artifact_config,26477,26479,8.35,f,,y,f,x,c,n,6.26,11.62,,,w,,,f,f,,d,a,p,e,0.4405310978404516,6
logistic_artifact_config,26846,26848,11.06,s,,w,t,d,c,y,5.03,22.74,,,w,,,f,f,,d,a,e,p,0.5644868237241261,6
logistic_artifact_config,14754,14756,4.0,x,h,n,f,a,d,y,6.56,5.79,,k,n,,,f,f,,d,s,e,p,0.586066105706812,4
logistic_artifact_config,6737,6737,4.74,x,,r,f,d,,r,5.91,7.52,,,r,,,f,f,,d,u,e,p,0.9806133551605326,7
logistic_artifact_config,43310,43312,7.88,x,y,w,t,,,w,7.96,13.64,s,,w,,,t,l,,d,u,p,e,0.4679315139146768,6
logistic_artifact_config,35282,35284,5.02,x,,n,f,x,c,n,8.05,10.13,b,,n,,w,t,,,d,a,e,p,0.6642713165154721,5
logistic_artifact_config,5129,5129,13.82,f,,u,f,s,c,u,8.54,22.48,,,u,,,f,f,,l,a,e,p,0.5899176701434482,6
logistic_artifact_config,47681,47683,3.51,b,h,n,f,,,n,10.33,6.53,,,w,,,t,,k,g,w,p,e,0.41617546984943754,7
logistic_artifact_config,50514,50516,2.96,x,k,n,f,p,,n,4.01,10.02,,,y,,,f,f,,d,a,e,p,0.7454913729969471,6
logistic_artifact_config,11895,11896,0.88,f,g,e,t,a,,p,4.92,0.95,,,n,,,f,f,,h,u,e,p,0.783187706874143,6
logistic_artifact_config,30398,30400,11.58,s,t,p,t,d,c,o,7.25,17.93,,,w,,,f,f,,d,u,e,p,0.5020018658049191,5
logistic_artifact_config,50518,50520,3.49,x,k,n,f,p,,y,4.78,9.85,,,y,,,f,f,,d,a,e,p,0.8593771375887505,6
logistic_artifact_config,37264,37266,4.2,x,y,l,f,s,c,u,5.88,6.89,,y,l,,,t,e,k,d,u,p,e,0.17100328435102935,3
logistic_artifact_config,718,718,12.68,x,,g,f,e,,w,11.16,16.42,,,w,u,w,t,g,,d,u,p,e,0.15940236981525835,5
logistic_artifact_config,12670,12671,1.62,x,t,y,f,d,,w,6.46,2.06,,t,y,,,f,f,,d,u,e,p,0.8286088520428411,5
logistic_artifact_config,10965,10966,2.57,x,g,e,f,a,,w,6.59,2.5,,,w,,,f,f,,d,a,p,e,0.49164364600675625,6
logistic_artifact_config,26358,26360,10.18,f,s,r,f,x,,n,6.91,21.9,,,p,,,f,f,,d,w,e,p,0.9535855538618049,6
logistic_artifact_config,23644,23646,3.5,s,,u,f,a,,w,4.61,7.48,,,w,,,f,f,,d,u,p,e,0.4064656990437992,7
logistic_artifact_config,33508,33510,10.18,x,s,w,f,s,,p,7.16,16.86,,i,n,,,f,f,,d,a,p,e,0.2691205776737472,5
logistic_artifact_config,23151,23153,11.27,x,t,n,f,a,d,w,11.92,34.01,,,w,,,f,f,,d,a,p,e,0.07815840943169153,5
logistic_artifact_config,11229,11230,2.49,x,g,n,f,a,,w,8.56,2.66,,,w,,,f,f,,d,a,p,e,0.12741686766135163,6
logistic_artifact_config,7012,7012,4.58,x,,r,f,a,,r,6.53,9.02,,,r,,,f,f,,l,u,e,p,0.9268665203008761,7
logistic_artifact_config,40501,40503,7.09,x,s,n,f,s,,n,5.52,8.23,,y,n,,,f,f,,d,w,p,e,0.38459227923480505,5
logistic_artifact_config,43459,43461,9.88,p,i,n,t,e,,p,9.14,18.21,,y,w,,,t,l,,d,a,e,p,0.7144025388277639,5
logistic_artifact_config,9660,9660,0.99,x,g,w,f,a,d,w,2.96,1.4,,,n,,,f,f,,l,u,p,e,0.299573038072365,5
logistic_artifact_config,60616,60762,1.32,x,s,y,f,f,f,f,3.43,5.05,,,y,,,f,f,,d,u,p,e,0.29286013651619536,5
logistic_artifact_config,25481,25483,7.17,x,h,e,f,x,d,w,5.57,16.67,b,,w,,,f,f,,d,a,p,e,0.19253280043833218,4
logistic_artifact_config,44827,44829,6.99,p,y,n,f,,,k,13.78,16.92,,,w,,,f,f,,d,a,p,e,0.1874526203609537,7
logistic_artifact_config,25466,25468,6.82,f,h,e,f,x,d,w,5.96,17.91,b,,w,,,f,f,,d,u,p,e,0.27599887957709407,4
logistic_artifact_config,16912,16914,9.2,f,t,o,f,s,,n,9.25,13.57,,i,n,,,f,f,,d,a,e,p,0.887844318487102,5
logistic_artifact_config,60701,60847,1.37,x,s,y,f,f,f,f,4.27,6.03,,,y,,,f,f,,d,u,p,e,0.2956648677785161,5
logistic_artifact_config,22227,22229,4.67,x,,y,f,a,c,y,4.58,9.87,,,w,,,f,f,,d,a,e,p,0.658626875701666,6
logistic_artifact_config,11281,11282,2.4,x,g,n,f,a,,p,6.03,2.3,,,n,,,f,f,,d,a,p,e,0.3979823842221068,6
logistic_artifact_config,29932,29934,3.36,s,d,u,t,d,c,p,4.58,5.69,,,n,,,f,f,,d,u,e,p,0.7411791389825148,5
logistic_artifact_config,22393,22395,6.49,x,t,y,t,x,c,y,8.77,16.37,,,w,,,f,f,,d,u,e,p,0.5013981116594939,5
logistic_artifact_config,45260,45262,3.16,b,y,n,f,,c,n,6.15,2.72,,,w,,,f,f,,d,u,e,p,0.5729085504004975,6
logistic_artifact_config,45216,45218,3.24,b,y,n,f,,c,n,6.83,3.05,,,w,,,f,f,,d,a,e,p,0.5339687770258673,6
logistic_artifact_config,60713,60859,1.25,s,s,y,f,f,f,f,3.85,5.67,,,y,,,f,f,,d,a,p,e,0.2264702821502555,5
logistic_artifact_config,43282,43284,6.48,x,y,w,t,,,p,7.55,13.99,s,,w,,,t,l,,d,u,p,e,0.4593711429330829,6
logistic_artifact_config,47656,47658,5.18,b,h,n,f,,,n,11.7,6.34,,,w,,,t,,k,g,w,p,e,0.40162690930504996,7
logistic_artifact_config,24071,24073,6.74,x,,e,f,x,c,w,6.57,15.91,,s,w,,,f,f,,d,u,e,p,0.5572740478212954,5
logistic_artifact_config,36256,36258,6.24,x,h,n,f,x,c,w,5.79,5.87,,y,n,,,t,r,,d,u,e,p,0.5764527611671869,4
logistic_artifact_config,26440,26442,11.36,f,s,r,f,x,,n,5.64,18.56,,,p,,,f,f,,d,a,e,p,0.9858842321336913,6
logistic_artifact_config,20669,20671,3.54,x,h,p,f,a,c,e,5.25,6.49,,,o,,,f,f,,g,a,e,p,0.6026378322846896,5
logistic_artifact_config,12455,12456,1.62,x,g,y,f,a,,w,6.68,2.27,,t,y,,,f,f,,d,u,e,p,0.5008162521666736,5
logistic_artifact_config,22234,22236,4.8,x,,y,f,a,c,y,3.67,8.9,,,w,,,f,f,,d,u,e,p,0.6898957468874872,6
logistic_artifact_config,14619,14621,3.68,x,t,n,f,a,d,y,6.48,4.92,,s,n,,,f,f,,d,a,e,p,0.7210155421637529,4
logistic_artifact_config,9484,9484,3.32,b,g,w,f,x,d,w,5.17,3.17,,,y,,,f,f,,g,u,e,p,0.8320573913739778,5
logistic_artifact_config,22183,22185,2.77,x,,y,f,a,c,y,2.77,6.66,,,w,,,f,f,,d,a,e,p,0.6732798282448862,6
logistic_artifact_config,54124,54126,6.4,s,d,y,f,d,c,o,2.89,6.38,,,o,,,f,f,,d,u,p,e,0.48692304493856975,5
logistic_artifact_config,55444,55446,13.88,f,,g,f,d,c,y,2.63,17.8,,,w,,,f,f,,d,a,e,p,0.7064312455008119,6
logistic_artifact_config,56383,56385,9.67,o,e,n,f,,c,o,1.66,16.92,,,n,,,f,f,,d,w,p,e,0.2866471923951981,6
logistic_artifact_config,23234,23236,9.45,x,t,n,f,a,d,w,9.19,26.84,,,w,,,f,f,,d,u,p,e,0.09493901725730006,5
logistic_artifact_config,45624,45626,1.02,b,g,w,f,,,g,2.76,1.48,,,w,,,f,f,,d,u,e,p,0.6641731390502372,7
logistic_artifact_config,735,735,12.33,x,,g,f,e,,w,11.29,16.58,,,w,u,w,t,g,,d,u,p,e,0.1622210238241581,5
logistic_artifact_config,50829,50831,3.04,x,k,n,f,p,,e,4.42,9.82,,,y,,,f,f,,d,a,e,p,0.8287165118322617,6
logistic_artifact_config,30568,30570,11.66,s,t,o,t,d,c,o,5.55,17.32,,,w,,,f,f,,d,a,e,p,0.5290526125937002,5
logistic_artifact_config,11668,11669,1.21,f,g,e,t,a,,p,6.52,1.12,,,n,,,f,f,,h,u,e,p,0.7856541567107983,6
logistic_artifact_config,20107,20109,6.02,b,s,k,f,e,,g,7.48,7.42,,,o,,,f,f,,m,a,p,e,0.45514953279236503,6
logistic_artifact_config,7328,7328,3.02,s,s,w,f,d,c,w,2.64,7.31,,,w,,,f,f,,g,a,p,e,0.2912533512966413,5
logistic_artifact_config,60849,60995,1.2,s,s,y,f,f,f,f,2.59,4.9,,,y,,,f,f,,d,a,p,e,0.22262784255499052,5
logistic_artifact_config,23274,23276,10.0,x,t,n,f,a,d,w,12.18,38.37,,,w,,,f,f,,d,u,p,e,0.09691937841599955,5
logistic_artifact_config,54224,54226,6.55,s,d,y,f,d,c,o,3.62,6.67,,,o,,,f,f,,d,a,p,e,0.44704625173744067,5
logistic_artifact_config,841,841,12.04,f,,g,f,e,,w,11.24,17.14,,,w,u,w,t,e,,d,u,p,e,0.22452239201095192,5
logistic_artifact_config,39382,39384,5.82,c,e,w,t,x,c,r,6.98,12.41,,,w,,,f,f,,d,a,p,e,0.3551053062682342,5
logistic_artifact_config,32225,32227,3.47,f,t,n,f,x,c,p,5.24,4.47,,i,g,,,f,f,,m,a,p,e,0.3479390435584537,4
logistic_artifact_config,26213,26215,11.26,x,s,r,f,x,,n,7.23,21.4,,,n,,,f,f,,d,w,e,p,0.5918842836932533,6
logistic_artifact_config,9325,9325,3.73,b,g,n,f,x,d,w,4.25,2.96,,,y,,,f,f,,g,u,e,p,0.7577845228483406,5
logistic_artifact_config,8348,8348,3.62,x,,n,f,x,c,p,7.37,3.7,,,n,,,f,f,,l,a,p,e,0.3673200946826522,6
logistic_artifact_config,9464,9464,3.54,b,g,w,f,x,d,w,4.67,3.41,,,y,,,f,f,,g,u,e,p,0.8289963077102058,5
logistic_artifact_config,60575,60721,1.27,s,s,y,f,f,f,f,3.67,5.48,,,y,,,f,f,,d,u,p,e,0.2561556857420473,5
logistic_artifact_config,60841,60987,1.15,f,s,y,f,f,f,f,2.85,4.84,,,y,,,f,f,,d,a,p,e,0.3156548786286545,5
logistic_artifact_config,28179,28181,7.65,s,h,r,t,d,,w,4.53,12.66,,t,g,,,f,f,,d,a,p,e,0.3603745866305194,5
logistic_artifact_config,50523,50525,3.14,x,k,n,f,p,,n,4.48,10.29,,,n,,,f,f,,d,a,e,p,0.7281877346273191,6
logistic_artifact_config,30367,30369,8.41,s,t,o,t,d,c,o,5.03,16.58,,,w,,,f,f,,d,u,e,p,0.6092341409625924,5
logistic_artifact_config,39379,39381,7.63,c,e,w,t,x,c,r,8.05,12.04,,,w,,,f,f,,d,u,p,e,0.3767692149923147,5
logistic_artifact_config,9790,9790,1.25,x,g,w,f,a,d,w,3.35,1.79,,,n,,,f,f,,d,u,p,e,0.39218994968107757,5
logistic_artifact_config,11277,11278,2.69,x,g,n,f,a,,w,9.03,2.78,,,w,,,f,f,,d,u,p,e,0.1469972066485628,6
logistic_artifact_config,21984,21986,4.55,x,,y,f,a,c,y,5.0,10.2,,,w,,,f,f,,d,u,e,p,0.6981480978417672,6
logistic_artifact_config,44685,44687,7.89,p,y,n,f,,,p,14.28,16.72,,,w,,,f,f,,d,a,p,e,0.07545070233710392,7
logistic_artifact_config,29272,29274,4.86,s,,n,t,d,c,b,6.0,5.87,,,n,,,f,f,,d,a,p,e,0.3782684743646978,6
logistic_artifact_config,60747,60893,1.11,x,s,y,f,f,f,f,2.64,4.77,,,y,,,f,f,,d,u,p,e,0.29191061317841227,5
logistic_artifact_config,9802,9802,0.91,x,g,w,f,a,d,w,2.91,1.35,,,n,,,f,f,,d,u,p,e,0.39442519375528684,5
logistic_artifact_config,26921,26923,12.18,s,,w,t,d,c,y,5.73,24.01,,,w,,,f,f,,d,a,e,p,0.5532100658358138,6
logistic_artifact_config,60910,61056,1.29,x,s,y,f,f,f,f,4.08,6.28,,,y,,,f,f,,d,a,p,e,0.2621870495967417,5
logistic_artifact_config,20657,20659,3.16,x,h,p,f,a,c,o,4.57,6.61,,,e,,,f,f,,m,u,e,p,0.926578206165848,5
logistic_artifact_config,715,715,13.34,f,,n,f,e,,w,11.41,16.86,,,w,u,w,t,g,,d,u,p,e,0.16236842569597004,5
logistic_artifact_config,24065,24067,9.54,f,,e,f,x,c,w,7.65,22.57,,s,w,,,f,f,,d,u,e,p,0.5931363454647635,5
logistic_artifact_config,26143,26145,12.04,f,s,u,f,x,,n,8.07,29.74,,,p,,,f,f,,d,w,e,p,0.8344032273344167,6
logistic_artifact_config,27890,27892,6.2,s,h,n,t,d,,g,4.39,12.56,,t,r,,,f,f,,d,u,p,e,0.41577225504431264,5
logistic_artifact_config,10545,10546,4.18,b,g,g,f,a,d,g,5.59,3.77,,s,n,,,f,f,,d,u,e,p,0.7881678381799468,4
logistic_artifact_config,9385,9385,4.17,b,g,w,f,x,d,w,5.47,3.65,,,y,,,f,f,,g,a,e,p,0.8013012102758366,5
logistic_artifact_config,60623,60769,1.28,x,s,y,f,f,f,f,3.48,4.9,,,y,,,f,f,,d,u,p,e,0.29352534844105027,5
logistic_artifact_config,20533,20535,3.42,x,h,p,f,a,c,e,4.42,6.54,,,o,,,f,f,,g,a,e,p,0.6001557180410632,5
logistic_artifact_config,7751,7751,4.68,f,l,y,f,x,d,n,6.74,5.47,,,n,,,f,f,,l,a,p,e,0.48534901590076507,5
logistic_artifact_config,12650,12651,1.43,x,t,y,f,a,,w,7.01,2.58,,t,y,,,f,f,,g,a,e,p,0.6990469139683382,5
logistic_artifact_config,45691,45693,0.9,b,g,w,f,,,g,2.81,1.39,,,w,,,f,f,,d,u,e,p,0.6658155307203978,7
logistic_artifact_config,41885,41887,1.35,b,h,n,f,a,,n,5.13,1.69,,t,n,,,f,f,,h,s,p,e,0.46262498931745005,5
logistic_artifact_config,29678,29680,3.71,f,d,n,t,d,c,p,4.64,6.09,,,n,,,f,f,,d,a,e,p,0.5550248022843378,5
logistic_artifact_config,60715,60861,1.19,x,s,y,f,f,f,f,3.48,5.84,,,y,,,f,f,,d,a,p,e,0.26094088633522744,5
logistic_artifact_config,22143,22145,3.47,x,,y,f,a,c,y,3.45,8.45,,,w,,,f,f,,d,a,e,p,0.6678819837137963,6
logistic_artifact_config,50240,50242,11.19,x,e,y,t,p,,o,8.68,24.95,,,u,,,f,f,,d,a,p,e,0.22217663612792105,6
logistic_artifact_config,44647,44649,8.95,p,y,w,f,,,k,16.79,17.29,,,w,,,f,f,,d,a,p,e,0.25166454311999986,7
logistic_artifact_config,7294,7294,2.98,s,s,g,f,d,c,w,2.85,7.04,,,w,,,f,f,,g,a,p,e,0.2539671691886316,5
logistic_artifact_config,7172,7172,3.21,s,s,w,f,d,c,w,3.04,6.82,,,w,,,f,f,,g,u,p,e,0.32648958113645815,5
logistic_artifact_config,27219,27221,17.36,s,k,w,t,d,d,w,7.2,28.8,,,w,,,f,f,,d,w,p,e,0.47661688303509575,5
logistic_artifact_config,16589,16591,8.52,f,s,n,f,s,,y,8.81,13.28,,i,n,,,f,f,,d,a,e,p,0.629892408709537,5
logistic_artifact_config,4519,4519,2.75,f,y,n,f,d,d,p,6.04,3.4,,i,n,,,f,f,,h,u,e,p,0.6109912692045708,4
logistic_artifact_config,25419,25421,6.98,x,t,e,f,x,d,w,6.01,16.99,b,,w,,,f,f,,d,u,p,e,0.3747017597245793,4
logistic_artifact_config,22070,22072,4.06,x,,y,f,a,c,y,3.35,8.59,,,w,,,f,f,,d,u,e,p,0.6968484836771323,6
logistic_artifact_config,4550,4550,2.97,f,y,n,f,d,d,p,6.03,3.01,,i,n,,,f,f,,h,u,e,p,0.6082573920190555,4
logistic_artifact_config,58529,58675,13.17,f,g,n,f,p,,y,6.02,43.81,,,n,,,f,f,,d,a,p,e,0.07470194511859697,6
logistic_artifact_config,60922,61068,1.17,s,s,y,f,f,f,f,3.25,5.45,,,y,,,f,f,,d,u,p,e,0.2555586025221136,5
logistic_artifact_config,16763,16765,8.13,f,g,n,f,s,,n,9.94,13.9,,i,n,,,f,f,,d,a,e,p,0.5638194698628027,5
logistic_artifact_config,5861,5861,16.85,f,e,g,f,d,c,w,9.12,25.15,s,,w,,,f,f,,d,w,e,p,0.5450812194439841,4
logistic_artifact_config,44618,44620,8.43,p,y,n,f,,,p,17.38,17.7,,,w,,,f,f,,d,a,p,e,0.07778682281579752,7
logistic_artifact_config,25731,25733,8.83,f,t,e,f,x,d,w,7.12,19.51,b,,w,,,f,f,,d,u,p,e,0.4226757240842219,4
logistic_artifact_config,12667,12668,1.6,x,t,n,f,a,,w,5.64,1.85,,t,y,,,f,f,,g,u,e,p,0.5584095335927164,5
logistic_artifact_config,23226,23228,9.75,x,t,n,f,a,d,w,8.58,27.5,,,w,,,f,f,,d,a,p,e,0.07943505110791096,5
logistic_artifact_config,5923,5923,13.47,x,e,n,f,d,c,w,7.43,25.02,s,,w,,,f,f,,l,a,e,p,0.671260113729484,4
logistic_artifact_config,1984,1984,6.89,x,,y,f,e,,w,6.31,13.48,b,,y,u,w,t,g,,d,u,e,p,0.6910104576574471,4
logistic_artifact_config,55575,55577,11.95,f,,w,f,d,c,y,2.44,13.57,,,w,,,f,f,,d,a,e,p,0.7637768291048284,6
logistic_artifact_config,45560,45562,1.23,b,g,g,f,,,g,3.33,1.65,,,w,,,f,f,,d,a,e,p,0.5794755697865706,7
logistic_artifact_config,22189,22191,3.62,x,,y,f,a,c,y,3.62,8.07,,,w,,,f,f,,d,u,e,p,0.70291917708712,6
logistic_artifact_config,24115,24117,8.03,f,,e,f,x,c,w,7.23,17.27,,s,w,,,f,f,,d,u,e,p,0.6110302784949897,5
logistic_artifact_config,58656,58802,22.26,x,g,n,f,p,,y,6.14,45.1,,,n,,,f,f,,d,a,p,e,0.03661595719755213,6
logistic_artifact_config,11726,11727,0.87,x,g,e,t,a,,w,5.5,1.03,,,n,,,f,f,,h,u,e,p,0.753783457242873,6
logistic_artifact_config,28055,28057,8.06,s,h,g,t,d,,g,4.55,13.55,,t,g,,,f,f,,d,u,p,e,0.07764738041048036,5
logistic_artifact_config,5476,5476,10.83,s,,g,f,s,c,g,9.35,23.79,b,,u,,,f,f,,g,a,e,p,0.5339169633809858,5
logistic_artifact_config,11017,11018,2.55,x,g,n,f,a,,w,7.49,2.63,,,n,,,f,f,,d,u,p,e,0.4684479626672199,6
logistic_artifact_config,51449,51451,3.55,x,t,o,f,p,,n,5.3,11.57,,,e,,,f,f,,d,u,e,p,0.5732977509426844,6
logistic_artifact_config,50783,50785,3.24,x,k,n,f,p,,n,4.41,10.33,,,y,,,f,f,,d,a,e,p,0.7441755570718503,6
logistic_artifact_config,20586,20588,3.09,x,d,o,f,a,c,e,4.6,6.27,,,e,,,f,f,,m,w,e,p,0.9071156809100106,5
logistic_artifact_config,30855,30857,9.54,s,,y,t,d,,o,5.33,13.14,,,w,,,t,f,,d,a,p,e,0.43629267805850197,7
logistic_artifact_config,23713,23715,4.5,f,,p,f,x,,w,5.22,7.11,,,w,,,f,f,,d,u,p,e,0.4130800379157384,7
logistic_artifact_config,50385,50387,12.47,x,e,n,t,p,,o,8.82,27.26,,,u,,,f,f,,d,a,p,e,0.11323146062810341,6
logistic_artifact_config,43077,43079,7.1,x,y,w,t,,,p,7.84,14.42,s,,w,,,t,l,,d,a,p,e,0.4117385313127193,6
logistic_artifact_config,20778,20780,3.21,x,h,o,f,a,c,e,4.12,6.22,,,e,,,f,f,,g,w,e,p,0.9100297219258603,5
logistic_artifact_config,27140,27142,11.68,s,,w,t,d,c,y,5.12,25.01,,,w,,,f,f,,d,u,e,p,0.5972042448692066,6
logistic_artifact_config,50317,50319,10.08,x,e,y,t,p,,o,8.61,29.52,,,e,,,f,f,,d,u,p,e,0.3976965368511804,6
logistic_artifact_config,45663,45665,0.84,b,g,w,f,,,g,2.39,1.18,,,w,,,f,f,,d,a,e,p,0.6265353350306689,7
logistic_artifact_config,44614,44616,8.93,b,y,n,f,,,p,15.73,18.59,,,w,,,f,f,,d,a,p,e,0.310289822476697,7
logistic_artifact_config,27998,28000,7.07,s,h,n,t,d,,g,4.47,11.89,,t,n,,,f,f,,d,u,p,e,0.292950461157518,5
logistic_artifact_config,12614,12615,1.66,x,t,y,f,d,,w,5.38,2.08,,t,y,,,f,f,,g,u,e,p,0.8756316658457873,5
logistic_artifact_config,25761,25763,8.74,x,t,e,f,x,d,w,5.54,17.71,b,,w,,,f,f,,d,u,p,e,0.35102714569914517,4
logistic_artifact_config,5762,5762,18.96,s,e,n,f,d,c,w,9.16,27.8,s,,w,,,f,f,,l,a,e,p,0.5662042987600212,4
logistic_artifact_config,8238,8238,4.43,x,,w,f,x,c,p,8.44,4.42,,,n,,,f,f,,l,a,p,e,0.46368855502011214,6
logistic_artifact_config,50647,50649,3.41,x,k,n,f,p,,y,4.18,9.95,,,y,,,f,f,,d,a,e,p,0.8584215716964708,6
logistic_artifact_config,60792,60938,1.37,x,s,y,f,f,f,f,4.87,6.38,,,y,,,f,f,,d,u,p,e,0.298122123078619,5
logistic_artifact_config,32296,32298,3.82,f,t,n,f,x,c,p,5.87,4.3,,i,g,,,f,f,,d,a,p,e,0.3039884950024375,4
logistic_artifact_config,60628,60774,1.1,f,s,y,f,f,f,f,3.62,5.27,,,y,,,f,f,,d,u,p,e,0.3568096895313615,5
logistic_artifact_config,60821,60967,1.29,s,s,y,f,f,f,f,3.67,5.03,,,y,,,f,f,,d,a,p,e,0.22555091934475166,5
logistic_artifact_config,5303,5303,8.43,x,,g,f,s,c,p,6.58,19.72,b,,u,,,f,f,,g,a,e,p,0.5328922783613849,5
logistic_artifact_config,41751,41753,1.64,b,h,n,f,a,,n,3.57,1.39,,t,n,,,f,f,,h,s,p,e,0.4511417062960533,5
logistic_artifact_config,40451,40453,6.1,x,s,n,f,s,,g,5.5,7.83,,y,n,,,f,f,,d,w,p,e,0.2784891523983781,5
logistic_artifact_config,45492,45494,3.0,b,y,n,f,,c,k,7.37,3.6,,,w,,,f,f,,d,u,e,p,0.6282945416770934,6
logistic_artifact_config,7347,7347,2.54,s,s,w,f,d,c,w,2.55,6.62,,,w,,,f,f,,g,a,p,e,0.29621425084154773,5
logistic_artifact_config,26963,26965,12.99,s,,w,t,d,c,y,5.87,26.09,,,w,,,f,f,,d,a,e,p,0.5429959980405289,6
logistic_artifact_config,39510,39512,7.02,c,e,w,t,x,c,r,5.72,12.04,,,w,,,f,f,,g,s,p,e,0.15826316922248135,5
logistic_artifact_config,8326,8326,3.91,x,,w,f,x,c,p,8.15,4.04,,,n,,,f,f,,l,a,p,e,0.46911154857323095,6
logistic_artifact_config,8018,8018,3.01,f,d,n,f,x,c,w,4.85,3.04,b,s,n,,,f,f,,d,a,p,e,0.4134367162949834,3
logistic_artifact_config,23102,23104,7.02,x,t,n,f,a,d,w,8.3,22.32,,,w,,,f,f,,d,u,p,e,0.10511126500628364,5
logistic_artifact_config,7162,7162,2.89,s,s,w,f,d,c,w,2.86,7.55,,,w,,,f,f,,g,a,p,e,0.29354375018909656,5
logistic_artifact_config,26384,26386,10.23,x,s,r,f,x,,n,5.91,18.13,,,n,,,f,f,,d,a,e,p,0.8469004163497016,6
logistic_artifact_config,44825,44827,6.83,p,y,n,f,,,p,15.6,16.81,,,w,,,f,f,,d,a,p,e,0.08138055508397322,7
logistic_artifact_config,33445,33447,13.05,x,h,n,f,s,,p,8.23,17.84,,i,n,,,f,f,,d,a,p,e,0.22012228433676867,5
logistic_artifact_config,29666,29668,4.25,f,d,g,t,d,c,p,4.91,6.64,,,n,,,f,f,,d,a,e,p,0.6041410033725048,5
logistic_artifact_config,26389,26391,11.29,f,s,n,f,x,,n,7.36,23.94,,,p,,,f,f,,d,a,e,p,0.8629074752405282,6
logistic_artifact_config,15258,15260,11.14,x,y,e,f,,,w,7.61,25.58,b,,n,,w,t,e,,d,a,e,p,0.9006784648391953,5
logistic_artifact_config,43316,43318,7.38,x,y,w,t,,,p,7.46,13.98,s,,w,,,t,l,,d,u,p,e,0.4472040157669467,6
logistic_artifact_config,50279,50281,11.5,x,e,y,t,p,,o,10.5,34.72,,,u,,,f,f,,d,u,p,e,0.2548437641764699,6
logistic_artifact_config,7442,7442,5.17,f,l,n,f,x,d,n,6.46,4.74,,,y,,,f,f,,l,a,p,e,0.32312199763256066,5
logistic_artifact_config,60601,60747,1.3,s,s,y,f,f,f,f,2.94,4.97,,,y,,,f,f,,d,a,p,e,0.2229231535739462,5
logistic_artifact_config,50145,50147,9.13,x,e,y,t,p,,o,7.04,22.45,,,u,,,f,f,,d,a,p,e,0.23580138450023122,6
logistic_artifact_config,23466,23468,3.33,s,,u,f,a,,w,4.77,8.02,,,w,,,f,f,,d,a,p,e,0.3696628266063643,7
logistic_artifact_config,11745,11746,1.43,c,g,n,t,a,,w,6.09,1.01,,,n,,,f,f,,d,u,e,p,0.5240426706959698,6
logistic_artifact_config,45732,45734,1.06,b,g,w,f,,,g,2.74,1.48,,,w,,,f,f,,d,a,e,p,0.6254198916535962,7
logistic_artifact_config,35145,35147,4.68,x,,w,f,x,c,w,8.22,9.58,b,,n,,w,t,,,g,u,e,p,0.7284699895137084,5
logistic_artifact_config,7122,7122,3.27,s,s,w,f,d,c,w,2.59,6.42,,,w,,,f,f,,g,a,p,e,0.288471956141799,5
logistic_artifact_config,22224,22226,3.97,x,,y,f,a,c,y,3.84,9.29,,,w,,,f,f,,d,a,e,p,0.663640412511086,6
logistic_artifact_config,9691,9691,1.13,x,g,w,f,a,d,w,3.44,1.6,,,n,,,f,f,,d,u,p,e,0.3941569445809484,5
logistic_artifact_config,58793,58939,19.93,x,g,o,f,p,,y,5.56,45.68,,,n,,,f,f,,d,w,p,e,0.04005970168945698,6
logistic_artifact_config,3811,3811,2.8,f,y,n,f,e,c,w,4.03,3.31,,k,w,,,t,e,,m,u,p,e,0.3942073691644789,4
logistic_artifact_config,12695,12696,1.45,x,t,y,f,d,,w,6.4,1.76,,t,y,,,f,f,,h,a,e,p,0.7713691128439648,5
logistic_artifact_config,43744,43746,9.38,x,i,n,t,e,,p,8.64,16.26,,y,w,,,t,p,,d,a,e,p,0.7986741335204345,5
logistic_artifact_config,1982,1982,4.72,x,,y,f,e,,w,5.53,11.49,b,,y,u,w,t,g,,d,u,e,p,0.7119112185409197,4
logistic_artifact_config,44478,44480,7.63,p,y,w,f,,,k,15.5,17.96,,,w,,,f,f,,d,a,p,e,0.2598612796008945,7
logistic_artifact_config,4346,4346,2.53,f,y,n,f,d,d,p,6.7,3.69,,i,n,,,f,f,,h,a,e,p,0.5766980951119807,4
logistic_artifact_config,60855,61001,1.27,x,s,y,f,f,f,f,3.79,5.48,,,y,,,f,f,,d,a,p,e,0.2613768633835331,5
logistic_artifact_config,20627,20629,3.72,x,s,e,f,a,c,o,4.61,6.78,,,e,,,f,f,,g,w,e,p,0.8707086538907078,5
logistic_artifact_config,8100,8100,2.93,f,d,b,f,x,c,w,4.76,3.24,b,s,n,,,f,f,,l,a,p,e,0.2975621358947901,3
logistic_artifact_config,7203,7203,2.16,x,s,g,f,d,c,w,2.79,6.43,,,w,,,f,f,,g,u,p,e,0.3369836797941879,5
logistic_artifact_config,58605,58751,17.27,f,s,k,f,p,,y,6.53,42.65,,,n,,,f,f,,d,a,p,e,0.19046157887278797,6
logistic_artifact_config,60877,61023,1.17,s,s,y,f,f,f,f,2.26,4.41,,,y,,,f,f,,d,u,p,e,0.25194261736267565,5
logistic_artifact_config,895,895,13.17,f,,g,f,e,,w,11.27,16.99,,,w,u,w,t,e,,d,u,p,e,0.21446992401603757,5
logistic_artifact_config,4388,4388,2.87,f,y,n,f,d,d,p,8.89,4.52,,i,n,,,f,f,,h,a,e,p,0.5828891730697915,4
logistic_artifact_config,23769,23771,4.04,x,,y,f,x,,w,5.64,7.0,,,w,,,f,f,,d,u,p,e,0.3025015804660633,7
logistic_artifact_config,9349,9349,4.06,b,g,n,f,x,d,w,4.4,3.15,,,y,,,f,f,,g,u,e,p,0.7551178986946598,5
logistic_artifact_config,45422,45424,3.35,b,y,n,f,,c,k,6.94,3.12,,,w,,,f,f,,d,a,e,p,0.5821025651826403,6
logistic_artifact_config,45780,45782,1.11,b,g,g,f,,,g,3.27,1.58,,,w,,,f,f,,d,a,e,p,0.5807311858723849,7
logistic_artifact_config,7382,7382,2.38,f,s,w,f,d,c,w,2.77,6.43,,,w,,,f,f,,g,a,p,e,0.40523145201080313,5
logistic_artifact_config,23999,24001,3.67,f,,y,f,x,,w,4.34,5.75,,,w,,,f,f,,d,a,p,e,0.32500410343248276,7
logistic_artifact_config,9398,9398,3.13,b,g,n,f,x,d,w,4.27,3.37,,,y,,,f,f,,g,a,e,p,0.7321172796727946,5
logistic_artifact_config,20638,20640,3.8,x,d,o,f,a,c,e,4.68,6.22,,,e,,,f,f,,g,a,e,p,0.977179295059565,5
logistic_artifact_config,14500,14502,4.91,f,t,o,f,a,d,w,5.82,5.07,,k,n,,,f,f,,d,w,e,p,0.7714834531934887,4
logistic_artifact_config,9264,9264,3.87,b,g,n,f,x,d,w,4.94,3.66,,,y,,,f,f,,g,u,e,p,0.7588783368685998,5
logistic_artifact_config,47764,47766,2.94,b,h,n,f,,,n,9.69,5.55,,,w,,,t,,k,g,w,p,e,0.42051447727294416,7
logistic_artifact_config,11949,11950,1.06,x,g,e,t,a,,p,4.93,0.97,,,n,,,f,f,,h,a,e,p,0.6965996561982286,6
logistic_artifact_config,23130,23132,11.63,x,t,n,f,a,d,w,9.64,27.12,,,w,,,f,f,,d,a,p,e,0.07396238408927808,5
logistic_artifact_config,8014,8014,2.39,f,d,b,f,x,c,w,3.56,2.57,b,s,n,,,f,f,,d,a,p,e,0.3925106323772213,3
logistic_artifact_config,43487,43489,10.19,p,i,n,t,e,,p,8.86,17.38,,y,w,,,t,l,,d,a,e,p,0.7100336860005443,5
logistic_artifact_config,58607,58753,19.71,x,g,n,f,p,,y,4.06,39.08,,,n,,,f,f,,d,a,p,e,0.04018100887801113,6
logistic_artifact_config,40420,40422,6.23,x,s,n,f,s,,n,5.64,7.49,,y,n,,,f,f,,d,w,p,e,0.3960447435360143,5
logistic_artifact_config,45225,45227,2.88,b,y,n,f,,c,n,6.93,2.89,,,w,,,f,f,,d,a,e,p,0.5392000158287746,6
logistic_artifact_config,28251,28253,17.0,f,t,k,t,d,c,w,4.98,25.56,,,g,,,f,f,,l,a,p,e,0.42962986571329376,5
logistic_artifact_config,9481,9481,3.46,b,g,n,f,x,d,w,4.52,3.19,,,y,,,f,f,,g,u,e,p,0.7613342390326824,5
logistic_artifact_config,16917,16919,7.77,f,h,o,f,s,,n,10.47,13.28,,i,n,,,f,f,,d,a,e,p,0.8073022692744625,5
logistic_artifact_config,897,897,12.29,f,,g,f,e,,w,11.22,15.97,,,w,u,w,t,e,,d,u,p,e,0.2223165812397138,5
logistic_artifact_config,23895,23897,3.23,f,,p,f,x,,w,5.16,6.41,,,w,,,f,f,,d,a,p,e,0.38887828423182885,7
logistic_artifact_config,50271,50273,10.93,x,e,y,t,p,,e,8.68,23.56,,,u,,,f,f,,d,u,p,e,0.41971635893160963,6
logistic_artifact_config,32295,32297,3.39,f,t,n,f,x,c,p,5.08,3.96,,i,g,,,f,f,,d,u,p,e,0.34196863154193785,4
logistic_artifact_config,23335,23337,2.53,s,,u,f,a,,w,4.99,7.72,,,w,,,f,f,,d,u,p,e,0.42063427516655316,7
logistic_artifact_config,27960,27962,6.2,s,h,n,t,d,,w,4.65,11.93,,t,g,,,f,f,,d,a,p,e,0.050424770389874814,5
logistic_artifact_config,9210,9210,3.55,b,g,w,f,x,d,w,4.24,2.87,,,y,,,f,f,,g,u,e,p,0.8277512687941593,5
logistic_artifact_config,7318,7318,3.33,f,s,g,f,d,c,w,3.09,8.06,,,w,,,f,f,,g,a,p,e,0.34906586216970176,5
logistic_artifact_config,785,785,12.22,x,,n,f,e,,w,10.8,14.88,,,w,u,w,t,e,,d,a,p,e,0.12728208149804215,5
logistic_artifact_config,23206,23208,7.83,x,t,n,f,a,d,w,6.98,25.53,,,w,,,f,f,,d,a,p,e,0.08472679103392507,5
logistic_artifact_config,11704,11705,1.04,x,g,e,t,a,,p,6.36,0.99,,,n,,,f,f,,d,u,e,p,0.7735606267240613,6
logistic_artifact_config,50742,50744,2.97,x,k,n,f,p,,n,4.68,10.14,,,n,,,f,f,,d,a,e,p,0.7307625287674813,6
logistic_artifact_config,9532,9532,1.12,x,g,w,f,a,d,w,3.44,1.7,,,n,,,f,f,,d,a,p,e,0.35520360306494003,5
logistic_artifact_config,51478,51480,4.45,x,t,o,f,p,,n,6.08,11.73,,,e,,,f,f,,d,a,e,p,0.524156141655864,6
logistic_artifact_config,27811,27813,6.94,x,d,n,t,d,c,w,6.35,9.33,,,n,,,f,f,,d,a,p,e,0.47643135654627466,5
logistic_artifact_config,23343,23345,2.69,f,,u,f,a,,w,3.56,6.12,,,w,,,f,f,,d,a,p,e,0.4864548154028094,7
logistic_artifact_config,60753,60899,1.24,x,s,y,f,f,f,f,2.48,4.69,,,y,,,f,f,,d,a,p,e,0.256749829533,5
logistic_artifact_config,21940,21942,4.76,x,,y,f,a,c,y,4.24,8.43,,,w,,,f,f,,d,u,e,p,0.6928515440128638,6
logistic_artifact_config,16776,16778,7.67,f,g,o,f,s,,y,8.6,12.2,,i,n,,,f,f,,d,a,e,p,0.9084374704134252,5
logistic_artifact_config,23062,23064,11.75,x,t,n,f,a,d,w,10.38,30.73,,,w,,,f,f,,d,a,p,e,0.07437191378982029,5
logistic_artifact_config,25536,25538,8.29,f,t,e,f,x,d,w,6.11,17.24,b,,w,,,f,f,,d,u,p,e,0.4250579856325791,4
logistic_artifact_config,35273,35275,5.04,x,,n,f,x,c,n,7.79,8.19,b,,n,,w,t,,,d,a,e,p,0.6631803649256891,5
logistic_artifact_config,40351,40353,6.93,x,s,n,f,s,,g,5.13,6.98,,y,n,,,f,f,,d,w,p,e,0.268469093380973,5
logistic_artifact_config,40323,40325,8.12,x,t,n,f,s,,g,5.72,7.59,,y,n,,,f,f,,d,w,p,e,0.4916740410657372,5
logistic_artifact_config,5724,5724,13.35,f,e,n,f,d,c,w,8.1,24.09,s,,w,,,f,f,,d,a,e,p,0.8066989804226925,4
logistic_artifact_config,43701,43703,10.89,x,i,n,t,e,,p,9.09,18.44,,y,w,,,t,p,,l,a,e,p,0.7086406716626519,5
logistic_artifact_config,7334,7334,3.67,f,s,g,f,d,c,w,2.99,6.38,,,w,,,f,f,,g,u,p,e,0.3834318154894488,5
logistic_artifact_config,32356,32358,3.54,f,t,n,f,x,c,p,6.02,3.68,,i,g,,,f,f,,g,u,p,e,0.4393645463008988,4
logistic_artifact_config,23239,23241,11.11,x,t,n,f,a,d,w,11.78,33.87,,,w,,,f,f,,d,a,p,e,0.07857038025836575,5
logistic_artifact_config,25510,25512,7.66,f,t,e,f,x,d,w,5.63,16.82,b,,w,,,f,f,,d,u,p,e,0.43088307763590467,4
logistic_artifact_config,7866,7866,3.52,f,d,n,f,x,c,w,4.46,3.15,b,s,n,,,f,f,,d,u,p,e,0.44580250191077914,3
logistic_artifact_config,20598,20600,4.57,x,d,o,f,a,c,e,5.57,7.36,,,e,,,f,f,,g,u,e,p,0.9801670737294185,5
logistic_artifact_config,21892,21894,4.06,x,,y,f,a,c,y,4.59,10.05,,,w,,,f,f,,d,u,e,p,0.701854014264974,6
logistic_artifact_config,22978,22980,11.19,x,t,n,f,a,d,w,9.59,29.62,,,w,,,f,f,,d,a,p,e,0.07536885009132856,5
logistic_artifact_config,20518,20520,2.9,x,d,p,f,a,c,e,4.15,6.08,,,o,,,f,f,,g,u,e,p,0.6790169024450601,5
logistic_artifact_config,60726,60872,1.18,s,s,y,f,f,f,f,4.11,5.09,,,y,,,f,f,,d,a,p,e,0.2281031548585967,5
logistic_artifact_config,28060,28062,6.99,s,h,n,t,d,,g,4.43,11.75,,t,n,,,f,f,,d,a,p,e,0.26029780863222274,5
logistic_artifact_config,50397,50399,12.24,x,e,y,t,p,,o,8.33,31.34,,,e,,,f,f,,d,u,p,e,0.3692357746221144,6
logistic_artifact_config,12395,12396,1.7,x,t,y,f,d,,w,6.93,2.03,,t,y,,,f,f,,g,a,e,p,0.8598269160896868,5
logistic_artifact_config,11946,11947,0.99,x,g,e,t,a,,w,6.24,1.06,,,n,,,f,f,,d,u,e,p,0.790550877599595,6
logistic_artifact_config,22977,22979,12.13,x,t,n,f,a,d,w,12.9,37.07,,,w,,,f,f,,d,u,p,e,0.08878646966730204,5
logistic_artifact_config,7998,7998,3.88,f,d,b,f,x,c,w,4.89,3.06,b,s,n,,,f,f,,d,a,p,e,0.3801787364959841,3
logistic_artifact_config,25506,25508,8.24,f,t,e,f,x,d,w,6.72,17.86,b,,w,,,f,f,,d,u,p,e,0.42858302893119954,4
logistic_artifact_config,23246,23248,11.1,x,t,n,f,a,d,w,11.19,34.23,,,w,,,f,f,,d,u,p,e,0.09057349731071192,5
logistic_artifact_config,54058,54060,6.06,s,d,y,f,d,c,o,3.29,6.48,,,o,,,f,f,,h,a,p,e,0.4027079480317808,5
logistic_artifact_config,33199,33201,15.39,x,s,n,f,s,,p,8.71,18.58,,i,n,,,f,f,,d,u,p,e,0.1830013699715804,5
logistic_artifact_config,7166,7166,2.49,s,s,g,f,d,c,w,2.79,7.42,,,w,,,f,f,,g,u,p,e,0.29184207945553864,5
logistic_artifact_config,27178,27180,10.32,s,,w,t,d,c,y,6.07,24.49,,,w,,,f,f,,d,u,e,p,0.6188590707052918,6
logistic_artifact_config,23785,23787,4.61,x,,b,f,x,,w,5.06,6.23,,,w,,,f,f,,d,u,p,e,0.15322358912635722,7
logistic_artifact_config,43636,43638,9.88,x,i,n,t,e,,p,9.47,18.36,,y,w,,,t,l,,l,a,e,p,0.5872113317257489,5
logistic_artifact_config,23128,23130,10.39,x,t,n,f,a,d,w,10.19,25.23,,,w,,,f,f,,d,a,p,e,0.07945093440859445,5
logistic_artifact_config,60754,60900,1.25,s,s,y,f,f,f,f,3.83,5.55,,,y,,,f,f,,d,u,p,e,0.25695806101892876,5
logistic_artifact_config,39453,39455,6.03,c,e,y,t,x,c,r,6.18,13.05,,,w,,,f,f,,d,a,p,e,0.4243240401800913,5
logistic_artifact_config,36336,36338,4.42,x,h,n,f,x,c,w,4.71,5.32,,y,n,,,t,r,,d,u,e,p,0.5945101537788038,4
logistic_artifact_config,16769,16771,8.05,f,t,o,f,s,,n,8.81,11.4,,i,n,,,f,f,,d,a,e,p,0.893030066671368,5
logistic_artifact_config,44696,44698,7.8,b,y,n,f,,,p,14.93,17.49,,,w,,,f,f,,d,a,p,e,0.31981552517077566,7
logistic_artifact_config,20699,20701,2.73,x,h,o,f,a,c,o,3.81,6.1,,,e,,,f,f,,m,a,e,p,0.9363849166356608,5
logistic_artifact_config,792,792,11.14,x,,n,f,e,,w,10.54,11.28,,,w,u,w,t,e,,d,a,p,e,0.13341388439506813,5
logistic_artifact_config,12625,12626,1.75,x,t,y,f,a,,w,7.54,2.32,,t,y,,,f,f,,h,a,e,p,0.558785790087399,5
logistic_artifact_config,10288,10289,3.06,b,g,g,f,a,d,g,5.75,2.86,,s,n,,,f,f,,d,a,e,p,0.7702645412354866,4
logistic_artifact_config,32405,32407,3.46,f,t,n,f,x,c,p,5.52,3.7,,i,g,,,f,f,,d,u,p,e,0.3431664306550531,4
logistic_artifact_config,7173,7173,2.82,f,s,w,f,d,c,w,2.89,6.55,,,w,,,f,f,,g,u,p,e,0.44085452055112445,5
logistic_artifact_config,45474,45476,3.4,b,y,n,f,,c,k,6.99,3.39,,,w,,,f,f,,d,u,e,p,0.6216176242022295,6
logistic_artifact_config,9366,9366,3.32,b,g,w,f,x,d,w,3.96,2.71,,,y,,,f,f,,g,a,e,p,0.8036933257706184,5
logistic_artifact_config,23340,23342,4.79,f,,u,f,a,,w,4.36,8.33,,,w,,,f,f,,d,a,p,e,0.4625436304197774,7
logistic_artifact_config,58454,58600,9.72,f,d,k,f,p,,y,3.93,27.55,,,n,,,f,f,,d,w,p,e,0.12323627633767863,6
logistic_artifact_config,24223,24225,8.04,x,,e,f,x,c,w,7.03,16.62,,s,w,,,f,f,,d,a,e,p,0.5009161119824328,5
logistic_artifact_config,7891,7891,3.09,f,d,n,f,x,c,w,4.53,2.58,b,s,n,,,f,f,,d,a,p,e,0.410943645398814,3
logistic_artifact_config,44545,44547,7.53,p,y,n,f,,,k,14.65,16.88,,,w,,,f,f,,d,a,p,e,0.18579402342571805,7
logistic_artifact_config,7324,7324,2.66,f,s,g,f,d,c,w,2.83,7.62,,,w,,,f,f,,g,u,p,e,0.39508109214518367,5
logistic_artifact_config,43485,43487,10.38,x,i,n,t,e,,p,9.49,17.7,,y,w,,,t,p,,l,a,e,p,0.7158833816053529,5
logistic_artifact_config,790,790,11.87,x,,g,f,e,,w,11.32,16.4,,,w,u,w,t,g,,d,u,p,e,0.16563438001477498,5
logistic_artifact_config,46502,46504,5.07,f,,y,f,x,c,n,6.91,4.43,,,w,,,f,f,,d,u,e,p,0.5295453170128243,6
logistic_artifact_config,28005,28007,6.97,s,t,n,t,d,,w,4.39,11.53,,t,n,,,f,f,,d,u,p,e,0.4229195281587916,5
logistic_artifact_config,11989,11990,0.81,c,g,e,t,a,,p,5.11,0.99,,,n,,,f,f,,d,a,e,p,0.8553210866060853,6
logistic_artifact_config,23216,23218,9.51,x,t,n,f,a,d,w,12.47,34.61,,,w,,,f,f,,d,a,p,e,0.08591717980111191,5
logistic_artifact_config,43462,43464,10.33,x,i,n,t,e,,p,9.06,17.06,,y,w,,,t,p,,l,a,e,p,0.7147566359713725,5
logistic_artifact_config,28062,28064,8.08,s,h,g,t,d,,g,4.63,12.56,,t,n,,,f,f,,d,a,p,e,0.29459722406599714,5
logistic_artifact_config,43476,43478,9.77,p,i,n,t,e,,p,8.6,16.91,,y,w,,,t,p,,d,a,e,p,0.8190379391724767,5
logistic_artifact_config,49185,49187,7.23,x,d,e,t,p,,y,4.9,11.98,,,e,,,f,f,,d,u,e,p,0.5900230056606063,6
logistic_artifact_config,8092,8092,4.47,f,d,b,f,x,c,w,5.1,3.55,b,s,n,,,f,f,,l,a,p,e,0.28225885709832205,3
logistic_artifact_config,43302,43304,7.44,x,y,w,t,,,p,8.19,14.38,s,,w,,,t,l,,d,a,p,e,0.40911767983103986,6
logistic_artifact_config,43616,43618,10.57,x,i,n,t,e,,p,9.25,19.11,,y,w,,,t,l,,l,a,e,p,0.5771892760151229,5
logistic_artifact_config,60796,60942,1.35,x,s,y,f,f,f,f,4.21,5.91,,,y,,,f,f,,d,u,p,e,0.2956511527320872,5
logistic_artifact_config,50654,50656,3.55,x,k,n,f,p,,e,5.03,9.68,,,y,,,f,f,,d,a,e,p,0.8266503001767807,6
logistic_artifact_config,23374,23376,3.09,s,,u,f,a,,w,4.25,6.88,,,w,,,f,f,,d,u,p,e,0.4100319931762111,7
logistic_artifact_config,5744,5744,13.44,f,e,g,f,a,c,w,8.0,23.37,s,,w,,,f,f,,l,a,e,p,0.5606390682417923,4
logistic_artifact_config,778,778,12.17,f,,n,f,e,,w,11.16,15.44,,,w,u,w,t,e,,d,a,p,e,0.16264453897652376,5
logistic_artifact_config,5612,5612,7.02,f,,g,f,s,c,g,6.52,17.85,b,,u,,,f,f,,d,a,e,p,0.5872762944555452,5
logistic_artifact_config,7073,7073,2.52,x,s,w,f,d,c,w,2.63,7.15,,,w,,,f,f,,g,a,p,e,0.3381683555961569,5
logistic_artifact_config,51635,51637,19.92,p,d,e,f,p,,n,15.05,35.6,s,y,w,,,f,f,,d,u,e,p,0.5548719659281832,4
logistic_artifact_config,27981,27983,9.25,s,h,n,t,d,,g,4.77,13.88,,t,n,,,f,f,,d,a,p,e,0.2390488104522665,5
logistic_artifact_config,9426,9426,2.84,b,g,w,f,x,d,w,4.74,2.79,,,y,,,f,f,,g,a,e,p,0.8100501943247351,5
logistic_artifact_config,60705,60851,1.32,s,s,y,f,f,f,f,4.33,5.93,,,y,,,f,f,,d,u,p,e,0.2581183201267997,5
logistic_artifact_config,797,797,13.65,x,,n,f,e,,w,11.38,16.39,,,w,u,w,t,e,,d,u,p,e,0.13907550629651264,5
logistic_artifact_config,20707,20709,4.61,x,s,o,f,a,c,e,5.26,7.41,,,e,,,f,f,,m,u,e,p,0.9626301608975155,5
logistic_artifact_config,43445,43447,10.48,x,i,n,t,e,,p,8.95,16.62,,y,w,,,t,p,,l,a,e,p,0.7127592547868918,5
logistic_artifact_config,9509,9509,2.31,b,g,w,f,x,d,w,4.02,2.39,,,y,,,f,f,,g,a,e,p,0.8121518109199405,5
logistic_artifact_config,10435,10436,3.17,b,g,n,f,a,d,g,5.06,3.1,,s,n,,,f,f,,d,u,e,p,0.7561600970896518,4
logistic_artifact_config,45723,45725,1.2,b,g,g,f,,,g,3.31,1.65,,,w,,,f,f,,d,u,e,p,0.6197821442559012,7
logistic_artifact_config,9324,9324,3.58,b,g,n,f,x,d,w,4.96,3.5,,,y,,,f,f,,g,u,e,p,0.7617496442909971,5
logistic_artifact_config,50668,50670,3.86,x,k,n,f,p,,y,5.19,9.79,,,y,,,f,f,,d,a,e,p,0.8580191831882069,6
logistic_artifact_config,23046,23048,10.34,x,t,n,f,a,d,w,8.58,28.07,,,w,,,f,f,,d,u,p,e,0.08991816756935124,5
logistic_artifact_config,44577,44579,6.66,b,y,n,f,,,p,12.87,16.41,,,w,,,f,f,,d,a,p,e,0.3240540245871818,7
logistic_artifact_config,50296,50298,11.8,x,e,n,t,p,,e,6.75,27.46,,,e,,,f,f,,d,a,p,e,0.33192137536440014,6
logistic_artifact_config,7217,7217,2.79,f,s,w,f,d,c,w,3.15,7.68,,,w,,,f,f,,g,u,p,e,0.44233063183042437,5
logistic_artifact_config,7483,7483,4.03,f,l,n,f,x,d,e,5.26,4.53,,,y,,,f,f,,l,a,p,e,0.4487475252227233,5
logistic_artifact_config,16750,16752,7.81,f,t,o,f,s,,y,8.1,11.89,,i,o,,,f,f,,d,a,e,p,0.7761447639189237,5
logistic_artifact_config,9475,9475,3.13,b,g,n,f,x,d,w,4.34,3.33,,,y,,,f,f,,g,a,e,p,0.7323977347907591,5
logistic_artifact_config,15415,15417,8.32,f,y,y,f,,,w,6.91,25.14,b,,n,,w,t,e,,d,a,e,p,0.8055380995885996,5
logistic_artifact_config,16670,16672,7.33,f,t,o,f,s,,n,9.88,13.42,,i,o,,,f,f,,d,a,e,p,0.6353905029636259,5
logistic_artifact_config,25494,25496,8.61,f,h,e,f,x,d,w,5.42,17.82,b,,w,,,f,f,,d,a,p,e,0.22512288087365415,4
logistic_artifact_config,8337,8337,3.65,f,,n,f,x,c,p,7.61,3.44,,,n,,,f,f,,l,u,p,e,0.47591659783420753,6
logistic_artifact_config,9394,9394,3.49,b,g,w,f,x,d,w,4.72,3.12,,,y,,,f,f,,g,a,e,p,0.8046380533838622,5
logistic_artifact_config,7808,7808,3.62,f,d,b,f,x,c,w,4.8,3.28,b,s,n,,,f,f,,l,a,p,e,0.29019706424356756,3
logistic_artifact_config,12495,12496,1.31,x,g,n,f,d,,w,4.93,1.82,,t,y,,,f,f,,d,u,e,p,0.5578147528427482,5
logistic_artifact_config,6997,6997,4.1,x,,r,f,d,,r,6.23,7.33,,,r,,,f,f,,d,u,e,p,0.9813626875103166,7
logistic_artifact_config,23111,23113,12.11,x,t,n,f,a,d,w,11.76,34.02,,,w,,,f,f,,d,a,p,e,0.07481342554908578,5
logistic_artifact_config,7140,7140,3.34,f,s,w,f,d,c,w,3.41,7.64,,,w,,,f,f,,g,a,p,e,0.3959888543895374,5
logistic_artifact_config,45424,45426,2.74,b,y,n,f,,c,k,6.04,2.91,,,w,,,f,f,,d,u,e,p,0.6253733191267867,6
logistic_artifact_config,55761,55763,14.2,f,,g,f,d,c,y,2.59,16.93,,,w,,,f,f,,d,a,e,p,0.7028922334052246,6
logistic_artifact_config,58756,58902,23.41,f,s,n,f,p,,y,5.45,38.48,,,n,,,f,f,,d,w,p,e,0.008153217017890488,6
logistic_artifact_config,50453,50455,11.4,x,e,y,t,p,,o,9.11,33.79,,,u,,,f,f,,d,u,p,e,0.25070166486335,6
logistic_artifact_config,50139,50141,10.27,x,e,y,t,p,,o,6.57,22.85,,,u,,,f,f,,d,u,p,e,0.25376592471107673,6
logistic_artifact_config,50418,50420,9.61,x,e,n,t,p,,e,7.72,24.74,,,e,,,f,f,,d,u,p,e,0.4022204176617432,6
logistic_artifact_config,11656,11657,0.81,f,g,e,t,a,,w,5.13,0.9,,,n,,,f,f,,d,u,e,p,0.8309913807671903,6
logistic_artifact_config,23988,23990,4.75,f,,b,f,x,,w,5.43,6.54,,,w,,,f,f,,d,a,p,e,0.16805860264986006,7
logistic_artifact_config,16607,16609,7.98,f,h,o,f,s,,y,7.93,11.22,,i,o,,,f,f,,d,a,e,p,0.6213625483652031,5
logistic_artifact_config,25543,25545,7.73,f,t,e,f,x,d,w,6.25,17.94,b,,w,,,f,f,,d,u,p,e,0.4328333073856983,4
logistic_artifact_config,795,795,13.26,f,,g,f,e,,w,11.18,17.57,,,w,u,w,t,g,,d,a,p,e,0.17032531914130078,5
logistic_artifact_config,4521,4521,2.65,f,y,n,f,d,d,p,4.93,3.37,,i,n,,,f,f,,h,a,e,p,0.5665273293131238,4
logistic_artifact_config,10969,10970,2.47,x,g,n,f,a,,p,7.17,2.65,,,w,,,f,f,,d,u,p,e,0.1319873307128532,6
logistic_artifact_config,36126,36128,5.96,x,h,n,f,x,c,n,6.4,6.68,,y,n,,,t,r,,d,a,e,p,0.7050153164074898,4
logistic_artifact_config,23265,23267,11.2,x,t,n,f,a,d,w,9.96,30.1,,,w,,,f,f,,d,u,p,e,0.08837596891047131,5
logistic_artifact_config,22162,22164,4.32,x,,y,f,a,c,y,5.86,10.68,,,w,,,f,f,,d,a,e,p,0.6683306930345259,6
logistic_artifact_config,60812,60958,1.19,x,s,y,f,f,f,f,3.28,5.79,,,y,,,f,f,,d,u,p,e,0.29354502913355063,5
logistic_artifact_config,50759,50761,2.52,x,k,n,f,p,,e,3.81,8.83,,,y,,,f,f,,d,a,e,p,0.8309492669967771,6
logistic_artifact_config,50251,50253,10.44,x,e,y,t,p,,o,7.87,23.52,,,u,,,f,f,,d,u,p,e,0.25692840676419904,6
logistic_artifact_config,55615,55617,11.66,f,,g,f,d,c,y,2.58,14.04,,,w,,,f,f,,d,a,e,p,0.7303606750697592,6
logistic_artifact_config,30735,30737,6.33,s,,y,t,d,,o,5.4,12.8,,,w,,,t,f,,d,a,p,e,0.47854757251761876,7
logistic_artifact_config,60727,60873,1.2,s,s,y,f,f,f,f,3.73,5.57,,,y,,,f,f,,d,u,p,e,0.25707468000584205,5
logistic_artifact_config,24155,24157,6.23,x,,e,f,x,c,w,5.68,12.88,,s,w,,,f,f,,d,a,e,p,0.5185912045674276,5
logistic_artifact_config,9697,9697,1.05,x,g,w,f,a,d,w,3.02,1.49,,,n,,,f,f,,l,u,p,e,0.29915033575009775,5
logistic_artifact_config,29823,29825,3.99,s,d,p,t,d,c,p,5.56,6.76,,,n,,,f,f,,d,a,e,p,0.675743393072689,5
logistic_artifact_config,5891,5891,11.33,x,e,g,f,a,c,w,6.15,22.3,s,,w,,,f,f,,l,a,e,p,0.5103169805919302,4
logistic_artifact_config,7470,7470,4.18,f,l,n,f,x,d,n,4.99,4.55,,,y,,,f,f,,d,u,p,e,0.4669065407967212,5
logistic_artifact_config,33499,33501,12.95,x,s,y,f,s,,p,7.1,17.58,,i,n,,,f,f,,d,a,p,e,0.30422682707295395,5
logistic_artifact_config,23779,23781,3.73,x,,p,f,x,,w,4.61,6.53,,,w,,,f,f,,d,a,p,e,0.3172381394951329,7
logistic_artifact_config,23069,23071,11.39,x,t,n,f,a,d,w,10.67,29.78,,,w,,,f,f,,d,a,p,e,0.07613964050915586,5
logistic_artifact_config,1007,1007,10.96,f,,g,f,e,,w,11.09,14.59,,,w,u,w,t,g,,d,u,p,e,0.2149561503770356,5
logistic_artifact_config,60763,60909,1.28,x,s,y,f,f,f,f,3.44,5.09,,,y,,,f,f,,d,a,p,e,0.2599775101023172,5
logistic_artifact_config,5218,5218,9.11,f,,u,f,s,c,u,6.71,19.36,,,u,,,f,f,,d,a,e,p,0.7298919295505529,6
logistic_artifact_config,14724,14726,4.02,f,t,n,f,a,d,y,5.36,4.97,,k,n,,,f,f,,d,w,e,p,0.8043713034608698,4
logistic_artifact_config,15506,15508,11.55,x,y,n,f,,,w,6.64,24.88,b,,n,,w,t,e,,d,a,e,p,0.5572926979429366,5
logistic_artifact_config,26913,26915,12.23,s,,w,t,d,c,y,6.64,26.56,,,w,,,f,f,,d,a,e,p,0.5566179331964517,6
logistic_artifact_config,16925,16927,8.59,f,h,n,f,s,,y,10.18,12.96,,i,n,,,f,f,,d,a,e,p,0.6984365628626431,5
logistic_artifact_config,30420,30422,7.37,s,t,p,t,d,c,o,4.74,16.97,,,w,,,f,f,,d,a,e,p,0.503214274976775,5
logistic_artifact_config,28047,28049,8.71,s,h,g,t,d,,g,4.83,13.51,,t,n,,,f,f,,d,a,p,e,0.2884471462265086,5
logistic_artifact_config,35076,35078,3.96,x,,n,f,x,c,n,7.51,8.14,b,,n,,w,t,,,g,u,e,p,0.7850202496107053,5
logistic_artifact_config,27880,27882,6.29,x,d,n,t,d,c,w,7.5,8.25,,,n,,,f,f,,d,a,p,e,0.4909057709571178,5
logistic_artifact_config,29865,29867,3.27,f,d,p,t,d,c,p,4.89,6.34,,,n,,,f,f,,d,a,e,p,0.7734198468839322,5
logistic_artifact_config,7683,7683,3.85,f,l,n,f,x,d,n,5.99,4.87,,,n,,,f,f,,d,u,p,e,0.4540196817268817,5
logistic_artifact_config,11201,11202,2.28,x,g,n,f,a,,p,6.85,2.48,,,w,,,f,f,,d,u,p,e,0.13241139868110255,6
logistic_artifact_config,45295,45297,3.11,b,y,n,f,,c,k,6.51,2.83,,,w,,,f,f,,d,u,e,p,0.6230332740105529,6
logistic_artifact_config,23337,23339,3.99,s,,u,f,a,,w,4.47,6.7,,,w,,,f,f,,d,u,p,e,0.39972699736700784,7
logistic_artifact_config,28056,28058,8.04,s,t,n,t,d,,g,4.48,12.6,,t,g,,,f,f,,d,a,p,e,0.10619253332201886,5
logistic_artifact_config,43647,43649,9.43,x,i,n,t,e,,p,8.92,17.32,,y,w,,,t,p,,l,a,e,p,0.7237050532822131,5
logistic_artifact_config,15051,15053,9.59,x,s,e,f,d,d,w,9.25,12.34,,i,n,,,t,,w,d,a,e,p,0.5822699574096244,4
logistic_artifact_config,23052,23054,10.58,x,t,n,f,a,d,w,11.01,27.67,,,w,,,f,f,,d,u,p,e,0.09293704086776142,5
logistic_artifact_config,45696,45698,1.11,b,g,w,f,,,g,2.91,1.42,,,w,,,f,f,,d,a,e,p,0.6256119215690973,7
logistic_artifact_config,58488,58634,19.5,x,d,n,f,p,,y,4.37,40.92,,,n,,,f,f,,d,w,p,e,0.011453955136801289,6
logistic_artifact_config,5792,5792,15.89,f,e,g,f,a,c,w,7.51,23.46,s,,w,,,f,f,,d,a,e,p,0.6277205378710531,4
logistic_artifact_config,7222,7222,3.19,x,s,w,f,d,c,w,3.04,7.85,,,w,,,f,f,,g,u,p,e,0.37001841841760597,5
logistic_artifact_config,36326,36328,6.93,x,h,n,f,x,c,w,6.23,6.61,,y,n,,,t,r,,d,a,e,p,0.5283262021578852,4
logistic_artifact_config,4410,4410,2.65,f,y,n,f,d,d,p,6.12,3.43,,i,n,,,f,f,,h,u,e,p,0.6126151237503502,4
logistic_artifact_config,3712,3712,3.03,f,y,w,f,e,c,w,4.61,3.66,,k,w,,,t,e,,d,u,p,e,0.4489013958857815,4
logistic_artifact_config,26830,26832,11.45,s,,w,t,d,c,y,5.74,24.26,,,w,,,f,f,,d,u,e,p,0.6032123471302268,6
logistic_artifact_config,26949,26951,10.14,s,,w,t,d,c,y,5.19,23.04,,,w,,,f,f,,d,u,e,p,0.617173073620444,6
logistic_artifact_config,20575,20577,3.34,x,s,p,f,a,c,o,4.46,6.73,,,e,,,f,f,,m,u,e,p,0.9037331471298784,5
logistic_artifact_config,20505,20507,2.66,x,s,e,f,a,c,e,4.62,5.8,,,e,,,f,f,,m,u,e,p,0.9816926330799659,5
logistic_artifact_config,751,751,13.05,x,,n,f,e,,w,10.87,15.08,,,w,u,w,t,g,,d,u,p,e,0.128744180625936,5
logistic_artifact_config,51872,51874,17.76,p,d,e,f,p,,n,16.48,36.28,s,y,w,,,f,f,,d,u,e,p,0.589541156203799,4
logistic_artifact_config,7183,7183,2.38,s,s,g,f,d,c,w,2.82,7.44,,,w,,,f,f,,g,u,p,e,0.2931599772734345,5
logistic_artifact_config,20640,20642,3.1,x,s,p,f,a,c,e,3.61,6.13,,,o,,,f,f,,g,a,e,p,0.5306811389820737,5
logistic_artifact_config,20803,20805,3.28,x,s,e,f,a,c,e,4.22,6.25,,,e,,,f,f,,g,u,e,p,0.984420479568821,5
logistic_artifact_config,33313,33315,13.95,x,s,n,f,s,,p,8.05,16.55,,i,n,,,f,f,,d,u,p,e,0.1927493802763175,5
logistic_artifact_config,50416,50418,10.66,x,e,y,t,p,,o,8.03,27.42,,,u,,,f,f,,d,u,p,e,0.2548120768338532,6
logistic_artifact_config,20760,20762,3.73,x,d,e,f,a,c,o,4.4,6.21,,,e,,,f,f,,g,w,e,p,0.9122240095768374,5
logistic_artifact_config,5834,5834,14.54,f,e,g,f,d,c,w,9.1,24.61,s,,w,,,f,f,,d,a,e,p,0.8335415115937496,4
logistic_artifact_config,30454,30456,8.72,s,t,o,t,d,c,o,6.35,16.68,,,w,,,f,f,,d,u,e,p,0.6116305720770926,5
logistic_artifact_config,30478,30480,9.65,s,t,o,t,d,c,o,5.76,18.1,,,w,,,f,f,,d,u,e,p,0.5968767769884661,5
logistic_artifact_config,1801,1801,6.4,x,,y,f,e,,w,5.71,11.43,b,,y,u,w,t,g,,d,u,e,p,0.694243166522454,4
logistic_artifact_config,50495,50497,3.58,x,k,n,f,p,,e,4.21,9.76,,,y,,,f,f,,d,a,e,p,0.8240471439356859,6
logistic_artifact_config,14820,14822,4.64,x,t,n,f,a,d,y,8.37,6.52,,k,n,,,f,f,,d,s,e,p,0.7476213338858574,4
logistic_artifact_config,22204,22206,4.38,x,,y,f,a,c,y,4.44,10.12,,,w,,,f,f,,d,a,e,p,0.6613782661672228,6
logistic_artifact_config,44498,44500,7.29,p,y,n,f,,,k,12.84,16.98,,,w,,,f,f,,d,a,p,e,0.1822334943082901,7
logistic_artifact_config,7408,7408,2.84,s,s,w,f,d,c,w,3.25,8.1,,,w,,,f,f,,g,u,p,e,0.33151152459177013,5
logistic_artifact_config,7180,7180,2.79,f,s,w,f,d,c,w,2.77,6.95,,,w,,,f,f,,g,a,p,e,0.3999601709949041,5
logistic_artifact_config,40446,40448,8.07,x,s,n,f,s,,g,6.21,8.22,,y,n,,,f,f,,d,w,p,e,0.2608482491805289,5
logistic_artifact_config,60848,60994,1.22,f,s,y,f,f,f,f,3.49,5.65,,,y,,,f,f,,d,u,p,e,0.35470571359696107,5
logistic_artifact_config,23710,23712,2.31,x,,p,f,x,,w,3.95,6.06,,,w,,,f,f,,d,u,p,e,0.3686714624118778,7
logistic_artifact_config,23461,23463,4.15,s,,u,f,a,,w,3.85,6.04,,,w,,,f,f,,d,a,p,e,0.35576531246862914,7
logistic_artifact_config,15255,15257,14.58,f,y,y,f,,,w,7.64,28.44,b,,n,,w,t,e,,d,a,e,p,0.7511098131675823,5
logistic_artifact_config,25470,25472,7.52,x,h,e,f,x,d,w,6.61,17.32,b,,w,,,f,f,,d,u,p,e,0.22014320408446708,4
logistic_artifact_config,5499,5499,6.53,x,,g,f,s,c,g,5.22,17.56,b,,u,,,f,f,,d,a,e,p,0.5188794637005026,5
logistic_artifact_config,26127,26129,10.2,f,s,u,f,x,,n,6.79,22.27,,,n,,,f,f,,d,u,e,p,0.699578219399182,6
logistic_artifact_config,14681,14683,5.76,f,t,o,f,a,d,y,7.61,5.8,,s,o,,,f,f,,d,a,e,p,0.6913687805390184,4
logistic_artifact_config,36075,36077,6.23,x,h,n,f,x,c,n,5.65,6.47,,y,n,,,t,r,,d,u,e,p,0.7328354342641653,4
logistic_artifact_config,60820,60966,1.07,s,s,y,f,f,f,f,3.93,5.78,,,y,,,f,f,,d,a,p,e,0.2284005219199229,5
logistic_artifact_config,23253,23255,10.43,x,t,n,f,a,d,w,11.69,29.28,,,w,,,f,f,,d,u,p,e,0.09466828408218862,5
logistic_artifact_config,25521,25523,7.68,f,h,e,f,x,d,w,5.54,16.88,b,,w,,,f,f,,d,a,p,e,0.23431416114903417,4
logistic_artifact_config,33531,33533,12.31,x,h,w,f,s,,p,8.09,16.88,,i,n,,,f,f,,d,a,p,e,0.30825124115229563,5
logistic_artifact_config,60634,60780,1.21,x,s,y,f,f,f,f,3.54,5.78,,,y,,,f,f,,d,u,p,e,0.2944092983543787,5
logistic_artifact_config,58750,58896,19.98,x,s,o,f,p,,y,5.19,27.8,,,n,,,f,f,,d,a,p,e,0.09152717396313269,6
logistic_artifact_config,23243,23245,10.62,x,t,n,f,a,d,w,9.61,28.78,,,w,,,f,f,,d,u,p,e,0.09036217590992436,5
logistic_artifact_config,26246,26248,9.58,s,s,u,f,x,,n,6.16,21.72,,,n,,,f,f,,d,a,e,p,0.5572709172409164,6
logistic_artifact_config,22185,22187,3.53,x,,y,f,a,c,y,4.23,9.56,,,w,,,f,f,,d,a,e,p,0.6704690749466191,6
logistic_artifact_config,8400,8400,4.43,x,,n,f,x,c,p,8.47,3.97,,,n,,,f,f,,l,a,p,e,0.3625159877918358,6
logistic_artifact_config,9217,9217,3.84,b,g,w,f,x,d,w,4.43,3.35,,,y,,,f,f,,g,a,e,p,0.8007791093267994,5
logistic_artifact_config,14756,14758,5.17,x,t,o,f,a,d,y,6.25,5.71,,s,n,,,f,f,,d,w,e,p,0.7003692055655946,4
logistic_artifact_config,45769,45771,1.17,b,g,g,f,,,g,2.82,1.81,,,w,,,f,f,,d,u,e,p,0.617812077604908,7
logistic_artifact_config,5164,5164,8.79,f,,u,f,s,c,u,7.79,18.07,,,u,,,f,f,,d,a,e,p,0.7375821574891772,6
logistic_artifact_config,11988,11989,1.04,x,g,e,t,a,,w,6.37,1.09,,,n,,,f,f,,d,u,e,p,0.7905434091004117,6
logistic_artifact_config,11892,11893,0.91,c,g,n,t,a,,p,5.25,0.98,,,n,,,f,f,,d,u,e,p,0.5018057741104214,6
logistic_artifact_config,20574,20576,3.38,x,d,e,f,a,c,o,3.91,6.38,,,e,,,f,f,,m,a,e,p,0.9693278074053487,5
logistic_artifact_config,25547,25549,7.7,x,t,e,f,x,d,w,6.0,17.02,b,,w,,,f,f,,d,a,p,e,0.328056274086973,4
logistic_artifact_config,14482,14484,6.38,f,h,n,f,a,d,y,9.15,7.3,,k,n,,,f,f,,d,a,e,p,0.8739851870321139,4
logistic_artifact_config,45481,45483,3.01,b,y,n,f,,c,k,6.5,2.56,,,w,,,f,f,,d,u,e,p,0.6242646929152544,6
logistic_artifact_config,55679,55681,6.95,f,,l,f,d,c,y,2.19,11.84,,,w,,,f,f,,d,a,e,p,0.5716011133875784,6
logistic_artifact_config,25711,25713,6.89,f,h,e,f,x,d,w,6.02,16.87,b,,w,,,f,f,,d,a,p,e,0.24361438000983335,4
logistic_artifact_config,11788,11789,0.84,f,g,e,t,a,,w,4.93,0.96,,,n,,,f,f,,h,u,e,p,0.7999822919359013,6
logistic_artifact_config,45432,45434,3.61,b,y,n,f,,c,k,6.6,2.8,,,w,,,f,f,,d,u,e,p,0.6172724579710811,6
logistic_artifact_config,10984,10985,2.44,x,g,n,f,a,,p,7.15,2.41,,,n,,,f,f,,d,a,p,e,0.4028452363219204,6
logistic_artifact_config,45251,45253,2.72,b,y,n,f,,c,n,6.67,2.9,,,w,,,f,f,,d,u,e,p,0.581064153894729,6
logistic_artifact_config,31020,31022,8.74,s,,y,t,d,,o,4.69,12.36,,,w,,,t,f,,d,a,p,e,0.4436299663058414,7
logistic_artifact_config,35251,35253,4.9,x,,n,f,x,c,n,8.6,9.03,b,,n,,w,t,,,g,a,e,p,0.7502859743513177,5
logistic_artifact_config,10479,10480,4.39,b,g,g,f,a,d,g,6.09,3.92,,s,n,,,f,f,,d,u,e,p,0.7879794713487305,4
logistic_artifact_config,9302,9302,3.51,b,g,w,f,x,d,w,3.7,2.93,,,y,,,f,f,,g,u,e,p,0.8264991139291066,5
logistic_artifact_config,58649,58795,17.85,x,d,k,f,p,,y,5.47,40.51,,,n,,,f,f,,d,w,p,e,0.06630774285416974,6
logistic_artifact_config,58554,58700,22.63,f,d,k,f,p,,y,6.16,40.92,,,n,,,f,f,,d,a,p,e,0.2147150145552091,6
logistic_artifact_config,11135,11136,2.03,x,g,n,f,a,,p,3.88,2.08,,,w,,,f,f,,d,a,p,e,0.10980824826690556,6
logistic_artifact_config,23945,23947,3.3,x,,b,f,x,,w,4.67,6.06,,,w,,,f,f,,d,a,p,e,0.1400103753426673,7
logistic_artifact_config,54325,54327,5.32,s,d,y,f,d,c,o,3.95,6.71,,,o,,,f,f,,d,a,p,e,0.4647133445994288,5
logistic_artifact_config,9447,9447,3.53,b,g,n,f,x,d,w,4.39,3.13,,,y,,,f,f,,g,a,e,p,0.728483284711334,5
logistic_artifact_config,43484,43486,10.44,x,i,n,t,e,,p,9.07,17.71,,y,w,,,t,p,,l,a,e,p,0.7135234495004699,5
logistic_artifact_config,7112,7112,2.38,x,s,g,f,d,c,w,2.9,7.28,,,w,,,f,f,,g,u,p,e,0.3347618543406212,5
logistic_artifact_config,8147,8147,3.3,x,,n,f,x,c,p,8.34,4.23,,,n,,,f,f,,d,a,p,e,0.47738761507892474,6
logistic_artifact_config,7582,7582,4.47,f,l,n,f,x,d,y,5.63,5.16,,,n,,,f,f,,l,a,p,e,0.48478287658220004,5
logistic_artifact_config,29776,29778,3.62,f,d,n,t,d,c,p,5.58,6.88,,,n,,,f,f,,d,u,e,p,0.6012850340842689,5
logistic_artifact_config,7768,7768,3.24,f,d,n,f,x,c,w,4.16,2.84,b,s,n,,,f,f,,l,u,p,e,0.3484037023254793,3
logistic_artifact_config,28072,28074,7.41,s,h,g,t,d,,g,4.74,12.3,,t,n,,,f,f,,d,u,p,e,0.33878104951119875,5
logistic_artifact_config,26290,26292,8.15,f,s,n,f,x,,n,5.5,19.67,,,p,,,f,f,,d,w,e,p,0.659647058617123,6
logistic_artifact_config,43704,43706,10.14,x,i,n,t,e,,p,9.33,18.23,,y,w,,,t,p,,d,a,e,p,0.7942132905876893,5
logistic_artifact_config,58740,58886,23.1,x,g,k,f,p,,y,6.0,47.18,,,n,,,f,f,,d,w,p,e,0.05102296893492127,6
logistic_artifact_config,26350,26352,10.8,s,s,u,f,x,,n,6.95,20.51,,,p,,,f,f,,d,w,e,p,0.7681151515356527,6
logistic_artifact_config,7406,7406,2.61,s,s,w,f,d,c,w,2.59,6.14,,,w,,,f,f,,g,a,p,e,0.2956853007728279,5
logistic_artifact_config,23393,23395,3.55,s,,u,f,a,,w,5.4,9.28,,,w,,,f,f,,d,u,p,e,0.4093456514492683,7
logistic_artifact_config,9608,9608,0.9,x,g,w,f,a,d,w,2.38,1.16,,,n,,,f,f,,l,a,p,e,0.2644674516300971,5
logistic_artifact_config,45536,45538,1.14,b,g,g,f,,,g,3.53,1.52,,,w,,,f,f,,d,a,e,p,0.5816254277307007,7
logistic_artifact_config,910,910,13.55,x,,g,f,e,,w,10.93,14.4,,,w,u,w,t,g,,d,a,p,e,0.13257112235360113,5
logistic_artifact_config,7339,7339,3.26,x,s,w,f,d,c,w,2.96,8.04,,,w,,,f,f,,g,a,p,e,0.3308417593987266,5
logistic_artifact_config,29983,29985,4.17,s,d,u,t,d,c,p,4.94,6.62,,,n,,,f,f,,d,u,e,p,0.7342096233298763,5
logistic_artifact_config,23566,23568,3.77,s,,u,f,a,,w,4.38,7.28,,,w,,,f,f,,d,u,p,e,0.4019726453521983,7
logistic_artifact_config,7906,7906,4.38,f,d,b,f,x,c,w,5.37,3.6,b,s,n,,,f,f,,l,a,p,e,0.28431021530955697,3
logistic_artifact_config,25546,25548,6.09,f,h,e,f,x,d,w,6.67,17.17,b,,w,,,f,f,,d,a,p,e,0.2538641223734108,4
logistic_artifact_config,20583,20585,3.27,x,d,o,f,a,c,o,4.03,6.56,,,e,,,f,f,,g,a,e,p,0.9536459429989051,5
logistic_artifact_config,25568,25570,7.38,x,h,e,f,x,d,w,4.86,15.78,b,,w,,,f,f,,d,a,p,e,0.18873258237343207,4
logistic_artifact_config,30389,30391,6.99,s,t,p,t,d,c,o,5.06,16.66,,,w,,,f,f,,d,a,e,p,0.5098635254882156,5
logistic_artifact_config,45602,45604,1.4,b,g,g,f,,,g,3.79,1.71,,,w,,,f,f,,d,a,e,p,0.5795332981295936,7
logistic_artifact_config,9233,9233,2.87,b,g,w,f,x,d,w,3.78,2.38,,,y,,,f,f,,g,a,e,p,0.8068731412238476,5
logistic_artifact_config,9241,9241,4.0,b,g,w,f,x,d,w,5.26,3.2,,,y,,,f,f,,g,u,e,p,0.8272583745244614,5
logistic_artifact_config,28169,28171,6.92,s,t,g,t,d,,w,4.59,13.4,,t,g,,,f,f,,d,u,p,e,0.13616258966042974,5
logistic_artifact_config,44504,44506,8.18,p,y,n,f,,,p,16.46,18.36,,,w,,,f,f,,d,a,p,e,0.07737494083895682,7
logistic_artifact_config,50542,50544,3.04,x,k,n,f,p,,n,4.43,10.07,,,n,,,f,f,,d,a,e,p,0.7290597150171905,6
logistic_artifact_config,944,944,12.68,f,,n,f,e,,w,11.46,16.85,,,w,u,w,t,e,,d,a,p,e,0.15969832200762982,5
logistic_artifact_config,9292,9292,3.87,b,g,w,f,x,d,w,5.02,3.18,,,y,,,f,f,,g,a,e,p,0.8024270224054187,5
logistic_artifact_config,9872,9873,0.97,x,g,w,f,a,d,w,3.02,1.57,,,n,,,f,f,,d,a,p,e,0.35510344058121335,5
logistic_artifact_config,878,878,12.03,x,,g,f,e,,w,10.73,11.43,,,w,u,w,t,e,,d,a,p,e,0.15589875454840238,5
logistic_artifact_config,1953,1953,6.5,x,,w,f,e,,w,5.79,13.27,b,,y,u,w,t,g,,d,u,e,p,0.6215041806772357,4
logistic_artifact_config,23792,23794,4.16,x,,p,f,x,,w,5.72,6.59,,,w,,,f,f,,d,a,p,e,0.3171497360506285,7
logistic_artifact_config,5961,5961,11.65,f,e,n,f,d,c,w,7.62,24.0,s,,w,,,f,f,,l,a,e,p,0.7485996020634099,4
logistic_artifact_config,50308,50310,8.54,x,e,y,t,p,,e,6.92,20.52,,,u,,,f,f,,d,u,p,e,0.4424002730934373,6
logistic_artifact_config,12589,12590,1.56,x,t,y,f,d,,w,6.47,1.69,,t,y,,,f,f,,d,u,e,p,0.8291216976224443,5
logistic_artifact_config,45544,45546,0.96,b,g,g,f,,,g,3.08,1.53,,,w,,,f,f,,d,u,e,p,0.6216871710029689,7
logistic_artifact_config,9205,9205,3.58,b,g,n,f,x,d,w,4.36,3.34,,,y,,,f,f,,g,u,e,p,0.7595821696109508,5
logistic_artifact_config,45354,45356,2.42,b,y,n,f,,c,n,5.99,2.56,,,w,,,f,f,,d,u,e,p,0.5816450774818046,6
logistic_artifact_config,27629,27631,7.33,x,d,n,t,d,c,w,8.13,9.25,,,n,,,f,f,,d,a,p,e,0.4802277638742625,5
logistic_artifact_config,25618,25620,7.08,x,h,e,f,x,d,w,4.73,16.9,b,,w,,,f,f,,d,a,p,e,0.19063420049846527,4
logistic_artifact_config,33240,33242,10.96,x,s,n,f,s,,p,7.21,17.97,,i,n,,,f,f,,d,a,p,e,0.1885061024498037,5
logistic_artifact_config,15328,15330,7.57,x,y,y,f,,,w,6.39,24.11,b,,n,,w,t,e,,d,a,e,p,0.7638536064537159,5
logistic_artifact_config,7412,7412,2.58,s,s,w,f,d,c,w,2.91,6.97,,,w,,,f,f,,g,a,p,e,0.2972287402231333,5
logistic_artifact_config,9183,9183,3.54,b,g,n,f,x,d,w,4.45,2.72,,,y,,,f,f,,g,u,e,p,0.76037447767987,5
logistic_artifact_config,29114,29116,4.82,s,,n,t,d,c,b,5.26,5.39,,,n,,,f,f,,d,u,p,e,0.41521223198734364,6
logistic_artifact_config,45226,45228,2.83,b,y,n,f,,c,k,6.51,2.83,,,w,,,f,f,,d,a,e,p,0.5866983746708826,6
logistic_artifact_config,19599,19601,2.38,x,y,o,f,a,,o,3.08,5.17,,,o,,,f,f,,h,a,p,e,0.2867805400982283,6
logistic_artifact_config,15448,15450,10.22,f,y,e,f,,,w,6.59,25.06,b,,n,,w,t,e,,d,w,e,p,0.7687791839383198,5
logistic_artifact_config,30567,30569,9.0,s,t,p,t,d,c,o,6.0,17.58,,,w,,,f,f,,d,u,e,p,0.5296700555552869,5
logistic_artifact_config,44679,44681,8.87,b,y,w,f,,,p,16.87,19.26,,,w,,,f,f,,d,a,p,e,0.4125651712686954,7
logistic_artifact_config,50190,50192,11.11,x,e,y,t,p,,o,9.04,32.71,,,e,,,f,f,,d,a,p,e,0.34758380366381253,6
logistic_artifact_config,60786,60932,1.19,x,s,y,f,f,f,f,3.79,5.93,,,y,,,f,f,,d,u,p,e,0.2956474466675945,5
logistic_artifact_config,12386,12387,1.58,x,s,y,f,d,,w,6.05,2.25,,t,y,,,f,f,,h,a,e,p,0.545278715402942,5
logistic_artifact_config,26222,26224,10.78,f,s,u,f,x,,n,7.02,21.22,,,p,,,f,f,,d,w,e,p,0.8413592373345289,6
logistic_artifact_config,11690,11691,0.97,f,g,e,t,a,,w,5.43,1.06,,,n,,,f,f,,h,u,e,p,0.800479824273997,6
logistic_artifact_config,27696,27698,6.68,s,d,n,t,d,c,w,6.78,9.97,,,n,,,f,f,,d,a,p,e,0.4343407660644496,5
logistic_artifact_config,11655,11656,0.99,c,g,e,t,a,,w,6.1,0.97,,,n,,,f,f,,h,u,e,p,0.8644623458574482,6
logistic_artifact_config,43607,43609,10.3,p,i,n,t,e,,p,8.37,16.19,,y,w,,,t,p,,d,a,e,p,0.8142533754951742,5
logistic_artifact_config,6844,6844,4.83,x,,w,f,a,,r,6.07,7.61,,,r,,,f,f,,d,u,e,p,0.7139125713105843,7
logistic_artifact_config,44761,44763,8.81,p,y,w,f,,,k,16.29,18.87,,,w,,,f,f,,d,a,p,e,0.25095438983279134,7
logistic_artifact_config,58476,58622,20.97,f,g,k,f,p,,y,4.98,42.21,,,n,,,f,f,,d,w,p,e,0.07235977999904224,6
logistic_artifact_config,9686,9686,0.87,x,g,w,f,a,d,w,2.16,1.22,,,n,,,f,f,,d,u,p,e,0.3913650468396846,5
logistic_artifact_config,23071,23073,12.31,x,t,n,f,a,d,w,11.19,31.94,,,w,,,f,f,,d,a,p,e,0.07340955701073397,5
logistic_artifact_config,45412,45414,2.7,b,y,n,f,,c,n,6.38,2.64,,,w,,,f,f,,d,a,e,p,0.5388571626425009,6
logistic_artifact_config,22179,22181,3.37,x,,y,f,a,c,y,4.26,8.67,,,w,,,f,f,,d,u,e,p,0.7082239112637109,6
logistic_artifact_config,43627,43629,10.66,x,i,n,t,e,,p,9.67,18.66,,y,w,,,t,p,,l,a,e,p,0.7134793247094167,5
logistic_artifact_config,43531,43533,11.08,p,i,n,t,e,,p,8.91,17.79,,y,w,,,t,l,,l,a,e,p,0.6063837279533103,5
logistic_artifact_config,12684,12685,1.73,x,t,y,f,a,,w,7.13,2.06,,t,y,,,f,f,,g,a,e,p,0.6963056433835141,5
logistic_artifact_config,23511,23513,4.3,f,,u,f,a,,w,4.75,8.13,,,w,,,f,f,,d,a,p,e,0.4709331269644652,7
logistic_artifact_config,12586,12587,1.47,x,g,y,f,d,,w,6.37,1.74,,t,y,,,f,f,,d,u,e,p,0.7294449696079794,5
logistic_artifact_config,4290,4290,2.39,s,y,n,f,d,d,p,6.93,3.12,,i,n,,,f,f,,h,u,e,p,0.5049253806758645,4
logistic_artifact_config,7887,7887,3.6,f,d,n,f,x,c,w,5.0,2.94,b,s,n,,,f,f,,l,a,p,e,0.3110841570298202,3
logistic_artifact_config,915,915,13.54,x,,g,f,e,,w,10.97,16.48,,,w,u,w,t,e,,d,a,p,e,0.14589170047762084,5
logistic_artifact_config,51855,51857,18.39,p,d,e,f,p,,n,16.61,35.27,s,y,w,,,f,f,,d,a,e,p,0.5412678474374346,4
logistic_artifact_config,44650,44652,9.36,b,y,w,f,,,p,16.17,18.59,,,w,,,f,f,,d,a,p,e,0.4030738022527902,7
logistic_artifact_config,834,834,11.73,f,,n,f,e,,w,10.51,12.96,,,w,u,w,t,g,,d,u,p,e,0.17202254501788952,5
logistic_artifact_config,28041,28043,6.96,s,h,r,t,d,,w,4.52,13.04,,t,g,,,f,f,,d,a,p,e,0.36866659309086686,5
logistic_artifact_config,5726,5726,15.17,f,e,g,f,a,c,w,8.61,25.58,s,,w,,,f,f,,l,a,e,p,0.5407803426610657,4
logistic_artifact_config,9379,9379,3.13,b,g,n,f,x,d,w,4.35,3.35,,,y,,,f,f,,g,a,e,p,0.7324342220866291,5
logistic_artifact_config,43757,43759,9.0,x,i,n,t,e,,p,8.53,14.75,,y,w,,,t,l,,d,a,e,p,0.6899250166835799,5
logistic_artifact_config,23141,23143,10.1,x,t,n,f,a,d,w,14.74,33.58,,,w,,,f,f,,d,a,p,e,0.08711760876751451,5
logistic_artifact_config,7114,7114,2.28,f,s,w,f,d,c,w,2.73,7.12,,,w,,,f,f,,g,a,p,e,0.40618791523415215,5
logistic_artifact_config,23448,23450,6.08,s,,u,f,a,,w,4.64,7.92,,,w,,,f,f,,d,u,p,e,0.3742774230127371,7
logistic_artifact_config,23992,23994,3.92,f,,p,f,x,,w,3.91,5.61,,,w,,,f,f,,d,a,p,e,0.3745444452392037,7
logistic_artifact_config,23868,23870,2.56,f,,b,f,x,,w,4.58,6.2,,,w,,,f,f,,d,a,p,e,0.18225708795453996,7
logistic_artifact_config,43768,43770,9.02,x,i,n,t,e,,p,9.24,18.29,,y,w,,,t,p,,l,a,e,p,0.7291252188742819,5
logistic_artifact_config,30927,30929,7.63,s,,y,t,d,,o,4.5,12.92,,,w,,,t,f,,d,a,p,e,0.45703042895565843,7
logistic_artifact_config,25463,25465,7.7,f,t,e,f,x,d,w,5.62,17.99,b,,w,,,f,f,,d,u,p,e,0.4301157388259497,4
logistic_artifact_config,3704,3704,3.57,f,y,w,f,e,c,w,4.54,3.29,,k,w,,,t,e,,m,a,p,e,0.44847102986403753,4
logistic_artifact_config,44776,44778,7.6,p,y,n,f,,,k,15.71,17.51,,,w,,,f,f,,d,a,p,e,0.1883960769831131,7
logistic_artifact_config,27885,27887,8.77,s,h,n,t,d,,w,4.66,14.21,,t,n,,,f,f,,d,u,p,e,0.24268213625745128,5
logistic_artifact_config,19473,19475,2.86,f,s,o,f,a,,o,3.42,5.67,,,o,,,f,f,,h,a,p,e,0.34840865565342355,6
logistic_artifact_config,15474,15476,11.37,f,y,e,f,,,w,8.41,27.75,b,,n,,w,t,e,,d,w,e,p,0.7641453854703648,5
logistic_artifact_config,21957,21959,4.93,x,,y,f,a,c,y,4.51,10.72,,,w,,,f,f,,d,a,e,p,0.6550952704021171,6
logistic_artifact_config,20682,20684,3.48,x,h,p,f,a,c,e,4.19,6.09,,,e,,,f,f,,m,a,e,p,0.9565616158441459,5
logistic_artifact_config,30479,30481,7.05,s,t,o,t,d,c,o,5.58,17.06,,,w,,,f,f,,d,u,e,p,0.6286088526324726,5
logistic_artifact_config,22102,22104,3.24,x,,y,f,a,c,y,3.43,8.81,,,w,,,f,f,,d,u,e,p,0.7061755294664034,6
logistic_artifact_config,44651,44653,7.66,p,y,w,f,,,k,14.57,17.12,,,w,,,f,f,,d,a,p,e,0.2561069922161174,7
logistic_artifact_config,1006,1006,13.09,x,,g,f,e,,w,11.08,16.48,,,w,u,w,t,g,,d,a,p,e,0.1355559086296419,5
logistic_artifact_config,33532,33534,10.17,x,s,w,f,s,,p,7.49,17.54,,i,n,,,f,f,,d,u,p,e,0.30457471421604004,5
logistic_artifact_config,9652,9652,0.97,x,g,w,f,a,d,w,2.58,1.3,,,n,,,f,f,,d,u,p,e,0.3921038745936804,5
logistic_artifact_config,21929,21931,3.88,x,,y,f,a,c,y,4.98,9.81,,,w,,,f,f,,d,u,e,p,0.705491088958496,6
logistic_artifact_config,50265,50267,10.76,x,e,y,t,p,,o,9.98,29.29,,,e,,,f,f,,d,u,p,e,0.3957495775015607,6
logistic_artifact_config,7296,7296,3.25,x,s,w,f,d,c,w,2.57,6.67,,,w,,,f,f,,g,u,p,e,0.3672873187877725,5
logistic_artifact_config,9603,9603,0.88,x,g,w,f,a,d,w,2.39,1.4,,,n,,,f,f,,l,a,p,e,0.2646779503959481,5
logistic_artifact_config,58732,58878,21.39,x,s,o,f,p,,y,6.11,52.15,,,n,,,f,f,,d,w,p,e,0.024680519273985214,6
logistic_artifact_config,26422,26424,11.96,f,s,r,f,x,,n,8.6,26.58,,,n,,,f,f,,d,w,e,p,0.653810524005561,6
logistic_artifact_config,43736,43738,9.72,p,i,n,t,e,,p,9.05,17.97,,y,w,,,t,l,,d,a,e,p,0.7157831266453362,5
logistic_artifact_config,22022,22024,4.12,x,,y,f,a,c,y,4.33,10.04,,,w,,,f,f,,d,a,e,p,0.6639531310623581,6
logistic_artifact_config,6242,6242,7.03,f,,n,f,d,c,w,6.34,9.85,b,,n,,,f,f,,l,w,p,e,0.39436324982003546,5
logistic_artifact_config,1999,1999,6.95,x,,y,f,e,,w,6.25,13.53,b,,y,u,w,t,g,,d,u,e,p,0.6900721656177181,4
logistic_artifact_config,51344,51346,4.0,x,t,o,f,p,,n,4.81,9.85,,,e,,,f,f,,d,a,e,p,0.5240416503127229,6
logistic_artifact_config,45803,45805,1.32,b,g,g,f,,,g,3.76,1.85,,,w,,,f,f,,d,a,e,p,0.5803871055995534,7
logistic_artifact_config,50646,50648,4.68,x,k,n,f,p,,e,4.3,9.71,,,n,,,f,f,,d,a,e,p,0.80202663876574,6
logistic_artifact_config,58535,58681,19.93,x,g,e,f,p,,y,5.18,37.5,,,n,,,f,f,,d,w,p,e,0.07337473144580349,6
logistic_artifact_config,15457,15459,6.97,f,y,y,f,,,w,7.13,26.84,b,,n,,w,t,e,,d,w,e,p,0.5465417889392047,5
logistic_artifact_config,33418,33420,14.22,x,s,y,f,s,,p,7.7,18.5,,i,n,,,f,f,,d,u,p,e,0.32831719575983026,5
logistic_artifact_config,39397,39399,5.01,c,e,y,t,x,c,r,6.53,11.65,,,w,,,f,f,,d,s,p,e,0.16388926715876545,5
logistic_artifact_config,47690,47692,3.28,b,h,n,f,,,n,9.75,5.15,,,w,,,t,,k,g,w,p,e,0.41652686879941947,7
logistic_artifact_config,34986,34988,3.45,x,,n,f,x,c,n,7.89,10.01,b,,n,,w,t,,,g,a,e,p,0.7615932903538188,5
logistic_artifact_config,47934,47936,3.49,b,h,n,f,,,n,8.99,5.45,,,w,,,t,,k,g,w,p,e,0.41010749980696,7
logistic_artifact_config,50257,50259,10.5,x,e,y,t,p,,o,10.57,29.32,,,u,,,f,f,,d,u,p,e,0.2659705097952203,6
logistic_artifact_config,23562,23564,3.53,f,,u,f,a,,w,4.83,6.25,,,w,,,f,f,,d,a,p,e,0.48175906565835913,7
logistic_artifact_config,8027,8027,3.46,f,d,b,f,x,c,w,4.37,2.85,b,s,n,,,f,f,,d,a,p,e,0.3829649270519539,3
logistic_artifact_config,20775,20777,3.18,x,h,p,f,a,c,e,4.63,6.8,,,o,,,f,f,,g,u,e,p,0.6432682400704319,5
logistic_artifact_config,29873,29875,3.19,s,d,u,t,d,c,p,4.45,5.73,,,n,,,f,f,,d,a,e,p,0.7092166215253802,5
logistic_artifact_config,54096,54098,6.3,s,d,y,f,d,c,o,4.56,6.84,,,o,,,f,f,,d,u,p,e,0.49651595922506553,5
logistic_artifact_config,60631,60777,1.35,f,s,y,f,f,f,f,3.48,6.14,,,y,,,f,f,,d,a,p,e,0.31591174738648775,5
logistic_artifact_config,6966,6966,5.3,x,,w,f,a,,r,6.44,7.67,,,r,,,f,f,,d,a,e,p,0.6748716794527498,7
logistic_artifact_config,28209,28211,7.51,s,h,g,t,d,,w,4.6,14.32,,t,r,,,f,f,,d,u,p,e,0.4132190203178266,5
logistic_artifact_config,60893,61039,1.2,s,s,y,f,f,f,f,3.32,5.04,,,y,,,f,f,,d,u,p,e,0.2555805305379227,5
logistic_artifact_config,25460,25462,8.65,f,t,e,f,x,d,w,6.93,19.29,b,,w,,,f,f,,d,u,p,e,0.42409419381812224,4
logistic_artifact_config,9442,9442,4.43,b,g,w,f,x,d,w,5.12,3.5,,,y,,,f,f,,g,a,e,p,0.7980057125901939,5
logistic_artifact_config,22090,22092,3.44,x,,y,f,a,c,y,3.54,8.56,,,w,,,f,f,,d,a,e,p,0.6686139822246385,6
logistic_artifact_config,28545,28547,9.59,s,t,k,t,d,c,b,4.56,24.12,,,g,,,f,f,,g,a,p,e,0.3891791696063335,5
logistic_artifact_config,23412,23414,4.44,s,,u,f,a,,w,4.49,6.87,,,w,,,f,f,,d,u,p,e,0.3941324921583708,7
logistic_artifact_config,40326,40328,6.26,x,s,n,f,s,,g,5.3,7.76,,y,n,,,f,f,,d,w,p,e,0.2760111595750556,5
logistic_artifact_config,25448,25450,7.87,f,h,e,f,x,d,w,6.19,17.27,b,,w,,,f,f,,d,u,p,e,0.26609538746259276,4
logistic_artifact_config,51818,51820,16.52,p,d,e,f,p,,n,14.65,35.4,s,y,w,,,f,f,,d,a,e,p,0.5558610626449279,4
logistic_artifact_config,44493,44495,8.09,b,y,n,f,,,p,15.6,17.72,,,w,,,f,f,,d,a,p,e,0.31938412793450544,7
logistic_artifact_config,29732,29734,2.14,s,d,p,t,d,c,p,4.09,6.55,,,n,,,f,f,,d,a,e,p,0.6904483014698699,5
logistic_artifact_config,23659,23661,2.76,f,,b,f,x,,w,4.77,6.11,,,w,,,f,f,,d,u,p,e,0.207354608450041,7
logistic_artifact_config,20641,20643,3.0,x,s,o,f,a,c,o,4.35,6.69,,,e,,,f,f,,g,w,e,p,0.7854270467029761,5
logistic_artifact_config,58552,58698,18.04,f,s,k,f,p,,y,5.55,33.73,,,n,,,f,f,,d,w,p,e,0.05681097800944473,6
logistic_artifact_config,30869,30871,10.49,s,,y,t,d,,o,5.3,12.73,,,w,,,t,f,,d,a,p,e,0.42397788038453466,7
logistic_artifact_config,60702,60848,1.35,s,s,y,f,f,f,f,3.44,5.49,,,y,,,f,f,,d,u,p,e,0.25447891288620894,5
logistic_artifact_config,28176,28178,7.08,s,t,g,t,d,,g,4.5,12.54,,t,g,,,f,f,,d,a,p,e,0.1353783840680297,5
logistic_artifact_config,36248,36250,5.47,x,h,n,f,x,c,w,4.69,5.47,,y,n,,,t,r,,d,a,e,p,0.5399449341542835,4
logistic_artifact_config,60871,61017,1.23,s,s,y,f,f,f,f,3.57,6.22,,,y,,,f,f,,d,u,p,e,0.2560749252999211,5
logistic_artifact_config,5299,5299,9.62,x,,g,f,s,c,g,8.81,22.43,b,,u,,,f,f,,g,a,e,p,0.5941776577063682,5
logistic_artifact_config,51363,51365,3.74,x,t,o,f,p,,n,5.61,11.44,,,e,,,f,f,,d,a,e,p,0.5311614379167185,6
logistic_artifact_config,7174,7174,3.34,s,s,g,f,d,c,w,3.64,7.42,,,w,,,f,f,,g,u,p,e,0.28616090107691255,5
logistic_artifact_config,20588,20590,3.0,x,d,o,f,a,c,e,4.25,6.49,,,o,,,f,f,,m,a,e,p,0.665262935472056,5
logistic_artifact_config,9549,9549,1.03,x,g,w,f,a,d,w,3.65,1.7,,,n,,,f,f,,d,a,p,e,0.35725311664538234,5
logistic_artifact_config,44487,44489,7.54,b,y,w,f,,,p,12.04,16.24,,,w,,,f,f,,d,a,p,e,0.4065891638732836,7
logistic_artifact_config,25569,25571,7.77,f,h,e,f,x,d,w,6.78,18.71,b,,w,,,f,f,,d,a,p,e,0.23770663026842392,4
logistic_artifact_config,39257,39259,4.83,c,e,w,t,x,c,p,4.61,11.17,,,w,,,f,f,,g,s,p,e,0.20384389951564494,5
logistic_artifact_config,25687,25689,6.79,f,h,e,f,x,d,w,6.42,17.79,b,,w,,,f,f,,d,a,p,e,0.24594700309448156,4
logistic_artifact_config,22945,22947,11.47,x,t,n,f,a,d,w,11.2,31.23,,,w,,,f,f,,d,u,p,e,0.08917268800214413,5
logistic_artifact_config,43240,43242,7.01,x,y,w,t,,,w,8.34,14.71,s,,w,,,t,l,,d,u,p,e,0.4810421622589667,6
logistic_artifact_config,23456,23458,4.3,s,,u,f,a,,w,4.34,7.8,,,w,,,f,f,,d,a,p,e,0.3559228413977673,7
logistic_artifact_config,727,727,12.74,x,,g,f,e,,w,11.16,15.27,,,w,u,w,t,g,,d,a,p,e,0.1380181966904553,5
logistic_artifact_config,12525,12526,1.34,x,t,y,f,a,,w,6.07,2.03,,t,y,,,f,f,,d,a,e,p,0.6057314493591351,5
logistic_artifact_config,29920,29922,3.2,s,d,u,t,d,c,p,4.45,5.38,,,n,,,f,f,,d,u,e,p,0.7423331781259571,5
logistic_artifact_config,60852,60998,1.07,x,s,y,f,f,f,f,3.39,5.23,,,y,,,f,f,,d,u,p,e,0.29539542192271784,5
logistic_artifact_config,28076,28078,7.99,s,t,n,t,d,,w,4.42,12.05,,t,n,,,f,f,,d,a,p,e,0.37028275237285047,5
logistic_artifact_config,1056,1056,11.26,x,,g,f,e,,w,10.72,11.31,,,w,u,w,t,g,,d,u,p,e,0.16892742249124199,5
logistic_artifact_config,22036,22038,2.75,x,,y,f,a,c,y,3.71,8.71,,,w,,,f,f,,d,u,e,p,0.712655253272944,6
logistic_artifact_config,4269,4269,2.4,f,y,n,f,d,d,p,4.99,2.77,,i,n,,,f,f,,h,u,e,p,0.6104702028389276,4
logistic_artifact_config,737,737,12.48,f,,g,f,e,,w,11.04,17.03,,,w,u,w,t,e,,d,a,p,e,0.19257180183637213,5
logistic_artifact_config,9699,9699,1.17,x,g,w,f,a,d,w,3.42,1.65,,,n,,,f,f,,l,a,p,e,0.26569383621346665,5
logistic_artifact_config,11757,11758,0.96,c,g,e,t,a,,w,5.29,0.98,,,n,,,f,f,,d,a,e,p,0.8667168400898521,6
logistic_artifact_config,26988,26990,12.39,s,,w,t,d,c,y,6.5,24.92,,,w,,,f,f,,d,a,e,p,0.5541351246472288,6
logistic_artifact_config,15421,15423,9.76,f,y,e,f,,,w,5.07,21.19,b,,n,,w,t,e,,d,a,e,p,0.924604852408278,5
logistic_artifact_config,25504,25506,7.08,f,t,e,f,x,d,w,5.6,17.25,b,,w,,,f,f,,d,u,p,e,0.4381510359039454,4
logistic_artifact_config,15341,15343,7.81,x,y,y,f,,,w,6.91,25.85,b,,n,,w,t,e,,d,a,e,p,0.7632346902831668,5
logistic_artifact_config,11926,11927,1.34,c,g,e,t,a,,w,6.2,1.07,,,n,,,f,f,,h,u,e,p,0.8625217670090249,6
logistic_artifact_config,56409,56411,7.6,o,e,n,f,,c,o,1.46,15.71,,,n,,,f,f,,d,w,p,e,0.30872728410665684,6
logistic_artifact_config,7865,7865,3.19,f,d,n,f,x,c,w,3.43,2.34,b,s,n,,,f,f,,l,u,p,e,0.3457655461083877,3
logistic_artifact_config,54291,54293,5.01,s,d,y,f,d,c,o,3.64,6.47,,,o,,,f,f,,h,u,p,e,0.45880306228377277,5
logistic_artifact_config,50553,50555,3.97,x,k,n,f,p,,y,5.07,10.16,,,n,,,f,f,,d,a,e,p,0.845725695352134,6
logistic_artifact_config,5827,5827,13.99,x,e,g,f,d,c,w,10.39,28.66,s,,w,,,f,f,,d,w,e,p,0.5192439595771396,4
logistic_artifact_config,23223,23225,9.27,x,t,n,f,a,d,w,10.36,27.51,,,w,,,f,f,,d,u,p,e,0.0977618916778071,5
logistic_artifact_config,60915,61061,1.25,x,s,y,f,f,f,f,4.4,6.61,,,y,,,f,f,,d,a,p,e,0.26379176501332,5
logistic_artifact_config,43431,43433,9.5,x,i,n,t,e,,p,8.96,17.41,,y,w,,,t,p,,d,a,e,p,0.7985599324949652,5
logistic_artifact_config,40275,40277,5.84,x,s,n,f,s,,g,5.42,8.2,,y,n,,,f,f,,d,w,p,e,0.2808666412240853,5
logistic_artifact_config,45464,45466,2.86,b,y,n,f,,c,n,6.93,3.02,,,w,,,f,f,,d,u,e,p,0.5805199885419307,6
logistic_artifact_config,50223,50225,12.01,x,e,n,t,p,,o,9.07,28.48,,,u,,,f,f,,d,a,p,e,0.11610666991140145,6
logistic_artifact_config,22109,22111,3.61,x,,y,f,a,c,y,2.77,7.13,,,w,,,f,f,,d,a,e,p,0.663420465297515,6
logistic_artifact_config,30659,30661,8.46,s,t,p,t,d,c,o,6.35,18.24,,,w,,,f,f,,d,u,e,p,0.5383610992922534,5
logistic_artifact_config,9259,9259,3.08,b,g,w,f,x,d,w,4.21,2.98,,,y,,,f,f,,g,a,e,p,0.806428924372338,5
logistic_artifact_config,16899,16901,8.06,f,g,o,f,s,,n,9.07,12.77,,i,n,,,f,f,,d,a,e,p,0.8228078166402925,5
logistic_artifact_config,20681,20683,3.4,x,s,o,f,a,c,o,4.58,6.62,,,e,,,f,f,,g,w,e,p,0.7826557774982812,5
logistic_artifact_config,43502,43504,10.23,x,i,n,t,e,,p,9.06,16.92,,y,w,,,t,l,,d,a,e,p,0.6779142216526083,5
logistic_artifact_config,7248,7248,3.33,s,s,w,f,d,c,w,3.01,7.41,,,w,,,f,f,,g,a,p,e,0.2894087764425777,5
logistic_artifact_config,45417,45419,3.14,b,y,n,f,,c,k,6.75,2.6,,,w,,,f,f,,d,u,e,p,0.6238299145832972,6
logistic_artifact_config,44726,44728,7.49,p,y,n,f,,,p,14.83,15.91,,,w,,,f,f,,d,a,p,e,0.07775751201930298,7
logistic_artifact_config,26192,26194,13.31,f,s,u,f,x,,n,7.19,25.38,,,p,,,f,f,,d,a,e,p,0.945038466158817,6
logistic_artifact_config,58507,58653,15.45,f,s,o,f,p,,y,5.81,41.28,,,n,,,f,f,,d,w,p,e,0.043697261284009456,6
logistic_artifact_config,10298,10299,4.5,b,g,g,f,a,d,g,5.72,3.86,,s,n,,,f,f,,d,a,e,p,0.756357392117328,4
logistic_artifact_config,1055,1055,13.92,x,,g,f,e,,w,10.9,15.75,,,w,u,w,t,e,,d,u,p,e,0.1650358958435266,5
logistic_artifact_config,789,789,12.3,f,,n,f,e,,w,11.11,14.23,,,w,u,w,t,e,,d,a,p,e,0.16169630366563129,5
logistic_artifact_config,11275,11276,2.58,x,g,n,f,a,,p,6.57,2.43,,,w,,,f,f,,d,u,p,e,0.1299789026574359,6
logistic_artifact_config,50445,50447,11.23,x,e,y,t,p,,o,8.87,30.65,,,u,,,f,f,,d,a,p,e,0.22177493371872975,6
logistic_artifact_config,21888,21890,4.36,x,,y,f,a,c,y,3.91,7.92,,,w,,,f,f,,d,a,e,p,0.6595820088877334,6
logistic_artifact_config,22002,22004,2.72,x,,y,f,a,c,y,3.69,7.1,,,w,,,f,f,,d,a,e,p,0.6778268798878967,6
logistic_artifact_config,44718,44720,8.1,b,y,n,f,,,p,14.86,17.52,,,w,,,f,f,,d,a,p,e,0.3160874702919182,7
logistic_artifact_config,29743,29745,3.53,f,d,p,t,d,c,p,5.21,6.5,,,n,,,f,f,,d,u,e,p,0.8001418649182682,5
logistic_artifact_config,55729,55731,8.64,f,,w,f,d,c,y,2.56,17.09,,,w,,,f,f,,d,w,e,p,0.5096636569165772,6
logistic_artifact_config,26584,26586,6.88,f,,y,f,x,c,n,6.27,11.15,,,w,,,f,f,,d,a,p,e,0.45978419808890775,6
logistic_artifact_config,28521,28523,15.78,x,t,g,t,d,c,b,5.1,25.27,,,r,,,f,f,,d,a,p,e,0.45300304185742013,5
logistic_artifact_config,20636,20638,2.86,x,d,e,f,a,c,o,3.4,5.93,,,e,,,f,f,,m,a,e,p,0.9698419003729375,5
logistic_artifact_config,12618,12619,1.16,x,s,y,f,d,,w,5.76,1.47,,t,y,,,f,f,,h,a,e,p,0.5494453142991558,5
logistic_artifact_config,39414,39416,5.45,c,e,w,t,x,c,p,7.47,13.19,,,w,,,f,f,,d,u,p,e,0.45366987774595646,5
logistic_artifact_config,6932,6932,4.98,x,,w,f,a,,r,7.45,8.43,,,r,,,f,f,,d,a,e,p,0.6828317900987936,7
logistic_artifact_config,60830,60976,1.32,f,s,y,f,f,f,f,3.44,5.48,,,y,,,f,f,,d,a,p,e,0.3161802442884202,5
logistic_artifact_config,21989,21991,3.63,x,,y,f,a,c,y,3.73,8.68,,,w,,,f,f,,d,a,e,p,0.667224340475483,6
logistic_artifact_config,50399,50401,10.89,x,e,y,t,p,,o,5.77,14.9,,,u,,,f,f,,d,u,p,e,0.245711080370724,6
logistic_artifact_config,60908,61054,1.2,f,s,y,f,f,f,f,2.36,4.5,,,y,,,f,f,,d,u,p,e,0.34996583246976576,5
logistic_artifact_config,33324,33326,12.56,x,s,n,f,s,,p,8.47,17.75,,i,n,,,f,f,,d,a,p,e,0.17969032911795219,5
logistic_artifact_config,7215,7215,2.88,x,s,g,f,d,c,w,3.28,7.39,,,w,,,f,f,,g,u,p,e,0.3306002697371605,5
logistic_artifact_config,23984,23986,4.12,x,,b,f,x,,w,4.71,6.08,,,w,,,f,f,,d,a,p,e,0.13499288067271314,7
logistic_artifact_config,50544,50546,2.91,x,k,n,f,p,,y,4.27,8.76,,,y,,,f,f,,d,a,e,p,0.8619005100741272,6
logistic_artifact_config,25757,25759,6.62,f,t,e,f,x,d,w,5.64,16.24,b,,w,,,f,f,,d,u,p,e,0.4444856638431496,4
logistic_artifact_config,20740,20742,2.74,x,s,e,f,a,c,o,4.41,6.99,,,o,,,f,f,,m,u,e,p,0.5809656059874113,5
logistic_artifact_config,19544,19546,3.12,f,s,o,f,a,,o,3.91,6.11,,,o,,,f,f,,m,a,p,e,0.4415848527409253,6
logistic_artifact_config,26380,26382,10.86,s,s,r,f,x,,n,6.57,19.25,,,n,,,f,f,,d,w,e,p,0.5472185909185037,6
logistic_artifact_config,2031,2031,7.24,x,,w,f,e,,w,5.7,12.19,b,,y,u,w,t,g,,d,u,e,p,0.6120657952581283,4
logistic_artifact_config,9393,9393,2.94,b,g,w,f,x,d,w,4.5,2.67,,,y,,,f,f,,g,u,e,p,0.8330200834465193,5
logistic_artifact_config,27962,27964,8.13,s,h,n,t,d,,w,4.61,13.1,,t,n,,,f,f,,d,u,p,e,0.24887727192879602,5
logistic_artifact_config,7109,7109,3.4,f,s,w,f,d,c,w,3.44,9.03,,,w,,,f,f,,g,u,p,e,0.4356303635700331,5
logistic_artifact_config,60905,61051,1.17,x,s,y,f,f,f,f,3.13,5.43,,,y,,,f,f,,d,u,p,e,0.29319281458706037,5
logistic_artifact_config,35112,35114,4.5,x,,w,f,x,c,w,8.52,10.5,b,,n,,w,t,,,d,u,e,p,0.6461240236854471,5
logistic_artifact_config,3755,3755,3.9,f,y,n,f,e,c,w,4.84,3.66,,k,w,,,t,e,,d,u,p,e,0.33936886879459355,4
logistic_artifact_config,6996,6996,3.96,x,,r,f,a,,r,5.94,7.83,,,w,,,f,f,,d,a,e,p,0.6590358994320561,7
logistic_artifact_config,11242,11243,2.48,x,g,n,f,a,,w,7.4,2.43,,,w,,,f,f,,d,a,p,e,0.12493089417361755,6
logistic_artifact_config,9506,9506,2.69,b,g,n,f,x,d,w,4.25,2.8,,,y,,,f,f,,g,a,e,p,0.736628881234867,5
logistic_artifact_config,716,716,12.42,x,,n,f,e,,w,10.87,14.62,,,w,u,w,t,g,,d,a,p,e,0.11450817610313697,5
logistic_artifact_config,25558,25560,6.43,f,t,e,f,x,d,w,5.58,16.83,b,,w,,,f,f,,d,a,p,e,0.4057806484424073,4
logistic_artifact_config,27988,27990,8.61,s,h,n,t,d,,w,4.58,12.86,,t,g,,,f,f,,d,u,p,e,0.052280535091843695,5
logistic_artifact_config,23018,23020,10.99,x,t,n,f,a,d,w,8.04,20.38,,,w,,,f,f,,d,u,p,e,0.08673417686205773,5
logistic_artifact_config,14602,14604,4.64,f,t,o,f,a,d,w,6.29,4.23,,k,n,,,f,f,,d,w,e,p,0.7757217419121105,4
logistic_artifact_config,7158,7158,3.05,x,s,g,f,d,c,w,2.8,7.96,,,w,,,f,f,,g,u,p,e,0.3264193972882612,5
logistic_artifact_config,50367,50369,13.25,x,e,n,t,p,,o,10.94,31.09,,,u,,,f,f,,d,u,p,e,0.13095275585040356,6
logistic_artifact_config,813,813,12.07,f,,n,f,e,,w,10.93,16.77,,,w,u,w,t,g,,d,a,p,e,0.14800463646723894,5
logistic_artifact_config,5362,5362,8.39,x,,g,f,s,c,p,7.81,21.05,b,,u,,,f,f,,g,a,e,p,0.5393087839366854,5
logistic_artifact_config,35237,35239,4.6,x,,w,f,x,c,n,7.98,8.29,b,,n,,w,t,,,g,s,e,p,0.5343839244201976,5
logistic_artifact_config,25418,25420,8.23,f,t,e,f,x,d,w,5.62,18.07,b,,w,,,f,f,,d,u,p,e,0.4232875149698774,4
logistic_artifact_config,19565,19567,2.5,f,s,o,f,a,,o,3.51,5.92,,,o,,,f,f,,m,a,p,e,0.4476862318739546,6
logistic_artifact_config,45361,45363,2.61,b,y,n,f,,c,n,6.52,3.17,,,w,,,f,f,,d,a,e,p,0.5406358764774697,6
logistic_artifact_config,19556,19558,1.81,x,y,o,f,a,,o,3.07,4.8,,,o,,,f,f,,m,a,p,e,0.380935028915387,6
logistic_artifact_config,29857,29859,3.74,s,d,u,t,d,c,p,4.41,6.16,,,n,,,f,f,,d,a,e,p,0.7029884218459376,5
logistic_artifact_config,20756,20758,3.54,x,h,p,f,a,c,e,4.19,6.69,,,e,,,f,f,,m,a,e,p,0.9564127118370745,5
logistic_artifact_config,43087,43089,8.13,x,y,w,t,,,w,9.02,14.9,s,,w,,,t,l,,d,a,p,e,0.42847541549790386,6
logistic_artifact_config,56233,56235,5.55,o,t,n,f,,c,y,1.35,14.02,,,n,,,f,f,,d,w,p,e,0.3495276611886091,6
logistic_artifact_config,20731,20733,3.84,x,d,p,f,a,c,e,4.92,6.1,,,e,,,f,f,,m,w,e,p,0.8735852938394777,5
logistic_artifact_config,4402,4402,2.7,f,y,n,f,d,d,p,5.75,3.7,,i,n,,,f,f,,l,a,e,p,0.5161885734943031,4
logistic_artifact_config,51627,51629,18.49,x,d,e,f,p,,n,14.71,34.58,s,y,w,,,f,f,,d,u,e,p,0.5339159401567991,4
logistic_artifact_config,43547,43549,10.03,p,i,n,t,e,,p,8.59,16.67,,y,w,,,t,l,,d,a,e,p,0.7107543717775009,5
logistic_artifact_config,8316,8316,3.56,f,,n,f,x,c,p,8.57,4.04,,,n,,,f,f,,l,a,p,e,0.44036069573432185,6
logistic_artifact_config,5460,5460,7.7,f,,g,f,s,c,p,6.91,19.53,b,,u,,,f,f,,d,a,e,p,0.5135731058357134,5
logistic_artifact_config,22997,22999,10.89,x,t,n,f,a,d,w,10.97,32.92,,,w,,,f,f,,d,a,p,e,0.07828194674006154,5
logistic_artifact_config,24242,24244,7.65,f,,e,f,x,c,w,7.97,18.67,,s,w,,,f,f,,d,u,e,p,0.6190342924217395,5
logistic_artifact_config,7249,7249,2.51,x,s,w,f,d,c,w,2.58,5.94,,,w,,,f,f,,g,u,p,e,0.3765397546238526,5
logistic_artifact_config,50264,50266,13.39,x,e,y,t,p,,e,9.89,34.97,,,u,,,f,f,,d,a,p,e,0.3534543194549845,6
logistic_artifact_config,23137,23139,9.57,x,t,n,f,a,d,w,9.21,28.79,,,w,,,f,f,,d,a,p,e,0.08099685665956857,5
logistic_artifact_config,15423,15425,10.83,f,y,e,f,,,w,5.75,24.01,b,,n,,w,t,e,,d,a,e,p,0.9214354689752893,5
logistic_artifact_config,26347,26349,10.72,x,s,y,f,x,,n,7.57,20.23,,,n,,,f,f,,d,u,e,p,0.5452328668816403,6
logistic_artifact_config,35043,35045,4.98,x,,w,f,x,c,w,8.27,9.71,b,,n,,w,t,,,g,u,e,p,0.7255210469446078,5
logistic_artifact_config,36038,36040,5.74,x,h,n,f,x,c,n,5.09,5.41,,y,n,,,t,r,,d,u,e,p,0.7358175766055526,4
logistic_artifact_config,28066,28068,7.56,s,h,g,t,d,,g,4.51,12.43,,t,r,,,f,f,,d,u,p,e,0.4541241443632923,5
logistic_artifact_config,19587,19589,2.13,f,y,o,f,a,,o,2.57,5.62,,,o,,,f,f,,m,a,p,e,0.44129344281709476,6
logistic_artifact_config,7036,7036,4.65,x,,r,f,d,,r,6.12,7.8,,,r,,,f,f,,l,a,e,p,0.9660445848870605,7
logistic_artifact_config,7200,7200,2.64,x,s,w,f,d,c,w,2.35,6.59,,,w,,,f,f,,g,u,p,e,0.3737503818335494,5
logistic_artifact_config,15382,15384,8.75,x,y,e,f,,,w,7.48,23.82,b,,n,,w,t,e,,d,a,e,p,0.9112540485152156,5
logistic_artifact_config,7903,7903,4.14,f,d,b,f,x,c,w,5.57,3.62,b,s,n,,,f,f,,l,a,p,e,0.2877013410633976,3
logistic_artifact_config,12493,12494,1.47,x,g,y,f,d,,w,5.79,1.81,,t,y,,,f,f,,d,a,e,p,0.6928152721439104,5
logistic_artifact_config,15522,15524,9.43,x,y,n,f,,,w,8.45,23.08,b,,n,,w,t,e,,d,a,e,p,0.5936651767698734,5
logistic_artifact_config,55730,55732,12.12,f,,l,f,d,c,y,2.42,15.42,,,w,,,f,f,,d,a,e,p,0.5046821057161426,6
logistic_artifact_config,32323,32325,4.25,f,t,n,f,x,c,p,6.57,4.99,,i,g,,,f,f,,g,u,p,e,0.43266955818928093,4
logistic_artifact_config,19846,19848,6.39,b,s,k,f,e,,g,6.85,7.86,,,o,,,f,f,,m,a,p,e,0.4471325034983796,6
logistic_artifact_config,25648,25650,9.29,x,h,e,f,x,d,w,7.08,18.16,b,,w,,,f,f,,d,a,p,e,0.1800707179370975,4
logistic_artifact_config,7389,7389,2.88,f,s,g,f,d,c,w,2.74,6.58,,,w,,,f,f,,g,a,p,e,0.35309537033247707,5
logistic_artifact_config,12384,12385,1.32,x,t,y,f,a,,w,5.87,2.17,,t,y,,,f,f,,h,u,e,p,0.5968402064297691,5
logistic_artifact_config,44789,44791,7.95,p,y,n,f,,,p,16.33,17.36,,,w,,,f,f,,d,a,p,e,0.07810564027574841,7
logistic_artifact_config,9424,9424,2.95,b,g,n,f,x,d,w,4.88,3.23,,,y,,,f,f,,g,u,e,p,0.767455150357692,5
logistic_artifact_config,20202,20204,6.63,s,d,o,f,d,d,o,6.2,13.75,,,w,,,f,f,,g,a,e,p,0.5084468938386434,5
logistic_artifact_config,12560,12561,1.45,x,t,y,f,d,,w,6.06,1.8,,t,y,,,f,f,,d,a,e,p,0.8037785105139993,5
logistic_artifact_config,60861,61007,1.29,f,s,y,f,f,f,f,4.78,6.36,,,y,,,f,f,,d,a,p,e,0.32222068988377955,5
logistic_artifact_config,23231,23233,9.17,x,t,n,f,a,d,w,10.02,32.1,,,w,,,f,f,,d,u,p,e,0.09733936271416085,5
logistic_artifact_config,56133,56135,9.42,o,t,n,f,,c,o,1.46,14.96,,,n,,,f,f,,d,a,p,e,0.3747481944846993,6
logistic_artifact_config,4575,4575,2.2,f,y,n,f,d,d,p,5.81,3.31,,i,n,,,f,f,,l,a,e,p,0.5231171127281946,4
logistic_artifact_config,28170,28172,7.58,s,h,g,t,d,,w,4.41,11.7,,t,g,,,f,f,,d,a,p,e,0.05799838620894295,5
logistic_artifact_config,19848,19850,5.62,x,s,o,f,e,,k,6.71,7.85,,,o,,,f,f,,g,a,p,e,0.1770240995131694,6
logistic_artifact_config,9830,9830,1.11,x,g,w,f,a,d,w,3.04,1.48,,,n,,,f,f,,l,a,p,e,0.2648483120832532,5
logistic_artifact_config,25539,25541,7.95,x,t,e,f,x,d,w,5.77,17.86,b,,w,,,f,f,,d,a,p,e,0.3240260879018789,4
logistic_artifact_config,9746,9746,0.99,x,g,w,f,a,d,w,2.98,1.69,,,n,,,f,f,,l,u,p,e,0.29961408569807413,5
logistic_artifact_config,50752,50754,3.53,x,k,n,f,p,,e,5.03,10.74,,,y,,,f,f,,d,a,e,p,0.8266935490336939,6
logistic_artifact_config,39297,39299,5.15,c,e,w,t,x,c,r,6.55,13.02,,,w,,,f,f,,g,s,p,e,0.17407927193651251,5
logistic_artifact_config,23744,23746,3.0,f,,b,f,x,,w,4.34,6.38,,,w,,,f,f,,d,a,p,e,0.17811210537039127,7
logistic_artifact_config,44820,44822,7.3,b,y,w,f,,,p,14.8,17.34,,,w,,,f,f,,d,a,p,e,0.4228804039159111,7
logistic_artifact_config,26322,26324,10.59,x,s,u,f,x,,n,6.09,21.06,,,n,,,f,f,,d,u,e,p,0.6305422115634726,6
logistic_artifact_config,58668,58814,14.12,x,s,k,f,p,,y,4.91,28.45,,,n,,,f,f,,d,w,p,e,0.05266648566126812,6
logistic_artifact_config,60875,61021,1.2,f,s,y,f,f,f,f,3.61,5.25,,,y,,,f,f,,d,a,p,e,0.31831921288906295,5
logistic_artifact_config,50180,50182,11.45,x,e,y,t,p,,o,9.24,27.33,,,u,,,f,f,,d,a,p,e,0.22146365767925055,6
logistic_artifact_config,23211,23213,12.03,x,t,n,f,a,d,w,12.2,32.33,,,w,,,f,f,,d,a,p,e,0.07580318816245991,5
logistic_artifact_config,26266,26268,11.05,x,s,r,f,x,,n,7.02,19.85,,,p,,,f,f,,d,u,e,p,0.9849174060527548,6
logistic_artifact_config,23240,23242,9.49,x,t,n,f,a,d,w,9.44,25.92,,,w,,,f,f,,d,a,p,e,0.08180749168615427,5
logistic_artifact_config,23261,23263,8.72,x,t,n,f,a,d,w,7.06,25.74,,,w,,,f,f,,d,a,p,e,0.08127749958831954,5
logistic_artifact_config,22151,22153,3.64,x,,y,f,a,c,y,3.98,9.81,,,w,,,f,f,,d,u,e,p,0.7039476598803451,6
logistic_artifact_config,44569,44571,9.11,b,y,n,f,,,p,17.59,19.86,,,w,,,f,f,,d,a,p,e,0.3160758676104586,7
logistic_artifact_config,30537,30539,7.43,s,t,p,t,d,c,o,4.8,16.43,,,w,,,f,f,,d,a,e,p,0.5028218020080504,5
logistic_artifact_config,23908,23910,5.04,x,,p,f,x,,w,5.65,7.14,,,w,,,f,f,,d,a,p,e,0.30683770226125695,7
logistic_artifact_config,58632,58778,21.29,x,g,k,f,p,,y,6.16,52.62,,,n,,,f,f,,d,w,p,e,0.05579725637875445,6
logistic_artifact_config,8113,8113,4.93,f,d,b,f,x,c,w,5.89,3.71,b,s,n,,,f,f,,l,a,p,e,0.28054695926206547,3
logistic_artifact_config,9317,9317,3.51,b,g,w,f,x,d,w,4.74,2.84,,,y,,,f,f,,g,u,e,p,0.8294752050875739,5
logistic_artifact_config,14795,14797,4.89,f,h,o,f,a,d,y,7.6,5.82,,k,o,,,f,f,,d,w,e,p,0.5850402208660419,4
logistic_artifact_config,25585,25587,7.42,f,t,e,f,x,d,w,5.64,16.94,b,,w,,,f,f,,d,a,p,e,0.3935663036451533,4
logistic_artifact_config,9499,9499,3.86,b,g,w,f,x,d,w,5.09,3.26,,,y,,,f,f,,g,u,e,p,0.8278164920328112,5
logistic_artifact_config,32188,32190,3.98,f,t,n,f,x,c,p,6.32,4.8,,i,g,,,f,f,,d,a,p,e,0.30404163192554245,4
logistic_artifact_config,28200,28202,7.59,s,h,g,t,d,,g,4.56,13.05,,t,n,,,f,f,,d,a,p,e,0.29961031679949124,5
logistic_artifact_config,33190,33192,12.26,x,h,n,f,s,,p,7.33,17.11,,i,n,,,f,f,,d,u,p,e,0.25462085886593216,5
logistic_artifact_config,27494,27496,21.26,x,k,w,t,d,d,w,7.2,27.43,,,w,,,f,f,,d,w,p,e,0.47353206431058537,5
logistic_artifact_config,10964,10965,2.3,x,g,n,f,a,,w,8.19,2.59,,,n,,,f,f,,d,a,p,e,0.4338863143565439,6
logistic_artifact_config,12690,12691,1.31,x,t,n,f,a,,w,5.52,1.67,,t,y,,,f,f,,g,a,e,p,0.5202012413536746,5
logistic_artifact_config,50582,50584,3.55,x,k,n,f,p,,e,5.08,10.51,,,n,,,f,f,,d,a,e,p,0.8135828555926774,6
logistic_artifact_config,44561,44563,8.39,b,y,n,f,,,p,14.74,17.95,,,w,,,f,f,,d,a,p,e,0.31221995769488614,7
logistic_artifact_config,45317,45319,2.94,b,y,n,f,,c,k,5.71,2.42,,,w,,,f,f,,d,a,e,p,0.5814713303717777,6
logistic_artifact_config,7983,7983,2.99,f,d,b,f,x,c,w,3.79,2.58,b,s,n,,,f,f,,d,u,p,e,0.426320322178928,3
logistic_artifact_config,4327,4327,3.43,f,y,n,f,d,d,p,7.23,3.56,,i,n,,,f,f,,h,a,e,p,0.5677404237721781,4
logistic_artifact_config,33515,33517,14.82,x,h,g,f,s,,p,8.23,18.02,,i,n,,,f,f,,d,u,p,e,0.27564505319829063,5
logistic_artifact_config,6050,6050,6.14,f,,g,f,d,c,w,5.32,9.64,b,,n,,,f,f,,l,w,p,e,0.4557670592376259,5
logistic_artifact_config,50717,50719,3.07,x,k,n,f,p,,e,4.69,9.88,,,y,,,f,f,,d,a,e,p,0.8292537146403269,6
logistic_artifact_config,1042,1042,12.94,x,,g,f,e,,w,10.96,13.42,,,w,u,w,t,g,,d,u,p,e,0.15732965902787296,5
logistic_artifact_config,25702,25704,7.28,x,t,e,f,x,d,w,5.19,16.46,b,,w,,,f,f,,d,u,p,e,0.3672767688918769,4
logistic_artifact_config,23076,23078,7.37,x,t,n,f,a,d,w,7.32,24.4,,,w,,,f,f,,d,a,p,e,0.08722457950919123,5
logistic_artifact_config,28562,28564,13.0,x,t,g,t,d,c,b,4.74,22.67,,,g,,,f,f,,d,a,p,e,0.09011267835402174,5
logistic_artifact_config,29808,29810,2.76,f,d,n,t,d,c,p,5.05,5.66,,,n,,,f,f,,d,a,e,p,0.5694096486549436,5
logistic_artifact_config,980,980,13.17,x,,n,f,e,,w,11.22,17.16,,,w,u,w,t,e,,d,a,p,e,0.12256761663721708,5
logistic_artifact_config,43641,43643,9.64,p,i,n,t,e,,p,8.49,15.33,,y,w,,,t,l,,d,a,e,p,0.7147349687635757,5
logistic_artifact_config,23807,23809,4.4,x,,b,f,x,,w,5.16,6.46,,,w,,,f,f,,d,a,p,e,0.1342971422128731,7
logistic_artifact_config,33206,33208,11.92,x,h,g,f,s,,p,7.84,17.91,,i,n,,,f,f,,d,u,p,e,0.3054498675989739,5
logistic_artifact_config,50446,50448,11.04,x,e,n,t,p,,e,8.65,26.19,,,u,,,f,f,,d,u,p,e,0.25517537794162665,6
logistic_artifact_config,7168,7168,3.15,x,s,w,f,d,c,w,3.17,7.99,,,w,,,f,f,,g,u,p,e,0.37109309331229845,5
logistic_artifact_config,60672,60818,1.07,s,s,y,f,f,f,f,2.67,4.58,,,y,,,f,f,,d,a,p,e,0.22413044493530335,5
logistic_artifact_config,32387,32389,3.6,f,t,n,f,x,c,p,6.07,4.07,,i,g,,,f,f,,g,u,p,e,0.4387666304771776,4
logistic_artifact_config,20626,20628,3.25,x,s,e,f,a,c,o,3.83,5.59,,,e,,,f,f,,g,u,e,p,0.9674760157432707,5
logistic_artifact_config,6991,6991,5.49,x,,w,f,a,,r,7.76,8.47,,,r,,,f,f,,d,a,e,p,0.6783484501896353,7
logistic_artifact_config,4429,4429,1.67,f,y,n,f,d,d,p,4.47,2.61,,i,n,,,f,f,,h,a,e,p,0.5770141226254413,4
logistic_artifact_config,50332,50334,10.34,x,e,y,t,p,,e,9.94,29.22,,,u,,,f,f,,d,u,p,e,0.4324924400956673,6
logistic_artifact_config,12513,12514,1.38,x,t,y,f,a,,w,5.16,1.53,,t,y,,,f,f,,d,u,e,p,0.6402048673912096,5
logistic_artifact_config,47754,47756,5.0,b,h,n,f,,,n,9.29,6.91,,,w,,,t,,k,g,w,p,e,0.3922393352884655,7
logistic_artifact_config,43586,43588,9.62,x,i,n,t,e,,p,9.31,18.39,,y,w,,,t,p,,d,a,e,p,0.7985617087811365,5
logistic_artifact_config,26271,26273,14.53,s,s,n,f,x,,n,8.54,27.96,,,p,,,f,f,,d,a,e,p,0.7723145340961344,6
logistic_artifact_config,50204,50206,9.3,x,e,y,t,p,,o,7.32,18.98,,,e,,,f,f,,d,a,p,e,0.36371140158153803,6
logistic_artifact_config,22129,22131,4.84,x,,y,f,a,c,y,3.59,10.04,,,w,,,f,f,,d,a,e,p,0.6521026626499359,6
logistic_artifact_config,7165,7165,2.51,f,s,w,f,d,c,w,2.61,6.32,,,w,,,f,f,,g,a,p,e,0.4028331761428929,5
logistic_artifact_config,25484,25486,7.89,x,h,e,f,x,d,w,6.02,18.34,b,,w,,,f,f,,d,u,p,e,0.21470089092016048,4
logistic_artifact_config,14960,14962,10.28,f,s,e,f,d,d,w,8.36,11.95,,i,n,,,t,,w,d,a,e,p,0.6353786850478489,4
logistic_artifact_config,5977,5977,17.65,f,e,n,f,a,c,w,8.74,25.14,s,,w,,,f,f,,d,a,e,p,0.5568230085205744,4
logistic_artifact_config,9326,9326,3.37,b,g,w,f,x,d,w,3.76,3.18,,,y,,,f,f,,g,u,e,p,0.8276980084628924,5
logistic_artifact_config,9601,9601,0.99,x,g,w,f,a,d,w,3.67,1.58,,,n,,,f,f,,l,a,p,e,0.2685359480481062,5
logistic_artifact_config,25636,25638,7.86,x,h,e,f,x,d,w,6.56,17.68,b,,w,,,f,f,,d,a,p,e,0.18988078387466237,4
logistic_artifact_config,44673,44675,7.47,p,y,n,f,,,k,13.96,16.75,,,w,,,f,f,,d,a,p,e,0.1841994216354356,7
logistic_artifact_config,28227,28229,7.03,s,t,g,t,d,,w,4.5,13.14,,t,g,,,f,f,,d,u,p,e,0.13529445475131643,5
logistic_artifact_config,3791,3791,3.4,f,y,n,f,e,c,w,5.32,3.91,,k,w,,,t,e,,m,a,p,e,0.3537475677404998,4
majority,49026,49028,10.27,x,t,n,t,p,,y,7.35,22.17,,,n,,,f,f,,d,u,e,p,1.0,6
majority,45518,45520,2.67,b,y,n,f,,c,k,6.86,3.39,,,w,,,f,f,,d,s,e,p,1.0,6
majority,51993,51995,7.53,x,,g,t,p,,g,12.06,25.8,,y,w,,,f,f,,d,u,e,p,1.0,6
majority,43585,43587,9.91,p,y,n,t,e,,p,9.32,17.55,,y,w,,,t,l,,d,a,e,p,1.0,5
majority,45862,45864,1.23,b,g,g,f,,,g,3.82,1.76,,,w,,,f,f,,d,a,e,p,1.0,7
majority,17905,17907,8.72,x,,g,f,a,,w,7.18,13.23,,,w,,,f,f,,d,u,e,p,1.0,7
majority,26425,26427,12.41,f,s,n,f,x,,n,6.7,21.45,,,p,,,f,f,,d,w,e,p,1.0,6
majority,33671,33673,8.07,x,l,w,f,d,,w,3.59,10.17,,,w,,,f,f,,d,u,e,p,1.0,6
majority,42457,42459,5.5,x,y,n,f,e,c,n,4.73,13.06,,,w,,,t,l,,w,a,e,p,1.0,5
majority,4962,4962,6.9,s,,l,f,s,c,b,6.24,19.17,,,u,,,f,f,,l,w,e,p,1.0,6
majority,36138,36140,5.91,x,h,n,f,x,c,n,5.54,6.31,,s,n,,,t,r,,d,u,e,p,1.0,4
majority,24111,24113,7.1,f,,p,f,x,c,w,7.08,16.55,,s,w,,,f,f,,d,a,e,p,1.0,5
majority,43766,43768,10.07,p,i,n,t,e,,p,8.47,17.54,,y,w,,,t,p,,d,a,e,p,1.0,5
majority,24756,24758,7.52,x,s,k,f,a,c,w,4.38,13.4,,,w,,,f,f,,d,u,e,p,1.0,5
majority,26466,26468,9.08,s,s,n,f,x,,n,6.7,23.37,,,p,,,f,f,,d,a,e,p,1.0,6
majority,25075,25077,11.19,x,s,w,f,a,d,k,6.7,20.44,,,w,,,f,f,w,d,a,e,p,1.0,4
majority,46263,46265,4.39,x,,y,f,x,c,w,5.69,3.67,,,w,,,f,f,,d,a,e,p,1.0,6
majority,55554,55556,11.03,f,,w,f,d,c,w,2.84,17.48,,,w,,,f,f,,d,w,e,p,1.0,6
majority,45323,45325,3.0,b,y,n,f,,c,n,5.83,2.28,,,w,,,f,f,,d,u,e,p,1.0,6
majority,52904,52906,8.86,x,h,n,t,p,,n,6.36,16.55,,,n,,w,t,p,,d,u,e,p,1.0,5
majority,17969,17971,7.44,p,,g,f,a,,w,6.97,12.8,,,g,,,f,f,,d,u,e,p,1.0,7
majority,21625,21627,5.31,x,,y,f,a,c,w,5.67,12.71,,,g,,,f,f,,d,u,e,p,1.0,6
majority,49518,49520,7.44,x,d,n,t,p,,y,8.12,17.48,,,y,,,f,f,,d,a,e,p,1.0,6
majority,58182,58328,47.66,o,y,y,f,p,,y,5.56,32.8,,k,n,,,f,f,,d,u,e,p,1.0,5
majority,5942,5942,16.82,s,e,g,f,d,c,w,11.5,26.42,s,,w,,,f,f,,l,w,e,p,1.0,4
majority,6914,6914,3.63,x,,r,f,a,,r,6.17,8.3,,,w,,,f,f,,d,u,e,p,1.0,7
majority,52902,52904,7.85,x,s,n,t,p,,y,7.28,16.74,,,n,,w,t,p,,d,u,e,p,1.0,5
majority,6695,6695,6.4,s,,n,f,d,c,w,5.94,8.56,,s,w,,,f,f,,h,a,e,p,1.0,5
majority,6958,6958,4.04,x,,r,f,a,,r,5.87,7.55,,,w,,,f,f,,l,a,e,p,1.0,7
majority,53097,53099,4.77,x,t,n,f,p,d,y,3.62,10.43,,s,n,,,f,f,,g,a,e,p,1.0,4
majority,46231,46233,1.44,f,w,n,f,,d,g,5.19,2.62,,,w,,,f,f,,d,a,e,p,1.0,6
majority,51491,51493,3.91,x,t,n,f,p,,n,4.45,10.67,,,n,,,f,f,,d,u,e,p,1.0,6
majority,54428,54430,6.66,s,w,y,f,f,f,f,4.69,13.78,,,y,,,f,f,,d,u,e,p,1.0,5
majority,18317,18319,7.34,f,s,n,f,s,c,w,6.7,10.53,b,i,w,,,f,f,,l,a,e,p,1.0,3
majority,51391,51393,4.29,x,t,o,f,p,,n,4.36,10.7,,,n,,,f,f,,d,a,e,p,1.0,6
majority,55670,55672,12.21,f,,g,f,d,c,w,2.31,14.22,,,w,,,f,f,,d,a,e,p,1.0,6
majority,45618,45620,0.87,p,g,w,f,,,g,2.73,1.14,,,w,,,f,f,,d,w,e,p,1.0,7
majority,15164,15166,12.85,f,s,e,f,a,d,w,10.22,17.52,,i,n,,,t,,w,d,w,e,p,1.0,4
majority,46857,46859,3.55,x,h,n,f,,c,n,5.65,6.72,,s,w,,w,f,f,k,d,a,e,p,1.0,3
majority,48742,48744,13.27,x,h,n,t,p,,y,8.97,23.66,,,n,,,f,f,,d,a,e,p,1.0,6
majority,26276,26278,12.44,f,s,n,f,x,,n,6.96,21.79,,,n,,,f,f,,d,u,e,p,1.0,6
majority,6807,6807,4.2,x,,l,f,d,,r,5.89,7.86,,,l,,,f,f,,l,u,e,p,1.0,7
majority,3084,3084,20.65,p,y,n,f,,,w,31.13,23.03,s,,n,,,t,m,,d,u,e,p,1.0,6
majority,24613,24615,8.79,x,e,y,f,x,c,w,6.19,15.24,,,w,,,f,f,,d,u,e,p,1.0,5
majority,20324,20326,5.8,f,s,b,f,d,d,b,5.21,11.9,,,w,,,f,f,,m,a,e,p,1.0,5
majority,45203,45205,3.03,b,y,n,f,,c,k,6.21,2.67,,,w,,,f,f,,d,a,e,p,1.0,6
majority,24692,24694,10.29,x,e,l,f,x,c,w,6.82,19.09,,,w,,,f,f,,d,u,e,p,1.0,5
majority,51748,51750,19.1,x,d,o,f,p,,n,15.21,36.79,s,y,w,,,f,f,,d,a,e,p,1.0,4
majority,5924,5924,12.1,s,e,n,f,d,c,w,8.19,26.88,s,,w,,,f,f,,l,a,e,p,1.0,4
majority,35230,35232,3.9,x,,n,f,x,c,w,7.5,8.21,b,,w,,w,t,,,g,a,e,p,1.0,5
majority,14540,14542,4.77,x,t,o,f,a,d,y,5.25,5.81,,s,o,,,f,f,,d,w,e,p,1.0,4
majority,51368,51370,4.68,x,s,o,f,p,,n,5.46,11.62,,,e,,,f,f,,d,u,e,p,1.0,6
majority,30670,30672,9.59,s,t,w,t,d,c,o,5.68,17.45,,,w,,,f,f,,d,a,e,p,1.0,5
majority,25407,25409,18.44,f,t,n,f,a,d,k,6.61,24.46,,,w,,,f,f,w,d,a,e,p,1.0,4
majority,51827,51829,20.98,p,d,e,f,p,,w,17.29,35.42,s,y,w,,,f,f,,d,u,e,p,1.0,4
majority,11370,11371,1.52,c,g,n,f,a,,g,5.19,1.56,,,g,,,f,f,,d,u,e,p,1.0,6
majority,51930,51932,5.66,x,,g,t,p,,g,10.89,23.07,,y,w,,,f,f,,d,u,e,p,1.0,6
majority,6568,6568,6.12,s,,n,f,d,c,w,5.53,8.55,,s,w,,,f,f,,d,u,e,p,1.0,5
majority,21834,21836,6.51,s,,y,f,a,c,w,6.24,14.18,,,w,,,f,f,,d,u,e,p,1.0,6
majority,11600,11601,1.53,c,g,n,f,a,,g,4.95,1.28,,,g,,,f,f,,l,a,e,p,1.0,6
majority,50735,50737,3.81,x,k,n,f,p,,e,4.43,9.56,,,y,,,f,f,,d,a,e,p,1.0,6
majority,2588,2588,6.44,c,t,n,f,e,,w,12.23,12.07,,s,w,u,w,f,f,,d,u,e,p,1.0,3
majority,46387,46389,4.93,f,,n,f,x,c,u,6.46,3.87,,,w,,,f,f,,d,a,e,p,1.0,6
majority,20675,20677,4.3,x,d,e,f,a,c,o,5.44,7.11,,,e,,,f,f,,m,u,e,p,1.0,5
majority,26212,26214,11.56,f,s,y,f,x,,n,6.94,24.73,,,p,,,f,f,,d,a,e,p,1.0,6
majority,56106,56108,8.9,o,,n,f,,,w,4.81,26.05,,,n,,,f,f,,d,u,e,p,1.0,8
majority,45451,45453,2.45,b,y,n,f,,c,k,5.54,2.4,,,w,,,f,f,,d,a,e,p,1.0,6
majority,42059,42061,6.1,f,s,w,f,e,c,n,5.03,12.18,,,w,,w,t,e,,m,u,e,p,1.0,4
majority,11574,11575,1.35,c,g,n,f,a,,w,4.96,1.33,,,g,,,f,f,,l,u,e,p,1.0,6
majority,35163,35165,4.54,x,,w,f,x,c,n,7.6,8.56,b,,w,,w,t,,,g,s,e,p,1.0,5
majority,27082,27084,10.68,s,,w,t,d,c,y,6.06,23.96,,,w,,,f,f,,d,a,e,p,1.0,6
majority,18050,18052,5.23,f,s,n,f,s,c,w,4.86,8.82,b,i,n,,,f,f,,g,a,e,p,1.0,3
majority,58399,58545,52.93,o,y,y,f,p,,y,7.02,41.43,,k,k,,,f,f,,d,s,e,p,1.0,5
majority,60290,60436,4.73,p,,n,f,f,f,f,5.49,19.42,,,n,,,f,f,,l,s,e,p,1.0,6
majority,20704,20706,4.37,x,h,o,f,a,c,o,4.96,6.57,,,e,,,f,f,,m,u,e,p,1.0,5
majority,2099,2099,5.02,x,,w,f,e,,w,5.4,11.67,b,,y,u,y,t,g,,d,u,e,p,1.0,4
majority,35153,35155,3.89,x,,n,f,x,c,n,7.76,7.9,b,,w,,w,t,,,g,s,e,p,1.0,5
majority,17534,17536,10.14,f,s,w,f,s,c,w,5.92,24.99,,,w,,,f,f,,m,s,e,p,1.0,5
majority,30681,30683,13.15,s,t,p,t,d,c,o,6.61,18.71,,,w,,,f,f,,d,u,e,p,1.0,5
majority,52720,52722,7.64,x,h,n,t,p,,n,7.12,18.06,,,n,,w,t,p,,d,a,e,p,1.0,5
majority,22184,22186,4.38,x,,y,f,a,c,o,4.08,10.21,,,w,,,f,f,,d,u,e,p,1.0,6
majority,26992,26994,12.29,s,,w,t,d,c,y,6.15,24.77,,,w,,,f,f,,d,a,e,p,1.0,6
majority,55473,55475,12.6,f,,w,f,d,c,w,2.38,14.01,,,w,,,f,f,,d,w,e,p,1.0,6
majority,15107,15109,10.92,f,s,n,f,d,d,w,9.47,15.1,,i,n,,,t,,w,d,u,e,p,1.0,4
majority,42079,42081,4.61,p,y,w,f,e,c,k,4.19,11.88,,,w,,w,t,e,,g,u,e,p,1.0,4
majority,22384,22386,8.2,x,h,y,t,x,c,y,7.53,12.72,,,w,,,f,f,,d,u,e,p,1.0,5
majority,1914,1914,6.73,x,,y,f,e,,w,6.33,13.14,b,,w,u,y,t,g,,d,u,e,p,1.0,4
majority,5321,5321,8.97,x,,n,f,s,c,p,7.45,19.01,b,,u,,,f,f,,g,w,e,p,1.0,5
majority,15479,15481,9.55,x,y,y,f,,,w,8.18,25.62,b,,n,,w,t,e,,d,w,e,p,1.0,5
majority,55253,55255,5.85,o,l,n,f,f,f,f,7.75,52.44,,,n,,,f,f,g,d,w,e,p,1.0,4
majority,8642,8642,6.73,f,s,b,f,x,c,w,7.25,9.95,,s,n,,,f,f,,l,w,e,p,1.0,4
majority,42019,42021,4.54,f,y,w,f,e,c,k,4.51,11.92,,,w,,w,t,e,,m,u,e,p,1.0,4
majority,52115,52117,6.68,x,,n,t,p,,g,11.21,22.7,,y,w,,,f,f,,d,u,e,p,1.0,6
majority,60292,60438,5.76,o,,g,f,f,f,f,5.06,18.93,,,n,,,f,f,,l,s,e,p,1.0,6
majority,52076,52078,7.76,x,,g,t,p,,g,11.83,26.33,,y,w,,,f,f,,d,a,e,p,1.0,6
majority,48737,48739,11.47,x,t,n,t,p,,y,8.8,21.78,,,n,,,f,f,,d,a,e,p,1.0,6
majority,10526,10527,3.6,b,g,g,f,a,d,g,5.51,3.29,,s,n,,,f,f,,d,a,e,p,1.0,4
majority,22547,22549,5.26,x,t,y,t,x,c,y,7.09,12.97,,,w,,,f,f,,d,a,e,p,1.0,5
majority,9337,9337,3.53,b,g,n,f,x,d,w,4.21,3.11,,,y,,,f,f,,g,u,e,p,1.0,5
majority,49400,49402,8.57,x,d,y,t,p,,r,6.91,13.8,,,y,,,f,f,,d,a,e,p,1.0,6
majority,25046,25048,4.5,x,s,k,f,a,c,w,3.47,12.22,,,w,,,f,f,,d,a,e,p,1.0,5
majority,52302,52304,7.17,x,h,y,f,p,,y,7.42,15.39,,,y,,y,t,,,d,a,e,p,1.0,6
majority,5552,5552,7.08,x,,n,f,s,c,p,4.8,17.61,b,,u,,,f,f,,g,a,e,p,1.0,5
majority,16851,16853,8.38,f,g,n,f,s,,n,9.75,12.8,,t,n,,,f,f,,d,a,e,p,1.0,5
majority,57117,57147,10.38,f,e,b,f,,c,b,5.17,20.25,,,w,,,t,f,,d,a,e,p,1.0,6
majority,45622,45624,0.94,b,g,w,f,,,g,2.57,1.17,,,w,,,f,f,,d,s,e,p,1.0,7
majority,49384,49386,8.92,x,d,e,t,p,,y,6.59,13.8,,,y,,,f,f,,d,u,e,p,1.0,6
majority,10311,10312,3.81,f,g,g,f,a,d,g,5.61,3.68,,s,g,,,f,f,,d,w,e,p,1.0,4
majority,17403,17405,8.77,f,d,w,f,s,c,w,6.48,27.77,,,w,,,f,f,,d,s,e,p,1.0,5
majority,2682,2682,6.02,c,h,n,f,e,,w,12.12,12.3,,s,w,u,w,f,f,,d,u,e,p,1.0,3
majority,60293,60439,5.79,c,,g,f,f,f,f,6.03,20.15,,,n,,,f,f,,d,s,e,p,1.0,6
majority,52598,52600,8.68,x,s,n,t,p,,n,8.36,17.07,,,n,,w,t,p,,d,u,e,p,1.0,5
majority,17697,17699,6.87,p,,n,f,a,,w,5.63,12.71,,,g,,,f,f,,g,u,e,p,1.0,7
majority,6938,6938,4.4,x,,l,f,d,,r,5.86,7.67,,,l,,,f,f,,l,u,e,p,1.0,7
majority,55835,55837,8.82,s,,n,f,,,w,4.32,23.93,,,n,,,f,f,,d,a,e,p,1.0,8
majority,4377,4377,3.42,s,y,n,f,d,d,p,8.02,4.3,,i,n,,,f,f,,h,a,e,p,1.0,4
majority,46808,46810,3.47,f,h,n,f,,c,n,6.63,6.81,,s,w,,w,f,f,k,d,u,e,p,1.0,3
majority,4431,4431,2.68,f,y,n,f,a,d,p,7.8,3.58,,i,n,,,f,f,,l,a,e,p,1.0,4
majority,21648,21650,6.52,f,,y,f,a,c,w,5.11,12.55,,,w,,,f,f,,d,w,e,p,1.0,6
majority,30677,30679,10.49,s,t,p,t,d,c,o,6.75,17.76,,,w,,,f,f,,d,u,e,p,1.0,5
majority,43774,43776,8.11,p,y,w,f,e,c,k,15.63,12.34,,s,w,,,t,e,,g,s,e,p,1.0,4
majority,1200,1200,9.93,x,,n,t,,,w,11.23,17.92,b,,w,u,w,t,g,,d,a,e,p,1.0,5
majority,22572,22574,8.58,x,h,y,t,x,c,y,7.28,16.8,,,w,,,f,f,,d,a,e,p,1.0,5
majority,20475,20477,2.93,x,s,e,f,a,c,o,4.09,6.41,,,o,,,f,f,,g,u,e,p,1.0,5
majority,27093,27095,11.31,s,,w,t,d,c,w,6.26,25.3,,,w,,,f,f,,d,a,e,p,1.0,6
majority,17564,17566,8.96,x,s,w,f,s,c,w,7.01,34.65,,,w,,,f,f,,m,u,e,p,1.0,5
majority,55406,55408,4.46,o,l,n,f,f,f,f,5.44,19.3,,,n,,,f,f,g,l,a,e,p,1.0,4
majority,22302,22304,7.73,x,t,y,t,x,c,y,7.05,14.2,,,w,,,f,f,,d,a,e,p,1.0,5
majority,15374,15376,10.01,f,y,n,f,,,w,7.1,26.19,b,,n,,w,t,e,,d,a,e,p,1.0,5
majority,14870,14872,10.43,x,s,e,f,a,d,w,8.8,15.33,,i,n,,,t,,w,d,w,e,p,1.0,4
majority,4608,4608,2.85,x,,u,f,,d,w,6.74,5.02,,,w,,,f,f,,d,a,e,p,1.0,7
majority,52899,52901,7.81,x,h,n,t,p,,n,7.59,17.63,,,n,,w,t,p,,d,u,e,p,1.0,5
majority,15027,15029,7.44,x,s,y,f,d,d,w,7.18,12.13,,i,n,,,t,,w,d,a,e,p,1.0,4
majority,55655,55657,10.43,f,,w,f,d,c,y,2.52,14.74,,,w,,,f,f,,d,a,e,p,1.0,6
majority,20130,20132,6.66,f,s,b,f,d,d,b,6.86,13.23,,,w,,,f,f,,d,w,e,p,1.0,5
majority,24980,24982,8.35,f,s,u,f,a,c,w,4.79,15.31,,,w,,,f,f,,d,a,e,p,1.0,5
majority,20690,20692,4.06,x,h,o,f,a,c,e,4.36,6.6,,,o,,,f,f,,g,u,e,p,1.0,5
majority,10416,10417,4.66,b,g,g,f,a,d,g,5.99,3.52,,s,n,,,f,f,,d,a,e,p,1.0,4
majority,49274,49276,10.49,x,d,y,t,p,,r,7.01,13.0,,,y,,,f,f,,d,a,e,p,1.0,6
majority,25054,25056,9.66,x,s,u,f,a,c,w,5.61,17.84,,,w,,,f,f,,d,u,e,p,1.0,5
majority,31148,31150,10.26,x,s,n,f,e,c,p,8.45,11.01,,i,w,,,f,f,p,d,a,e,p,1.0,3
majority,22442,22444,6.83,x,h,y,t,x,c,y,7.51,13.15,,,w,,,f,f,,d,a,e,p,1.0,5
majority,51380,51382,4.2,x,t,n,f,p,,n,5.87,11.39,,,e,,,f,f,,d,u,e,p,1.0,6
majority,33751,33753,6.73,s,l,w,f,d,,w,3.47,8.99,,,w,,,f,f,,g,a,e,p,1.0,6
majority,34948,34950,4.56,x,,w,f,x,c,w,8.02,8.91,b,,w,,w,t,,,d,s,e,p,1.0,5
majority,56831,56861,11.17,f,e,b,f,,c,b,4.9,20.4,,,w,,,t,f,,d,a,e,p,1.0,6
majority,48585,48587,14.87,x,t,n,f,p,,w,17.54,79.94,,,n,,,f,f,,d,a,e,p,1.0,6
majority,14304,14306,6.68,x,t,n,f,a,d,n,7.78,6.96,,t,g,,,t,l,,d,a,e,p,1.0,4
majority,16442,16444,4.93,x,y,n,f,s,,g,5.06,7.91,,,w,,,f,f,,d,u,e,p,1.0,6
majority,49156,49158,7.24,x,d,e,t,p,,r,6.6,13.58,,,y,,,f,f,,d,a,e,p,1.0,6
majority,4413,4413,3.14,s,y,n,f,d,d,p,8.58,3.98,,i,n,,,f,f,,l,u,e,p,1.0,4
majority,21547,21549,8.13,x,,y,f,a,c,w,7.32,16.39,,,g,,,f,f,,d,u,e,p,1.0,6
majority,21791,21793,9.02,x,,y,f,a,c,w,6.1,15.77,,,g,,,f,f,,d,a,e,p,1.0,6
majority,43625,43627,9.5,x,i,n,t,e,,p,9.08,18.24,,y,w,,,t,p,,d,a,e,p,1.0,5
majority,31340,31342,11.47,x,s,n,f,e,c,w,6.22,9.79,,i,w,,,f,f,p,d,a,e,p,1.0,3
majority,1957,1957,7.06,x,,w,f,e,,w,6.33,12.76,b,,y,u,w,t,g,,d,a,e,p,1.0,4
majority,14303,14305,4.88,x,t,n,f,a,d,n,5.42,4.46,,t,g,,,t,l,,d,a,e,p,1.0,4
majority,55102,55104,4.65,s,l,n,f,f,f,f,6.79,44.66,,,n,,,f,f,g,d,a,e,p,1.0,4
majority,17829,17831,7.78,x,,n,f,a,,w,7.32,13.47,,,g,,,f,f,,d,u,e,p,1.0,7
majority,35206,35208,4.59,x,,w,f,x,c,w,7.97,9.44,b,,n,,w,t,,,g,a,e,p,1.0,5
majority,4824,4824,2.6,x,,u,f,,d,w,6.69,5.41,,,w,,,f,f,,d,a,e,p,1.0,7
majority,55356,55358,3.7,s,l,n,f,f,f,f,6.65,51.05,,,n,,,f,f,g,l,w,e,p,1.0,4
majority,45461,45463,3.09,b,y,n,f,,c,n,7.31,3.33,,,w,,,f,f,,d,a,e,p,1.0,6
majority,15361,15363,9.81,f,y,y,f,,,w,6.56,23.86,b,,n,,w,t,e,,d,w,e,p,1.0,5
majority,6903,6903,4.78,x,,l,f,d,,r,7.59,7.65,,,r,,,f,f,,l,u,e,p,1.0,7
majority,18020,18022,7.63,f,s,n,f,s,c,w,5.75,9.27,b,i,w,,,f,f,,d,a,e,p,1.0,3
majority,9388,9388,2.51,b,g,n,f,x,d,w,4.23,2.95,,,y,,,f,f,,g,a,e,p,1.0,5
majority,14180,14182,5.44,x,t,g,f,a,d,n,5.86,5.03,,t,w,,,t,l,,d,a,e,p,1.0,4
majority,14575,14577,5.22,x,h,n,f,a,d,y,7.25,5.34,,s,n,,,f,f,,d,a,e,p,1.0,4
majority,21980,21982,3.91,x,,y,f,a,c,y,4.84,10.15,,,w,,,f,f,,d,u,e,p,1.0,6
majority,18838,18840,2.94,f,s,w,f,d,d,w,3.14,5.04,,,w,,,f,f,,m,w,e,p,1.0,5
majority,36162,36164,5.04,x,h,n,f,x,c,n,5.39,5.52,,y,n,,,t,r,,d,s,e,p,1.0,4
majority,1141,1141,8.43,f,,n,t,,,w,10.18,15.75,b,,w,u,w,t,g,,d,a,e,p,1.0,5
majority,45591,45593,1.13,p,g,g,f,,,g,2.84,1.39,,,w,,,f,f,,d,w,e,p,1.0,7
majority,56855,56885,8.08,f,e,b,f,,c,b,5.07,20.97,,,w,,,t,f,,d,a,e,p,1.0,6
majority,55237,55239,4.68,s,l,n,f,f,f,f,8.43,59.66,,,n,,,f,f,g,d,u,e,p,1.0,4
majority,51850,51852,20.41,p,d,e,f,p,,w,17.25,36.72,s,y,w,,,f,f,,d,u,e,p,1.0,4
majority,46649,46651,2.82,x,h,n,f,,c,n,5.73,6.56,,s,w,,w,f,f,k,d,u,e,p,1.0,3
majority,4701,4701,3.29,x,,u,f,,d,u,5.88,4.89,,,w,,,f,f,,d,u,e,p,1.0,7
majority,22153,22155,3.63,x,,y,f,a,c,o,3.3,6.87,,,w,,,f,f,,d,a,e,p,1.0,6
majority,5139,5139,5.92,f,,g,f,s,c,u,6.57,22.07,,,u,,,f,f,,l,a,e,p,1.0,6
majority,17839,17841,7.78,p,,n,f,a,,w,6.09,13.63,,,w,,,f,f,,g,a,e,p,1.0,7
majority,14665,14667,5.75,x,t,o,f,a,d,y,7.91,5.98,,s,n,,,f,f,,d,s,e,p,1.0,4
majority,5644,5644,10.55,x,,g,f,s,c,g,8.09,23.58,b,,u,,,f,f,,d,a,e,p,1.0,5
majority,48747,48749,10.9,x,t,n,t,p,,y,7.56,22.6,,,n,,,f,f,,d,a,e,p,1.0,6
majority,56926,56956,10.63,f,e,b,f,,c,b,4.6,18.23,,,w,,,t,f,,d,a,e,p,1.0,6
majority,11842,11843,1.16,f,g,e,t,a,,p,6.42,1.06,,,n,,,f,f,,h,a,e,p,1.0,6
majority,25026,25028,9.42,f,s,k,f,a,c,w,4.47,15.63,,,w,,,f,f,,d,u,e,p,1.0,5
majority,43505,43507,8.82,x,i,n,t,e,,p,8.57,15.45,,y,w,,,t,l,,d,a,e,p,1.0,5
majority,55846,55848,6.22,s,,n,f,,,w,4.62,23.12,,,n,,,f,f,,d,u,e,p,1.0,8
majority,18303,18305,5.69,f,s,n,f,s,c,w,5.31,8.94,b,i,w,,,f,f,,g,a,e,p,1.0,3
majority,52649,52651,9.36,x,t,n,t,p,,y,8.72,17.83,,,n,,w,t,p,,d,u,e,p,1.0,5
majority,1083,1083,12.56,f,,n,t,,,w,12.19,19.44,b,,w,u,w,t,g,,d,a,e,p,1.0,5
majority,8567,8567,6.17,x,s,b,f,x,c,w,6.81,11.02,,s,n,,,f,f,,l,w,e,p,1.0,4
majority,49444,49446,7.15,x,d,n,t,p,,y,7.77,15.78,,,y,,,f,f,,d,a,e,p,1.0,6
majority,45847,45849,1.14,b,g,w,f,,,g,3.21,1.69,,,w,,,f,f,,d,s,e,p,1.0,7
majority,15156,15158,8.49,f,s,y,f,a,d,w,7.93,14.72,,i,n,,,t,,w,d,w,e,p,1.0,4
majority,21516,21518,3.45,x,t,n,f,d,,o,5.82,6.59,,t,w,,,f,f,,d,a,e,p,1.0,5
majority,46069,46071,1.62,f,w,g,f,,d,k,4.51,2.27,,,w,,,f,f,,g,u,e,p,1.0,6
majority,49472,49474,5.19,x,d,y,t,p,,y,7.05,15.79,,,y,,,f,f,,d,u,e,p,1.0,6
majority,31705,31707,7.71,x,y,n,f,e,c,p,5.37,10.11,,y,n,,,f,f,,d,a,e,p,1.0,4
majority,21728,21730,7.58,f,,y,f,a,c,w,6.09,13.92,,,w,,,f,f,,d,w,e,p,1.0,6
majority,33572,33574,6.32,s,l,w,f,d,,p,3.28,7.22,,,w,,,f,f,,d,a,e,p,1.0,6
majority,16509,16511,5.69,f,y,g,f,s,,g,4.96,7.25,,,w,,,f,f,,d,a,e,p,1.0,6
majority,50692,50694,3.01,x,k,n,f,p,,e,4.52,9.28,,,n,,,f,f,,d,a,e,p,1.0,6
majority,57023,57053,10.16,f,e,b,f,,c,b,4.67,18.98,,,w,,,t,f,,d,a,e,p,1.0,6
majority,21421,21423,4.22,f,t,n,f,d,,o,6.4,8.14,,t,w,,,f,f,,d,w,e,p,1.0,5
majority,45919,45921,1.79,x,w,g,f,,d,g,5.06,2.76,,,w,,,f,f,,g,w,e,p,1.0,6
majority,46566,46568,4.62,f,,y,f,x,c,w,5.88,3.71,,,w,,,f,f,,d,u,e,p,1.0,6
majority,60550,60696,5.59,c,,g,f,f,f,f,6.42,20.79,,,n,,,f,f,,l,s,e,p,1.0,6
majority,20153,20155,5.02,s,d,o,f,d,d,b,6.15,12.58,,,w,,,f,f,,g,w,e,p,1.0,5
majority,6638,6638,6.3,s,,n,f,d,c,w,4.97,7.68,,s,w,,,f,f,,d,a,e,p,1.0,5
majority,5454,5454,10.11,s,,n,f,s,c,g,8.26,22.36,b,,u,,,f,f,,g,a,e,p,1.0,5
majority,5583,5583,7.06,x,,g,f,s,c,g,4.89,19.19,b,,u,,,f,f,,d,a,e,p,1.0,5
majority,48487,48489,21.04,x,t,n,f,p,,y,22.02,81.61,,,n,,,f,f,,d,a,e,p,1.0,6
majority,14319,14321,6.32,x,h,n,f,a,d,n,7.1,5.9,,t,g,,,t,l,,d,w,e,p,1.0,4
majority,43814,43816,10.31,p,s,w,f,e,c,k,14.04,11.56,,s,w,,,t,e,,d,a,e,p,1.0,4
majority,46019,46021,1.42,x,w,g,f,,d,k,4.78,2.47,,,w,,,f,f,,d,s,e,p,1.0,6
majority,54607,54609,4.2,x,w,y,f,f,f,f,4.68,15.6,,,y,,,f,f,,d,a,e,p,1.0,5
majority,20559,20561,3.5,x,d,p,f,a,c,e,4.23,6.06,,,e,,,f,f,,m,u,e,p,1.0,5
majority,24437,24439,8.65,x,e,l,f,x,c,w,7.02,19.8,,,w,,,f,f,,d,u,e,p,1.0,5
majority,21781,21783,6.67,f,,y,f,a,c,w,5.73,14.85,,,g,,,f,f,,d,a,e,p,1.0,6
majority,15500,15502,8.01,x,y,e,f,,,w,7.19,23.78,b,,n,,w,t,e,,d,a,e,p,1.0,5
majority,54741,54743,3.43,s,,n,f,f,f,f,5.98,6.21,,,y,,,f,f,,d,a,e,p,1.0,6
majority,51314,51316,4.25,x,s,n,f,p,,n,6.08,11.42,,,n,,,f,f,,d,u,e,p,1.0,6
majority,9318,9318,3.18,b,g,w,f,x,d,w,3.96,2.42,,,y,,,f,f,,g,a,e,p,1.0,5
majority,54705,54707,2.67,x,w,y,f,f,f,f,2.38,10.73,,,y,,,f,f,,d,u,e,p,1.0,5
majority,12507,12508,1.4,x,t,y,f,a,,w,5.83,2.17,,t,y,,,f,f,,g,a,e,p,1.0,5
majority,42075,42077,8.01,f,y,w,f,e,c,k,5.24,12.75,,,w,,w,t,e,,g,a,e,p,1.0,4
majority,29714,29716,2.81,f,d,n,t,d,c,p,4.22,5.95,,,g,,,f,f,,d,u,e,p,1.0,5
majority,26185,26187,11.98,s,s,u,f,x,,n,7.37,26.88,,,w,,,f,f,,d,w,e,p,1.0,6
majority,58243,58389,52.61,o,y,y,f,p,,y,7.48,44.34,,k,n,,,f,f,,d,s,e,p,1.0,5
majority,36320,36322,4.01,x,h,n,f,x,c,n,5.98,6.2,,s,n,,,t,r,,d,w,e,p,1.0,4
majority,55740,55742,11.78,f,,g,f,d,c,y,2.54,14.68,,,w,,,f,f,,d,w,e,p,1.0,6
majority,60261,60407,6.35,o,,n,f,f,f,f,7.27,23.05,,,n,,,f,f,,l,s,e,p,1.0,6
majority,24096,24098,8.0,x,,e,f,x,c,w,6.63,12.87,,s,w,,,f,f,,d,u,e,p,1.0,5
majority,46367,46369,3.95,x,,w,f,x,c,w,5.65,3.49,,,w,,,f,f,,d,u,e,p,1.0,6
majority,5851,5851,12.3,x,e,n,f,a,c,w,6.95,22.9,s,,w,,,f,f,,d,w,e,p,1.0,4
majority,16665,16667,6.51,f,h,n,f,s,,y,7.56,10.6,,t,o,,,f,f,,d,a,e,p,1.0,5
majority,30613,30615,11.92,s,t,o,t,d,c,o,6.55,16.64,,,w,,,f,f,,d,u,e,p,1.0,5
majority,17989,17991,8.25,x,,g,f,a,,w,8.06,14.92,,,w,,,f,f,,d,u,e,p,1.0,7
majority,42411,42413,8.17,x,y,n,f,e,c,p,5.01,12.67,,,w,,,t,l,,w,a,e,p,1.0,5
majority,22489,22491,8.74,x,t,y,t,x,c,y,8.23,16.96,,,w,,,f,f,,d,a,e,p,1.0,5
majority,14878,14880,9.93,x,s,y,f,a,d,w,7.76,12.64,,i,n,,,t,,w,d,u,e,p,1.0,4
majority,16187,16189,7.03,b,h,g,f,s,d,w,6.03,10.3,,s,g,,,f,f,,d,u,e,p,1.0,4
majority,31468,31470,5.53,x,y,n,f,e,c,w,5.57,10.49,,y,n,,,f,f,,d,a,e,p,1.0,4
majority,45593,45595,0.68,p,g,w,f,,,g,2.65,1.17,,,w,,,f,f,,d,w,e,p,1.0,7
majority,14950,14952,8.67,x,s,e,f,a,d,w,10.56,18.35,,i,n,,,t,,w,d,a,e,p,1.0,4
majority,5171,5171,8.18,f,,g,f,s,c,b,7.91,19.0,,,u,,,f,f,,l,a,e,p,1.0,6
majority,2961,2961,12.67,p,y,w,f,,,w,23.7,19.77,s,,n,,,t,m,,m,a,e,p,1.0,6
majority,42393,42395,7.11,f,i,n,f,e,c,n,4.81,14.33,,,w,,,t,l,,w,a,e,p,1.0,5
majority,2853,2853,15.28,f,y,w,f,,,w,28.3,19.76,s,,n,,,t,m,,d,a,e,p,1.0,6
majority,16237,16239,4.57,f,y,g,f,s,,w,4.62,6.1,,,w,,,f,f,,d,a,e,p,1.0,6
majority,49427,49429,7.77,x,d,n,t,p,,y,8.54,16.59,,,y,,,f,f,,d,a,e,p,1.0,6
majority,24712,24714,7.45,f,s,u,f,a,c,w,3.86,14.31,,,w,,,f,f,,d,a,e,p,1.0,5
majority,60243,60389,5.97,c,,n,f,f,f,f,5.5,19.51,,,n,,,f,f,,l,s,e,p,1.0,6
majority,22573,22575,7.16,x,t,y,t,x,c,y,7.74,16.43,,,w,,,f,f,,d,u,e,p,1.0,5
majority,43970,43972,8.44,f,s,w,f,e,c,w,19.84,12.34,,s,w,,,t,e,,d,a,e,p,1.0,4
majority,22069,22071,3.9,x,,y,f,a,c,y,3.85,8.53,,,w,,,f,f,,d,a,e,p,1.0,6
majority,4419,4419,2.6,f,y,n,f,a,d,p,5.84,2.92,,i,n,,,f,f,,h,u,e,p,1.0,4
majority,55478,55480,8.55,f,,g,f,d,c,y,2.17,11.75,,,w,,,f,f,,d,w,e,p,1.0,6
majority,5733,5733,14.61,f,e,n,f,a,c,w,9.08,26.48,s,,w,,,f,f,,d,w,e,p,1.0,4
majority,46373,46375,5.08,x,,w,f,x,c,n,6.14,3.67,,,w,,,f,f,,d,u,e,p,1.0,6
majority,46532,46534,4.31,x,,y,f,x,c,u,6.85,4.16,,,w,,,f,f,,d,a,e,p,1.0,6
majority,49271,49273,6.86,x,d,n,t,p,,y,5.94,11.67,,,y,,,f,f,,d,a,e,p,1.0,6
majority,43577,43579,11.07,x,i,n,t,e,,p,9.15,17.64,,y,w,,,t,p,,l,a,e,p,1.0,5
majority,4647,4647,2.18,x,,u,f,,d,u,6.72,4.81,,,w,,,f,f,,d,u,e,p,1.0,7
majority,11713,11714,0.59,c,g,e,t,a,,w,4.97,0.82,,,n,,,f,f,,d,a,e,p,1.0,6
majority,31510,31512,6.62,x,y,n,f,e,c,w,5.57,9.69,,y,n,,,f,f,,d,a,e,p,1.0,4
majority,45899,45901,1.5,x,w,g,f,,d,g,5.22,2.72,,,w,,,f,f,,d,a,e,p,1.0,6
majority,51296,51298,4.46,x,s,o,f,p,,n,5.35,11.54,,,n,,,f,f,,d,u,e,p,1.0,6
majority,7056,7056,4.16,x,,w,f,d,,r,5.35,6.83,,,r,,,f,f,,d,u,e,p,1.0,7
majority,49157,49159,6.78,x,d,n,t,p,,y,5.1,10.9,,,e,,,f,f,,d,a,e,p,1.0,6
majority,10527,10528,3.81,b,g,n,f,a,d,g,6.92,4.3,,s,n,,,f,f,,d,a,e,p,1.0,4
majority,6550,6550,6.26,s,,n,f,d,c,w,4.2,7.5,,s,w,,,f,f,,d,a,e,p,1.0,5
majority,3146,3146,18.01,f,y,w,f,,,w,27.11,21.43,s,,n,,,t,m,,m,u,e,p,1.0,6
majority,55396,55398,5.23,o,l,n,f,f,f,f,6.48,35.86,,,n,,,f,f,g,l,u,e,p,1.0,4
majority,6735,6735,4.49,x,,l,f,a,,r,6.12,7.53,,,w,,,f,f,,l,u,e,p,1.0,7
majority,42567,42569,8.75,x,i,n,f,e,c,p,5.78,13.58,,,w,,,t,l,,w,a,e,p,1.0,5
majority,42399,42401,7.18,f,y,n,f,e,c,n,4.53,11.69,,,w,,,t,l,,w,u,e,p,1.0,5
majority,11951,11952,1.22,x,g,e,t,a,,w,6.1,1.12,,,n,,,f,f,,d,u,e,p,1.0,6
majority,31376,31378,9.91,x,s,n,f,e,c,w,6.24,9.77,,i,w,,,f,f,p,d,s,e,p,1.0,3
majority,27014,27016,10.02,s,,w,t,d,c,w,5.57,25.91,,,w,,,f,f,,d,u,e,p,1.0,6
majority,50599,50601,2.71,x,k,n,f,p,,n,4.27,10.22,,,n,,,f,f,,d,a,e,p,1.0,6
majority,4323,4323,2.39,f,y,n,f,a,d,p,7.29,3.72,,i,n,,,f,f,,h,a,e,p,1.0,4
majority,42365,42367,8.88,x,i,n,f,e,c,p,5.12,13.13,,,w,,,t,r,,w,u,e,p,1.0,5
majority,16779,16781,7.58,f,h,o,f,s,,n,9.46,13.49,,t,n,,,f,f,,d,a,e,p,1.0,5
majority,24619,24621,7.87,x,e,l,f,x,c,w,7.26,16.84,,,w,,,f,f,,d,a,e,p,1.0,5
majority,33593,33595,7.05,s,l,w,f,d,,w,3.55,9.11,,,w,,,f,f,,d,u,e,p,1.0,6
majority,24294,24296,5.97,x,,n,f,x,c,w,5.55,13.4,,s,w,,,f,f,,d,a,e,p,1.0,5
majority,9237,9237,3.03,b,g,w,f,x,d,w,4.19,2.97,,,y,,,f,f,,g,a,e,p,1.0,5
majority,46097,46099,1.49,x,w,g,f,,d,k,4.94,2.36,,,w,,,f,f,,g,a,e,p,1.0,6
majority,56875,56905,11.44,f,e,b,f,,c,b,5.38,20.82,,,w,,,t,f,,d,a,e,p,1.0,6
majority,16121,16123,5.87,b,h,k,f,s,d,g,5.35,10.28,,s,g,,,f,f,,d,u,e,p,1.0,4
majority,5465,5465,7.96,f,,n,f,s,c,g,9.31,21.98,b,,u,,,f,f,,g,w,e,p,1.0,5
majority,24697,24699,9.31,x,e,y,f,x,c,w,7.38,16.67,,,w,,,f,f,,d,u,e,p,1.0,5
majority,16650,16652,6.98,f,h,o,f,s,,n,9.07,12.39,,t,o,,,f,f,,d,a,e,p,1.0,5
majority,55285,55287,2.77,o,l,n,f,f,f,f,8.09,54.42,,,n,,,f,f,g,d,w,e,p,1.0,4
majority,2719,2719,4.46,x,h,n,f,e,,w,11.17,11.34,,s,n,u,w,f,f,,d,a,e,p,1.0,3
majority,54693,54695,3.42,x,w,y,f,f,f,f,5.62,14.21,,,y,,,f,f,,d,u,e,p,1.0,5
majority,33788,33790,7.0,x,l,w,f,d,,p,3.36,8.85,,,w,,,f,f,,d,a,e,p,1.0,6
majority,42025,42027,8.14,f,y,w,f,e,c,k,4.17,13.37,,,w,,w,t,e,,m,a,e,p,1.0,4
majority,16450,16452,3.15,x,y,n,f,s,,g,3.64,7.0,,,w,,,f,f,,d,u,e,p,1.0,6
majority,54778,54780,3.52,s,,n,f,f,f,f,6.49,6.85,,,y,,,f,f,,d,a,e,p,1.0,6
majority,50622,50624,3.65,x,k,n,f,p,,y,4.05,9.69,,,n,,,f,f,,d,a,e,p,1.0,6
majority,43727,43729,10.55,p,i,n,t,e,,p,9.05,18.2,,y,w,,,t,l,,d,a,e,p,1.0,5
majority,46929,46931,4.65,x,h,n,f,,c,n,5.87,6.2,,s,w,,w,f,f,k,d,u,e,p,1.0,3
majority,24287,24289,8.27,f,,e,f,x,c,w,7.9,18.45,,s,w,,,f,f,,d,a,e,p,1.0,5
majority,46340,46342,3.49,x,,w,f,x,c,n,4.96,3.37,,,w,,,f,f,,d,a,e,p,1.0,6
majority,49662,49664,5.52,x,d,y,t,p,,y,7.48,14.72,,,y,,,f,f,,d,a,e,p,1.0,6
majority,22420,22422,6.29,x,h,y,t,x,c,y,6.7,13.33,,,w,,,f,f,,d,u,e,p,1.0,5
majority,46582,46584,4.73,x,,n,f,x,c,w,6.63,4.08,,,w,,,f,f,,d,u,e,p,1.0,6
majority,45212,45214,2.65,b,y,n,f,,c,k,6.56,3.16,,,w,,,f,f,,d,u,e,p,1.0,6
majority,21763,21765,6.02,f,,y,f,a,c,w,4.78,13.55,,,w,,,f,f,,d,u,e,p,1.0,6
majority,15895,15897,5.76,b,h,k,f,s,d,g,6.55,11.05,,s,g,,,f,f,,d,a,e,p,1.0,4
majority,53033,53035,8.9,x,t,n,f,p,d,y,5.64,12.55,,s,n,,,f,f,,g,a,e,p,1.0,4
majority,50707,50709,3.3,x,k,n,f,p,,y,3.88,9.5,,,y,,,f,f,,d,a,e,p,1.0,6
majority,16134,16136,6.17,f,h,g,f,s,d,g,5.38,10.39,,s,g,,,f,f,,d,u,e,p,1.0,4
majority,35216,35218,4.16,x,,w,f,x,c,w,8.15,9.87,b,,n,,w,t,,,g,a,e,p,1.0,5
majority,4960,4960,9.28,s,,u,f,s,c,u,6.61,18.01,,,u,,,f,f,,d,w,e,p,1.0,6
majority,21506,21508,4.04,f,t,n,f,d,,o,5.96,7.12,,t,o,,,f,f,,d,a,e,p,1.0,5
majority,14773,14775,4.84,f,h,n,f,a,d,w,7.56,5.86,,k,n,,,f,f,,d,s,e,p,1.0,4
majority,27088,27090,12.93,s,,w,t,d,c,w,6.12,26.59,,,w,,,f,f,,d,a,e,p,1.0,6
majority,55474,55476,13.09,f,,g,f,d,c,w,2.31,14.14,,,w,,,f,f,,d,a,e,p,1.0,6
majority,14486,14488,3.74,f,h,n,f,a,d,y,5.46,4.48,,k,o,,,f,f,,d,w,e,p,1.0,4
majority,20499,20501,2.75,x,s,p,f,a,c,e,4.0,6.28,,,e,,,f,f,,g,a,e,p,1.0,5
majority,11693,11694,1.15,x,g,n,t,a,,p,5.32,0.98,,,n,,,f,f,,h,u,e,p,1.0,6
majority,60518,60664,4.3,c,,g,f,f,f,f,3.47,17.02,,,n,,,f,f,,d,s,e,p,1.0,6
majority,1148,1148,9.11,x,,n,t,,,w,12.99,19.27,b,,w,u,w,t,g,,d,u,e,p,1.0,5
majority,15210,15212,12.99,f,y,y,f,,,w,7.79,27.38,b,,n,,w,t,e,,d,a,e,p,1.0,5
majority,46620,46622,3.69,x,h,n,f,,c,k,5.71,6.34,,s,w,,w,f,f,k,d,u,e,p,1.0,3
majority,21299,21301,4.65,f,t,n,f,d,,o,6.37,8.62,,t,o,,,f,f,,d,w,e,p,1.0,5
majority,2626,2626,6.12,c,t,n,f,e,,w,12.13,12.18,,s,n,u,w,f,f,,d,u,e,p,1.0,3
majority,22173,22175,3.68,x,,y,f,a,c,o,3.34,7.41,,,w,,,f,f,,d,a,e,p,1.0,6
majority,5557,5557,9.69,s,,g,f,s,c,g,9.11,22.75,b,,u,,,f,f,,d,w,e,p,1.0,5
majority,46568,46570,5.31,f,,y,f,x,c,g,6.76,4.16,,,w,,,f,f,,d,a,e,p,1.0,6
majority,26363,26365,9.04,f,s,y,f,x,,n,4.63,18.08,,,p,,,f,f,,d,a,e,p,1.0,6
majority,33775,33777,6.31,x,l,w,f,d,,w,3.4,8.84,,,w,,,f,f,,g,a,e,p,1.0,6
majority,17840,17842,7.58,x,,n,f,a,,w,6.66,13.85,,,w,,,f,f,,g,a,e,p,1.0,7
majority,55863,55865,8.89,o,,n,f,,,w,3.38,19.8,,,n,,,f,f,,d,u,e,p,1.0,8
majority,4339,4339,2.01,f,y,n,f,d,d,p,6.38,3.72,,i,n,,,f,f,,h,u,e,p,1.0,4
majority,31471,31473,4.84,x,y,n,f,e,c,p,5.4,9.43,,y,n,,,f,f,,d,a,e,p,1.0,4
majority,11907,11908,0.91,x,g,e,t,a,,p,5.32,1.14,,,n,,,f,f,,h,a,e,p,1.0,6
majority,24946,24948,9.37,f,s,k,f,a,c,w,5.36,15.64,,,w,,,f,f,,d,a,e,p,1.0,5
majority,57052,57082,11.24,f,e,b,f,,c,b,4.66,18.59,,,w,,,t,f,,d,a,e,p,1.0,6
majority,4451,4451,2.02,s,y,n,f,a,d,p,6.37,3.36,,i,n,,,f,f,,l,u,e,p,1.0,4
majority,31470,31472,6.24,x,y,n,f,e,c,p,4.19,9.36,,y,n,,,f,f,,d,u,e,p,1.0,4
majority,55660,55662,9.95,f,,b,f,d,c,y,2.59,16.89,,,w,,,f,f,,d,w,e,p,1.0,6
majority,31316,31318,9.77,x,s,n,f,e,c,w,8.17,10.33,,i,w,,,f,f,p,d,w,e,p,1.0,3
majority,4515,4515,2.09,f,y,n,f,a,d,p,5.3,3.64,,i,n,,,f,f,,h,a,e,p,1.0,4
majority,2073,2073,6.66,x,,w,f,e,,w,5.63,11.82,b,,w,u,y,t,g,,d,u,e,p,1.0,4
majority,48714,48716,9.88,x,h,n,t,p,,y,8.16,23.23,,,n,,,f,f,,d,u,e,p,1.0,6
majority,56054,56056,5.77,o,,n,f,,,w,2.79,18.39,,,n,,,f,f,,d,a,e,p,1.0,8
majority,58181,58327,46.87,o,y,y,f,p,,y,7.42,33.04,,k,k,,,f,f,,d,u,e,p,1.0,5
majority,52169,52171,7.96,x,,n,t,p,,g,13.23,27.75,,y,w,,,f,f,,d,a,e,p,1.0,6
majority,5475,5475,7.63,s,,g,f,s,c,g,7.23,19.79,b,,u,,,f,f,,g,a,e,p,1.0,5
majority,16213,16215,6.0,f,h,g,f,s,d,g,5.53,9.55,,s,g,,,f,f,,d,a,e,p,1.0,4
majority,43569,43571,9.51,p,y,n,t,e,,p,9.47,18.3,,y,w,,,t,l,,d,a,e,p,1.0,5
majority,8548,8548,6.04,f,s,b,f,x,c,w,6.29,9.56,,s,n,,,f,f,,l,w,e,p,1.0,4
majority,11347,11348,1.43,c,g,n,f,a,,g,4.6,1.24,,,g,,,f,f,,d,u,e,p,1.0,6
majority,58306,58452,53.16,o,y,y,f,p,,y,6.99,40.29,,k,k,,,f,f,,d,s,e,p,1.0,5
majority,43969,43971,9.88,p,y,w,f,e,c,w,20.13,12.81,,s,w,,,t,e,,u,s,e,p,1.0,4
majority,26916,26918,10.04,s,,w,t,d,c,y,5.95,23.92,,,w,,,f,f,,d,a,e,p,1.0,6
majority,21339,21341,4.11,f,t,n,f,d,,o,6.46,7.69,,t,o,,,f,f,,d,a,e,p,1.0,5
majority,24863,24865,5.12,x,s,u,f,a,c,w,3.04,12.2,,,w,,,f,f,,d,a,e,p,1.0,5
majority,48554,48556,17.95,x,t,n,f,p,,w,18.6,69.22,,,n,,,f,f,,d,u,e,p,1.0,6
majority,46920,46922,2.87,x,h,n,f,,c,k,7.18,6.36,,s,w,,w,f,f,k,d,u,e,p,1.0,3
majority,53178,53180,8.21,x,h,n,f,p,d,y,8.12,12.92,,s,n,,,f,f,,d,u,e,p,1.0,4
majority,18349,18351,5.65,f,s,n,f,s,c,w,5.17,7.45,b,i,w,,,f,f,,m,a,e,p,1.0,3
majority,18058,18060,7.11,f,s,n,f,s,c,w,5.29,9.09,b,i,w,,,f,f,,l,u,e,p,1.0,3
majority,52331,52333,7.53,x,h,y,f,p,,y,6.93,14.61,,,y,,y,t,,,d,a,e,p,1.0,6
majority,25114,25116,16.23,x,t,n,f,a,d,k,6.72,22.99,,,w,,,f,f,w,d,u,e,p,1.0,4
majority,52277,52279,7.59,x,h,y,f,p,,y,8.18,15.8,,,y,,y,t,,,d,u,e,p,1.0,6
majority,4567,4567,3.05,f,y,n,f,a,d,p,7.38,4.24,,i,n,,,f,f,,l,a,e,p,1.0,4
majority,16267,16269,4.74,f,y,g,f,s,,g,3.82,6.83,,,w,,,f,f,,d,u,e,p,1.0,6
majority,17909,17911,7.58,p,,g,f,a,,w,7.83,14.43,,,g,,,f,f,,g,a,e,p,1.0,7
majority,56978,57008,11.37,f,e,b,f,,c,b,5.56,22.9,,,w,,,t,f,,d,a,e,p,1.0,6
majority,43723,43725,10.37,p,i,n,t,e,,p,9.26,18.04,,y,w,,,t,l,,d,a,e,p,1.0,5
majority,17605,17607,7.7,x,s,w,f,s,c,w,7.11,32.38,,,w,,,f,f,,d,u,e,p,1.0,5
majority,42132,42134,7.17,f,s,w,f,e,c,n,5.94,13.31,,,w,,w,t,e,,m,u,e,p,1.0,4
majority,9204,9204,4.06,b,g,n,f,x,d,w,4.53,2.9,,,y,,,f,f,,g,u,e,p,1.0,5
majority,50650,50652,4.19,x,k,n,f,p,,n,4.3,9.66,,,n,,,f,f,,d,a,e,p,1.0,6
majority,20567,20569,2.53,x,d,o,f,a,c,e,4.02,5.36,,,o,,,f,f,,g,u,e,p,1.0,5
majority,9322,9322,4.14,b,g,w,f,x,d,w,4.75,2.99,,,y,,,f,f,,g,u,e,p,1.0,5
majority,21656,21658,6.53,f,,y,f,a,c,w,5.03,12.49,,,g,,,f,f,,d,u,e,p,1.0,6
majority,51241,51243,4.62,x,t,n,f,p,,n,6.49,12.23,,,n,,,f,f,,d,u,e,p,1.0,6
majority,42474,42476,4.5,x,i,n,f,e,c,n,4.56,12.28,,,w,,,t,l,,w,u,e,p,1.0,5
majority,33748,33750,6.01,x,l,w,f,d,,w,3.37,7.66,,,w,,,f,f,,g,u,e,p,1.0,6
majority,46831,46833,2.8,x,h,n,f,,c,k,5.36,6.74,,s,w,,w,f,f,k,d,u,e,p,1.0,3
majority,31593,31595,6.05,x,y,n,f,e,c,p,5.36,9.6,,y,n,,,f,f,,d,a,e,p,1.0,4
majority,17575,17577,9.77,x,s,w,f,s,c,w,7.72,28.87,,,w,,,f,f,,d,u,e,p,1.0,5
majority,55317,55319,4.4,s,l,n,f,f,f,f,8.13,52.93,,,n,,,f,f,g,l,w,e,p,1.0,4
majority,5257,5257,9.46,f,,l,f,s,c,u,7.13,20.64,,,b,,,f,f,,l,w,e,p,1.0,6
majority,6507,6507,5.94,s,,n,f,d,c,w,4.49,7.44,,s,w,,,f,f,,l,u,e,p,1.0,5
majority,19000,19002,2.73,f,s,w,f,d,d,w,3.16,5.35,,,w,,,f,f,,m,w,e,p,1.0,5
majority,20222,20224,5.65,s,s,b,f,d,d,o,6.74,13.23,,,w,,,f,f,,d,w,e,p,1.0,5
majority,6551,6551,4.98,s,,n,f,d,c,w,3.7,7.39,,s,w,,,f,f,,l,a,e,p,1.0,5
majority,33880,33882,8.37,x,l,w,f,d,,w,3.69,9.85,,,w,,,f,f,,g,a,e,p,1.0,6
majority,56918,56948,9.9,f,e,b,f,,c,b,5.03,20.77,,,w,,,t,f,,d,a,e,p,1.0,6
majority,26435,26437,11.49,x,s,u,f,x,,n,8.22,27.19,,,p,,,f,f,,d,w,e,p,1.0,6
majority,46251,46253,4.77,f,,n,f,x,c,n,5.98,4.06,,,w,,,f,f,,d,a,e,p,1.0,6
majority,17625,17627,8.94,x,d,w,f,s,c,w,6.01,27.7,,,w,,,f,f,,m,s,e,p,1.0,5
majority,50643,50645,2.69,x,k,n,f,p,,e,4.21,9.81,,,n,,,f,f,,d,a,e,p,1.0,6
majority,44072,44074,9.88,p,s,w,f,e,c,p,18.28,11.97,,s,w,,,t,e,,u,w,e,p,1.0,4
majority,24499,24501,10.99,x,e,y,f,x,c,w,7.78,18.39,,,w,,,f,f,,d,u,e,p,1.0,5
majority,9501,9501,3.29,b,g,w,f,x,d,w,4.66,2.91,,,y,,,f,f,,g,u,e,p,1.0,5
majority,21927,21929,4.29,x,,y,f,a,c,y,3.69,7.86,,,w,,,f,f,,d,a,e,p,1.0,6
majority,55757,55759,13.25,f,,l,f,d,c,w,2.45,13.83,,,w,,,f,f,,d,w,e,p,1.0,6
majority,52684,52686,11.59,x,h,n,t,p,,n,9.11,16.86,,,n,,w,t,p,,d,a,e,p,1.0,5
majority,20602,20604,3.4,x,d,p,f,a,c,o,4.17,5.79,,,e,,,f,f,,m,a,e,p,1.0,5
majority,31435,31437,5.76,x,y,n,f,e,c,w,5.4,9.87,,y,n,,,f,f,,d,u,e,p,1.0,4
majority,14560,14562,4.88,x,t,o,f,a,d,y,6.48,5.14,,k,n,,,f,f,,d,w,e,p,1.0,4
majority,25064,25066,17.66,s,t,n,f,a,d,y,7.41,24.8,,,w,,,f,f,w,d,w,e,p,1.0,4
majority,25102,25104,18.2,f,t,w,f,a,d,y,7.72,22.92,,,w,,,f,f,w,d,w,e,p,1.0,4
majority,5749,5749,13.27,s,e,n,f,a,c,w,6.81,24.71,s,,w,,,f,f,,l,w,e,p,1.0,4
majority,14807,14809,4.62,f,h,o,f,a,d,y,5.62,5.5,,s,n,,,f,f,,d,a,e,p,1.0,4
majority,12482,12483,1.22,x,t,n,f,a,,w,5.06,1.92,,t,y,,,f,f,,h,a,e,p,1.0,5
majority,50665,50667,3.25,x,k,n,f,p,,e,3.65,9.16,,,n,,,f,f,,d,a,e,p,1.0,6
majority,17973,17975,7.15,x,,n,f,a,,w,6.23,12.83,,,w,,,f,f,,d,u,e,p,1.0,7
majority,21939,21941,3.5,x,,y,f,a,c,o,2.85,8.59,,,w,,,f,f,,d,u,e,p,1.0,6
majority,46558,46560,4.57,f,,y,f,x,c,u,6.77,4.11,,,w,,,f,f,,d,a,e,p,1.0,6
majority,24879,24881,7.42,x,s,k,f,a,c,w,4.51,15.61,,,w,,,f,f,,d,a,e,p,1.0,5
majority,54583,54585,5.56,s,w,y,f,f,f,f,5.04,14.56,,,y,,,f,f,,d,u,e,p,1.0,5
majority,4370,4370,2.36,s,y,n,f,d,d,p,6.86,3.95,,i,n,,,f,f,,l,u,e,p,1.0,4
majority,6794,6794,4.56,x,,w,f,d,,r,5.36,6.58,,,l,,,f,f,,d,a,e,p,1.0,7
majority,25269,25271,15.66,f,s,k,f,a,d,k,8.17,23.18,,,w,,,f,f,w,d,u,e,p,1.0,4
majority,53219,53221,7.58,x,t,n,f,p,d,y,5.52,11.54,,s,n,,,f,f,,g,u,e,p,1.0,4
majority,24390,24392,10.53,x,e,l,f,x,c,w,8.6,27.9,,,w,,,f,f,,d,u,e,p,1.0,5
majority,54895,54897,3.73,s,,y,f,f,f,f,5.56,6.56,,,y,,,f,f,,d,a,e,p,1.0,6
majority,50571,50573,3.55,x,d,n,f,p,,n,5.33,10.9,,,y,,,f,f,,d,a,e,p,1.0,6
majority,36103,36105,4.14,x,h,n,f,x,c,w,5.41,4.84,,y,n,,,t,r,,d,u,e,p,1.0,4
majority,14616,14618,5.64,f,h,n,f,a,d,w,7.38,6.5,,s,o,,,f,f,,d,w,e,p,1.0,4
majority,51612,51614,19.53,p,d,o,f,p,,n,14.25,33.02,s,y,w,,,f,f,,d,a,e,p,1.0,4
majority,34951,34953,4.47,x,,n,f,x,c,n,7.81,8.29,b,,n,,w,t,,,d,u,e,p,1.0,5
majority,4973,4973,13.22,s,,n,f,s,c,u,9.61,22.33,,,u,,,f,f,,l,a,e,p,1.0,6
majority,11738,11739,0.91,f,g,n,t,a,,w,6.12,1.2,,,n,,,f,f,,h,a,e,p,1.0,6
majority,6688,6688,5.08,s,,n,f,d,c,w,3.95,8.37,,s,w,,,f,f,,l,u,e,p,1.0,5
majority,26284,26286,10.26,f,s,n,f,x,,n,7.25,20.61,,,n,,,f,f,,d,a,e,p,1.0,6
majority,45184,45186,2.96,b,y,n,f,,c,k,6.85,3.25,,,w,,,f,f,,d,w,e,p,1.0,6
majority,55792,55794,6.05,s,,n,f,,,w,2.94,16.3,,,n,,,f,f,,d,u,e,p,1.0,8
majority,2869,2869,17.67,f,y,w,f,,,w,26.16,19.29,s,,n,,,t,m,,m,u,e,p,1.0,6
majority,1164,1164,8.69,x,,n,t,,,w,10.1,15.28,b,,w,u,w,t,g,,d,u,e,p,1.0,5
majority,26938,26940,11.8,s,,w,t,d,c,w,5.9,25.47,,,w,,,f,f,,d,u,e,p,1.0,6
majority,56960,56990,9.76,f,e,b,f,,c,b,4.73,20.85,,,w,,,t,f,,d,a,e,p,1.0,6
majority,1254,1254,9.92,x,,n,t,,,w,10.26,14.88,b,,w,u,w,t,g,,d,u,e,p,1.0,5
majority,60490,60636,5.62,p,,n,f,f,f,f,5.67,22.01,,,n,,,f,f,,d,s,e,p,1.0,6
majority,15146,15148,14.02,x,s,y,f,a,d,w,9.27,15.89,,i,n,,,t,,w,d,a,e,p,1.0,4
majority,22541,22543,7.38,x,t,y,t,x,c,y,8.67,14.43,,,w,,,f,f,,d,a,e,p,1.0,5
majority,22236,22238,4.66,x,,y,f,a,c,o,4.48,9.65,,,w,,,f,f,,d,a,e,p,1.0,6
majority,51945,51947,6.22,x,,n,t,p,,g,11.15,23.03,,y,w,,,f,f,,d,a,e,p,1.0,6
majority,15324,15326,10.7,f,y,e,f,,,w,5.65,23.52,b,,n,,w,t,e,,d,a,e,p,1.0,5
majority,14409,14411,5.37,x,h,n,f,a,d,n,5.21,4.92,,t,g,,,t,l,,d,a,e,p,1.0,4
majority,29738,29740,3.63,f,d,p,t,d,c,p,5.02,6.19,,,g,,,f,f,,d,u,e,p,1.0,5
majority,4695,4695,1.87,x,,b,f,,d,u,5.35,3.62,,,w,,,f,f,,d,u,e,p,1.0,7
majority,52091,52093,8.26,x,,g,t,p,,g,11.49,27.09,,y,w,,,f,f,,d,a,e,p,1.0,6
majority,20631,20633,4.03,x,s,e,f,a,c,o,4.98,7.11,,,e,,,f,f,,g,w,e,p,1.0,5
majority,20477,20479,3.09,x,s,e,f,a,c,o,4.59,6.47,,,e,,,f,f,,m,w,e,p,1.0,5
majority,6453,6453,6.81,s,,n,f,d,c,w,5.42,7.89,,s,w,,,f,f,,d,a,e,p,1.0,5
majority,18026,18028,5.2,f,s,n,f,s,c,w,4.77,8.58,b,i,n,,,f,f,,d,u,e,p,1.0,3
majority,22310,22312,7.35,x,t,y,t,x,c,y,6.66,12.09,,,w,,,f,f,,d,a,e,p,1.0,5
majority,20400,20402,3.7,f,s,b,f,d,d,b,5.83,11.16,,,w,,,f,f,,m,w,e,p,1.0,5
majority,10418,10419,3.35,f,g,g,f,a,d,g,4.99,3.11,,s,n,,,f,f,,d,s,e,p,1.0,4
majority,5707,5707,15.15,x,e,g,f,d,c,w,8.41,24.93,s,,w,,,f,f,,l,a,e,p,1.0,4
majority,22206,22208,4.13,x,,y,f,a,c,y,4.17,9.03,,,w,,,f,f,,d,a,e,p,1.0,6
majority,45450,45452,3.01,b,y,n,f,,c,n,6.54,2.98,,,w,,,f,f,,d,s,e,p,1.0,6
majority,56887,56917,12.24,f,e,b,f,,c,b,5.29,20.92,,,w,,,t,f,,d,a,e,p,1.0,6
majority,52291,52293,6.77,x,h,y,f,p,,y,6.75,15.24,,,y,,y,t,,,d,u,e,p,1.0,6
majority,4385,4385,2.85,s,y,n,f,a,d,p,6.05,3.5,,i,n,,,f,f,,h,u,e,p,1.0,4
majority,57068,57098,10.68,f,e,b,f,,c,b,5.57,23.78,,,w,,,t,f,,d,a,e,p,1.0,6
majority,21682,21684,6.28,x,,y,f,a,c,w,5.62,14.66,,,w,,,f,f,,d,a,e,p,1.0,6
majority,14736,14738,4.26,f,t,o,f,a,d,w,7.26,6.55,,k,n,,,f,f,,d,s,e,p,1.0,4
majority,48824,48826,11.04,x,t,n,t,p,,y,8.91,23.1,,,n,,,f,f,,d,u,e,p,1.0,6
majority,31305,31307,11.16,x,s,n,f,e,c,w,7.7,11.01,,i,n,,,f,f,p,d,s,e,p,1.0,3
majority,55210,55212,4.47,s,l,n,f,f,f,f,5.28,37.9,,,n,,,f,f,g,l,u,e,p,1.0,4
majority,18739,18741,2.85,f,s,w,f,d,d,w,3.9,6.77,,,w,,,f,f,,g,a,e,p,1.0,5
majority,4922,4922,2.59,x,,u,f,,d,u,6.44,5.09,,,w,,,f,f,,d,a,e,p,1.0,7
majority,17931,17933,9.06,p,,g,f,a,,w,7.95,15.05,,,g,,,f,f,,d,u,e,p,1.0,7
majority,48668,48670,20.19,p,t,n,f,p,,y,14.08,58.79,,,n,,,f,f,,d,a,e,p,1.0,6
majority,30566,30568,10.19,s,t,o,t,d,c,o,5.84,18.11,,,w,,,f,f,,d,a,e,p,1.0,5
majority,26160,26162,10.4,s,s,n,f,x,,n,5.97,18.8,,,p,,,f,f,,d,w,e,p,1.0,6
majority,15963,15965,5.62,b,h,g,f,s,d,w,5.25,10.7,,s,g,,,f,f,,d,a,e,p,1.0,4
majority,49470,49472,6.37,x,d,n,t,p,,y,6.81,15.53,,,y,,,f,f,,d,u,e,p,1.0,6
majority,30526,30528,11.48,s,t,w,t,d,c,o,5.97,17.12,,,w,,,f,f,,d,u,e,p,1.0,5
majority,52505,52507,9.02,x,h,y,f,p,,y,7.87,15.47,,,y,,y,t,,,d,a,e,p,1.0,6
majority,21617,21619,8.53,x,,y,f,a,c,w,6.51,16.91,,,w,,,f,f,,d,w,e,p,1.0,6
majority,16455,16457,4.5,f,y,n,f,s,,y,3.95,6.88,,,w,,,f,f,,d,a,e,p,1.0,6
majority,52406,52408,7.09,x,h,y,f,p,,y,8.33,15.98,,,y,,y,t,,,d,a,e,p,1.0,6
majority,20360,20362,6.21,x,d,o,f,d,d,b,6.06,11.8,,,w,,,f,f,,d,a,e,p,1.0,5
majority,49448,49450,8.6,x,d,y,t,p,,y,7.43,15.41,,,y,,,f,f,,d,a,e,p,1.0,6
majority,5651,5651,14.04,s,e,g,f,d,c,w,7.49,24.67,s,,w,,,f,f,,d,w,e,p,1.0,4
majority,25192,25194,16.39,f,t,k,f,a,d,y,5.42,18.04,,,w,,,f,f,w,d,w,e,p,1.0,4
majority,9358,9358,3.5,b,g,n,f,x,d,w,4.71,2.61,,,y,,,f,f,,g,a,e,p,1.0,5
majority,43594,43596,10.42,x,i,n,t,e,,p,9.38,17.59,,y,w,,,t,p,,d,a,e,p,1.0,5
majority,11699,11700,1.19,c,g,e,t,a,,p,6.14,1.16,,,n,,,f,f,,d,u,e,p,1.0,6
majority,1184,1184,9.55,x,,n,t,,,w,10.45,15.65,b,,w,u,w,t,g,,d,u,e,p,1.0,5
majority,45835,45837,1.02,b,g,w,f,,,g,3.13,1.52,,,w,,,f,f,,d,a,e,p,1.0,7
majority,16432,16434,5.88,f,y,g,f,s,,g,4.77,8.22,,,w,,,f,f,,d,a,e,p,1.0,6
majority,54819,54821,2.9,s,,y,f,f,f,f,5.64,6.49,,,o,,,f,f,,d,a,e,p,1.0,6
majority,20522,20524,3.41,x,h,e,f,a,c,o,4.24,6.31,,,o,,,f,f,,g,u,e,p,1.0,5
majority,24333,24335,6.94,x,,e,f,x,c,w,6.11,14.94,,s,w,,,f,f,,d,a,e,p,1.0,5
majority,30619,30621,9.61,s,t,w,t,d,c,o,6.39,18.49,,,w,,,f,f,,d,a,e,p,1.0,5
majority,51564,51566,18.45,x,d,o,f,p,,n,14.68,34.28,s,y,w,,,f,f,,d,a,e,p,1.0,4
majority,6555,6555,6.53,s,,n,f,d,c,w,4.7,7.78,,s,w,,,f,f,,d,u,e,p,1.0,5
majority,11645,11646,1.59,c,g,n,f,a,,g,5.0,1.53,,,g,,,f,f,,l,a,e,p,1.0,6
majority,58318,58464,46.81,o,y,y,f,p,,y,5.26,32.88,,k,n,,,f,f,,d,s,e,p,1.0,5
majority,52801,52803,9.73,x,t,n,t,p,,y,7.26,17.19,,,n,,w,t,p,,d,a,e,p,1.0,5
majority,50594,50596,3.46,x,d,n,f,p,,n,3.98,10.49,,,n,,,f,f,,d,a,e,p,1.0,6
majority,6783,6783,4.08,x,,w,f,a,,r,5.39,8.0,,,r,,,f,f,,d,a,e,p,1.0,7
majority,9231,9231,3.26,b,g,w,f,x,d,w,4.67,2.97,,,y,,,f,f,,g,a,e,p,1.0,5
majority,24678,24680,8.45,x,e,y,f,x,c,w,6.94,16.94,,,w,,,f,f,,d,u,e,p,1.0,5
majority,55718,55720,10.02,f,,l,f,d,c,w,2.51,16.43,,,w,,,f,f,,d,a,e,p,1.0,6
majority,45685,45687,1.1,p,g,g,f,,,g,2.73,1.44,,,w,,,f,f,,d,u,e,p,1.0,7
majority,46777,46779,3.59,x,h,n,f,,c,k,6.13,6.49,,s,w,,w,f,f,k,d,u,e,p,1.0,3
majority,9443,9443,3.79,b,g,n,f,x,d,w,4.22,2.8,,,y,,,f,f,,g,a,e,p,1.0,5
majority,25393,25395,14.26,x,t,k,f,a,d,y,6.45,19.28,,,w,,,f,f,w,d,a,e,p,1.0,4
majority,36023,36025,4.99,x,h,n,f,x,c,n,5.55,5.47,,y,n,,,t,r,,d,a,e,p,1.0,4
majority,16636,16638,6.53,f,s,o,f,s,,n,7.69,11.28,,i,o,,,f,f,,d,a,e,p,1.0,5
majority,53058,53060,7.21,x,t,n,f,p,d,y,7.55,12.37,,s,n,,,f,f,,d,a,e,p,1.0,4
majority,20277,20279,5.09,f,d,o,f,d,d,b,4.98,12.14,,,w,,,f,f,,d,a,e,p,1.0,5
majority,54367,54369,3.93,s,w,y,f,f,f,f,4.18,12.2,,,y,,,f,f,,d,a,e,p,1.0,5
majority,6652,6652,5.72,s,,n,f,d,c,w,5.19,8.36,,s,w,,,f,f,,d,u,e,p,1.0,5
majority,35095,35097,5.04,x,,n,f,x,c,w,8.24,9.01,b,,n,,w,t,,,g,a,e,p,1.0,5
majority,42277,42279,6.07,f,s,w,f,e,c,p,5.45,12.79,,,w,,w,t,e,,g,a,e,p,1.0,4
majority,20633,20635,3.69,x,d,e,f,a,c,o,4.38,6.26,,,o,,,f,f,,m,w,e,p,1.0,5
majority,20315,20317,4.46,s,s,b,f,d,d,o,5.19,11.61,,,w,,,f,f,,g,w,e,p,1.0,5
majority,46084,46086,1.35,f,w,g,f,,d,k,4.87,2.51,,,w,,,f,f,,g,w,e,p,1.0,6
majority,21258,21260,4.43,x,t,n,f,d,,o,6.65,8.79,,t,o,,,f,f,,d,a,e,p,1.0,5
majority,5606,5606,7.82,s,,g,f,s,c,p,6.65,19.78,b,,u,,,f,f,,d,a,e,p,1.0,5
majority,44033,44035,10.92,f,y,w,f,e,c,k,19.08,12.75,,s,w,,,t,e,,g,u,e,p,1.0,4
majority,25174,25176,7.98,f,t,w,f,a,d,k,4.92,19.55,,,w,,,f,f,w,d,w,e,p,1.0,4
majority,36179,36181,4.91,x,h,n,f,x,c,n,5.57,5.25,,s,n,,,t,r,,d,u,e,p,1.0,4
majority,21357,21359,3.44,f,t,n,f,d,,o,5.88,7.27,,t,w,,,f,f,,d,w,e,p,1.0,5
majority,49215,49217,8.87,x,d,n,t,p,,r,7.55,13.4,,,e,,,f,f,,d,u,e,p,1.0,6
majority,15193,15195,7.35,x,y,y,f,,,w,6.79,22.34,b,,n,,w,t,e,,d,a,e,p,1.0,5
majority,5839,5839,13.71,x,e,n,f,d,c,w,6.79,22.86,s,,w,,,f,f,,l,a,e,p,1.0,4
majority,55630,55632,8.15,f,,w,f,d,c,w,2.24,13.81,,,w,,,f,f,,d,a,e,p,1.0,6
majority,31134,31136,7.92,x,s,n,f,e,c,p,6.83,9.45,,i,w,,,f,f,p,d,a,e,p,1.0,3
majority,16044,16046,5.35,b,h,g,f,s,d,w,4.64,8.87,,s,g,,,f,f,,d,u,e,p,1.0,4
majority,54631,54633,5.49,f,w,y,f,f,f,f,5.39,13.02,,,y,,,f,f,,d,a,e,p,1.0,5
majority,18343,18345,6.96,f,s,n,f,s,c,w,5.56,9.99,b,i,n,,,f,f,,g,a,e,p,1.0,3
majority,5723,5723,17.04,x,e,g,f,d,c,w,9.72,27.49,s,,w,,,f,f,,d,w,e,p,1.0,4
majority,9239,9239,2.32,b,g,w,f,x,d,w,4.23,2.96,,,y,,,f,f,,g,a,e,p,1.0,5
majority,9444,9444,3.4,b,g,w,f,x,d,w,3.62,3.08,,,y,,,f,f,,g,a,e,p,1.0,5
majority,21268,21270,4.28,f,t,n,f,d,,o,6.16,7.23,,t,o,,,f,f,,d,w,e,p,1.0,5
majority,24389,24391,9.74,x,e,y,f,x,c,w,7.38,15.2,,,w,,,f,f,,d,u,e,p,1.0,5
majority,46600,46602,2.68,x,h,n,f,,c,k,4.39,5.69,,s,w,,w,f,f,k,d,a,e,p,1.0,3
majority,49685,49687,4.74,x,d,n,t,p,,y,6.81,13.43,,,y,,,f,f,,d,u,e,p,1.0,6
majority,26395,26397,9.89,s,s,u,f,x,,n,7.96,24.02,,,p,,,f,f,,d,a,e,p,1.0,6
majority,29713,29715,3.77,s,d,g,t,d,c,p,4.62,5.3,,,g,,,f,f,,d,u,e,p,1.0,5
majority,30376,30378,9.37,s,t,w,t,d,c,o,5.54,16.83,,,w,,,f,f,,d,u,e,p,1.0,5
majority,45821,45823,1.0,b,g,w,f,,,g,3.14,1.6,,,w,,,f,f,,d,w,e,p,1.0,7
majority,17390,17392,5.89,f,s,w,f,s,c,w,6.66,21.92,,,w,,,f,f,,d,u,e,p,1.0,5
majority,45681,45683,1.19,b,g,w,f,,,g,3.61,1.75,,,w,,,f,f,,d,w,e,p,1.0,7
majority,30591,30593,12.57,s,t,w,t,d,c,o,5.74,17.48,,,w,,,f,f,,d,u,e,p,1.0,5
majority,24459,24461,11.46,x,e,y,f,x,c,w,7.31,22.01,,,w,,,f,f,,d,u,e,p,1.0,5
majority,24060,24062,8.43,x,,e,f,x,c,w,7.93,19.27,,s,w,,,f,f,,d,u,e,p,1.0,5
majority,42437,42439,3.99,x,y,n,f,e,c,p,4.48,12.34,,,w,,,t,l,,w,a,e,p,1.0,5
majority,20564,20566,3.28,x,s,o,f,a,c,e,5.08,7.34,,,e,,,f,f,,g,u,e,p,1.0,5
majority,17745,17747,7.82,x,,g,f,a,,w,7.6,13.98,,,g,,,f,f,,g,a,e,p,1.0,7
majority,52099,52101,7.64,x,,n,t,p,,g,11.02,25.03,,y,w,,,f,f,,d,u,e,p,1.0,6
majority,24513,24515,11.33,x,e,l,f,x,c,w,7.93,22.32,,,w,,,f,f,,d,u,e,p,1.0,5
majority,14930,14932,10.06,f,s,e,f,a,d,w,10.37,19.34,,i,n,,,t,,w,d,w,e,p,1.0,4
majority,15934,15936,6.71,b,h,k,f,s,d,w,4.98,9.42,,s,g,,,f,f,,d,a,e,p,1.0,4
majority,42162,42164,6.22,f,s,w,f,e,c,p,5.48,12.63,,,w,,w,t,e,,m,a,e,p,1.0,4
majority,16834,16836,8.08,f,h,n,f,s,,y,8.32,12.29,,i,n,,,f,f,,d,a,e,p,1.0,5
majority,16352,16354,4.94,f,y,n,f,s,,w,4.22,7.58,,,w,,,f,f,,d,a,e,p,1.0,6
majority,14770,14772,4.49,x,h,o,f,a,d,w,6.91,5.41,,s,o,,,f,f,,d,w,e,p,1.0,4
majority,36086,36088,5.06,x,h,n,f,x,c,n,5.92,5.91,,s,n,,,t,r,,d,s,e,p,1.0,4
majority,55589,55591,11.51,f,,l,f,d,c,y,2.41,15.27,,,w,,,f,f,,d,w,e,p,1.0,6
majority,55903,55905,8.94,o,,n,f,,,w,4.27,20.52,,,n,,,f,f,,d,a,e,p,1.0,8
majority,24235,24237,7.38,x,,n,f,x,c,w,9.16,23.46,,s,w,,,f,f,,d,u,e,p,1.0,5
majority,14275,14277,6.27,x,h,n,f,a,d,n,5.25,4.35,,t,g,,,t,l,,d,w,e,p,1.0,4
majority,31759,31761,7.19,x,y,n,f,e,c,w,4.7,9.62,,y,n,,,f,f,,d,u,e,p,1.0,4
majority,10570,10571,3.14,f,g,g,f,a,d,g,3.24,2.34,,s,g,,,f,f,,d,a,e,p,1.0,4
majority,52548,52550,6.88,x,h,y,f,p,,y,7.66,15.28,,,y,,y,t,,,d,a,e,p,1.0,6
majority,1831,1831,8.0,x,,y,f,e,,w,6.4,13.05,b,,y,u,w,t,g,,d,u,e,p,1.0,4
majority,42746,42748,13.94,f,s,n,t,e,,g,13.18,18.01,s,,w,,,t,l,,m,a,e,p,1.0,5
majority,48638,48640,19.29,p,t,n,f,p,,y,16.96,78.95,,,n,,,f,f,,d,a,e,p,1.0,6
majority,51877,51879,17.63,x,d,n,f,p,,n,15.85,35.03,s,y,w,,,f,f,,d,u,e,p,1.0,4
majority,2486,2486,6.19,x,h,n,f,e,,w,12.38,12.49,,s,w,u,w,f,f,,d,u,e,p,1.0,3
majority,50606,50608,3.38,x,d,n,f,p,,e,4.97,10.75,,,y,,,f,f,,d,a,e,p,1.0,6
majority,58259,58405,48.34,o,y,y,f,p,,y,6.0,30.16,,k,n,,,f,f,,d,s,e,p,1.0,5
majority,45444,45446,2.92,b,y,n,f,,c,k,6.33,3.13,,,w,,,f,f,,d,a,e,p,1.0,6
majority,11552,11553,1.33,c,g,n,f,a,,g,4.98,1.28,,,g,,,f,f,,l,a,e,p,1.0,6
majority,43792,43794,11.51,p,y,w,f,e,c,w,26.5,14.31,,s,w,,,t,e,,g,w,e,p,1.0,4
majority,3282,3282,14.59,x,y,n,t,e,,w,10.09,17.95,,,w,,,t,,,d,a,e,p,1.0,7
majority,43555,43557,9.98,p,y,n,t,e,,p,8.6,16.75,,y,w,,,t,l,,d,a,e,p,1.0,5
majority,10369,10370,3.05,f,g,n,f,a,d,g,4.05,2.35,,s,n,,,f,f,,d,s,e,p,1.0,4
majority,17993,17995,8.0,p,,n,f,a,,w,7.82,14.88,,,w,,,f,f,,g,u,e,p,1.0,7
majority,11510,11511,1.16,c,g,n,f,a,,g,4.16,1.11,,,g,,,f,f,,d,u,e,p,1.0,6
majority,17647,17649,7.3,x,d,w,f,s,c,w,5.99,24.76,,,w,,,f,f,,m,s,e,p,1.0,5
majority,46804,46806,3.6,x,h,n,f,,c,n,5.86,6.79,,s,w,,w,f,f,k,d,u,e,p,1.0,3
majority,46273,46275,4.86,f,,w,f,x,c,g,6.55,4.27,,,w,,,f,f,,d,u,e,p,1.0,6
majority,16619,16621,7.87,f,h,n,f,s,,y,9.37,12.05,,i,n,,,f,f,,d,a,e,p,1.0,5
majority,16289,16291,4.16,f,y,g,f,s,,g,4.31,5.63,,,w,,,f,f,,d,a,e,p,1.0,6
majority,5623,5623,8.08,x,,n,f,s,c,g,6.35,19.63,b,,u,,,f,f,,d,a,e,p,1.0,5
majority,2097,2097,6.55,x,,w,f,e,,w,5.96,11.26,b,,y,u,y,t,g,,d,a,e,p,1.0,4
majority,17600,17602,10.91,x,d,w,f,s,c,w,8.59,34.35,,,w,,,f,f,,d,u,e,p,1.0,5
majority,60230,60376,5.34,c,,g,f,f,f,f,4.87,21.06,,,n,,,f,f,,d,s,e,p,1.0,6
majority,25076,25078,19.32,f,s,w,f,a,d,y,6.21,24.09,,,w,,,f,f,w,d,u,e,p,1.0,4
majority,5422,5422,8.31,f,,n,f,s,c,p,6.93,19.35,b,,u,,,f,f,,d,w,e,p,1.0,5
majority,2882,2882,17.55,p,y,n,f,,,w,22.45,18.26,s,,n,,,t,m,,d,a,e,p,1.0,6
majority,21442,21444,3.88,f,t,n,f,d,,o,5.66,7.67,,t,o,,,f,f,,d,w,e,p,1.0,5
majority,6466,6466,6.04,s,,n,f,d,c,w,5.07,8.03,,s,w,,,f,f,,l,u,e,p,1.0,5
majority,57076,57106,10.44,f,e,b,f,,c,b,5.19,19.32,,,w,,,t,f,,d,a,e,p,1.0,6
majority,8759,8759,6.06,x,s,n,f,x,c,w,7.25,10.37,,s,n,,,f,f,,l,a,e,p,1.0,4
majority,26442,26444,11.35,s,s,u,f,x,,n,7.14,26.43,,,p,,,f,f,,d,a,e,p,1.0,6
majority,31651,31653,7.07,x,y,n,f,e,c,w,5.41,9.98,,y,n,,,f,f,,d,u,e,p,1.0,4
majority,15087,15089,12.04,x,s,e,f,d,d,w,10.44,15.0,,i,n,,,t,,w,d,w,e,p,1.0,4
majority,48968,48970,9.54,x,h,n,t,p,,y,7.41,22.24,,,n,,,f,f,,d,u,e,p,1.0,6
majority,42215,42217,7.46,p,s,w,f,e,c,p,5.31,13.07,,,w,,w,t,e,,g,u,e,p,1.0,4
majority,52655,52657,8.54,x,t,n,t,p,,y,6.64,16.09,,,n,,w,t,p,,d,a,e,p,1.0,5
majority,14310,14312,7.31,x,t,g,f,a,d,n,6.61,5.55,,t,g,,,t,l,,d,u,e,p,1.0,4
majority,46617,46619,4.07,x,h,n,f,,c,k,6.66,6.85,,s,w,,w,f,f,k,d,u,e,p,1.0,3
majority,15244,15246,12.51,f,y,e,f,,,w,9.47,28.05,b,,n,,w,t,e,,d,a,e,p,1.0,5
majority,44103,44105,6.09,p,y,w,f,e,c,w,12.29,10.75,,s,w,,,t,e,,u,a,e,p,1.0,4
majority,46697,46699,3.51,x,h,n,f,,c,n,6.9,6.27,,s,w,,w,f,f,k,d,u,e,p,1.0,3
majority,36314,36316,4.69,x,h,n,f,x,c,n,4.94,5.39,,y,n,,,t,r,,d,w,e,p,1.0,4
majority,43789,43791,11.82,f,y,w,f,e,c,w,17.56,12.34,,s,w,,,t,e,,d,w,e,p,1.0,4
majority,55126,55128,4.03,o,l,n,f,f,f,f,4.04,39.08,,,n,,,f,f,g,d,u,e,p,1.0,4
majority,4520,4520,2.6,s,y,n,f,a,d,p,6.1,3.56,,i,n,,,f,f,,h,a,e,p,1.0,4
majority,55958,55960,8.24,o,,n,f,,,w,4.31,21.51,,,n,,,f,f,,d,a,e,p,1.0,8
majority,45639,45641,1.09,b,g,w,f,,,g,2.36,1.44,,,w,,,f,f,,d,u,e,p,1.0,7
majority,55816,55818,9.98,o,,n,f,,,w,5.33,25.99,,,n,,,f,f,,d,a,e,p,1.0,8
majority,42495,42497,6.28,x,i,n,f,e,c,n,4.3,12.35,,,w,,,t,l,,w,u,e,p,1.0,5
majority,29773,29775,3.39,s,d,g,t,d,c,p,4.66,6.37,,,n,,,f,f,,d,u,e,p,1.0,5
majority,34987,34989,3.99,x,,w,f,x,c,n,7.41,7.23,b,,n,,w,t,,,d,a,e,p,1.0,5
majority,49476,49478,7.0,x,d,n,t,p,,y,8.88,17.16,,,y,,,f,f,,d,u,e,p,1.0,6
majority,5103,5103,11.4,f,,u,f,s,c,b,9.0,23.89,,,b,,,f,f,,l,a,e,p,1.0,6
majority,58292,58438,48.91,o,y,y,f,p,,y,7.26,39.66,,k,k,,,f,f,,d,s,e,p,1.0,5
majority,26231,26233,9.22,s,s,y,f,x,,n,6.99,22.23,,,w,,,f,f,,d,w,e,p,1.0,6
majority,14565,14567,4.87,x,t,o,f,a,d,w,6.7,6.13,,s,n,,,f,f,,d,s,e,p,1.0,4
majority,60519,60665,5.13,o,,n,f,f,f,f,5.03,22.04,,,n,,,f,f,,d,s,e,p,1.0,6
majority,4403,4403,2.7,s,y,n,f,d,d,p,6.32,3.57,,i,n,,,f,f,,h,u,e,p,1.0,4
majority,25333,25335,13.39,x,t,k,f,a,d,k,4.86,20.93,,,w,,,f,f,w,d,a,e,p,1.0,4
majority,15437,15439,11.32,x,y,n,f,,,w,8.74,26.48,b,,n,,w,t,e,,d,a,e,p,1.0,5
majority,20232,20234,7.03,x,s,b,f,d,d,o,6.95,13.9,,,w,,,f,f,,g,w,e,p,1.0,5
majority,52514,52516,8.9,x,t,y,f,p,,y,8.54,16.13,,,y,,y,t,,,d,u,e,p,1.0,6
majority,31594,31596,6.52,x,y,n,f,e,c,p,4.68,9.91,,y,n,,,f,f,,d,a,e,p,1.0,4
majority,22486,22488,6.52,x,t,y,t,x,c,y,6.91,15.34,,,w,,,f,f,,d,a,e,p,1.0,5
majority,52679,52681,10.29,x,s,n,t,p,,y,8.02,19.2,,,n,,w,t,p,,d,u,e,p,1.0,5
majority,11686,11687,1.07,x,g,n,t,a,,w,5.9,1.14,,,n,,,f,f,,h,a,e,p,1.0,6
majority,42045,42047,7.35,x,y,w,f,e,c,p,4.83,12.41,,,w,,w,t,e,,g,a,e,p,1.0,4
majority,4401,4401,2.19,s,y,n,f,a,d,p,6.52,2.92,,i,n,,,f,f,,h,u,e,p,1.0,4
majority,31670,31672,6.09,x,y,n,f,e,c,w,4.67,10.63,,y,n,,,f,f,,d,a,e,p,1.0,4
majority,42510,42512,6.55,f,i,n,f,e,c,p,4.43,12.25,,,w,,,t,r,,w,a,e,p,1.0,5
majority,48555,48557,17.06,x,w,n,f,p,,y,20.67,66.85,,,n,,,f,f,,d,u,e,p,1.0,6
majority,55818,55820,6.79,s,,n,f,,,w,4.02,21.87,,,n,,,f,f,,d,a,e,p,1.0,8
majority,36318,36320,5.83,x,h,n,f,x,c,n,5.49,6.1,,s,n,,,t,r,,d,w,e,p,1.0,4
majority,51387,51389,4.62,x,t,n,f,p,,n,6.82,13.38,,,e,,,f,f,,d,a,e,p,1.0,6
majority,54416,54418,5.26,f,w,y,f,f,f,f,5.13,14.36,,,y,,,f,f,,d,a,e,p,1.0,5
majority,30469,30471,11.64,s,t,p,t,d,c,o,6.34,18.69,,,w,,,f,f,,d,a,e,p,1.0,5
majority,21751,21753,6.7,s,,y,f,a,c,w,5.34,13.01,,,g,,,f,f,,d,w,e,p,1.0,6
majority,60294,60440,5.06,p,,n,f,f,f,f,5.36,15.73,,,n,,,f,f,,l,s,e,p,1.0,6
majority,20768,20770,2.56,x,h,p,f,a,c,o,4.08,6.56,,,o,,,f,f,,m,a,e,p,1.0,5
majority,53158,53160,9.35,x,h,n,f,p,d,y,7.23,13.46,,s,n,,,f,f,,h,u,e,p,1.0,4
majority,51378,51380,4.38,x,t,n,f,p,,n,5.25,8.98,,,n,,,f,f,,d,u,e,p,1.0,6
majority,51738,51740,19.59,x,d,n,f,p,,w,17.44,37.31,s,y,w,,,f,f,,d,a,e,p,1.0,4
majority,4911,4911,2.55,x,,u,f,,d,u,6.4,4.1,,,w,,,f,f,,d,w,e,p,1.0,7
majority,57016,57046,12.84,f,e,b,f,,c,b,5.93,21.66,,,w,,,t,f,,d,a,e,p,1.0,6
majority,45679,45681,1.01,b,g,w,f,,,g,2.68,1.45,,,w,,,f,f,,d,a,e,p,1.0,7
majority,35098,35100,4.95,x,,n,f,x,c,w,8.22,8.93,b,,n,,w,t,,,g,s,e,p,1.0,5
majority,55395,55397,5.0,s,l,n,f,f,f,f,6.25,48.0,,,n,,,f,f,g,d,w,e,p,1.0,4
majority,3447,3447,16.86,x,y,n,t,e,,w,10.09,18.47,,,w,,,t,,,g,a,e,p,1.0,7
majority,56110,56112,8.95,s,,n,f,,,w,5.17,24.87,,,n,,,f,f,,d,u,e,p,1.0,8
majority,15375,15377,10.98,f,y,e,f,,,w,6.89,24.03,b,,n,,w,t,e,,d,a,e,p,1.0,5
majority,42076,42078,6.43,p,s,w,f,e,c,n,5.24,11.68,,,w,,w,t,e,,m,u,e,p,1.0,4
majority,14229,14231,6.03,x,t,n,f,a,d,n,5.55,5.22,,t,w,,,t,l,,d,a,e,p,1.0,4
majority,54617,54619,7.59,s,w,y,f,f,f,f,4.91,14.67,,,y,,,f,f,,d,a,e,p,1.0,5
majority,55411,55413,4.88,o,l,n,f,f,f,f,7.31,55.85,,,n,,,f,f,g,d,a,e,p,1.0,4
majority,12582,12583,1.8,x,g,n,f,a,,w,7.49,2.48,,t,y,,,f,f,,h,u,e,p,1.0,5
majority,49615,49617,7.51,x,d,y,t,p,,y,7.53,15.43,,,y,,,f,f,,d,a,e,p,1.0,6
majority,42604,42606,6.2,x,i,n,f,e,c,n,4.33,10.97,,,w,,,t,l,,w,a,e,p,1.0,5
majority,5844,5844,11.64,x,e,g,f,a,c,w,8.58,23.74,s,,w,,,f,f,,d,w,e,p,1.0,4
majority,56109,56111,7.59,s,,n,f,,,w,4.05,19.42,,,n,,,f,f,,d,a,e,p,1.0,8
majority,5813,5813,9.93,s,e,g,f,a,c,w,6.66,22.04,s,,w,,,f,f,,l,w,e,p,1.0,4
majority,52180,52182,7.45,x,,g,t,p,,g,13.13,25.43,,y,w,,,f,f,,d,u,e,p,1.0,6
majority,24144,24146,8.65,f,,e,f,x,c,w,6.72,16.96,,s,w,,,f,f,,d,u,e,p,1.0,5
majority,18779,18781,2.74,f,s,w,f,d,d,w,3.16,5.85,,,w,,,f,f,,g,a,e,p,1.0,5
majority,18107,18109,6.17,f,s,n,f,s,c,w,5.41,9.17,b,i,w,,,f,f,,d,u,e,p,1.0,3
majority,54773,54775,3.38,s,,y,f,f,f,f,6.71,7.27,,,y,,,f,f,,d,a,e,p,1.0,6
majority,52452,52454,9.62,x,t,y,f,p,,y,8.68,17.11,,,y,,y,t,,,d,a,e,p,1.0,6
majority,14480,14482,4.97,x,h,o,f,a,d,y,7.77,5.31,,s,n,,,f,f,,d,a,e,p,1.0,4
majority,16718,16720,6.93,f,g,n,f,s,,y,7.9,10.54,,t,o,,,f,f,,d,a,e,p,1.0,5
majority,57058,57088,8.72,f,e,b,f,,c,b,5.01,19.27,,,w,,,t,f,,d,a,e,p,1.0,6
majority,22064,22066,5.29,x,,y,f,a,c,y,4.18,9.28,,,w,,,f,f,,d,u,e,p,1.0,6
majority,52664,52666,9.61,x,h,n,t,p,,y,7.71,18.92,,,n,,w,t,p,,d,u,e,p,1.0,5
majority,14531,14533,4.84,f,h,o,f,a,d,w,6.22,5.35,,s,o,,,f,f,,d,w,e,p,1.0,4
majority,21796,21798,6.33,s,,y,f,a,c,w,5.23,13.91,,,w,,,f,f,,d,a,e,p,1.0,6
majority,54854,54856,2.68,s,,n,f,f,f,f,6.1,6.16,,,o,,,f,f,,d,a,e,p,1.0,6
majority,24930,24932,6.41,f,s,u,f,a,c,w,4.12,15.49,,,w,,,f,f,,d,u,e,p,1.0,5
majority,6717,6717,4.74,x,,r,f,d,,r,5.3,7.87,,,r,,,f,f,,l,u,e,p,1.0,7
majority,5543,5543,8.93,s,,g,f,s,c,p,7.71,19.47,b,,u,,,f,f,,d,w,e,p,1.0,5
majority,3089,3089,17.64,f,y,n,f,,,w,26.55,19.23,s,,n,,,t,m,,m,a,e,p,1.0,6
majority,52977,52979,8.66,x,t,n,f,p,d,y,8.22,12.9,,s,n,,,f,f,,h,u,e,p,1.0,4
majority,12543,12544,1.52,x,s,y,f,d,,w,6.59,2.12,,t,y,,,f,f,,g,u,e,p,1.0,5
majority,14502,14504,3.35,x,h,o,f,a,d,y,6.03,4.32,,k,o,,,f,f,,d,s,e,p,1.0,4
majority,56863,56893,10.8,f,e,b,f,,c,b,4.87,19.47,,,w,,,t,f,,d,a,e,p,1.0,6
majority,16807,16809,7.51,f,g,n,f,s,,n,8.58,12.16,,t,n,,,f,f,,d,a,e,p,1.0,5
majority,14774,14776,4.12,f,t,o,f,a,d,y,6.15,5.47,,s,o,,,f,f,,d,s,e,p,1.0,4
majority,9471,9471,3.74,b,g,w,f,x,d,w,4.74,3.09,,,y,,,f,f,,g,a,e,p,1.0,5
majority,30525,30527,9.27,s,t,p,t,d,c,o,5.46,17.71,,,w,,,f,f,,d,a,e,p,1.0,5
majority,22415,22417,7.07,x,h,y,t,x,c,y,7.65,15.01,,,w,,,f,f,,d,u,e,p,1.0,5
majority,2581,2581,5.61,c,t,n,f,e,,w,12.56,11.89,,s,n,u,w,f,f,,d,u,e,p,1.0,3
majority,43560,43562,9.57,p,i,n,t,e,,p,9.08,17.9,,y,w,,,t,p,,d,a,e,p,1.0,5
majority,49220,49222,7.18,x,d,y,t,p,,y,5.71,11.79,,,y,,,f,f,,d,u,e,p,1.0,6
majority,49405,49407,7.56,x,d,e,t,p,,r,4.87,11.59,,,e,,,f,f,,d,u,e,p,1.0,6
majority,55185,55187,4.27,o,l,n,f,f,f,f,7.58,41.07,,,n,,,f,f,g,d,u,e,p,1.0,4
majority,26993,26995,11.61,s,,w,t,d,c,p,6.15,24.25,,,w,,,f,f,,d,a,e,p,1.0,6
majority,10348,10349,3.71,b,g,n,f,a,d,g,5.13,3.04,,s,g,,,f,f,,d,a,e,p,1.0,4
majority,50636,50638,3.05,x,k,n,f,p,,n,4.56,10.7,,,y,,,f,f,,d,a,e,p,1.0,6
majority,48505,48507,15.49,p,t,n,f,p,,w,14.58,58.51,,,n,,,f,f,,d,a,e,p,1.0,6
majority,51518,51520,5.01,x,t,o,f,p,,n,5.6,11.59,,,n,,,f,f,,d,a,e,p,1.0,6
majority,45761,45763,0.96,b,g,g,f,,,g,2.26,1.17,,,w,,,f,f,,d,a,e,p,1.0,7
majority,49453,49455,4.84,x,d,n,t,p,,y,7.74,15.33,,,y,,,f,f,,d,a,e,p,1.0,6
majority,60234,60380,5.91,c,,n,f,f,f,f,5.9,23.08,,,n,,,f,f,,l,s,e,p,1.0,6
majority,26428,26430,12.0,s,s,u,f,x,,n,8.47,27.3,,,n,,,f,f,,d,u,e,p,1.0,6
majority,5987,5987,16.03,x,e,g,f,a,c,w,8.65,24.98,s,,w,,,f,f,,d,a,e,p,1.0,4
majority,20581,20583,4.54,x,s,o,f,a,c,o,5.32,7.09,,,e,,,f,f,,m,u,e,p,1.0,5
majority,11299,11300,1.44,c,g,n,f,a,,g,4.87,1.29,,,g,,,f,f,,d,a,e,p,1.0,6
majority,11435,11436,1.4,c,g,n,f,a,,g,4.88,1.31,,,g,,,f,f,,l,u,e,p,1.0,6
majority,54852,54854,3.52,s,,n,f,f,f,f,6.31,6.82,,,y,,,f,f,,d,a,e,p,1.0,6
majority,52265,52267,10.15,x,h,y,f,p,,y,7.89,15.83,,,y,,y,t,,,d,a,e,p,1.0,6
majority,21642,21644,4.52,x,,y,f,a,c,w,4.82,11.67,,,g,,,f,f,,d,u,e,p,1.0,6
majority,54914,54916,4.48,s,,n,f,f,f,f,6.79,8.23,,,y,,,f,f,,d,a,e,p,1.0,6
majority,16823,16825,8.34,f,t,o,f,s,,y,9.91,13.14,,i,n,,,f,f,,d,a,e,p,1.0,5
majority,14775,14777,3.56,f,h,n,f,a,d,y,3.21,4.08,,k,n,,,f,f,,d,a,e,p,1.0,4
majority,20262,20264,6.74,s,d,b,f,d,d,b,6.14,12.53,,,w,,,f,f,,m,w,e,p,1.0,5
majority,60392,60538,6.21,p,,g,f,f,f,f,6.33,20.1,,,n,,,f,f,,d,s,e,p,1.0,6
majority,42116,42118,7.83,f,s,w,f,e,c,n,5.03,12.61,,,w,,w,t,e,,m,a,e,p,1.0,4
majority,18302,18304,7.41,f,s,n,f,s,c,w,6.18,9.78,b,i,n,,,f,f,,d,a,e,p,1.0,3
majority,46512,46514,4.5,x,,n,f,x,c,g,6.84,3.95,,,w,,,f,f,,d,u,e,p,1.0,6
majority,58437,58583,39.79,o,y,y,f,p,,y,4.53,32.07,,k,k,,,f,f,,d,u,e,p,1.0,5
majority,51853,51855,18.69,x,d,o,f,p,,w,16.04,36.36,s,y,w,,,f,f,,d,a,e,p,1.0,4
majority,9522,9522,2.76,b,g,n,f,x,d,w,3.6,2.45,,,y,,,f,f,,g,a,e,p,1.0,5
majority,54478,54480,4.77,s,w,y,f,f,f,f,4.51,13.03,,,y,,,f,f,,d,a,e,p,1.0,5
majority,6730,6730,5.23,x,,w,f,d,,r,5.92,8.21,,,r,,,f,f,,l,u,e,p,1.0,7
majority,35140,35142,4.49,x,,n,f,x,c,w,8.02,9.54,b,,w,,w,t,,,g,s,e,p,1.0,5
majority,20620,20622,3.8,x,d,e,f,a,c,o,3.57,6.0,,,e,,,f,f,,g,u,e,p,1.0,5
majority,1197,1197,10.2,f,,n,t,,,w,8.53,15.7,b,,w,u,w,t,g,,d,u,e,p,1.0,5
majority,24552,24554,10.93,x,e,y,f,x,c,w,9.81,29.04,,,w,,,f,f,,d,a,e,p,1.0,5
majority,6642,6642,5.73,s,,n,f,d,c,w,5.01,7.78,,s,w,,,f,f,,l,a,e,p,1.0,5
majority,14233,14235,5.39,x,t,n,f,a,d,n,5.58,4.83,,t,g,,,t,l,,d,a,e,p,1.0,4
majority,56041,56043,6.88,o,,n,f,,,w,3.32,22.3,,,n,,,f,f,,d,u,e,p,1.0,8
majority,21425,21427,4.2,x,t,n,f,d,,o,6.17,9.04,,t,o,,,f,f,,d,a,e,p,1.0,5
majority,2046,2046,4.37,x,,y,f,e,,w,5.98,11.96,b,,w,u,w,t,g,,d,u,e,p,1.0,4
majority,2720,2720,5.24,x,t,n,f,e,,w,10.6,10.2,,s,n,u,w,f,f,,d,u,e,p,1.0,3
majority,42028,42030,6.17,p,s,w,f,e,c,p,5.12,12.76,,,w,,w,t,e,,g,u,e,p,1.0,4
majority,1926,1926,6.55,x,,y,f,e,,w,5.81,11.47,b,,w,u,y,t,g,,d,u,e,p,1.0,4
majority,14387,14389,5.82,x,h,n,f,a,d,n,4.53,4.63,,t,w,,,t,l,,d,a,e,p,1.0,4
majority,6375,6375,5.18,s,,n,f,d,c,w,4.59,7.76,,s,w,,,f,f,,h,a,e,p,1.0,5
majority,43868,43870,10.33,f,s,w,f,e,c,p,20.87,13.04,,s,w,,,t,e,,d,w,e,p,1.0,4
majority,51534,51536,3.88,x,s,o,f,p,,n,5.71,11.42,,,n,,,f,f,,d,u,e,p,1.0,6
majority,46214,46216,1.69,x,w,g,f,,d,k,5.11,2.52,,,w,,,f,f,,g,a,e,p,1.0,6
majority,10426,10427,4.72,f,g,g,f,a,d,g,4.93,3.77,,s,n,,,f,f,,d,a,e,p,1.0,4
majority,2026,2026,5.76,x,,y,f,e,,w,6.03,13.17,b,,y,u,w,t,g,,d,u,e,p,1.0,4
majority,36309,36311,5.93,x,h,n,f,x,c,n,6.71,6.15,,s,n,,,t,r,,d,u,e,p,1.0,4
majority,50674,50676,3.32,x,d,n,f,p,,y,4.1,9.77,,,n,,,f,f,,d,a,e,p,1.0,6
majority,51215,51217,3.7,x,s,o,f,p,,n,4.7,10.81,,,e,,,f,f,,d,u,e,p,1.0,6
majority,52096,52098,8.81,x,,n,t,p,,g,12.18,25.94,,y,w,,,f,f,,d,a,e,p,1.0,6
majority,22061,22063,4.76,x,,y,f,a,c,o,4.18,8.65,,,w,,,f,f,,d,a,e,p,1.0,6
majority,49714,49716,7.29,x,d,n,t,p,,y,8.75,16.93,,,y,,,f,f,,d,a,e,p,1.0,6
majority,45266,45268,2.92,b,y,n,f,,c,n,6.62,2.52,,,w,,,f,f,,d,s,e,p,1.0,6
majority,46202,46204,1.65,x,w,g,f,,d,g,5.27,2.56,,,w,,,f,f,,g,s,e,p,1.0,6
majority,3461,3461,16.79,x,y,n,t,e,,w,10.26,19.43,,,w,,,t,,,g,a,e,p,1.0,7
majority,58132,58278,53.33,o,y,y,f,p,,y,5.69,29.52,,k,k,,,f,f,,d,u,e,p,1.0,5
majority,3303,3303,13.66,x,y,n,t,e,,w,9.51,15.44,,,w,,,t,,,g,a,e,p,1.0,7
majority,3515,3515,15.24,x,y,n,t,e,,w,9.12,17.53,,,w,,,t,,,d,u,e,p,1.0,7
majority,46323,46325,4.7,x,,w,f,x,c,n,6.85,4.1,,,w,,,f,f,,d,u,e,p,1.0,6
majority,5438,5438,10.97,f,,g,f,s,c,g,9.65,23.6,b,,u,,,f,f,,d,w,e,p,1.0,5
majority,55984,55986,10.81,o,,n,f,,,w,5.74,26.54,,,n,,,f,f,,d,a,e,p,1.0,8
majority,46217,46219,1.39,x,w,g,f,,d,k,4.87,2.28,,,w,,,f,f,,d,w,e,p,1.0,6
majority,36192,36194,6.59,x,h,n,f,x,c,n,7.01,6.58,,s,n,,,t,r,,d,u,e,p,1.0,4
majority,2890,2890,17.97,f,y,n,f,,,w,23.53,18.0,s,,n,,,t,m,,d,u,e,p,1.0,6
majority,55628,55630,9.04,f,,b,f,d,c,w,2.23,13.84,,,w,,,f,f,,d,w,e,p,1.0,6
majority,25299,25301,18.72,s,s,n,f,a,d,k,7.23,21.32,,,w,,,f,f,w,d,a,e,p,1.0,4
majority,35092,35094,4.56,x,,w,f,x,c,w,7.77,8.11,b,,w,,w,t,,,g,s,e,p,1.0,5
majority,51667,51669,17.5,x,d,o,f,p,,n,16.63,34.57,s,y,w,,,f,f,,d,a,e,p,1.0,4
majority,60271,60417,4.58,c,,n,f,f,f,f,5.2,21.0,,,n,,,f,f,,d,s,e,p,1.0,6
majority,31226,31228,9.16,x,s,n,f,e,c,w,6.01,9.92,,i,w,,,f,f,p,d,u,e,p,1.0,3
majority,1070,1070,8.84,x,,n,t,,,w,10.87,16.99,b,,w,u,w,t,g,,d,a,e,p,1.0,5
majority,6849,6849,4.03,x,,w,f,d,,r,5.7,7.66,,,w,,,f,f,,l,u,e,p,1.0,7
majority,5894,5894,13.41,f,e,n,f,d,c,w,8.6,26.16,s,,w,,,f,f,,d,w,e,p,1.0,4
majority,54560,54562,6.75,f,w,y,f,f,f,f,6.66,16.24,,,y,,,f,f,,d,a,e,p,1.0,5
majority,42331,42333,5.82,x,y,w,f,e,c,p,4.31,11.27,,,w,,w,t,e,,m,u,e,p,1.0,4
majority,4273,4273,2.33,s,y,n,f,a,d,p,5.81,3.78,,i,n,,,f,f,,l,u,e,p,1.0,4
majority,49242,49244,7.14,x,d,y,t,p,,r,5.99,12.78,,,y,,,f,f,,d,u,e,p,1.0,6
majority,21564,21566,6.03,s,,y,f,a,c,w,6.49,15.02,,,w,,,f,f,,d,a,e,p,1.0,6
majority,52228,52230,8.26,x,,g,t,p,,g,12.22,24.52,,y,w,,,f,f,,d,u,e,p,1.0,6
majority,43673,43675,9.47,x,i,n,t,e,,p,8.99,17.08,,y,w,,,t,p,,d,a,e,p,1.0,5
majority,11776,11777,0.86,f,g,e,t,a,,p,4.92,0.97,,,n,,,f,f,,h,u,e,p,1.0,6
majority,18293,18295,7.15,f,s,n,f,s,c,w,7.11,11.26,b,i,w,,,f,f,,g,u,e,p,1.0,3
majority,14439,14441,6.0,x,t,n,f,a,d,n,5.83,4.83,,t,w,,,t,l,,d,a,e,p,1.0,4
majority,52568,52570,10.29,x,t,y,f,p,,y,8.27,15.49,,,y,,y,t,,,d,a,e,p,1.0,6
majority,43621,43623,10.05,x,i,n,t,e,,p,8.86,17.22,,y,w,,,t,p,,d,a,e,p,1.0,5
majority,11445,11446,1.36,c,g,n,f,a,,g,4.91,1.62,,,g,,,f,f,,l,u,e,p,1.0,6
majority,48838,48840,10.33,x,h,n,t,p,,y,7.21,21.81,,,n,,,f,f,,d,a,e,p,1.0,6
majority,57080,57110,9.88,f,e,b,f,,c,b,4.89,19.83,,,w,,,t,f,,d,a,e,p,1.0,6
majority,16584,16586,4.65,x,y,n,f,s,,g,4.25,7.26,,,w,,,f,f,,d,u,e,p,1.0,6
majority,55872,55874,8.91,o,,n,f,,,w,4.18,18.77,,,n,,,f,f,,d,u,e,p,1.0,8
majority,4391,4391,2.43,f,y,n,f,a,d,p,7.86,3.77,,i,n,,,f,f,,h,u,e,p,1.0,4
majority,16694,16696,8.26,f,h,o,f,s,,y,9.07,12.78,,t,o,,,f,f,,d,a,e,p,1.0,5
majority,49657,49659,6.53,x,d,y,t,p,,y,6.77,16.67,,,y,,,f,f,,d,a,e,p,1.0,6
majority,3168,3168,20.16,f,y,n,f,,,w,29.16,23.17,s,,n,,,t,m,,m,u,e,p,1.0,6
majority,20437,20439,4.6,s,s,b,f,d,d,b,5.2,10.45,,,w,,,f,f,,d,w,e,p,1.0,5
majority,17323,17325,7.01,f,d,w,f,s,c,w,8.38,33.51,,,w,,,f,f,,d,u,e,p,1.0,5
majority,20556,20558,3.45,x,s,p,f,a,c,e,4.44,6.21,,,o,,,f,f,,m,a,e,p,1.0,5
majority,55550,55552,9.99,f,,w,f,d,c,y,2.41,13.21,,,w,,,f,f,,d,w,e,p,1.0,6
majority,24717,24719,7.59,f,s,k,f,a,c,w,4.8,17.33,,,w,,,f,f,,d,a,e,p,1.0,5
majority,5323,5323,9.54,f,,n,f,s,c,p,5.16,17.89,b,,u,,,f,f,,g,w,e,p,1.0,5
majority,26332,26334,12.42,x,s,n,f,x,,n,8.88,25.66,,,p,,,f,f,,d,u,e,p,1.0,6
majority,49492,49494,6.71,x,d,n,t,p,,y,6.92,13.65,,,y,,,f,f,,d,a,e,p,1.0,6
majority,22009,22011,4.52,x,,y,f,a,c,o,4.27,10.44,,,w,,,f,f,,d,a,e,p,1.0,6
majority,35077,35079,4.6,x,,w,f,x,c,n,8.53,10.18,b,,n,,w,t,,,d,a,e,p,1.0,5
majority,42119,42121,6.01,p,y,w,f,e,c,p,5.64,12.67,,,w,,w,t,e,,m,u,e,p,1.0,4
majority,46529,46531,5.34,x,,n,f,x,c,w,7.31,4.61,,,w,,,f,f,,d,u,e,p,1.0,6
majority,50516,50518,3.48,x,d,n,f,p,,y,4.71,10.25,,,n,,,f,f,,d,a,e,p,1.0,6
majority,1341,1341,10.21,f,,n,t,,,w,11.22,19.19,b,,w,u,w,t,g,,d,u,e,p,1.0,5
majority,20294,20296,7.18,s,d,b,f,d,d,b,5.2,12.83,,,w,,,f,f,,d,a,e,p,1.0,5
majority,5001,5001,9.95,s,,l,f,s,c,b,7.59,19.25,,,u,,,f,f,,l,w,e,p,1.0,6
majority,24908,24910,6.78,x,s,u,f,a,c,w,4.19,14.07,,,w,,,f,f,,d,a,e,p,1.0,5
majority,45735,45737,0.81,b,g,g,f,,,g,2.97,1.57,,,w,,,f,f,,d,s,e,p,1.0,7
majority,42919,42921,15.8,x,s,w,t,e,,g,13.3,19.96,s,,w,,,t,r,,m,a,e,p,1.0,5
majority,10346,10347,5.11,b,g,n,f,a,d,g,6.61,3.26,,s,n,,,f,f,,d,w,e,p,1.0,4
majority,43872,43874,14.75,p,y,w,f,e,c,k,19.16,13.34,,s,w,,,t,e,,g,w,e,p,1.0,4
majority,12666,12667,1.35,x,s,y,f,a,,w,6.32,2.01,,t,y,,,f,f,,g,a,e,p,1.0,5
majority,15386,15388,8.12,f,y,n,f,,,w,6.24,23.52,b,,n,,w,t,e,,d,w,e,p,1.0,5
majority,55582,55584,12.46,f,,l,f,d,c,y,2.59,14.55,,,w,,,f,f,,d,a,e,p,1.0,6
majority,8560,8560,5.64,x,s,b,f,x,c,w,5.26,7.28,,s,n,,,f,f,,l,a,e,p,1.0,4
majority,52280,52282,8.42,x,h,y,f,p,,y,8.06,15.53,,,y,,y,t,,,d,u,e,p,1.0,6
majority,21238,21240,4.6,f,t,n,f,d,,o,5.89,7.6,,t,o,,,f,f,,d,a,e,p,1.0,5
majority,18119,18121,6.49,f,s,n,f,s,c,w,5.88,9.36,b,i,w,,,f,f,,m,u,e,p,1.0,3
majority,16666,16668,7.57,f,h,o,f,s,,y,8.75,12.76,,i,n,,,f,f,,d,a,e,p,1.0,5
majority,9462,9462,4.15,b,g,w,f,x,d,w,4.7,3.38,,,y,,,f,f,,g,u,e,p,1.0,5
majority,20264,20266,6.98,f,s,o,f,d,d,o,5.3,12.06,,,w,,,f,f,,m,a,e,p,1.0,5
majority,10333,10334,3.93,b,g,g,f,a,d,g,5.27,3.19,,s,n,,,f,f,,d,w,e,p,1.0,4
majority,1777,1777,5.95,x,,w,f,e,,w,5.54,11.61,b,,w,u,y,t,g,,d,u,e,p,1.0,4
majority,24038,24040,7.14,f,,n,f,x,c,w,6.16,18.09,,s,w,,,f,f,,d,u,e,p,1.0,5
majority,6631,6631,4.93,s,,n,f,d,c,w,5.33,8.0,,s,w,,,f,f,,l,a,e,p,1.0,5
majority,15003,15005,10.04,x,s,n,f,a,d,w,7.4,12.85,,i,n,,,t,,w,d,u,e,p,1.0,4
majority,21911,21913,3.89,x,,y,f,a,c,y,3.91,10.47,,,w,,,f,f,,d,a,e,p,1.0,6
majority,42142,42144,6.57,p,y,w,f,e,c,p,5.24,12.87,,,w,,w,t,e,,g,u,e,p,1.0,4
majority,26404,26406,11.15,x,s,y,f,x,,n,6.97,21.43,,,p,,,f,f,,d,u,e,p,1.0,6
majority,60356,60502,5.45,o,,n,f,f,f,f,5.13,20.88,,,n,,,f,f,,d,s,e,p,1.0,6
majority,14485,14487,3.83,f,h,n,f,a,d,y,6.87,6.23,,s,n,,,f,f,,d,a,e,p,1.0,4
majority,22347,22349,7.04,x,t,y,t,x,c,y,7.39,14.69,,,w,,,f,f,,d,u,e,p,1.0,5
majority,57051,57081,7.96,f,e,b,f,,c,b,4.54,17.58,,,w,,,t,f,,d,a,e,p,1.0,6
majority,30682,30684,4.54,s,t,w,t,d,c,o,5.07,16.36,,,w,,,f,f,,d,u,e,p,1.0,5
majority,20160,20162,5.22,f,d,o,f,d,d,b,5.1,12.22,,,w,,,f,f,,d,a,e,p,1.0,5
majority,3507,3507,13.89,x,e,n,t,e,,w,9.54,17.07,,,w,,,t,,,d,u,e,p,1.0,7
majority,3395,3395,13.76,x,y,n,t,e,,w,9.6,18.36,,,w,,,t,,,d,u,e,p,1.0,7
majority,11432,11433,1.18,c,g,n,f,a,,g,4.86,1.23,,,g,,,f,f,,d,u,e,p,1.0,6
majority,8727,8727,6.34,f,s,n,f,x,c,w,8.24,11.5,,s,n,,,f,f,,l,w,e,p,1.0,4
majority,3354,3354,15.91,x,e,n,t,e,,w,9.4,18.42,,,w,,,t,,,d,u,e,p,1.0,7
majority,21714,21716,8.06,f,,y,f,a,c,w,6.19,13.42,,,w,,,f,f,,d,a,e,p,1.0,6
majority,25363,25365,12.9,x,t,n,f,a,d,y,4.84,16.27,,,w,,,f,f,w,d,a,e,p,1.0,4
majority,48893,48895,13.06,x,t,n,t,p,,y,10.18,23.76,,,n,,,f,f,,d,u,e,p,1.0,6
majority,43049,43051,13.52,p,s,w,t,e,,n,10.31,18.06,s,,w,,,t,l,,m,u,e,p,1.0,5
majority,18202,18204,7.7,f,s,n,f,s,c,w,5.96,9.72,b,i,n,,,f,f,,g,u,e,p,1.0,3
majority,52681,52683,9.27,x,h,n,t,p,,y,7.51,17.1,,,n,,w,t,p,,d,a,e,p,1.0,5
majority,55942,55944,8.64,o,,n,f,,,w,4.22,21.96,,,n,,,f,f,,d,u,e,p,1.0,8
majority,54522,54524,5.14,x,w,y,f,f,f,f,3.91,10.98,,,y,,,f,f,,d,u,e,p,1.0,5
majority,51406,51408,4.86,x,s,n,f,p,,n,4.48,9.95,,,n,,,f,f,,d,a,e,p,1.0,6
majority,60350,60496,7.49,c,,n,f,f,f,f,5.29,19.89,,,n,,,f,f,,l,s,e,p,1.0,6
majority,22186,22188,5.51,x,,y,f,a,c,y,4.48,10.79,,,w,,,f,f,,d,u,e,p,1.0,6
majority,4749,4749,3.14,x,,u,f,,d,u,5.8,4.35,,,w,,,f,f,,d,w,e,p,1.0,7
majority,43570,43572,9.0,p,i,n,t,e,,p,8.37,16.09,,y,w,,,t,p,,d,a,e,p,1.0,5
majority,3321,3321,14.82,x,e,n,t,e,,w,10.35,18.08,,,w,,,t,,,g,a,e,p,1.0,7
majority,52342,52344,8.5,x,t,y,f,p,,y,8.29,15.42,,,y,,y,t,,,d,u,e,p,1.0,6
majority,10391,10392,3.96,b,g,n,f,a,d,g,5.82,4.1,,s,g,,,f,f,,d,s,e,p,1.0,4
majority,58122,58268,51.22,o,y,y,f,p,,y,8.04,42.39,,k,k,,,f,f,,d,s,e,p,1.0,5
majority,14926,14928,11.09,x,s,n,f,a,d,w,10.62,14.73,,i,n,,,t,,w,d,a,e,p,1.0,4
majority,22124,22126,2.82,x,,y,f,a,c,o,2.87,7.89,,,w,,,f,f,,d,a,e,p,1.0,6
majority,49549,49551,4.97,x,d,y,t,p,,y,7.52,14.64,,,y,,,f,f,,d,u,e,p,1.0,6
majority,18878,18880,3.4,x,s,w,f,d,d,w,3.31,5.68,,,w,,,f,f,,m,w,e,p,1.0,5
majority,49354,49356,7.85,x,d,y,t,p,,r,6.15,12.25,,,y,,,f,f,,d,u,e,p,1.0,6
majority,31089,31091,9.12,x,s,n,f,e,c,p,5.77,9.44,,i,w,,,f,f,p,d,s,e,p,1.0,3
majority,30382,30384,10.31,s,t,w,t,d,c,o,5.26,16.67,,,w,,,f,f,,d,a,e,p,1.0,5
majority,6380,6380,5.78,s,,n,f,d,c,w,4.14,7.22,,s,w,,,f,f,,h,a,e,p,1.0,5
majority,20541,20543,4.52,x,s,p,f,a,c,e,4.94,7.03,,,o,,,f,f,,m,a,e,p,1.0,5
majority,12609,12610,1.31,x,t,n,f,d,,w,6.75,2.33,,t,y,,,f,f,,g,u,e,p,1.0,5
majority,11881,11882,1.01,c,g,e,t,a,,p,5.92,1.05,,,n,,,f,f,,h,a,e,p,1.0,6
majority,2932,2932,14.82,p,y,n,f,,,w,26.75,19.35,s,,n,,,t,m,,d,u,e,p,1.0,6
majority,26462,26464,12.81,x,s,u,f,x,,n,7.66,19.99,,,p,,,f,f,,d,a,e,p,1.0,6
majority,53187,53189,6.99,x,h,n,f,p,d,y,7.24,13.62,,s,n,,,f,f,,d,a,e,p,1.0,4
majority,31123,31125,8.29,x,s,n,f,e,c,p,6.23,9.94,,i,n,,,f,f,p,d,a,e,p,1.0,3
majority,53170,53172,8.29,x,t,n,f,p,d,y,8.14,13.85,,s,n,,,f,f,,g,u,e,p,1.0,4
majority,18184,18186,8.57,f,s,n,f,s,c,w,6.48,10.81,b,i,n,,,f,f,,m,a,e,p,1.0,3
majority,35070,35072,4.5,x,,n,f,x,c,w,8.24,9.54,b,,w,,w,t,,,g,s,e,p,1.0,5
majority,20333,20335,4.09,x,s,o,f,d,d,b,4.97,11.54,,,w,,,f,f,,g,a,e,p,1.0,5
majority,58315,58461,47.35,o,y,y,f,p,,y,5.9,36.59,,k,n,,,f,f,,d,u,e,p,1.0,5
majority,5061,5061,9.09,f,,u,f,s,c,u,7.21,20.08,,,b,,,f,f,,d,a,e,p,1.0,6
majority,24007,24009,6.57,f,,p,f,x,c,w,5.56,16.34,,s,w,,,f,f,,d,a,e,p,1.0,5
majority,16446,16448,6.25,x,y,g,f,s,,w,4.58,8.05,,,w,,,f,f,,d,u,e,p,1.0,6
majority,46579,46581,4.59,x,,w,f,x,c,w,6.0,3.52,,,w,,,f,f,,d,a,e,p,1.0,6
majority,54419,54421,5.24,f,w,y,f,f,f,f,4.99,14.48,,,y,,,f,f,,d,a,e,p,1.0,5
majority,57030,57060,7.39,f,e,b,f,,c,b,4.08,15.41,,,w,,,t,f,,d,a,e,p,1.0,6
majority,26917,26919,11.24,s,,w,t,d,c,p,7.02,27.21,,,w,,,f,f,,d,a,e,p,1.0,6
majority,6572,6572,5.62,s,,n,f,d,c,w,4.87,8.33,,s,w,,,f,f,,d,u,e,p,1.0,5
majority,26181,26183,10.98,s,s,r,f,x,,n,8.16,23.53,,,p,,,f,f,,d,u,e,p,1.0,6
majority,20782,20784,3.54,x,h,e,f,a,c,o,4.74,7.07,,,e,,,f,f,,g,w,e,p,1.0,5
majority,55937,55939,7.62,s,,n,f,,,w,4.63,22.8,,,n,,,f,f,,d,u,e,p,1.0,8
majority,48625,48627,18.32,p,w,n,f,p,,w,17.03,65.96,,,n,,,f,f,,d,a,e,p,1.0,6
majority,42404,42406,8.46,f,i,n,f,e,c,n,4.59,12.8,,,w,,,t,l,,w,a,e,p,1.0,5
majority,25365,25367,15.82,x,t,w,f,a,d,y,6.41,20.1,,,w,,,f,f,w,d,w,e,p,1.0,4
majority,22205,22207,3.07,x,,y,f,a,c,o,4.01,8.42,,,w,,,f,f,,d,a,e,p,1.0,6
majority,18208,18210,7.28,f,s,n,f,s,c,w,6.0,10.26,b,i,n,,,f,f,,g,a,e,p,1.0,3
majority,16514,16516,5.63,f,y,g,f,s,,g,4.34,7.7,,,w,,,f,f,,d,a,e,p,1.0,6
majority,16646,16648,8.54,f,t,o,f,s,,n,9.4,12.46,,i,n,,,f,f,,d,a,e,p,1.0,5
majority,14982,14984,9.31,x,s,e,f,a,d,w,10.63,17.3,,i,n,,,t,,w,d,a,e,p,1.0,4
majority,43978,43980,9.75,p,y,w,f,e,c,p,12.04,11.69,,s,w,,,t,e,,g,w,e,p,1.0,4
majority,12615,12616,1.5,x,g,n,f,d,,w,5.77,2.01,,t,y,,,f,f,,d,a,e,p,1.0,5
majority,30688,30690,11.11,s,t,o,t,d,c,o,6.47,17.36,,,w,,,f,f,,d,a,e,p,1.0,5
majority,53062,53064,8.39,x,t,n,f,p,d,y,8.34,14.14,,s,n,,,f,f,,d,a,e,p,1.0,4
majority,16753,16755,6.46,f,g,n,f,s,,y,8.83,13.35,,t,n,,,f,f,,d,a,e,p,1.0,5
majority,24582,24584,5.65,x,e,y,f,x,c,w,7.34,16.71,,,w,,,f,f,,d,a,e,p,1.0,5
majority,12469,12470,1.61,x,s,y,f,a,,w,5.02,1.92,,t,y,,,f,f,,g,a,e,p,1.0,5
majority,14587,14589,4.43,f,t,o,f,a,d,w,6.76,5.4,,k,o,,,f,f,,d,a,e,p,1.0,4
majority,21189,21191,4.04,f,t,n,f,d,,o,5.65,8.31,,t,o,,,f,f,,d,a,e,p,1.0,5
majority,11850,11851,1.17,f,g,e,t,a,,p,4.82,1.02,,,n,,,f,f,,d,u,e,p,1.0,6
majority,8701,8701,6.65,x,s,n,f,x,c,w,7.06,9.49,,s,n,,,f,f,,l,a,e,p,1.0,4
majority,51644,51646,18.6,x,d,n,f,p,,n,15.05,33.86,s,y,w,,,f,f,,d,u,e,p,1.0,4
majority,45913,45915,1.47,x,w,n,f,,d,g,5.25,2.54,,,w,,,f,f,,d,w,e,p,1.0,6
majority,54414,54416,6.99,s,w,y,f,f,f,f,5.09,13.54,,,y,,,f,f,,d,u,e,p,1.0,5
majority,6565,6565,4.95,s,,n,f,d,c,w,4.1,6.77,,s,w,,,f,f,,l,u,e,p,1.0,5
majority,15456,15458,7.67,x,y,e,f,,,w,6.3,23.7,b,,n,,w,t,e,,d,w,e,p,1.0,5
majority,5385,5385,6.38,s,,g,f,s,c,g,5.23,17.17,b,,u,,,f,f,,g,w,e,p,1.0,5
majority,14994,14996,9.75,x,s,n,f,d,d,w,8.08,13.83,,i,n,,,t,,w,d,a,e,p,1.0,4
majority,50593,50595,3.47,x,k,n,f,p,,e,4.8,10.26,,,n,,,f,f,,d,a,e,p,1.0,6
majority,14220,14222,6.7,x,t,g,f,a,d,n,7.98,6.66,,t,g,,,t,l,,d,a,e,p,1.0,4
majority,54496,54498,6.36,s,w,y,f,f,f,f,6.01,15.5,,,y,,,f,f,,d,a,e,p,1.0,5
majority,4464,4464,2.14,f,y,n,f,a,d,p,5.93,3.85,,i,n,,,f,f,,l,u,e,p,1.0,4
majority,14848,14850,13.47,f,s,n,f,a,d,w,10.42,16.75,,i,n,,,t,,w,d,u,e,p,1.0,4
majority,27079,27081,13.13,s,,w,t,d,c,w,7.15,26.94,,,w,,,f,f,,d,a,e,p,1.0,6
majority,25322,25324,13.26,s,t,n,f,a,d,y,6.03,19.58,,,w,,,f,f,w,d,a,e,p,1.0,4
majority,49073,49075,7.22,x,d,e,t,p,,y,7.07,14.29,,,e,,,f,f,,d,u,e,p,1.0,6
majority,20698,20700,3.91,x,d,o,f,a,c,o,4.34,6.72,,,o,,,f,f,,g,w,e,p,1.0,5
majority,15121,15123,12.35,x,s,e,f,a,d,w,9.01,14.08,,i,n,,,t,,w,d,u,e,p,1.0,4
majority,45183,45185,2.32,b,y,n,f,,c,k,6.35,2.97,,,w,,,f,f,,d,u,e,p,1.0,6
majority,4407,4407,1.49,s,y,n,f,d,d,p,2.99,2.47,,i,n,,,f,f,,h,u,e,p,1.0,4
majority,42401,42403,6.17,x,y,n,f,e,c,p,4.84,12.97,,,w,,,t,r,,w,a,e,p,1.0,5
majority,21949,21951,4.67,x,,y,f,a,c,o,5.12,10.19,,,w,,,f,f,,d,a,e,p,1.0,6
majority,46797,46799,2.52,x,h,n,f,,c,k,6.31,6.7,,s,w,,w,f,f,k,d,u,e,p,1.0,3
majority,55922,55924,6.73,o,,n,f,,,w,3.4,21.66,,,n,,,f,f,,d,a,e,p,1.0,8
majority,16429,16431,3.94,x,y,g,f,s,,g,4.16,6.88,,,w,,,f,f,,d,u,e,p,1.0,6
majority,52321,52323,10.83,x,h,y,f,p,,y,8.75,15.71,,,y,,y,t,,,d,u,e,p,1.0,6
majority,5911,5911,12.28,f,e,g,f,a,c,w,7.19,25.44,s,,w,,,f,f,,l,w,e,p,1.0,4
majority,27103,27105,12.5,s,,w,t,d,c,w,6.93,28.65,,,w,,,f,f,,d,a,e,p,1.0,6
majority,43863,43865,8.76,p,y,w,f,e,c,k,17.66,12.52,,s,w,,,t,e,,d,u,e,p,1.0,4
majority,48652,48654,21.53,p,t,n,f,p,,w,18.06,79.95,,,n,,,f,f,,d,u,e,p,1.0,6
majority,54601,54603,4.33,x,w,y,f,f,f,f,4.25,11.88,,,y,,,f,f,,d,u,e,p,1.0,5
majority,12572,12573,1.54,x,t,n,f,a,,w,4.89,1.66,,t,y,,,f,f,,d,a,e,p,1.0,5
majority,42358,42360,8.76,f,i,n,f,e,c,n,4.67,12.65,,,w,,,t,r,,w,u,e,p,1.0,5
majority,30379,30381,11.13,s,t,p,t,d,c,o,5.78,18.33,,,w,,,f,f,,d,a,e,p,1.0,5
majority,45529,45531,3.48,b,y,n,f,,c,n,6.9,3.75,,,w,,,f,f,,d,s,e,p,1.0,6
majority,20483,20485,3.28,x,s,e,f,a,c,o,4.38,6.8,,,o,,,f,f,,g,w,e,p,1.0,5
majority,1938,1938,7.03,x,,y,f,e,,w,5.77,11.67,b,,w,u,w,t,g,,d,a,e,p,1.0,4
majority,24450,24452,10.43,x,e,y,f,x,c,w,6.82,21.23,,,w,,,f,f,,d,u,e,p,1.0,5
majority,51894,51896,8.17,x,,n,t,p,,g,12.35,26.49,,y,w,,,f,f,,d,a,e,p,1.0,6
majority,15059,15061,10.69,f,s,e,f,d,d,w,8.12,14.73,,i,n,,,t,,w,d,u,e,p,1.0,4
majority,56854,56884,10.87,f,e,b,f,,c,b,5.18,21.72,,,w,,,t,f,,d,a,e,p,1.0,6
majority,35292,35294,4.58,x,,n,f,x,c,w,8.48,10.16,b,,n,,w,t,,,d,u,e,p,1.0,5
majority,11509,11510,1.44,c,g,n,f,a,,g,4.99,1.11,,,g,,,f,f,,l,u,e,p,1.0,6
majority,56990,57020,9.83,f,e,b,f,,c,b,4.72,18.74,,,w,,,t,f,,d,a,e,p,1.0,6
majority,9216,9216,3.46,b,g,n,f,x,d,w,4.94,2.88,,,y,,,f,f,,g,u,e,p,1.0,5
majority,14922,14924,11.31,x,s,n,f,d,d,w,10.62,16.62,,i,n,,,t,,w,d,a,e,p,1.0,4
majority,51655,51657,16.38,p,d,e,f,p,,w,14.74,35.89,s,y,w,,,f,f,,d,u,e,p,1.0,4
majority,52800,52802,9.28,x,s,n,t,p,,y,7.9,16.31,,,n,,w,t,p,,d,a,e,p,1.0,5
majority,1328,1328,10.18,x,,n,t,,,w,12.65,22.68,b,,w,u,w,t,g,,d,u,e,p,1.0,5
majority,16250,16252,5.21,f,y,g,f,s,,y,4.92,8.33,,,w,,,f,f,,d,u,e,p,1.0,6
majority,17638,17640,8.74,f,s,w,f,s,c,w,7.43,34.22,,,w,,,f,f,,m,u,e,p,1.0,5
majority,54803,54805,4.15,s,,n,f,f,f,f,6.81,8.19,,,y,,,f,f,,d,a,e,p,1.0,6
majority,52545,52547,10.13,x,t,y,f,p,,y,7.6,15.57,,,y,,y,t,,,d,a,e,p,1.0,6
majority,5391,5391,8.95,s,,n,f,s,c,p,7.37,20.06,b,,u,,,f,f,,g,w,e,p,1.0,5
majority,20667,20669,2.41,x,s,o,f,a,c,o,4.08,6.25,,,e,,,f,f,,g,a,e,p,1.0,5
majority,48704,48706,16.3,p,w,n,f,p,,y,14.91,62.86,,,n,,,f,f,,d,u,e,p,1.0,6
majority,52828,52830,8.4,x,h,n,t,p,,n,7.03,17.89,,,n,,w,t,p,,d,a,e,p,1.0,5
majority,54537,54539,6.41,s,w,y,f,f,f,f,6.49,16.22,,,y,,,f,f,,d,a,e,p,1.0,5
majority,42080,42082,5.96,x,y,w,f,e,c,p,5.32,14.34,,,w,,w,t,e,,g,a,e,p,1.0,4
majority,46865,46867,3.39,x,h,n,f,,c,k,5.69,6.11,,s,w,,w,f,f,k,d,a,e,p,1.0,3
majority,5271,5271,11.17,s,,u,f,s,c,u,8.73,20.1,,,u,,,f,f,,l,w,e,p,1.0,6
majority,11476,11477,1.41,c,g,n,f,a,,g,4.56,1.2,,,g,,,f,f,,l,u,e,p,1.0,6
majority,22571,22573,6.74,x,h,y,t,x,c,y,6.89,14.41,,,w,,,f,f,,d,u,e,p,1.0,5
majority,42966,42968,10.76,p,s,n,t,e,,g,11.26,17.32,s,,w,,,t,l,,m,a,e,p,1.0,5
majority,58133,58279,48.61,o,y,y,f,p,,y,5.43,37.68,,k,n,,,f,f,,d,u,e,p,1.0,5
majority,29708,29710,3.3,f,d,g,t,d,c,p,3.79,6.12,,,n,,,f,f,,d,a,e,p,1.0,5
majority,43946,43948,9.78,p,y,w,f,e,c,w,19.68,13.25,,s,w,,,t,e,,d,s,e,p,1.0,4
majority,34992,34994,5.11,x,,w,f,x,c,w,7.98,7.97,b,,w,,w,t,,,g,a,e,p,1.0,5
majority,26270,26272,11.09,s,s,n,f,x,,n,6.44,20.58,,,w,,,f,f,,d,a,e,p,1.0,6
majority,4574,4574,2.84,f,y,n,f,d,d,p,6.84,4.08,,i,n,,,f,f,,l,u,e,p,1.0,4
majority,55230,55232,5.68,s,l,n,f,f,f,f,7.34,65.49,,,n,,,f,f,g,d,u,e,p,1.0,4
majority,49021,49023,12.38,x,t,n,t,p,,y,8.31,22.95,,,n,,,f,f,,d,u,e,p,1.0,6
majority,5480,5480,9.34,s,,n,f,s,c,p,7.34,21.21,b,,u,,,f,f,,d,a,e,p,1.0,5
majority,42374,42376,5.01,f,i,n,f,e,c,n,4.19,12.86,,,w,,,t,l,,w,u,e,p,1.0,5
majority,51545,51547,17.34,p,d,n,f,p,,w,15.9,34.92,s,y,w,,,f,f,,d,u,e,p,1.0,4
majority,26156,26158,11.41,s,s,u,f,x,,n,7.04,24.49,,,w,,,f,f,,d,w,e,p,1.0,6
majority,29742,29744,3.91,f,d,p,t,d,c,p,5.08,5.75,,,g,,,f,f,,d,u,e,p,1.0,5
majority,53197,53199,8.01,x,t,n,f,p,d,y,8.33,12.15,,s,n,,,f,f,,g,u,e,p,1.0,4
majority,30429,30431,6.96,s,t,w,t,d,c,o,5.25,16.65,,,w,,,f,f,,d,a,e,p,1.0,5
majority,6454,6454,6.57,s,,n,f,d,c,w,4.67,7.47,,s,w,,,f,f,,d,u,e,p,1.0,5
majority,4630,4630,2.66,x,,u,f,,d,w,5.34,4.13,,,w,,,f,f,,d,a,e,p,1.0,7
majority,1360,1360,10.91,f,,n,t,,,w,12.92,19.27,b,,w,u,w,t,g,,d,u,e,p,1.0,5
majority,3212,3212,15.3,x,e,n,t,e,,w,11.04,18.86,,,w,,,t,,,d,u,e,p,1.0,7
majority,33540,33542,7.52,x,l,w,f,d,,p,3.53,9.66,,,w,,,f,f,,d,a,e,p,1.0,6
majority,46490,46492,4.76,x,,y,f,x,c,w,6.5,3.91,,,w,,,f,f,,d,a,e,p,1.0,6
majority,2111,2111,5.41,x,,y,f,e,,w,5.45,12.05,b,,w,u,y,t,g,,d,a,e,p,1.0,4
majority,4904,4904,2.7,x,,b,f,,d,w,4.8,3.57,,,w,,,f,f,,d,a,e,p,1.0,7
majority,4629,4629,3.87,x,,b,f,,d,w,6.81,4.86,,,w,,,f,f,,d,u,e,p,1.0,7
majority,9520,9520,4.19,b,g,n,f,x,d,w,4.39,3.07,,,y,,,f,f,,g,a,e,p,1.0,5
majority,6525,6525,6.16,s,,n,f,d,c,w,4.86,8.34,,s,w,,,f,f,,l,a,e,p,1.0,5
majority,55192,55194,6.89,o,l,n,f,f,f,f,8.91,65.75,,,n,,,f,f,g,d,w,e,p,1.0,4
majority,16833,16835,8.9,f,t,n,f,s,,y,9.37,12.1,,i,n,,,f,f,,d,a,e,p,1.0,5
majority,48447,48449,12.03,x,t,n,f,p,,w,19.84,80.03,,,n,,,f,f,,d,a,e,p,1.0,6
majority,51962,51964,8.01,x,,g,t,p,,g,11.41,24.28,,y,w,,,f,f,,d,a,e,p,1.0,6
majority,31243,31245,8.88,x,s,n,f,e,c,p,6.17,9.28,,i,n,,,f,f,p,d,a,e,p,1.0,3
majority,43928,43930,8.75,p,s,w,f,e,c,k,22.5,13.43,,s,w,,,t,e,,u,w,e,p,1.0,4
majority,52197,52199,7.84,x,,g,t,p,,g,12.94,25.24,,y,w,,,f,f,,d,u,e,p,1.0,6
majority,22256,22258,6.76,x,t,y,t,x,c,y,8.07,16.18,,,w,,,f,f,,d,a,e,p,1.0,5
majority,60413,60559,5.96,p,,n,f,f,f,f,5.32,19.74,,,n,,,f,f,,l,s,e,p,1.0,6
majority,52747,52749,9.6,x,h,n,t,p,,n,6.4,17.64,,,n,,w,t,p,,d,u,e,p,1.0,5
majority,60320,60466,5.61,o,,g,f,f,f,f,5.77,19.8,,,n,,,f,f,,l,s,e,p,1.0,6
majority,46601,46603,3.21,x,h,n,f,,c,n,5.31,5.72,,s,w,,w,f,f,k,d,u,e,p,1.0,3
majority,2549,2549,4.39,c,h,n,f,e,,w,11.79,12.23,,s,n,u,w,f,f,,d,u,e,p,1.0,3
majority,22427,22429,6.47,x,h,y,t,x,c,y,7.85,15.83,,,w,,,f,f,,d,u,e,p,1.0,5
majority,11845,11846,1.01,f,g,e,t,a,,w,5.43,1.01,,,n,,,f,f,,d,u,e,p,1.0,6
majority,51207,51209,4.21,x,s,o,f,p,,n,6.97,13.48,,,e,,,f,f,,d,u,e,p,1.0,6
majority,56954,56984,8.57,f,e,b,f,,c,b,5.66,23.3,,,w,,,t,f,,d,a,e,p,1.0,6
majority,4568,4568,2.73,s,y,n,f,a,d,p,5.31,3.41,,i,n,,,f,f,,l,u,e,p,1.0,4
majority,42575,42577,8.14,x,i,n,f,e,c,p,4.56,13.5,,,w,,,t,r,,w,u,e,p,1.0,5
majority,20795,20797,3.22,x,d,o,f,a,c,o,4.15,6.09,,,e,,,f,f,,g,u,e,p,1.0,5
majority,15285,15287,9.12,f,y,y,f,,,w,6.51,24.8,b,,n,,w,t,e,,d,w,e,p,1.0,5
majority,12399,12400,1.62,x,t,y,f,d,,w,6.57,2.66,,t,y,,,f,f,,d,a,e,p,1.0,5
majority,14175,14177,5.52,x,h,g,f,a,d,n,5.16,4.68,,t,w,,,t,l,,d,w,e,p,1.0,4
majority,5456,5456,8.56,x,,n,f,s,c,p,7.76,21.05,b,,u,,,f,f,,d,a,e,p,1.0,5
majority,24518,24520,7.38,x,e,l,f,x,c,w,7.71,19.59,,,w,,,f,f,,d,u,e,p,1.0,5
majority,46461,46463,4.3,x,,n,f,x,c,n,6.95,3.87,,,w,,,f,f,,d,a,e,p,1.0,6
majority,6933,6933,5.08,x,,l,f,d,,r,6.54,6.76,,,r,,,f,f,,d,a,e,p,1.0,7
majority,52427,52429,7.39,x,h,y,f,p,,y,7.58,15.34,,,y,,y,t,,,d,u,e,p,1.0,6
majority,49621,49623,6.39,x,d,y,t,p,,y,7.52,14.54,,,y,,,f,f,,d,u,e,p,1.0,6
majority,17580,17582,8.56,f,d,w,f,s,c,w,6.58,30.66,,,w,,,f,f,,d,u,e,p,1.0,5
majority,5491,5491,8.27,x,,n,f,s,c,p,8.29,19.8,b,,u,,,f,f,,g,w,e,p,1.0,5
majority,24466,24468,13.25,x,e,y,f,x,c,w,9.0,20.79,,,w,,,f,f,,d,a,e,p,1.0,5
majority,52256,52258,8.91,x,h,y,f,p,,y,8.24,16.96,,,y,,y,t,,,d,a,e,p,1.0,6
majority,52799,52801,10.12,x,h,n,t,p,,n,8.46,18.1,,,n,,w,t,p,,d,u,e,p,1.0,5
majority,60503,60649,4.97,c,,n,f,f,f,f,5.64,18.66,,,n,,,f,f,,d,s,e,p,1.0,6
majority,52560,52562,7.91,x,t,y,f,p,,y,6.88,16.16,,,y,,y,t,,,d,u,e,p,1.0,6
majority,21729,21731,7.37,f,,y,f,a,c,w,6.04,15.4,,,g,,,f,f,,d,a,e,p,1.0,6
majority,6970,6970,4.77,x,,r,f,d,,r,5.44,6.76,,,l,,,f,f,,d,u,e,p,1.0,7
majority,25061,25063,10.18,x,t,k,f,a,d,y,4.09,17.69,,,w,,,f,f,w,d,w,e,p,1.0,4
majority,55681,55683,9.12,f,,w,f,d,c,w,2.78,16.86,,,w,,,f,f,,d,w,e,p,1.0,6
majority,2916,2916,20.01,p,y,n,f,,,w,30.44,21.01,s,,n,,,t,m,,m,u,e,p,1.0,6
majority,46211,46213,1.09,x,w,g,f,,d,g,4.53,2.25,,,w,,,f,f,,d,a,e,p,1.0,6
majority,16829,16831,8.01,f,t,n,f,s,,n,9.1,12.84,,i,o,,,f,f,,d,a,e,p,1.0,5
majority,12447,12448,1.3,x,t,y,f,d,,w,5.65,1.75,,t,y,,,f,f,,g,a,e,p,1.0,5
majority,54939,54941,3.99,s,,y,f,f,f,f,6.7,7.85,,,o,,,f,f,,d,a,e,p,1.0,6
majority,48419,48421,16.65,p,w,n,f,p,,w,9.69,48.7,,,n,,,f,f,,d,a,e,p,1.0,6
majority,26845,26847,13.1,s,,w,t,d,c,w,5.57,23.86,,,w,,,f,f,,d,u,e,p,1.0,6
majority,42508,42510,8.81,x,i,n,f,e,c,n,5.12,12.71,,,w,,,t,l,,w,a,e,p,1.0,5
majority,49057,49059,11.09,x,h,n,t,p,,y,7.53,20.91,,,n,,,f,f,,d,a,e,p,1.0,6
majority,50740,50742,4.78,x,k,n,f,p,,n,5.68,11.43,,,y,,,f,f,,d,a,e,p,1.0,6
majority,21218,21220,4.25,f,t,n,f,d,,o,5.87,6.3,,t,w,,,f,f,,d,w,e,p,1.0,5
majority,2965,2965,19.85,f,y,n,f,,,w,25.81,20.26,s,,n,,,t,m,,d,a,e,p,1.0,6
majority,35087,35089,4.35,x,,w,f,x,c,n,8.14,8.64,b,,w,,w,t,,,g,s,e,p,1.0,5
majority,55618,55620,11.04,f,,b,f,d,c,w,2.24,13.84,,,w,,,f,f,,d,a,e,p,1.0,6
majority,4867,4867,3.06,x,,b,f,,d,u,7.06,5.28,,,w,,,f,f,,d,w,e,p,1.0,7
majority,10252,10253,4.08,f,g,n,f,a,d,g,5.29,3.81,,s,n,,,f,f,,d,u,e,p,1.0,4
majority,50666,50668,3.38,x,d,n,f,p,,e,4.39,10.1,,,n,,,f,f,,d,a,e,p,1.0,6
majority,25099,25101,17.93,x,t,n,f,a,d,k,8.65,26.01,,,w,,,f,f,w,d,a,e,p,1.0,4
majority,35018,35020,4.49,x,,n,f,x,c,w,8.18,9.3,b,,w,,w,t,,,g,u,e,p,1.0,5
majority,5166,5166,14.11,s,,l,f,s,c,b,9.62,21.92,,,b,,,f,f,,d,w,e,p,1.0,6
majority,51972,51974,7.36,x,,n,t,p,,g,12.17,24.88,,y,w,,,f,f,,d,a,e,p,1.0,6
majority,20606,20608,4.31,x,s,p,f,a,c,e,5.05,6.86,,,e,,,f,f,,g,u,e,p,1.0,5
majority,46083,46085,1.33,f,w,g,f,,d,k,4.53,2.36,,,w,,,f,f,,g,s,e,p,1.0,6
majority,26451,26453,11.76,x,s,u,f,x,,n,7.46,25.13,,,w,,,f,f,,d,u,e,p,1.0,6
majority,51631,51633,18.6,x,d,e,f,p,,w,14.78,34.96,s,y,w,,,f,f,,d,u,e,p,1.0,4
majority,8594,8594,7.11,f,s,n,f,x,c,w,7.06,10.52,,s,n,,,f,f,,l,w,e,p,1.0,4
majority,52543,52545,8.16,x,h,y,f,p,,y,9.54,17.47,,,y,,y,t,,,d,a,e,p,1.0,6
majority,5340,5340,9.58,f,,g,f,s,c,g,7.46,21.69,b,,u,,,f,f,,g,w,e,p,1.0,5
majority,43830,43832,10.52,f,y,w,f,e,c,p,17.86,11.62,,s,w,,,t,e,,u,w,e,p,1.0,4
majority,10368,10369,4.43,b,g,g,f,a,d,g,5.45,3.35,,s,n,,,f,f,,d,s,e,p,1.0,4
majority,6589,6589,5.98,s,,n,f,d,c,w,5.21,8.61,,s,w,,,f,f,,d,a,e,p,1.0,5
majority,52732,52734,9.1,x,t,n,t,p,,y,8.87,18.62,,,n,,w,t,p,,d,a,e,p,1.0,5
majority,55014,55016,3.56,s,,y,f,f,f,f,6.85,7.36,,,o,,,f,f,,d,a,e,p,1.0,6
majority,56053,56055,7.95,o,,n,f,,,w,3.92,22.93,,,n,,,f,f,,d,u,e,p,1.0,8
majority,20408,20410,8.82,f,d,b,f,d,d,o,7.36,13.62,,,w,,,f,f,,m,a,e,p,1.0,5
majority,25128,25130,12.86,f,t,w,f,a,d,k,5.15,19.19,,,w,,,f,f,w,d,w,e,p,1.0,4
majority,16722,16724,6.1,f,t,o,f,s,,n,8.43,12.05,,i,n,,,f,f,,d,a,e,p,1.0,5
majority,4882,4882,3.05,x,,b,f,,d,w,6.03,4.07,,,w,,,f,f,,d,w,e,p,1.0,7
majority,4576,4576,3.9,f,y,n,f,a,d,p,8.22,4.68,,i,n,,,f,f,,h,u,e,p,1.0,4
majority,56111,56113,8.37,s,,n,f,,,w,5.41,23.25,,,n,,,f,f,,d,a,e,p,1.0,8
majority,49684,49686,6.26,x,d,n,t,p,,y,6.09,14.68,,,y,,,f,f,,d,a,e,p,1.0,6
majority,25048,25050,6.69,x,s,u,f,a,c,w,4.25,15.6,,,w,,,f,f,,d,u,e,p,1.0,5
majority,26868,26870,11.63,s,,w,t,d,c,y,6.9,25.56,,,w,,,f,f,,d,a,e,p,1.0,6
majority,60429,60575,5.78,c,,n,f,f,f,f,6.95,21.91,,,n,,,f,f,,l,s,e,p,1.0,6
majority,16887,16889,8.54,f,s,o,f,s,,n,9.91,14.37,,i,n,,,f,f,,d,a,e,p,1.0,5
majority,6451,6451,6.35,s,,n,f,d,c,w,5.95,8.62,,s,w,,,f,f,,l,u,e,p,1.0,5
majority,56957,56987,9.13,f,e,b,f,,c,b,5.03,18.74,,,w,,,t,f,,d,a,e,p,1.0,6
majority,48682,48684,19.23,x,w,n,f,p,,w,16.4,69.77,,,n,,,f,f,,d,u,e,p,1.0,6
majority,5860,5860,15.02,s,e,n,f,d,c,w,10.7,27.98,s,,w,,,f,f,,d,a,e,p,1.0,4
majority,55593,55595,12.95,f,,l,f,d,c,y,2.55,16.0,,,w,,,f,f,,d,w,e,p,1.0,6
majority,51290,51292,3.62,x,s,o,f,p,,n,4.31,8.81,,,e,,,f,f,,d,u,e,p,1.0,6
majority,17329,17331,8.68,f,s,w,f,s,c,w,7.14,34.6,,,w,,,f,f,,m,u,e,p,1.0,5
majority,21408,21410,3.6,f,t,n,f,d,,o,5.68,7.16,,t,w,,,f,f,,d,w,e,p,1.0,5
majority,34988,34990,3.89,x,,w,f,x,c,n,7.78,7.72,b,,w,,w,t,,,g,s,e,p,1.0,5
majority,31085,31087,8.25,x,s,n,f,e,c,p,4.72,9.09,,i,n,,,f,f,p,d,w,e,p,1.0,3
majority,42143,42145,7.69,p,s,w,f,e,c,p,6.05,14.22,,,w,,w,t,e,,g,a,e,p,1.0,4
majority,8779,8779,6.24,f,s,n,f,x,c,w,7.64,11.31,,s,n,,,f,f,,l,w,e,p,1.0,4
majority,11410,11411,1.57,c,g,n,f,a,,g,4.88,1.32,,,g,,,f,f,,l,u,e,p,1.0,6
majority,44002,44004,8.98,f,s,w,f,e,c,k,22.27,12.66,,s,w,,,t,e,,g,s,e,p,1.0,4
majority,46055,46057,1.62,x,w,n,f,,d,g,5.29,2.64,,,w,,,f,f,,d,w,e,p,1.0,6
majority,48677,48679,20.78,x,w,n,f,p,,w,18.86,69.22,,,n,,,f,f,,d,a,e,p,1.0,6
majority,22105,22107,3.71,x,,y,f,a,c,o,4.59,9.9,,,w,,,f,f,,d,a,e,p,1.0,6
majority,56096,56098,8.33,s,,n,f,,,w,4.88,24.18,,,n,,,f,f,,d,u,e,p,1.0,8
majority,42134,42136,4.26,f,y,w,f,e,c,p,4.42,10.71,,,w,,w,t,e,,g,a,e,p,1.0,4
majority,29744,29746,3.82,s,d,n,t,d,c,p,4.8,6.24,,,g,,,f,f,,d,u,e,p,1.0,5
majority,50567,50569,3.94,x,k,n,f,p,,e,5.5,10.64,,,y,,,f,f,,d,a,e,p,1.0,6
majority,53186,53188,7.9,x,t,n,f,p,d,y,6.63,12.82,,s,n,,,f,f,,d,u,e,p,1.0,4
majority,48469,48471,22.07,x,t,n,f,p,,y,16.31,77.98,,,n,,,f,f,,d,a,e,p,1.0,6
majority,53188,53190,6.54,x,t,n,f,p,d,y,6.89,13.02,,s,n,,,f,f,,h,u,e,p,1.0,4
majority,14847,14849,8.53,x,s,e,f,a,d,w,8.24,14.45,,i,n,,,t,,w,d,w,e,p,1.0,4
majority,3443,3443,15.89,x,e,n,t,e,,w,10.79,18.38,,,w,,,t,,,g,a,e,p,1.0,7
majority,36261,36263,5.14,x,h,n,f,x,c,n,5.01,4.57,,s,n,,,t,r,,d,u,e,p,1.0,4
majority,17548,17550,9.12,f,d,w,f,s,c,w,6.29,28.67,,,w,,,f,f,,d,u,e,p,1.0,5
majority,54769,54771,3.16,s,,y,f,f,f,f,5.67,6.52,,,o,,,f,f,,d,a,e,p,1.0,6
majority,31407,31409,8.44,x,s,n,f,e,c,p,5.86,9.46,,i,w,,,f,f,p,d,s,e,p,1.0,3
majority,48446,48448,17.28,p,w,n,f,p,,y,20.33,71.61,,,n,,,f,f,,d,u,e,p,1.0,6
majority,26318,26320,11.47,s,s,u,f,x,,n,6.4,22.3,,,n,,,f,f,,d,u,e,p,1.0,6
majority,18234,18236,7.99,f,s,n,f,s,c,w,6.91,10.27,b,i,n,,,f,f,,m,u,e,p,1.0,3
majority,10472,10473,4.8,f,g,g,f,a,d,g,6.43,4.13,,s,g,,,f,f,,d,u,e,p,1.0,4
majority,18996,18998,3.4,f,s,w,f,d,d,w,3.93,6.14,,,w,,,f,f,,m,a,e,p,1.0,5
majority,42679,42681,7.25,f,y,n,f,e,c,n,5.79,14.09,,,w,,,t,l,,w,u,e,p,1.0,5
majority,14786,14788,4.34,f,h,o,f,a,d,w,6.93,5.32,,s,n,,,f,f,,d,w,e,p,1.0,4
majority,24419,24421,10.43,x,e,y,f,x,c,w,7.78,21.53,,,w,,,f,f,,d,u,e,p,1.0,5
majority,55968,55970,8.71,o,,n,f,,,w,5.56,27.01,,,n,,,f,f,,d,a,e,p,1.0,8
majority,21343,21345,3.86,x,t,n,f,d,,o,5.54,6.47,,t,o,,,f,f,,d,a,e,p,1.0,5
majority,58344,58490,43.24,o,y,y,f,p,,y,4.83,23.07,,k,n,,,f,f,,d,u,e,p,1.0,5
majority,5070,5070,6.44,s,,g,f,s,c,b,7.13,20.89,,,u,,,f,f,,l,a,e,p,1.0,6
majority,43437,43439,11.2,x,i,n,t,e,,p,9.76,18.43,,y,w,,,t,p,,l,a,e,p,1.0,5
majority,2846,2846,15.91,p,y,n,f,,,w,25.54,20.92,s,,n,,,t,m,,m,a,e,p,1.0,6
majority,48845,48847,11.55,x,t,n,t,p,,y,8.95,23.12,,,n,,,f,f,,d,a,e,p,1.0,6
majority,48492,48494,18.48,x,t,n,f,p,,w,12.07,57.19,,,n,,,f,f,,d,u,e,p,1.0,6
majority,35058,35060,4.79,x,,w,f,x,c,w,8.18,8.5,b,,w,,w,t,,,d,a,e,p,1.0,5
majority,9286,9286,3.96,b,g,w,f,x,d,w,4.43,3.42,,,y,,,f,f,,g,a,e,p,1.0,5
majority,11342,11343,1.52,c,g,n,f,a,,w,5.36,1.46,,,g,,,f,f,,d,u,e,p,1.0,6
majority,58260,58406,53.87,o,y,y,f,p,,y,6.11,30.59,,k,n,,,f,f,,d,s,e,p,1.0,5
majority,46643,46645,3.76,f,h,n,f,,c,n,6.5,5.97,,s,w,,w,f,f,k,d,a,e,p,1.0,3
majority,4476,4476,2.05,s,y,n,f,d,d,p,7.11,3.75,,i,n,,,f,f,,h,a,e,p,1.0,4
majority,24467,24469,10.24,x,e,l,f,x,c,w,7.73,20.34,,,w,,,f,f,,d,a,e,p,1.0,5
majority,20798,20800,3.79,x,h,e,f,a,c,o,5.21,6.84,,,e,,,f,f,,m,w,e,p,1.0,5
majority,54734,54736,2.89,s,,y,f,f,f,f,6.18,6.26,,,y,,,f,f,,d,a,e,p,1.0,6
majority,52696,52698,9.06,x,h,n,t,p,,n,7.48,18.31,,,n,,w,t,p,,d,a,e,p,1.0,5
majority,3289,3289,15.71,x,y,n,t,e,,w,10.73,18.55,,,w,,,t,,,d,u,e,p,1.0,7
majority,21670,21672,5.79,x,,y,f,a,c,w,4.91,12.11,,,g,,,f,f,,d,u,e,p,1.0,6
majority,11791,11792,1.09,c,g,n,t,a,,p,4.99,0.96,,,n,,,f,f,,h,a,e,p,1.0,6
majority,2620,2620,5.37,c,t,n,f,e,,w,13.12,12.11,,s,w,u,w,f,f,,d,a,e,p,1.0,3
majority,4334,4334,2.48,s,y,n,f,d,d,p,4.89,3.42,,i,n,,,f,f,,l,u,e,p,1.0,4
majority,49395,49397,8.23,x,d,e,t,p,,r,6.79,12.8,,,y,,,f,f,,d,u,e,p,1.0,6
majority,26905,26907,11.35,s,,w,t,d,c,y,6.76,24.76,,,w,,,f,f,,d,u,e,p,1.0,6
majority,31196,31198,7.61,x,s,n,f,e,c,w,6.09,9.65,,i,w,,,f,f,p,d,u,e,p,1.0,3
majority,46732,46734,3.91,f,h,n,f,,c,n,6.12,6.84,,s,w,,w,f,f,k,d,a,e,p,1.0,3
majority,31395,31397,8.36,x,s,n,f,e,c,p,7.4,10.28,,i,w,,,f,f,p,d,u,e,p,1.0,3
majority,42398,42400,8.79,x,y,n,f,e,c,p,4.88,13.5,,,w,,,t,l,,w,a,e,p,1.0,5
majority,15290,15292,8.82,x,y,n,f,,,w,7.91,26.45,b,,n,,w,t,e,,d,a,e,p,1.0,5
majority,15461,15463,10.12,x,y,y,f,,,w,7.03,25.36,b,,n,,w,t,e,,d,w,e,p,1.0,5
majority,9387,9387,3.85,b,g,w,f,x,d,w,4.67,3.35,,,y,,,f,f,,g,a,e,p,1.0,5
majority,15307,15309,9.36,f,y,n,f,,,w,6.38,22.95,b,,n,,w,t,e,,d,a,e,p,1.0,5
majority,26379,26381,13.28,f,s,r,f,x,,n,6.25,23.34,,,w,,,f,f,,d,u,e,p,1.0,6
majority,2040,2040,5.97,x,,y,f,e,,w,5.87,11.88,b,,w,u,w,t,g,,d,u,e,p,1.0,4
majority,1900,1900,3.8,x,,w,f,e,,w,5.1,9.99,b,,y,u,w,t,g,,d,u,e,p,1.0,4
majority,43655,43657,9.43,p,i,n,t,e,,p,8.86,16.49,,y,w,,,t,l,,l,a,e,p,1.0,5
majority,54786,54788,2.17,s,,n,f,f,f,f,6.32,4.94,,,o,,,f,f,,d,a,e,p,1.0,6
majority,46130,46132,1.44,f,w,g,f,,d,k,4.57,2.38,,,w,,,f,f,,d,s,e,p,1.0,6
majority,35249,35251,5.13,x,,n,f,x,c,n,7.86,9.48,b,,n,,w,t,,,d,s,e,p,1.0,5
majority,53007,53009,6.84,x,t,n,f,p,d,y,6.03,12.23,,s,n,,,f,f,,g,u,e,p,1.0,4
majority,8731,8731,6.33,f,s,b,f,x,c,w,6.99,10.61,,s,n,,,f,f,,l,w,e,p,1.0,4
majority,46495,46497,5.17,f,,y,f,x,c,u,7.29,4.26,,,w,,,f,f,,d,a,e,p,1.0,6
majority,1774,1774,6.0,x,,w,f,e,,w,6.09,12.5,b,,w,u,y,t,g,,d,a,e,p,1.0,4
majority,17991,17993,8.49,x,,g,f,a,,w,7.26,13.85,,,w,,,f,f,,g,a,e,p,1.0,7
majority,22059,22061,3.71,x,,y,f,a,c,y,4.7,10.88,,,w,,,f,f,,d,a,e,p,1.0,6
majority,4457,4457,2.61,s,y,n,f,d,d,p,6.65,3.29,,i,n,,,f,f,,h,u,e,p,1.0,4
majority,51364,51366,4.58,x,s,n,f,p,,n,5.34,11.34,,,n,,,f,f,,d,a,e,p,1.0,6
majority,55296,55298,4.15,s,l,n,f,f,f,f,6.2,43.65,,,n,,,f,f,g,d,u,e,p,1.0,4
majority,48496,48498,17.25,p,t,n,f,p,,y,17.84,72.73,,,n,,,f,f,,d,u,e,p,1.0,6
majority,14646,14648,5.64,x,t,o,f,a,d,y,7.0,5.24,,k,o,,,f,f,,d,s,e,p,1.0,4
majority,31553,31555,5.81,x,y,n,f,e,c,w,4.97,9.86,,y,n,,,f,f,,d,a,e,p,1.0,4
majority,22231,22233,3.52,x,,y,f,a,c,y,3.46,8.64,,,w,,,f,f,,d,u,e,p,1.0,6
majority,46077,46079,1.6,x,w,n,f,,d,g,5.56,2.8,,,w,,,f,f,,d,s,e,p,1.0,6
majority,51796,51798,20.12,x,d,n,f,p,,w,17.22,35.59,s,y,w,,,f,f,,d,u,e,p,1.0,4
majority,42832,42834,12.76,x,s,w,t,e,,n,11.46,17.95,s,,w,,,t,l,,m,a,e,p,1.0,5
majority,9316,9316,3.07,b,g,w,f,x,d,w,3.82,2.73,,,y,,,f,f,,g,u,e,p,1.0,5
majority,31129,31131,9.41,x,s,n,f,e,c,p,7.16,9.84,,i,w,,,f,f,p,d,a,e,p,1.0,3
majority,4798,4798,3.12,x,,u,f,,d,w,6.47,4.43,,,w,,,f,f,,d,w,e,p,1.0,7
majority,48412,48414,12.9,x,w,n,f,p,,w,16.48,80.81,,,n,,,f,f,,d,a,e,p,1.0,6
majority,3225,3225,15.36,x,e,n,t,e,,w,9.81,16.91,,,w,,,t,,,d,a,e,p,1.0,7
majority,11774,11775,0.92,f,g,e,t,a,,p,5.25,0.96,,,n,,,f,f,,h,a,e,p,1.0,6
majority,49755,49757,8.75,x,d,n,t,p,,y,7.79,16.3,,,y,,,f,f,,d,u,e,p,1.0,6
majority,9529,9529,3.63,b,g,n,f,x,d,w,4.34,2.87,,,y,,,f,f,,g,a,e,p,1.0,5
majority,49004,49006,10.91,x,t,n,t,p,,y,8.69,23.53,,,n,,,f,f,,d,u,e,p,1.0,6
majority,57014,57044,11.01,f,e,b,f,,c,b,4.65,17.04,,,w,,,t,f,,d,a,e,p,1.0,6
majority,52445,52447,7.09,x,h,y,f,p,,y,6.87,13.75,,,y,,y,t,,,d,a,e,p,1.0,6
majority,16392,16394,4.37,x,y,g,f,s,,y,3.62,6.04,,,w,,,f,f,,d,u,e,p,1.0,6
majority,45423,45425,3.04,b,y,n,f,,c,n,6.43,3.38,,,w,,,f,f,,d,s,e,p,1.0,6
majority,20719,20721,2.99,x,s,p,f,a,c,e,4.13,6.48,,,o,,,f,f,,m,w,e,p,1.0,5
majority,54600,54602,3.95,f,w,y,f,f,f,f,4.08,14.12,,,y,,,f,f,,d,a,e,p,1.0,5
majority,11755,11756,0.94,c,g,n,t,a,,p,5.31,0.9,,,n,,,f,f,,h,u,e,p,1.0,6
majority,22580,22582,4.85,x,t,y,t,x,c,y,6.44,13.2,,,w,,,f,f,,d,a,e,p,1.0,5
majority,16904,16906,6.93,f,g,n,f,s,,n,8.45,12.84,,t,o,,,f,f,,d,a,e,p,1.0,5
majority,9430,9430,3.6,b,g,w,f,x,d,w,4.79,2.99,,,y,,,f,f,,g,u,e,p,1.0,5
majority,5114,5114,10.83,f,,g,f,s,c,b,6.95,19.43,,,b,,,f,f,,d,w,e,p,1.0,6
majority,14713,14715,3.93,f,t,o,f,a,d,y,6.16,5.64,,k,n,,,f,f,,d,w,e,p,1.0,4
majority,53236,53238,6.52,x,h,n,f,p,d,y,7.76,12.57,,s,n,,,f,f,,h,a,e,p,1.0,4
majority,60491,60637,6.19,o,,g,f,f,f,f,6.57,21.13,,,n,,,f,f,,d,s,e,p,1.0,6
majority,21710,21712,7.99,s,,y,f,a,c,w,6.57,17.97,,,w,,,f,f,,d,a,e,p,1.0,6
majority,31317,31319,9.66,x,s,n,f,e,c,p,6.02,10.43,,i,w,,,f,f,p,d,a,e,p,1.0,3
majority,1260,1260,10.12,x,,n,t,,,w,9.83,16.28,b,,w,u,w,t,g,,d,a,e,p,1.0,5
majority,52623,52625,9.75,x,t,n,t,p,,y,6.48,15.67,,,n,,w,t,p,,d,a,e,p,1.0,5
majority,50521,50523,3.22,x,k,n,f,p,,y,4.57,9.3,,,n,,,f,f,,d,a,e,p,1.0,6
majority,5206,5206,9.8,f,,g,f,s,c,b,9.1,21.29,,,b,,,f,f,,d,w,e,p,1.0,6
majority,2634,2634,5.3,x,t,n,f,e,,w,11.86,12.05,,s,n,u,w,f,f,,d,u,e,p,1.0,3
majority,11694,11695,1.11,c,g,n,t,a,,w,6.09,0.88,,,n,,,f,f,,d,u,e,p,1.0,6
majority,52060,52062,7.81,x,,n,t,p,,g,11.86,27.48,,y,w,,,f,f,,d,u,e,p,1.0,6
majority,22563,22565,7.33,x,t,y,t,x,c,y,7.47,14.47,,,w,,,f,f,,d,a,e,p,1.0,5
majority,45570,45572,1.1,b,g,w,f,,,g,2.88,1.64,,,w,,,f,f,,d,u,e,p,1.0,7
majority,46054,46056,1.63,f,w,n,f,,d,g,5.33,2.6,,,w,,,f,f,,d,a,e,p,1.0,6
majority,45938,45940,1.28,f,w,g,f,,d,k,4.7,2.4,,,w,,,f,f,,g,a,e,p,1.0,6
majority,21406,21408,4.16,x,t,n,f,d,,o,5.72,7.73,,t,w,,,f,f,,d,a,e,p,1.0,5
majority,49237,49239,6.72,x,d,y,t,p,,r,5.03,11.46,,,e,,,f,f,,d,a,e,p,1.0,6
majority,51613,51615,20.52,p,d,o,f,p,,w,15.15,34.01,s,y,w,,,f,f,,d,a,e,p,1.0,4
majority,26297,26299,9.59,s,s,y,f,x,,n,6.84,21.65,,,n,,,f,f,,d,a,e,p,1.0,6
majority,16381,16383,4.44,x,y,n,f,s,,g,4.21,7.08,,,w,,,f,f,,d,u,e,p,1.0,6
majority,53165,53167,7.34,x,h,n,f,p,d,y,6.83,11.09,,s,n,,,f,f,,h,u,e,p,1.0,4
majority,45695,45697,0.97,p,g,w,f,,,g,3.17,1.68,,,w,,,f,f,,d,w,e,p,1.0,7
majority,4713,4713,2.49,x,,b,f,,d,w,6.98,5.02,,,w,,,f,f,,d,a,e,p,1.0,7
majority,49080,49082,6.16,x,d,e,t,p,,y,5.16,12.33,,,y,,,f,f,,d,a,e,p,1.0,6
majority,50709,50711,3.17,x,k,n,f,p,,y,4.7,9.95,,,y,,,f,f,,d,a,e,p,1.0,6
majority,49617,49619,7.84,x,d,y,t,p,,y,6.32,15.08,,,y,,,f,f,,d,a,e,p,1.0,6
majority,2592,2592,6.71,x,h,n,f,e,,w,14.12,14.02,,s,n,u,w,f,f,,d,u,e,p,1.0,3
majority,60431,60577,6.13,p,,g,f,f,f,f,4.76,19.34,,,n,,,f,f,,l,s,e,p,1.0,6
majority,42369,42371,6.19,f,y,n,f,e,c,p,4.75,12.98,,,w,,,t,r,,w,u,e,p,1.0,5
majority,35093,35095,5.18,x,,n,f,x,c,w,8.22,8.98,b,,n,,w,t,,,d,s,e,p,1.0,5
majority,2899,2899,18.13,f,y,n,f,,,w,23.12,19.43,s,,n,,,t,m,,d,u,e,p,1.0,6
majority,10387,10388,4.2,f,g,g,f,a,d,g,7.22,4.22,,s,n,,,f,f,,d,a,e,p,1.0,4
majority,25126,25128,20.58,f,s,k,f,a,d,y,6.84,21.72,,,w,,,f,f,w,d,w,e,p,1.0,4
majority,3154,3154,20.88,f,y,w,f,,,w,24.79,20.44,s,,n,,,t,m,,d,a,e,p,1.0,6
majority,46635,46637,3.81,f,h,n,f,,c,n,5.93,6.9,,s,w,,w,f,f,k,d,a,e,p,1.0,3
majority,58117,58263,54.86,o,y,y,f,p,,y,6.42,32.17,,k,k,,,f,f,,d,u,e,p,1.0,5
majority,3069,3069,20.54,f,y,n,f,,,w,21.78,19.2,s,,n,,,t,m,,m,u,e,p,1.0,6
majority,46527,46529,4.63,f,,y,f,x,c,n,7.43,4.41,,,w,,,f,f,,d,a,e,p,1.0,6
majority,9435,9435,3.62,b,g,n,f,x,d,w,4.11,3.09,,,y,,,f,f,,g,a,e,p,1.0,5
majority,51488,51490,4.41,x,s,o,f,p,,n,4.58,11.21,,,e,,,f,f,,d,u,e,p,1.0,6
majority,16592,16594,6.96,f,s,o,f,s,,n,9.01,13.06,,i,n,,,f,f,,d,a,e,p,1.0,5
majority,26351,26353,10.07,f,s,n,f,x,,n,5.89,18.97,,,w,,,f,f,,d,u,e,p,1.0,6
majority,21584,21586,6.14,x,,y,f,a,c,w,5.33,14.6,,,w,,,f,f,,d,w,e,p,1.0,6
majority,7032,7032,4.11,x,,r,f,d,,r,6.27,8.44,,,r,,,f,f,,l,a,e,p,1.0,7
majority,2687,2687,6.74,x,t,n,f,e,,w,13.85,12.91,,s,n,u,w,f,f,,d,u,e,p,1.0,3
majority,15158,15160,10.96,x,s,e,f,d,d,w,9.52,15.18,,i,n,,,t,,w,d,a,e,p,1.0,4
majority,57021,57051,9.97,f,e,b,f,,c,b,5.22,20.18,,,w,,,t,f,,d,a,e,p,1.0,6
majority,10378,10379,4.44,f,g,n,f,a,d,g,5.41,3.87,,s,n,,,f,f,,d,a,e,p,1.0,4
majority,15190,15192,8.71,f,y,y,f,,,w,6.05,24.86,b,,n,,w,t,e,,d,w,e,p,1.0,5
majority,51425,51427,4.24,x,s,o,f,p,,n,5.2,10.14,,,n,,,f,f,,d,a,e,p,1.0,6
majority,20671,20673,3.01,x,h,e,f,a,c,e,4.02,6.57,,,e,,,f,f,,g,w,e,p,1.0,5
majority,54856,54858,2.65,s,,y,f,f,f,f,6.45,6.64,,,o,,,f,f,,d,a,e,p,1.0,6
majority,31446,31448,6.91,x,y,n,f,e,c,w,5.98,10.45,,y,n,,,f,f,,d,u,e,p,1.0,4
majority,46522,46524,4.84,f,,y,f,x,c,w,7.04,4.13,,,w,,,f,f,,d,u,e,p,1.0,6
majority,2902,2902,15.04,p,y,w,f,,,w,26.58,18.58,s,,n,,,t,m,,d,u,e,p,1.0,6
majority,31315,31317,9.85,x,s,n,f,e,c,p,8.98,10.85,,i,w,,,f,f,p,d,s,e,p,1.0,3
majority,5915,5915,12.51,s,e,g,f,d,c,w,10.12,25.57,s,,w,,,f,f,,d,w,e,p,1.0,4
majority,36067,36069,3.64,x,h,n,f,x,c,n,4.46,5.57,,y,n,,,t,r,,d,a,e,p,1.0,4
majority,16797,16799,8.39,f,h,n,f,s,,n,9.77,13.2,,t,n,,,f,f,,d,a,e,p,1.0,5
majority,55141,55143,5.03,s,l,n,f,f,f,f,7.81,71.69,,,n,,,f,f,g,l,a,e,p,1.0,4
majority,2700,2700,5.69,c,t,n,f,e,,w,12.79,13.49,,s,w,u,w,f,f,,d,a,e,p,1.0,3
majority,55748,55750,9.34,f,,w,f,d,c,y,2.25,13.66,,,w,,,f,f,,d,w,e,p,1.0,6
majority,55540,55542,7.88,f,,b,f,d,c,w,2.26,13.38,,,w,,,f,f,,d,a,e,p,1.0,6
majority,53014,53016,8.27,x,h,n,f,p,d,y,5.88,11.76,,s,n,,,f,f,,g,a,e,p,1.0,4
majority,17816,17818,7.98,x,,n,f,a,,w,7.32,12.63,,,w,,,f,f,,g,u,e,p,1.0,7
majority,4441,4441,3.18,f,y,n,f,d,d,p,6.94,3.8,,i,n,,,f,f,,h,u,e,p,1.0,4
majority,58358,58504,44.93,o,y,y,f,p,,y,4.41,14.35,,k,k,,,f,f,,d,s,e,p,1.0,5
majority,4853,4853,2.02,x,,u,f,,d,u,5.08,3.89,,,w,,,f,f,,d,w,e,p,1.0,7
majority,12648,12649,1.56,x,s,n,f,d,,w,5.59,1.66,,t,y,,,f,f,,g,u,e,p,1.0,5
majority,16629,16631,6.53,f,t,o,f,s,,y,8.9,11.93,,t,o,,,f,f,,d,a,e,p,1.0,5
majority,22315,22317,6.28,x,t,y,t,x,c,y,7.53,16.61,,,w,,,f,f,,d,a,e,p,1.0,5
majority,31112,31114,10.31,x,s,n,f,e,c,p,7.83,10.85,,i,n,,,f,f,p,d,a,e,p,1.0,3
majority,18911,18913,3.58,f,s,w,f,d,d,w,2.78,5.59,,,w,,,f,f,,m,a,e,p,1.0,5
majority,53288,53290,9.69,x,t,n,f,p,d,y,7.66,12.99,,s,n,,,f,f,,d,a,e,p,1.0,4
majority,3401,3401,14.55,x,y,n,t,e,,w,9.03,16.76,,,w,,,t,,,g,u,e,p,1.0,7
majority,52881,52883,8.49,x,h,n,t,p,,n,8.11,17.3,,,n,,w,t,p,,d,a,e,p,1.0,5
majority,8582,8582,5.87,x,s,b,f,x,c,w,6.8,10.73,,s,n,,,f,f,,l,a,e,p,1.0,4
majority,51732,51734,18.14,x,d,n,f,p,,w,17.41,37.11,s,y,w,,,f,f,,d,u,e,p,1.0,4
majority,21899,21901,3.55,x,,y,f,a,c,y,4.82,9.38,,,w,,,f,f,,d,u,e,p,1.0,6
majority,5446,5446,8.26,f,,g,f,s,c,p,7.19,21.04,b,,u,,,f,f,,g,w,e,p,1.0,5
majority,15283,15285,10.27,x,y,e,f,,,w,7.3,23.13,b,,n,,w,t,e,,d,w,e,p,1.0,5
majority,21545,21547,7.5,f,,y,f,a,c,w,6.32,15.78,,,g,,,f,f,,d,a,e,p,1.0,6
majority,51797,51799,15.77,p,d,n,f,p,,n,16.88,36.13,s,y,w,,,f,f,,d,u,e,p,1.0,4
majority,4494,4494,2.22,s,y,n,f,d,d,p,5.88,3.68,,i,n,,,f,f,,h,a,e,p,1.0,4
majority,43613,43615,9.45,p,i,n,t,e,,p,9.13,17.58,,y,w,,,t,p,,d,a,e,p,1.0,5
majority,51452,51454,4.25,x,t,o,f,p,,n,6.26,12.82,,,n,,,f,f,,d,a,e,p,1.0,6
majority,20436,20438,5.46,f,s,o,f,d,d,o,6.24,13.09,,,w,,,f,f,,g,a,e,p,1.0,5
majority,14407,14409,5.92,x,h,g,f,a,d,n,4.33,3.29,,t,w,,,t,l,,d,w,e,p,1.0,4
majority,24151,24153,9.16,f,,e,f,x,c,w,7.54,18.61,,s,w,,,f,f,,d,a,e,p,1.0,5
majority,14846,14848,11.52,f,s,e,f,d,d,w,8.05,13.08,,i,n,,,t,,w,d,u,e,p,1.0,4
majority,25352,25354,6.71,f,t,n,f,a,d,y,6.91,21.5,,,w,,,f,f,w,d,u,e,p,1.0,4
majority,55129,55131,4.66,o,l,n,f,f,f,f,7.86,57.5,,,n,,,f,f,g,l,u,e,p,1.0,4
majority,55316,55318,6.49,s,l,n,f,f,f,f,8.3,70.02,,,n,,,f,f,g,l,w,e,p,1.0,4
majority,12396,12397,1.6,x,t,y,f,d,,w,6.25,2.24,,t,y,,,f,f,,d,a,e,p,1.0,5
majority,46696,46698,4.03,x,h,n,f,,c,n,7.33,6.7,,s,w,,w,f,f,k,d,a,e,p,1.0,3
majority,45966,45968,1.39,x,w,g,f,,d,k,4.52,2.44,,,w,,,f,f,,g,u,e,p,1.0,6
majority,3106,3106,17.34,f,y,w,f,,,w,24.22,20.24,s,,n,,,t,m,,m,u,e,p,1.0,6
majority,2546,2546,5.99,c,h,n,f,e,,w,11.45,11.86,,s,n,u,w,f,f,,d,u,e,p,1.0,3
majority,8536,8536,6.27,x,s,n,f,x,c,w,8.1,10.92,,s,n,,,f,f,,l,a,e,p,1.0,4
majority,31137,31139,9.17,x,s,n,f,e,c,w,8.66,10.93,,i,w,,,f,f,p,d,s,e,p,1.0,3
majority,30602,30604,12.22,s,t,p,t,d,c,o,6.4,18.47,,,w,,,f,f,,d,a,e,p,1.0,5
majority,3526,3526,13.59,x,y,n,t,e,,w,9.09,16.94,,,w,,,t,,,g,a,e,p,1.0,7
majority,20370,20372,5.04,x,d,b,f,d,d,o,5.62,10.98,,,w,,,f,f,,m,w,e,p,1.0,5
majority,51384,51386,4.71,x,t,n,f,p,,n,5.99,11.54,,,n,,,f,f,,d,u,e,p,1.0,6
majority,3005,3005,18.61,p,y,w,f,,,w,30.16,21.76,s,,n,,,t,m,,m,a,e,p,1.0,6
majority,58325,58471,46.26,o,y,y,f,p,,y,7.59,28.31,,k,n,,,f,f,,d,u,e,p,1.0,5
majority,16757,16759,8.23,f,h,o,f,s,,y,8.65,12.85,,i,n,,,f,f,,d,a,e,p,1.0,5
majority,53028,53030,9.17,x,h,n,f,p,d,y,7.57,13.16,,s,n,,,f,f,,h,a,e,p,1.0,4
majority,24254,24256,6.62,x,,p,f,x,c,w,8.65,21.22,,s,w,,,f,f,,d,u,e,p,1.0,5
majority,17391,17393,8.68,f,s,w,f,s,c,w,5.57,29.03,,,w,,,f,f,,m,s,e,p,1.0,5
majority,5228,5228,9.26,s,,g,f,s,c,b,8.19,18.96,,,u,,,f,f,,d,w,e,p,1.0,6
majority,26230,26232,9.92,s,s,y,f,x,,n,5.65,18.78,,,w,,,f,f,,d,a,e,p,1.0,6
majority,4732,4732,3.26,x,,u,f,,d,u,7.62,4.78,,,w,,,f,f,,d,u,e,p,1.0,7
majority,12412,12413,1.51,x,s,n,f,a,,w,5.53,1.89,,t,y,,,f,f,,g,a,e,p,1.0,5
majority,18156,18158,5.84,f,s,n,f,s,c,w,5.67,9.46,b,i,n,,,f,f,,d,a,e,p,1.0,3
majority,31693,31695,6.73,x,y,n,f,e,c,p,5.75,10.3,,y,n,,,f,f,,d,a,e,p,1.0,4
majority,31678,31680,5.56,x,y,n,f,e,c,w,6.37,10.06,,y,n,,,f,f,,d,u,e,p,1.0,4
majority,2867,2867,16.35,p,y,n,f,,,w,21.8,17.48,s,,n,,,t,m,,m,u,e,p,1.0,6
majority,24298,24300,8.63,x,,n,f,x,c,w,7.77,20.42,,s,w,,,f,f,,d,a,e,p,1.0,5
majority,36046,36048,5.76,x,h,n,f,x,c,w,5.31,5.39,,y,n,,,t,r,,d,s,e,p,1.0,4
majority,5662,5662,15.44,f,e,g,f,d,c,w,9.0,26.99,s,,w,,,f,f,,d,a,e,p,1.0,4
majority,54941,54943,3.36,s,,y,f,f,f,f,6.88,7.98,,,y,,,f,f,,d,a,e,p,1.0,6
majority,46014,46016,1.51,x,w,g,f,,d,k,4.7,2.19,,,w,,,f,f,,d,a,e,p,1.0,6
majority,8814,8814,6.14,f,s,b,f,x,c,w,6.56,9.24,,s,n,,,f,f,,l,a,e,p,1.0,4
majority,46733,46735,2.94,f,h,n,f,,c,n,6.38,6.75,,s,w,,w,f,f,k,d,u,e,p,1.0,3
majority,31679,31681,5.39,x,y,n,f,e,c,w,4.38,9.8,,y,n,,,f,f,,d,a,e,p,1.0,4
majority,26218,26220,12.0,s,s,u,f,x,,n,7.18,22.83,,,w,,,f,f,,d,a,e,p,1.0,6
majority,2897,2897,23.46,f,y,n,f,,,w,33.03,24.73,s,,n,,,t,m,,m,u,e,p,1.0,6
majority,30690,30692,8.15,s,t,p,t,d,c,o,4.62,17.53,,,w,,,f,f,,d,u,e,p,1.0,5
majority,14408,14410,5.88,x,t,n,f,a,d,n,6.36,4.89,,t,g,,,t,l,,d,u,e,p,1.0,4
majority,4459,4459,2.07,f,y,n,f,a,d,p,5.85,3.34,,i,n,,,f,f,,h,a,e,p,1.0,4
majority,14886,14888,8.35,x,s,y,f,a,d,w,10.73,16.99,,i,n,,,t,,w,d,w,e,p,1.0,4
majority,11423,11424,1.27,c,g,n,f,a,,g,5.05,1.52,,,g,,,f,f,,l,u,e,p,1.0,6
majority,60352,60498,6.71,c,,n,f,f,f,f,6.1,20.97,,,n,,,f,f,,d,s,e,p,1.0,6
majority,56033,56035,6.9,s,,n,f,,,w,3.99,20.14,,,n,,,f,f,,d,u,e,p,1.0,8
majority,5777,5777,14.12,s,e,g,f,d,c,w,8.51,24.83,s,,w,,,f,f,,d,a,e,p,1.0,4
majority,46347,46349,4.54,f,,n,f,x,c,g,6.7,4.17,,,w,,,f,f,,d,a,e,p,1.0,6
majority,16819,16821,7.17,f,t,o,f,s,,n,8.79,12.75,,t,n,,,f,f,,d,a,e,p,1.0,5
majority,4352,4352,2.09,f,y,n,f,a,d,p,5.1,2.83,,i,n,,,f,f,,h,a,e,p,1.0,4
majority,18222,18224,6.95,f,s,n,f,s,c,w,5.47,8.52,b,i,n,,,f,f,,m,a,e,p,1.0,3
majority,16928,16930,8.02,f,g,n,f,s,,n,9.6,13.09,,t,o,,,f,f,,d,a,e,p,1.0,5
majority,12697,12698,1.5,x,s,n,f,d,,w,6.74,1.94,,t,y,,,f,f,,d,u,e,p,1.0,5
majority,2057,2057,6.8,x,,w,f,e,,w,6.19,12.9,b,,y,u,y,t,g,,d,u,e,p,1.0,4
majority,12649,12650,1.22,x,g,n,f,a,,w,6.03,2.1,,t,y,,,f,f,,d,u,e,p,1.0,5
majority,35084,35086,4.72,x,,w,f,x,c,w,8.2,9.36,b,,n,,w,t,,,g,u,e,p,1.0,5
majority,3044,3044,20.45,f,y,w,f,,,w,29.31,23.07,s,,n,,,t,m,,d,a,e,p,1.0,6
majority,60432,60578,5.85,o,,g,f,f,f,f,4.81,20.17,,,n,,,f,f,,d,s,e,p,1.0,6
majority,43438,43440,10.66,x,i,n,t,e,,p,8.77,17.23,,y,w,,,t,p,,d,a,e,p,1.0,5
majority,12443,12444,1.77,x,t,y,f,a,,w,5.87,2.47,,t,y,,,f,f,,d,u,e,p,1.0,5
majority,22380,22382,6.96,x,t,y,t,x,c,y,7.89,15.63,,,w,,,f,f,,d,a,e,p,1.0,5
majority,14252,14254,6.41,x,t,g,f,a,d,n,5.98,4.96,,t,g,,,t,l,,d,a,e,p,1.0,4
majority,31604,31606,7.21,x,y,n,f,e,c,w,5.7,9.89,,y,n,,,f,f,,d,a,e,p,1.0,4
majority,49248,49250,7.53,x,d,y,t,p,,y,5.28,12.61,,,e,,,f,f,,d,u,e,p,1.0,6
majority,4849,4849,3.2,x,,u,f,,d,w,6.74,4.9,,,w,,,f,f,,d,a,e,p,1.0,7
majority,55167,55169,5.24,o,l,n,f,f,f,f,6.66,51.28,,,n,,,f,f,g,l,a,e,p,1.0,4
majority,25320,25322,22.82,f,s,k,f,a,d,y,8.63,26.55,,,w,,,f,f,w,d,a,e,p,1.0,4
majority,8485,8485,6.63,f,s,n,f,x,c,w,8.0,10.5,,s,n,,,f,f,,l,a,e,p,1.0,4
majority,49451,49453,5.85,x,d,y,t,p,,y,7.0,13.9,,,y,,,f,f,,d,u,e,p,1.0,6
majority,15482,15484,10.15,f,y,e,f,,,w,5.99,25.4,b,,n,,w,t,e,,d,a,e,p,1.0,5
majority,6811,6811,4.56,x,,w,f,a,,r,5.43,6.79,,,w,,,f,f,,d,u,e,p,1.0,7
majority,16546,16548,4.68,f,y,n,f,s,,g,4.35,7.97,,,w,,,f,f,,d,u,e,p,1.0,6
majority,18254,18256,9.22,f,s,n,f,s,c,w,7.04,10.2,b,i,n,,,f,f,,l,a,e,p,1.0,3
majority,11889,11890,1.12,f,g,n,t,a,,p,5.18,0.93,,,n,,,f,f,,d,a,e,p,1.0,6
majority,48473,48475,17.34,x,t,n,f,p,,w,23.07,92.52,,,n,,,f,f,,d,u,e,p,1.0,6
majority,56017,56019,11.42,s,,n,f,,,w,4.72,23.88,,,n,,,f,f,,d,u,e,p,1.0,8
majority,55034,55036,3.82,s,,y,f,f,f,f,7.01,8.36,,,y,,,f,f,,d,a,e,p,1.0,6
majority,11752,11753,0.88,f,g,n,t,a,,p,5.94,1.18,,,n,,,f,f,,h,a,e,p,1.0,6
majority,52776,52778,7.9,x,t,n,t,p,,n,6.68,17.76,,,n,,w,t,p,,d,u,e,p,1.0,5
majority,31522,31524,4.79,x,y,n,f,e,c,p,5.35,9.79,,y,n,,,f,f,,d,u,e,p,1.0,4
majority,49702,49704,5.06,x,d,y,t,p,,y,5.26,12.27,,,y,,,f,f,,d,u,e,p,1.0,6
majority,9258,9258,3.72,b,g,n,f,x,d,w,4.63,2.96,,,y,,,f,f,,g,a,e,p,1.0,5
majority,50758,50760,4.57,x,k,n,f,p,,n,5.18,10.84,,,n,,,f,f,,d,a,e,p,1.0,6
majority,1156,1156,10.48,x,,n,t,,,w,12.74,20.93,b,,w,u,w,t,g,,d,u,e,p,1.0,5
majority,27094,27096,11.36,s,,w,t,d,c,w,6.23,26.49,,,w,,,f,f,,d,a,e,p,1.0,6
majority,14769,14771,5.71,f,t,o,f,a,d,y,7.88,7.24,,k,o,,,f,f,,d,s,e,p,1.0,4
majority,43951,43953,9.66,p,s,w,f,e,c,p,16.24,11.79,,s,w,,,t,e,,g,s,e,p,1.0,4
majority,14978,14980,11.07,x,s,e,f,a,d,w,9.07,13.99,,i,n,,,t,,w,d,w,e,p,1.0,4
majority,18737,18739,2.99,f,s,w,f,d,d,w,2.9,5.21,,,w,,,f,f,,m,a,e,p,1.0,5
majority,24354,24356,7.57,f,,e,f,x,c,w,7.51,17.99,,s,w,,,f,f,,d,u,e,p,1.0,5
majority,48861,48863,10.21,x,t,n,t,p,,y,9.15,22.77,,,n,,,f,f,,d,u,e,p,1.0,6
majority,14821,14823,4.59,f,t,o,f,a,d,y,5.23,4.99,,k,n,,,f,f,,d,a,e,p,1.0,4
majority,21992,21994,4.28,x,,y,f,a,c,o,4.18,8.0,,,w,,,f,f,,d,a,e,p,1.0,6
majority,26415,26417,9.4,x,s,u,f,x,,n,7.75,23.67,,,n,,,f,f,,d,u,e,p,1.0,6
majority,14257,14259,6.73,x,t,n,f,a,d,n,7.0,5.33,,t,w,,,t,l,,d,u,e,p,1.0,4
majority,4961,4961,7.72,f,,u,f,s,c,u,6.75,19.35,,,u,,,f,f,,d,w,e,p,1.0,6
majority,17898,17900,7.99,p,,n,f,a,,w,8.45,13.61,,,w,,,f,f,,g,u,e,p,1.0,7
majority,16110,16112,4.89,b,h,k,f,s,d,w,3.79,8.33,,s,g,,,f,f,,d,u,e,p,1.0,4
majority,35196,35198,3.84,x,,n,f,x,c,n,7.76,8.16,b,,n,,w,t,,,d,a,e,p,1.0,5
majority,53250,53252,7.29,x,t,n,f,p,d,y,6.53,12.77,,s,n,,,f,f,,d,a,e,p,1.0,4
majority,21942,21944,3.48,x,,y,f,a,c,o,4.01,9.86,,,w,,,f,f,,d,u,e,p,1.0,6
majority,52614,52616,7.06,x,h,n,t,p,,y,6.78,17.31,,,n,,w,t,p,,d,u,e,p,1.0,5
majority,15007,15009,12.47,x,s,e,f,a,d,w,10.58,17.29,,i,n,,,t,,w,d,w,e,p,1.0,4
majority,20484,20486,3.76,x,s,o,f,a,c,e,4.53,6.23,,,e,,,f,f,,g,w,e,p,1.0,5
majority,52094,52096,6.57,x,,n,t,p,,g,9.37,20.72,,y,w,,,f,f,,d,u,e,p,1.0,6
majority,48529,48531,11.83,x,w,n,f,p,,y,15.06,65.53,,,n,,,f,f,,d,u,e,p,1.0,6
majority,54610,54612,9.74,f,w,y,f,f,f,f,7.26,19.28,,,y,,,f,f,,d,u,e,p,1.0,5
majority,24653,24655,9.65,x,e,l,f,x,c,w,6.87,18.27,,,w,,,f,f,,d,a,e,p,1.0,5
majority,14717,14719,3.49,x,t,n,f,a,d,w,3.47,3.46,,k,o,,,f,f,,d,s,e,p,1.0,4
majority,46175,46177,1.42,x,w,g,f,,d,k,5.08,2.45,,,w,,,f,f,,g,w,e,p,1.0,6
majority,54366,54368,7.44,s,w,y,f,f,f,f,5.27,15.51,,,y,,,f,f,,d,u,e,p,1.0,5
majority,46056,46058,1.75,f,w,n,f,,d,g,5.17,2.84,,,w,,,f,f,,g,a,e,p,1.0,6
majority,51239,51241,4.74,x,t,o,f,p,,n,5.01,11.72,,,e,,,f,f,,d,a,e,p,1.0,6
majority,22513,22515,5.67,x,h,y,t,x,c,y,7.1,13.23,,,w,,,f,f,,d,a,e,p,1.0,5
majority,46576,46578,4.8,x,,w,f,x,c,g,6.83,4.15,,,w,,,f,f,,d,a,e,p,1.0,6
majority,9369,9369,3.77,b,g,w,f,x,d,w,4.99,3.13,,,y,,,f,f,,g,u,e,p,1.0,5
majority,46374,46376,4.87,f,,n,f,x,c,g,7.25,4.55,,,w,,,f,f,,d,u,e,p,1.0,6
majority,11644,11645,1.22,c,g,n,f,a,,w,4.97,1.48,,,g,,,f,f,,l,a,e,p,1.0,6
majority,48558,48560,17.78,p,t,n,f,p,,w,15.54,82.84,,,n,,,f,f,,d,a,e,p,1.0,6
majority,22283,22285,7.89,x,h,y,t,x,c,y,7.59,16.18,,,w,,,f,f,,d,u,e,p,1.0,5
majority,49643,49645,6.21,x,d,n,t,p,,y,7.06,16.4,,,y,,,f,f,,d,u,e,p,1.0,6
majority,14833,14835,11.01,f,s,n,f,d,d,w,9.17,14.15,,i,n,,,t,,w,d,w,e,p,1.0,4
majority,29718,29720,3.42,s,d,u,t,d,c,p,4.12,5.4,,,g,,,f,f,,d,a,e,p,1.0,5
majority,55725,55727,8.26,f,,w,f,d,c,y,2.52,14.62,,,w,,,f,f,,d,a,e,p,1.0,6
majority,31515,31517,6.49,x,y,n,f,e,c,p,5.6,9.72,,y,n,,,f,f,,d,u,e,p,1.0,4
majority,49435,49437,4.88,x,d,n,t,p,,y,6.53,17.64,,,y,,,f,f,,d,u,e,p,1.0,6
majority,46284,46286,4.59,x,,y,f,x,c,n,6.47,3.6,,,w,,,f,f,,d,a,e,p,1.0,6
majority,56008,56010,6.56,o,,n,f,,,w,3.47,20.69,,,n,,,f,f,,d,a,e,p,1.0,8
majority,52996,52998,8.43,x,t,n,f,p,d,y,6.28,11.67,,s,n,,,f,f,,g,u,e,p,1.0,4
majority,48693,48695,23.67,x,w,n,f,p,,w,24.63,84.09,,,n,,,f,f,,d,u,e,p,1.0,6
majority,18968,18970,2.8,x,s,w,f,d,d,w,3.13,5.69,,,w,,,f,f,,m,a,e,p,1.0,5
majority,33805,33807,7.41,x,l,w,f,d,,p,3.44,9.08,,,w,,,f,f,,g,a,e,p,1.0,6
majority,46658,46660,3.23,f,h,n,f,,c,k,6.64,6.29,,s,w,,w,f,f,k,d,a,e,p,1.0,3
majority,6759,6759,4.24,x,,r,f,a,,r,5.97,7.7,,,w,,,f,f,,l,a,e,p,1.0,7
majority,34989,34991,4.42,x,,w,f,x,c,w,8.33,10.03,b,,n,,w,t,,,d,a,e,p,1.0,5
majority,46451,46453,5.0,f,,w,f,x,c,g,7.37,4.0,,,w,,,f,f,,d,u,e,p,1.0,6
majority,54619,54621,6.76,f,w,y,f,f,f,f,3.83,13.64,,,y,,,f,f,,d,u,e,p,1.0,5
majority,3393,3393,16.32,x,e,n,t,e,,w,10.32,16.88,,,w,,,t,,,d,a,e,p,1.0,7
majority,45956,45958,1.68,f,w,g,f,,d,g,5.21,2.56,,,w,,,f,f,,g,w,e,p,1.0,6
majority,33725,33727,7.36,s,l,w,f,d,,w,3.42,8.59,,,w,,,f,f,,g,u,e,p,1.0,6
majority,21904,21906,3.59,x,,y,f,a,c,o,4.43,7.73,,,w,,,f,f,,d,a,e,p,1.0,6
majority,55954,55956,8.14,o,,n,f,,,w,5.1,24.33,,,n,,,f,f,,d,u,e,p,1.0,8
majority,18734,18736,3.5,f,s,w,f,d,d,w,3.39,6.64,,,w,,,f,f,,g,w,e,p,1.0,5
majority,25306,25308,17.4,s,s,w,f,a,d,k,7.42,20.31,,,w,,,f,f,w,d,u,e,p,1.0,4
majority,8487,8487,4.78,x,s,b,f,x,c,w,6.7,9.15,,s,n,,,f,f,,l,w,e,p,1.0,4
majority,52971,52973,8.95,x,t,n,f,p,d,y,7.6,13.73,,s,n,,,f,f,,h,u,e,p,1.0,4
majority,52740,52742,8.37,x,s,n,t,p,,n,6.54,16.36,,,n,,w,t,p,,d,u,e,p,1.0,5
majority,49458,49460,6.75,x,d,n,t,p,,y,6.72,12.9,,,y,,,f,f,,d,a,e,p,1.0,6
majority,6392,6392,5.85,s,,n,f,d,c,w,4.71,8.13,,s,w,,,f,f,,h,a,e,p,1.0,5
majority,51421,51423,5.0,x,s,o,f,p,,n,6.31,12.17,,,n,,,f,f,,d,u,e,p,1.0,6
majority,55288,55290,5.98,o,l,n,f,f,f,f,7.55,68.11,,,n,,,f,f,g,l,u,e,p,1.0,4
majority,10292,10293,5.03,b,g,g,f,a,d,g,7.28,3.67,,s,g,,,f,f,,d,a,e,p,1.0,4
majority,42835,42837,14.43,x,s,w,t,e,,g,9.99,17.84,s,,w,,,t,r,,m,a,e,p,1.0,5
majority,24475,24477,13.22,x,e,l,f,x,c,w,7.24,24.81,,,w,,,f,f,,d,a,e,p,1.0,5
majority,29728,29730,3.01,f,d,p,t,d,c,p,5.03,5.83,,,n,,,f,f,,d,u,e,p,1.0,5
majority,46681,46683,3.13,f,h,n,f,,c,n,5.4,6.06,,s,w,,w,f,f,k,d,a,e,p,1.0,3
majority,17772,17774,7.93,x,,g,f,a,,w,7.73,14.4,,,g,,,f,f,,d,u,e,p,1.0,7
majority,8802,8802,5.8,f,s,n,f,x,c,w,7.36,10.14,,s,n,,,f,f,,l,w,e,p,1.0,4
majority,1274,1274,11.76,f,,n,t,,,w,12.32,18.08,b,,w,u,w,t,g,,d,u,e,p,1.0,5
majority,55745,55747,8.12,f,,b,f,d,c,w,2.33,12.94,,,w,,,f,f,,d,w,e,p,1.0,6
majority,11490,11491,1.6,c,g,n,f,a,,w,5.14,1.73,,,g,,,f,f,,l,u,e,p,1.0,6
majority,33644,33646,6.4,s,l,w,f,d,,p,3.48,7.99,,,w,,,f,f,,g,a,e,p,1.0,6
majority,36279,36281,6.36,x,h,n,f,x,c,w,5.96,6.0,,s,n,,,t,r,,d,w,e,p,1.0,4
majority,31398,31400,9.57,x,s,n,f,e,c,p,8.47,9.81,,i,w,,,f,f,p,d,u,e,p,1.0,3
majority,16351,16353,5.67,f,y,n,f,s,,g,4.8,7.92,,,w,,,f,f,,d,a,e,p,1.0,6
majority,33598,33600,7.55,s,l,w,f,d,,w,3.49,8.74,,,w,,,f,f,,d,u,e,p,1.0,6
majority,21677,21679,7.84,s,,y,f,a,c,w,6.74,17.67,,,w,,,f,f,,d,a,e,p,1.0,6
majority,29995,29997,3.5,s,d,g,t,d,c,p,5.02,6.82,,,n,,,f,f,,d,u,e,p,1.0,5
majority,46878,46880,3.31,f,h,n,f,,c,k,6.0,6.28,,s,w,,w,f,f,k,d,a,e,p,1.0,3
majority,25166,25168,20.21,s,s,k,f,a,d,k,8.77,23.69,,,w,,,f,f,w,d,a,e,p,1.0,4
majority,51243,51245,4.67,x,t,n,f,p,,n,5.83,11.71,,,n,,,f,f,,d,a,e,p,1.0,6
majority,18782,18784,3.54,x,s,w,f,d,d,w,2.87,5.98,,,w,,,f,f,,m,a,e,p,1.0,5
majority,25119,25121,13.94,x,t,k,f,a,d,k,5.6,19.83,,,w,,,f,f,w,d,u,e,p,1.0,4
majority,46087,46089,1.27,x,w,n,f,,d,g,5.04,2.35,,,w,,,f,f,,g,a,e,p,1.0,6
majority,24943,24945,8.37,x,s,u,f,a,c,w,5.09,15.5,,,w,,,f,f,,d,u,e,p,1.0,5
majority,57100,57130,7.5,f,e,b,f,,c,b,4.7,18.59,,,w,,,t,f,,d,a,e,p,1.0,6
majority,42362,42364,7.28,x,y,n,f,e,c,n,4.26,11.92,,,w,,,t,l,,w,u,e,p,1.0,5
majority,35109,35111,4.55,x,,n,f,x,c,n,7.92,9.56,b,,n,,w,t,,,d,u,e,p,1.0,5
majority,43644,43646,10.19,x,i,n,t,e,,p,9.05,18.41,,y,w,,,t,p,,l,a,e,p,1.0,5
majority,53049,53051,8.36,x,h,n,f,p,d,y,6.59,12.17,,s,n,,,f,f,,h,u,e,p,1.0,4
majority,8593,8593,5.5,f,s,b,f,x,c,w,6.39,8.92,,s,n,,,f,f,,l,a,e,p,1.0,4
majority,27157,27159,13.3,s,,w,t,d,c,y,6.55,27.81,,,w,,,f,f,,d,u,e,p,1.0,6
majority,2041,2041,6.6,x,,w,f,e,,w,6.38,13.96,b,,w,u,w,t,g,,d,u,e,p,1.0,4
majority,6962,6962,4.14,x,,w,f,d,,r,5.28,7.22,,,l,,,f,f,,l,u,e,p,1.0,7
majority,46571,46573,4.03,x,,w,f,x,c,u,5.7,3.73,,,w,,,f,f,,d,a,e,p,1.0,6
majority,2760,2760,7.01,x,h,n,f,e,,w,12.39,12.16,,s,n,u,w,f,f,,d,u,e,p,1.0,3
majority,46184,46186,1.94,f,w,n,f,,d,k,5.23,2.54,,,w,,,f,f,,g,w,e,p,1.0,6
majority,5220,5220,10.92,s,,n,f,s,c,b,7.77,21.31,,,u,,,f,f,,l,w,e,p,1.0,6
majority,52520,52522,9.32,x,t,y,f,p,,y,8.4,15.31,,,y,,y,t,,,d,a,e,p,1.0,6
majority,14214,14216,5.36,x,t,g,f,a,d,n,6.25,4.74,,t,w,,,t,l,,d,w,e,p,1.0,4
majority,46028,46030,1.71,x,w,n,f,,d,g,5.53,2.63,,,w,,,f,f,,g,u,e,p,1.0,6
majority,42261,42263,4.81,f,y,w,f,e,c,k,3.76,10.72,,,w,,w,t,e,,g,u,e,p,1.0,4
majority,44005,44007,7.76,p,s,w,f,e,c,p,22.0,12.75,,s,w,,,t,e,,u,w,e,p,1.0,4
majority,8667,8667,6.78,x,s,b,f,x,c,w,7.32,11.01,,s,n,,,f,f,,l,w,e,p,1.0,4
majority,3143,3143,19.89,f,y,w,f,,,w,33.72,21.26,s,,n,,,t,m,,d,u,e,p,1.0,6
majority,26125,26127,11.74,x,s,r,f,x,,n,7.66,26.21,,,w,,,f,f,,d,a,e,p,1.0,6
majority,46668,46670,4.07,f,h,n,f,,c,k,6.27,6.63,,s,w,,w,f,f,k,d,a,e,p,1.0,3
majority,31267,31269,6.99,x,s,n,f,e,c,w,7.57,10.53,,i,w,,,f,f,p,d,a,e,p,1.0,3
majority,46080,46082,1.36,f,w,n,f,,d,g,4.27,2.16,,,w,,,f,f,,g,s,e,p,1.0,6
majority,56074,56076,8.07,s,,n,f,,,w,4.5,19.63,,,n,,,f,f,,d,a,e,p,1.0,8
majority,21496,21498,4.54,f,t,n,f,d,,o,6.17,8.51,,t,w,,,f,f,,d,w,e,p,1.0,5
majority,21304,21306,3.95,x,t,n,f,d,,o,5.2,6.07,,t,w,,,f,f,,d,a,e,p,1.0,5
majority,24679,24681,8.69,x,e,y,f,x,c,w,7.13,17.65,,,w,,,f,f,,d,a,e,p,1.0,5
majority,35078,35080,4.72,x,,n,f,x,c,w,8.75,10.74,b,,w,,w,t,,,d,s,e,p,1.0,5
majority,31359,31361,9.27,x,s,n,f,e,c,w,7.06,10.49,,i,w,,,f,f,p,d,s,e,p,1.0,3
majority,52390,52392,7.51,x,t,y,f,p,,y,7.14,14.01,,,y,,y,t,,,d,u,e,p,1.0,6
majority,20458,20460,6.53,s,d,b,f,d,d,o,5.2,12.37,,,w,,,f,f,,g,w,e,p,1.0,5
majority,18111,18113,5.34,f,s,n,f,s,c,w,3.7,7.66,b,i,n,,,f,f,,l,u,e,p,1.0,3
majority,24100,24102,8.51,f,,p,f,x,c,w,6.85,20.1,,s,w,,,f,f,,d,a,e,p,1.0,5
majority,11536,11537,1.44,c,g,n,f,a,,g,4.77,1.25,,,g,,,f,f,,d,a,e,p,1.0,6
majority,55456,55458,8.79,f,,b,f,d,c,w,2.36,14.08,,,w,,,f,f,,d,w,e,p,1.0,6
majority,45866,45868,0.82,p,g,w,f,,,g,2.85,1.51,,,w,,,f,f,,d,u,e,p,1.0,7
majority,5366,5366,9.68,f,,n,f,s,c,p,7.44,19.75,b,,u,,,f,f,,g,a,e,p,1.0,5
majority,2733,2733,5.88,c,t,n,f,e,,w,11.47,12.06,,s,n,u,w,f,f,,d,a,e,p,1.0,3
majority,48817,48819,12.5,x,t,n,t,p,,y,8.44,22.59,,,n,,,f,f,,d,a,e,p,1.0,6
majority,14888,14890,12.19,f,s,e,f,d,d,w,8.43,14.77,,i,n,,,t,,w,d,u,e,p,1.0,4
majority,11626,11627,1.25,c,g,n,f,a,,w,4.96,1.48,,,g,,,f,f,,d,a,e,p,1.0,6
majority,30400,30402,11.72,s,t,o,t,d,c,o,7.13,17.99,,,w,,,f,f,,d,u,e,p,1.0,5
majority,30636,30638,9.29,s,t,w,t,d,c,o,5.17,16.45,,,w,,,f,f,,d,a,e,p,1.0,5
majority,1220,1220,8.34,f,,n,t,,,w,7.35,13.57,b,,w,u,w,t,g,,d,u,e,p,1.0,5
majority,54657,54659,4.33,x,w,y,f,f,f,f,4.59,14.46,,,y,,,f,f,,d,a,e,p,1.0,5
majority,9247,9247,4.52,b,g,n,f,x,d,w,5.39,3.67,,,y,,,f,f,,g,u,e,p,1.0,5
majority,20516,20518,4.23,x,s,e,f,a,c,e,5.33,6.38,,,e,,,f,f,,m,u,e,p,1.0,5
majority,24335,24337,7.11,f,,p,f,x,c,w,6.74,14.36,,s,w,,,f,f,,d,a,e,p,1.0,5
majority,21874,21876,8.29,f,,y,f,a,c,w,6.32,17.54,,,g,,,f,f,,d,u,e,p,1.0,6
majority,11624,11625,1.7,c,g,n,f,a,,g,5.46,1.71,,,g,,,f,f,,l,a,e,p,1.0,6
majority,11565,11566,1.71,c,g,n,f,a,,g,5.1,1.63,,,g,,,f,f,,l,u,e,p,1.0,6
majority,51464,51466,3.9,x,s,o,f,p,,n,5.31,11.42,,,n,,,f,f,,d,u,e,p,1.0,6
majority,31406,31408,9.85,x,s,n,f,e,c,w,7.39,10.12,,i,w,,,f,f,p,d,w,e,p,1.0,3
majority,43472,43474,9.6,p,i,n,t,e,,p,9.38,18.09,,y,w,,,t,l,,l,a,e,p,1.0,5
majority,25270,25272,17.89,x,t,k,f,a,d,y,6.67,20.61,,,w,,,f,f,w,d,u,e,p,1.0,4
majority,49711,49713,7.8,x,d,n,t,p,,y,7.26,17.83,,,y,,,f,f,,d,a,e,p,1.0,6
majority,1941,1941,6.88,x,,w,f,e,,w,5.66,12.48,b,,y,u,y,t,g,,d,u,e,p,1.0,4
majority,31653,31655,5.97,x,y,n,f,e,c,w,6.23,10.56,,y,n,,,f,f,,d,a,e,p,1.0,4
majority,21265,21267,3.96,f,t,n,f,d,,o,5.98,7.11,,t,o,,,f,f,,d,a,e,p,1.0,5
majority,1916,1916,5.73,x,,w,f,e,,w,6.42,13.51,b,,w,u,w,t,g,,d,u,e,p,1.0,4
majority,50808,50810,2.92,x,d,n,f,p,,y,4.52,10.56,,,y,,,f,f,,d,a,e,p,1.0,6
majority,52507,52509,9.3,x,t,y,f,p,,y,7.73,15.07,,,y,,y,t,,,d,a,e,p,1.0,6
majority,44092,44094,11.77,f,y,w,f,e,c,p,12.9,12.46,,s,w,,,t,e,,u,w,e,p,1.0,4
majority,42429,42431,5.74,f,i,n,f,e,c,p,3.93,13.34,,,w,,,t,l,,w,u,e,p,1.0,5
majority,46394,46396,4.12,x,,n,f,x,c,g,6.51,3.84,,,w,,,f,f,,d,u,e,p,1.0,6
majority,20599,20601,3.92,x,h,p,f,a,c,o,5.14,6.9,,,e,,,f,f,,g,u,e,p,1.0,5
majority,1212,1212,8.9,f,,n,t,,,w,9.67,15.88,b,,w,u,w,t,g,,d,a,e,p,1.0,5
majority,9262,9262,3.99,b,g,w,f,x,d,w,4.81,3.39,,,y,,,f,f,,g,a,e,p,1.0,5
majority,21351,21353,3.74,x,t,n,f,d,,o,6.08,7.28,,t,o,,,f,f,,d,a,e,p,1.0,5
majority,46494,46496,5.51,x,,w,f,x,c,n,6.54,4.18,,,w,,,f,f,,d,u,e,p,1.0,6
majority,24830,24832,6.31,x,s,u,f,a,c,w,3.88,12.58,,,w,,,f,f,,d,a,e,p,1.0,5
majority,42982,42984,12.03,f,s,w,t,e,,n,8.23,17.01,s,,w,,,t,r,,m,a,e,p,1.0,5
majority,27002,27004,10.46,s,,w,t,d,c,y,6.65,25.89,,,w,,,f,f,,d,a,e,p,1.0,6
majority,52022,52024,8.09,x,,g,t,p,,g,11.07,25.71,,y,w,,,f,f,,d,a,e,p,1.0,6
majority,5044,5044,8.95,s,,n,f,s,c,b,7.3,19.79,,,u,,,f,f,,d,w,e,p,1.0,6
majority,9409,9409,3.03,b,g,w,f,x,d,w,4.05,3.28,,,y,,,f,f,,g,u,e,p,1.0,5
majority,31390,31392,9.43,x,s,n,f,e,c,p,7.08,9.98,,i,w,,,f,f,p,d,w,e,p,1.0,3
majority,52425,52427,7.21,x,t,y,f,p,,y,7.49,15.82,,,y,,y,t,,,d,u,e,p,1.0,6
majority,8566,8566,4.64,f,s,n,f,x,c,w,6.1,8.89,,s,n,,,f,f,,l,w,e,p,1.0,4
majority,9446,9446,4.27,b,g,w,f,x,d,w,5.26,3.18,,,y,,,f,f,,g,u,e,p,1.0,5
majority,2979,2979,15.25,p,y,w,f,,,w,25.05,18.99,s,,n,,,t,m,,m,a,e,p,1.0,6
majority,46197,46199,1.56,f,w,g,f,,d,k,4.62,2.33,,,w,,,f,f,,d,a,e,p,1.0,6
majority,24522,24524,8.1,x,e,l,f,x,c,w,7.92,23.4,,,w,,,f,f,,d,a,e,p,1.0,5
majority,43639,43641,9.76,p,i,n,t,e,,p,8.83,17.94,,y,w,,,t,l,,l,a,e,p,1.0,5
majority,1317,1317,9.64,x,,n,t,,,w,9.19,13.23,b,,w,u,w,t,g,,d,u,e,p,1.0,5
majority,26995,26997,12.35,s,,w,t,d,c,y,6.28,25.54,,,w,,,f,f,,d,a,e,p,1.0,6
majority,55168,55170,2.51,o,l,n,f,f,f,f,5.67,45.99,,,n,,,f,f,g,l,a,e,p,1.0,4
majority,45729,45731,1.12,b,g,w,f,,,g,3.1,1.5,,,w,,,f,f,,d,w,e,p,1.0,7
majority,5432,5432,6.51,f,,g,f,s,c,g,5.85,18.01,b,,u,,,f,f,,g,a,e,p,1.0,5
majority,29815,29817,3.18,f,d,n,t,d,c,p,3.98,5.19,,,n,,,f,f,,d,u,e,p,1.0,5
majority,45950,45952,1.45,x,w,g,f,,d,g,5.07,2.4,,,w,,,f,f,,g,w,e,p,1.0,6
majority,52192,52194,8.38,x,,n,t,p,,g,11.94,25.58,,y,w,,,f,f,,d,u,e,p,1.0,6
majority,43824,43826,10.98,p,s,w,f,e,c,w,27.16,13.92,,s,w,,,t,e,,g,w,e,p,1.0,4
majority,15247,15249,10.38,f,y,e,f,,,w,7.37,26.73,b,,n,,w,t,e,,d,w,e,p,1.0,5
majority,17488,17490,10.94,f,d,w,f,s,c,w,7.86,34.59,,,w,,,f,f,,m,s,e,p,1.0,5
majority,51621,51623,18.66,x,d,n,f,p,,w,15.94,32.79,s,y,w,,,f,f,,d,a,e,p,1.0,4
majority,30572,30574,11.06,s,t,p,t,d,c,o,6.63,18.48,,,w,,,f,f,,d,a,e,p,1.0,5
majority,45647,45649,1.13,p,g,g,f,,,g,3.46,1.51,,,w,,,f,f,,d,s,e,p,1.0,7
majority,55499,55501,15.15,f,,b,f,d,c,y,2.88,16.86,,,w,,,f,f,,d,a,e,p,1.0,6
majority,60566,60712,7.28,c,,n,f,f,f,f,5.29,18.54,,,n,,,f,f,,l,s,e,p,1.0,6
majority,57042,57072,11.42,f,e,b,f,,c,b,5.07,20.69,,,w,,,t,f,,d,a,e,p,1.0,6
majority,42511,42513,7.97,f,i,n,f,e,c,n,4.96,12.51,,,w,,,t,r,,w,a,e,p,1.0,5
majority,16195,16197,6.24,f,h,g,f,s,d,g,5.68,10.08,,s,g,,,f,f,,d,u,e,p,1.0,4
majority,42350,42352,6.94,p,y,w,f,e,c,p,4.94,12.03,,,w,,w,t,e,,m,u,e,p,1.0,4
majority,42822,42824,10.93,p,s,n,t,e,,g,10.56,17.46,s,,w,,,t,l,,m,u,e,p,1.0,5
majority,14991,14993,10.35,f,s,n,f,a,d,w,8.72,15.62,,i,n,,,t,,w,d,w,e,p,1.0,4
majority,49285,49287,6.33,x,d,n,t,p,,r,4.86,11.26,,,e,,,f,f,,d,u,e,p,1.0,6
majority,24643,24645,9.91,x,e,l,f,x,c,w,8.03,26.3,,,w,,,f,f,,d,a,e,p,1.0,5
majority,17557,17559,7.61,f,s,w,f,s,c,w,7.58,25.35,,,w,,,f,f,,d,u,e,p,1.0,5
majority,2780,2780,6.75,x,h,n,f,e,,w,13.65,14.0,,s,w,u,w,f,f,,d,u,e,p,1.0,3
majority,16277,16279,5.36,f,y,n,f,s,,w,5.07,9.07,,,w,,,f,f,,d,u,e,p,1.0,6
majority,31591,31593,5.93,x,y,n,f,e,c,w,4.29,8.75,,y,n,,,f,f,,d,u,e,p,1.0,4
majority,22322,22324,7.62,x,t,y,t,x,c,y,6.84,12.78,,,w,,,f,f,,d,a,e,p,1.0,5
majority,56874,56904,9.17,f,e,b,f,,c,b,5.08,18.88,,,w,,,t,f,,d,a,e,p,1.0,6
majority,51556,51558,20.95,x,d,o,f,p,,w,17.16,36.79,s,y,w,,,f,f,,d,u,e,p,1.0,4
majority,42710,42712,7.65,x,i,n,f,e,c,n,3.95,13.01,,,w,,,t,r,,w,a,e,p,1.0,5
majority,21794,21796,9.18,f,,y,f,a,c,w,6.5,16.93,,,w,,,f,f,,d,a,e,p,1.0,6
majority,16871,16873,8.14,f,t,o,f,s,,y,8.21,11.48,,t,o,,,f,f,,d,a,e,p,1.0,5
majority,14970,14972,9.67,x,s,y,f,d,d,w,9.61,16.86,,i,n,,,t,,w,d,w,e,p,1.0,4
majority,14537,14539,3.06,x,t,n,f,a,d,y,5.61,5.35,,s,n,,,f,f,,d,s,e,p,1.0,4
majority,11585,11586,1.41,c,g,n,f,a,,w,5.07,1.34,,,g,,,f,f,,l,a,e,p,1.0,6
majority,11870,11871,1.09,f,g,n,t,a,,p,6.02,1.09,,,n,,,f,f,,h,u,e,p,1.0,6
majority,42962,42964,14.81,x,s,n,t,e,,g,11.16,18.4,s,,w,,,t,l,,m,u,e,p,1.0,5
majority,45625,45627,1.29,b,g,w,f,,,g,3.41,1.62,,,w,,,f,f,,d,u,e,p,1.0,7
majority,55739,55741,7.99,f,,b,f,d,c,y,2.55,15.4,,,w,,,f,f,,d,a,e,p,1.0,6
majority,14901,14903,11.64,x,s,n,f,d,d,w,8.86,15.74,,i,n,,,t,,w,d,u,e,p,1.0,4
majority,45674,45676,0.81,p,g,w,f,,,g,3.41,1.66,,,w,,,f,f,,d,w,e,p,1.0,7
majority,52872,52874,9.99,x,h,n,t,p,,n,7.16,16.91,,,n,,w,t,p,,d,u,e,p,1.0,5
majority,35016,35018,4.0,x,,w,f,x,c,w,8.0,8.41,b,,n,,w,t,,,d,a,e,p,1.0,5
majority,58179,58325,53.18,o,y,y,f,p,,y,6.36,32.86,,k,k,,,f,f,,d,u,e,p,1.0,5
majority,21720,21722,7.16,x,,y,f,a,c,w,5.11,13.37,,,w,,,f,f,,d,u,e,p,1.0,6
majority,15368,15370,9.31,f,y,e,f,,,w,7.83,25.59,b,,n,,w,t,e,,d,w,e,p,1.0,5
majority,33650,33652,5.99,x,l,w,f,d,,p,3.37,7.42,,,w,,,f,f,,g,a,e,p,1.0,6
majority,21208,21210,3.76,x,t,n,f,d,,o,6.63,9.14,,t,o,,,f,f,,d,w,e,p,1.0,5
majority,48781,48783,11.16,x,h,n,t,p,,y,8.23,22.36,,,n,,,f,f,,d,a,e,p,1.0,6
majority,52034,52036,6.28,x,,g,t,p,,g,9.94,22.11,,y,w,,,f,f,,d,u,e,p,1.0,6
majority,49362,49364,7.03,x,d,e,t,p,,r,5.98,12.59,,,e,,,f,f,,d,u,e,p,1.0,6
majority,49138,49140,7.41,x,d,e,t,p,,r,7.1,13.75,,,e,,,f,f,,d,u,e,p,1.0,6
majority,58195,58341,48.81,o,y,y,f,p,,y,5.99,38.09,,k,k,,,f,f,,d,u,e,p,1.0,5
majority,44020,44022,8.89,f,y,w,f,e,c,w,20.16,12.34,,s,w,,,t,e,,d,w,e,p,1.0,4
majority,52814,52816,8.94,x,s,n,t,p,,n,6.71,17.27,,,n,,w,t,p,,d,a,e,p,1.0,5
majority,60460,60606,5.11,p,,g,f,f,f,f,5.47,19.36,,,n,,,f,f,,d,s,e,p,1.0,6
majority,49089,49091,7.39,x,d,e,t,p,,r,5.19,11.62,,,y,,,f,f,,d,u,e,p,1.0,6
majority,36334,36336,4.83,x,h,n,f,x,c,n,5.34,5.54,,y,n,,,t,r,,d,a,e,p,1.0,4
majority,15182,15184,8.68,f,y,n,f,,,w,5.15,23.06,b,,n,,w,t,e,,d,w,e,p,1.0,5
majority,11891,11892,1.0,f,g,n,t,a,,w,5.49,1.02,,,n,,,f,f,,d,a,e,p,1.0,6
majority,49491,49493,6.31,x,d,n,t,p,,y,6.38,13.97,,,y,,,f,f,,d,u,e,p,1.0,6
majority,43858,43860,9.03,f,s,w,f,e,c,k,14.5,12.24,,s,w,,,t,e,,d,u,e,p,1.0,4
majority,55889,55891,8.25,s,,n,f,,,w,4.31,21.6,,,n,,,f,f,,d,u,e,p,1.0,8
majority,60245,60391,4.86,p,,n,f,f,f,f,5.22,17.2,,,n,,,f,f,,l,s,e,p,1.0,6
majority,3402,3402,14.61,x,e,n,t,e,,w,10.27,18.0,,,w,,,t,,,d,u,e,p,1.0,7
majority,22292,22294,5.89,x,h,y,t,x,c,y,6.16,12.01,,,w,,,f,f,,d,u,e,p,1.0,5
majority,53134,53136,7.73,x,t,n,f,p,d,y,8.07,13.22,,s,n,,,f,f,,h,u,e,p,1.0,4
majority,33878,33880,5.84,s,l,w,f,d,,w,3.37,7.74,,,w,,,f,f,,g,a,e,p,1.0,6
majority,24815,24817,6.4,f,s,k,f,a,c,w,4.51,14.55,,,w,,,f,f,,d,a,e,p,1.0,5
majority,27015,27017,10.37,s,,w,t,d,c,w,6.35,23.94,,,w,,,f,f,,d,a,e,p,1.0,6
majority,14349,14351,6.21,x,t,g,f,a,d,n,6.22,4.72,,t,g,,,t,l,,d,a,e,p,1.0,4
majority,6511,6511,6.86,s,,n,f,d,c,w,5.63,7.97,,s,w,,,f,f,,l,a,e,p,1.0,5
majority,2622,2622,5.44,c,h,n,f,e,,w,11.59,12.12,,s,w,u,w,f,f,,d,u,e,p,1.0,3
majority,29659,29661,2.81,f,d,u,t,d,c,p,4.37,6.74,,,n,,,f,f,,d,a,e,p,1.0,5
majority,21563,21565,7.04,f,,y,f,a,c,w,5.69,12.39,,,w,,,f,f,,d,a,e,p,1.0,6
majority,24249,24251,7.75,f,,e,f,x,c,w,6.98,16.95,,s,w,,,f,f,,d,u,e,p,1.0,5
majority,52104,52106,7.2,x,,n,t,p,,g,11.17,22.8,,y,w,,,f,f,,d,a,e,p,1.0,6
majority,18238,18240,7.15,f,s,n,f,s,c,w,6.62,10.97,b,i,n,,,f,f,,l,a,e,p,1.0,3
majority,44105,44107,9.63,f,y,w,f,e,c,k,14.87,11.65,,s,w,,,t,e,,d,a,e,p,1.0,4
majority,3465,3465,15.19,x,y,n,t,e,,w,10.87,18.52,,,w,,,t,,,d,a,e,p,1.0,7
majority,52454,52456,9.56,x,t,y,f,p,,y,8.47,16.4,,,y,,y,t,,,d,u,e,p,1.0,6
majority,24455,24457,7.42,x,e,l,f,x,c,w,6.36,14.81,,,w,,,f,f,,d,u,e,p,1.0,5
majority,46350,46352,4.65,f,,n,f,x,c,w,6.39,3.51,,,w,,,f,f,,d,a,e,p,1.0,6
majority,31529,31531,6.5,x,y,n,f,e,c,p,4.95,9.63,,y,n,,,f,f,,d,u,e,p,1.0,4
majority,51279,51281,5.09,x,s,o,f,p,,n,5.08,11.77,,,n,,,f,f,,d,u,e,p,1.0,6
majority,17581,17583,9.23,f,s,w,f,s,c,w,9.0,34.23,,,w,,,f,f,,d,u,e,p,1.0,5
majority,51940,51942,8.86,x,,n,t,p,,g,12.3,25.7,,y,w,,,f,f,,d,a,e,p,1.0,6
majority,3054,3054,15.25,p,y,w,f,,,w,23.9,16.95,s,,n,,,t,m,,d,u,e,p,1.0,6
majority,3174,3174,15.96,p,y,w,f,,,w,23.57,19.51,s,,n,,,t,m,,m,a,e,p,1.0,6
majority,33677,33679,6.66,s,l,w,f,d,,w,3.44,9.48,,,w,,,f,f,,g,u,e,p,1.0,6
majority,17641,17643,10.58,f,d,w,f,s,c,w,7.41,34.77,,,w,,,f,f,,d,s,e,p,1.0,5
majority,49754,49756,6.24,x,d,n,t,p,,y,7.22,14.52,,,y,,,f,f,,d,u,e,p,1.0,6
majority,43461,43463,10.18,x,i,n,t,e,,p,9.18,18.33,,y,w,,,t,p,,l,a,e,p,1.0,5
majority,31518,31520,7.27,x,y,n,f,e,c,w,5.3,10.0,,y,n,,,f,f,,d,a,e,p,1.0,4
majority,52364,52366,9.27,x,t,y,f,p,,y,7.59,14.61,,,y,,y,t,,,d,u,e,p,1.0,6
majority,49306,49308,8.32,x,d,e,t,p,,r,6.51,13.93,,,y,,,f,f,,d,a,e,p,1.0,6
majority,12508,12509,1.59,x,s,y,f,d,,w,7.02,2.23,,t,y,,,f,f,,h,a,e,p,1.0,5
majority,1068,1068,9.03,x,,n,t,,,w,12.42,17.95,b,,w,u,w,t,g,,d,u,e,p,1.0,5
majority,51956,51958,6.79,x,,n,t,p,,g,10.05,24.72,,y,w,,,f,f,,d,u,e,p,1.0,6
majority,5089,5089,7.79,s,,g,f,s,c,b,5.79,16.58,,,b,,,f,f,,l,a,e,p,1.0,6
majority,43798,43800,9.39,p,y,w,f,e,c,w,16.03,12.19,,s,w,,,t,e,,d,u,e,p,1.0,4
majority,1246,1246,10.19,f,,n,t,,,w,11.96,17.95,b,,w,u,w,t,g,,d,a,e,p,1.0,5
majority,12647,12648,1.42,x,g,y,f,a,,w,6.27,1.82,,t,y,,,f,f,,g,u,e,p,1.0,5
majority,55806,55808,10.56,s,,n,f,,,w,4.73,22.71,,,n,,,f,f,,d,u,e,p,1.0,8
majority,3307,3307,14.89,x,e,n,t,e,,w,10.05,15.81,,,w,,,t,,,d,u,e,p,1.0,7
majority,11855,11856,0.75,x,g,n,t,a,,w,5.05,0.98,,,n,,,f,f,,d,a,e,p,1.0,6
majority,14735,14737,5.17,f,h,n,f,a,d,w,7.22,6.54,,s,o,,,f,f,,d,s,e,p,1.0,4
majority,21543,21545,6.86,x,,y,f,a,c,w,5.15,13.06,,,g,,,f,f,,d,w,e,p,1.0,6
majority,26263,26265,10.13,x,s,r,f,x,,n,6.86,19.27,,,w,,,f,f,,d,a,e,p,1.0,6
majority,45588,45590,0.78,b,g,w,f,,,g,2.75,1.29,,,w,,,f,f,,d,s,e,p,1.0,7
majority,3444,3444,16.14,x,e,n,t,e,,w,10.08,17.06,,,w,,,t,,,g,u,e,p,1.0,7
majority,57043,57073,10.35,f,e,b,f,,c,b,4.93,20.04,,,w,,,t,f,,d,a,e,p,1.0,6
majority,42522,42524,6.84,x,i,n,f,e,c,n,4.75,13.62,,,w,,,t,l,,w,a,e,p,1.0,5
majority,26976,26978,10.69,s,,w,t,d,c,y,5.79,23.89,,,w,,,f,f,,d,u,e,p,1.0,6
majority,16709,16711,8.36,f,g,n,f,s,,y,10.03,13.54,,i,n,,,f,f,,d,a,e,p,1.0,5
majority,14597,14599,5.09,x,t,o,f,a,d,y,4.44,3.66,,k,o,,,f,f,,d,a,e,p,1.0,4
majority,17688,17690,7.88,x,,n,f,a,,w,8.47,14.78,,,w,,,f,f,,g,a,e,p,1.0,7
majority,43698,43700,10.9,x,y,n,t,e,,p,9.09,16.87,,y,w,,,t,l,,l,a,e,p,1.0,5
majority,24629,24631,8.52,x,e,l,f,x,c,w,6.59,18.98,,,w,,,f,f,,d,a,e,p,1.0,5
majority,2993,2993,13.35,f,y,w,f,,,w,24.36,19.74,s,,n,,,t,m,,m,a,e,p,1.0,6
majority,6995,6995,4.64,x,,w,f,a,,r,6.09,7.87,,,l,,,f,f,,d,a,e,p,1.0,7
majority,49670,49672,7.38,x,d,n,t,p,,y,8.28,16.13,,,y,,,f,f,,d,u,e,p,1.0,6
majority,20443,20445,7.59,s,s,o,f,d,d,b,6.54,12.88,,,w,,,f,f,,g,a,e,p,1.0,5
majority,14571,14573,5.24,x,h,n,f,a,d,w,7.72,6.01,,k,n,,,f,f,,d,w,e,p,1.0,4
majority,4622,4622,2.43,x,,b,f,,d,w,5.73,5.27,,,w,,,f,f,,d,w,e,p,1.0,7
majority,5638,5638,11.59,f,,g,f,s,c,p,8.84,23.96,b,,u,,,f,f,,d,a,e,p,1.0,5
majority,30553,30555,8.53,s,t,p,t,d,c,o,6.44,18.27,,,w,,,f,f,,d,a,e,p,1.0,5
majority,24873,24875,9.38,f,s,u,f,a,c,w,5.02,16.98,,,w,,,f,f,,d,u,e,p,1.0,5
majority,33734,33736,8.24,s,l,w,f,d,,w,3.53,9.75,,,w,,,f,f,,g,a,e,p,1.0,6
majority,11618,11619,1.38,c,g,n,f,a,,g,4.6,1.23,,,g,,,f,f,,l,a,e,p,1.0,6
majority,1261,1261,7.42,f,,n,t,,,w,8.41,15.31,b,,w,u,w,t,g,,d,u,e,p,1.0,5
majority,3246,3246,14.75,x,e,n,t,e,,w,9.97,18.11,,,w,,,t,,,d,a,e,p,1.0,7
majority,6424,6424,5.62,s,,n,f,d,c,w,4.86,8.25,,s,w,,,f,f,,l,a,e,p,1.0,5
majority,55030,55032,3.11,s,,y,f,f,f,f,6.03,6.94,,,y,,,f,f,,d,a,e,p,1.0,6
majority,58416,58562,54.25,o,y,y,f,p,,y,7.77,46.51,,k,k,,,f,f,,d,u,e,p,1.0,5
majority,42105,42107,7.0,f,y,w,f,e,c,p,5.93,13.36,,,w,,w,t,e,,g,a,e,p,1.0,4
majority,46632,46634,2.53,x,h,n,f,,c,k,5.75,6.1,,s,w,,w,f,f,k,d,u,e,p,1.0,3
majority,60427,60573,3.28,p,,g,f,f,f,f,3.25,16.73,,,n,,,f,f,,d,s,e,p,1.0,6
majority,14688,14690,4.23,x,t,n,f,a,d,w,5.14,4.48,,s,n,,,f,f,,d,a,e,p,1.0,4
majority,49433,49435,7.07,x,d,n,t,p,,y,6.73,16.98,,,y,,,f,f,,d,u,e,p,1.0,6
majority,26909,26911,12.23,s,,w,t,d,c,y,5.34,24.85,,,w,,,f,f,,d,a,e,p,1.0,6
majority,56049,56051,9.09,s,,n,f,,,w,6.57,24.9,,,n,,,f,f,,d,u,e,p,1.0,8
majority,43797,43799,10.52,f,y,w,f,e,c,k,16.36,12.66,,s,w,,,t,e,,d,u,e,p,1.0,4
majority,33781,33783,7.7,s,l,w,f,d,,p,3.69,9.36,,,w,,,f,f,,g,u,e,p,1.0,6
majority,22413,22415,6.41,x,t,y,t,x,c,y,6.14,13.36,,,w,,,f,f,,d,a,e,p,1.0,5
majority,36202,36204,5.7,x,h,n,f,x,c,w,3.98,4.79,,s,n,,,t,r,,d,a,e,p,1.0,4
majority,56953,56983,10.59,f,e,b,f,,c,b,4.77,21.05,,,w,,,t,f,,d,a,e,p,1.0,6
majority,60559,60705,4.69,c,,n,f,f,f,f,4.43,18.45,,,n,,,f,f,,l,s,e,p,1.0,6
majority,4664,4664,2.44,x,,b,f,,d,u,5.7,3.53,,,w,,,f,f,,d,w,e,p,1.0,7
majority,11320,11321,1.9,c,g,n,f,a,,g,4.9,1.43,,,g,,,f,f,,d,u,e,p,1.0,6
majority,42885,42887,13.49,p,s,n,t,e,,n,10.57,18.04,s,,w,,,t,l,,m,a,e,p,1.0,5
majority,24502,24504,10.36,x,e,l,f,x,c,w,8.04,17.53,,,w,,,f,f,,d,u,e,p,1.0,5
majority,31731,31733,6.1,x,y,n,f,e,c,w,5.94,10.53,,y,n,,,f,f,,d,a,e,p,1.0,4
majority,12622,12623,1.49,x,g,n,f,d,,w,6.2,1.92,,t,y,,,f,f,,g,u,e,p,1.0,5
majority,51947,51949,9.03,x,,g,t,p,,g,12.8,24.68,,y,w,,,f,f,,d,u,e,p,1.0,6
majority,5435,5435,8.89,f,,n,f,s,c,g,6.6,18.6,b,,u,,,f,f,,g,a,e,p,1.0,5
majority,20577,20579,3.01,x,h,e,f,a,c,e,4.61,6.2,,,e,,,f,f,,g,u,e,p,1.0,5
majority,49162,49164,7.14,x,d,e,t,p,,y,5.78,12.66,,,y,,,f,f,,d,a,e,p,1.0,6
majority,2062,2062,6.42,x,,y,f,e,,w,5.55,12.28,b,,y,u,w,t,g,,d,a,e,p,1.0,4
majority,4688,4688,2.21,x,,u,f,,d,u,6.01,4.11,,,w,,,f,f,,d,a,e,p,1.0,7
majority,25399,25401,17.16,s,s,n,f,a,d,y,6.79,20.87,,,w,,,f,f,w,d,a,e,p,1.0,4
majority,43598,43600,9.24,p,i,n,t,e,,p,8.64,16.99,,y,w,,,t,l,,d,a,e,p,1.0,5
majority,18829,18831,2.33,f,s,w,f,d,d,w,3.12,5.41,,,w,,,f,f,,g,w,e,p,1.0,5
majority,45865,45867,0.7,p,g,w,f,,,g,3.03,1.41,,,w,,,f,f,,d,a,e,p,1.0,7
majority,10456,10457,3.57,f,g,g,f,a,d,g,4.24,2.92,,s,n,,,f,f,,d,w,e,p,1.0,4
majority,15922,15924,5.6,f,h,g,f,s,d,w,4.77,9.1,,s,g,,,f,f,,d,a,e,p,1.0,4
majority,58360,58506,53.57,o,y,y,f,p,,y,6.33,34.2,,k,k,,,f,f,,d,s,e,p,1.0,5
majority,54671,54673,5.53,s,w,y,f,f,f,f,5.47,14.84,,,y,,,f,f,,d,u,e,p,1.0,5
majority,42094,42096,6.89,x,y,w,f,e,c,k,4.28,12.1,,,w,,w,t,e,,g,a,e,p,1.0,4
majority,4765,4765,2.99,x,,b,f,,d,u,6.29,4.83,,,w,,,f,f,,d,u,e,p,1.0,7
majority,3296,3296,15.41,x,e,n,t,e,,w,10.27,17.11,,,w,,,t,,,g,u,e,p,1.0,7
majority,21531,21533,7.39,s,,y,f,a,c,w,6.59,15.88,,,g,,,f,f,,d,u,e,p,1.0,6
majority,25292,25294,14.08,x,t,w,f,a,d,y,6.71,23.99,,,w,,,f,f,w,d,u,e,p,1.0,4
majority,55525,55527,13.61,f,,g,f,d,c,y,2.56,14.83,,,w,,,f,f,,d,w,e,p,1.0,6
majority,15900,15902,6.57,b,h,k,f,s,d,g,5.33,10.41,,s,g,,,f,f,,d,u,e,p,1.0,4
majority,22157,22159,4.66,x,,y,f,a,c,o,3.46,8.0,,,w,,,f,f,,d,a,e,p,1.0,6
majority,5523,5523,10.2,f,,g,f,s,c,g,7.97,23.91,b,,u,,,f,f,,g,a,e,p,1.0,5
majority,24285,24287,7.88,x,,n,f,x,c,w,6.61,16.65,,s,w,,,f,f,,d,a,e,p,1.0,5
majority,26932,26934,10.65,s,,w,t,d,c,y,6.46,25.97,,,w,,,f,f,,d,u,e,p,1.0,6
majority,6626,6626,4.44,s,,n,f,d,c,w,5.01,7.29,,s,w,,,f,f,,d,a,e,p,1.0,5
majority,24871,24873,8.07,x,s,u,f,a,c,w,3.85,12.55,,,w,,,f,f,,d,u,e,p,1.0,5
majority,49197,49199,9.62,x,d,y,t,p,,r,7.21,13.65,,,y,,,f,f,,d,u,e,p,1.0,6
majority,14170,14172,5.91,x,t,g,f,a,d,n,6.42,5.47,,t,g,,,t,l,,d,u,e,p,1.0,4
majority,52704,52706,9.69,x,s,n,t,p,,n,8.26,16.9,,,n,,w,t,p,,d,u,e,p,1.0,5
majority,56942,56972,11.0,f,e,b,f,,c,b,4.77,19.49,,,w,,,t,f,,d,a,e,p,1.0,6
majority,52581,52583,6.57,x,h,y,f,p,,y,7.13,14.07,,,y,,y,t,,,d,a,e,p,1.0,6
majority,31479,31481,6.66,x,y,n,f,e,c,p,5.79,10.39,,y,n,,,f,f,,d,a,e,p,1.0,4
majority,6690,6690,6.41,s,,n,f,d,c,w,4.23,7.34,,s,w,,,f,f,,l,a,e,p,1.0,5
majority,12503,12504,1.59,x,g,n,f,d,,w,6.36,1.85,,t,y,,,f,f,,d,a,e,p,1.0,5
majority,42630,42632,7.12,x,i,n,f,e,c,p,5.14,14.41,,,w,,,t,r,,w,a,e,p,1.0,5
majority,9365,9365,2.68,b,g,w,f,x,d,w,4.21,3.02,,,y,,,f,f,,g,a,e,p,1.0,5
majority,42971,42973,11.02,f,s,n,t,e,,n,8.84,17.38,s,,w,,,t,l,,m,u,e,p,1.0,5
majority,26918,26920,13.13,s,,w,t,d,c,w,6.86,27.13,,,w,,,f,f,,d,a,e,p,1.0,6
majority,21606,21608,6.84,x,,y,f,a,c,w,4.8,12.02,,,g,,,f,f,,d,u,e,p,1.0,6
majority,31623,31625,7.53,x,y,n,f,e,c,w,6.07,11.21,,y,n,,,f,f,,d,a,e,p,1.0,4
majority,20630,20632,2.98,x,d,o,f,a,c,e,3.66,6.1,,,e,,,f,f,,g,u,e,p,1.0,5
majority,56837,56867,9.6,f,e,b,f,,c,b,5.43,18.65,,,w,,,t,f,,d,a,e,p,1.0,6
majority,48587,48589,18.02,p,w,n,f,p,,w,14.23,68.74,,,n,,,f,f,,d,u,e,p,1.0,6
majority,42038,42040,6.42,p,y,w,f,e,c,p,4.86,12.88,,,w,,w,t,e,,g,a,e,p,1.0,4
majority,11941,11942,0.86,f,g,n,t,a,,p,5.14,0.88,,,n,,,f,f,,h,a,e,p,1.0,6
majority,5337,5337,6.28,s,,g,f,s,c,p,5.48,17.05,b,,u,,,f,f,,g,a,e,p,1.0,5
majority,17630,17632,10.29,f,s,w,f,s,c,w,7.74,31.51,,,w,,,f,f,,m,s,e,p,1.0,5
majority,36220,36222,4.61,x,h,n,f,x,c,w,5.11,5.13,,y,n,,,t,r,,d,u,e,p,1.0,4
majority,55345,55347,5.13,o,l,n,f,f,f,f,7.92,60.94,,,n,,,f,f,g,l,a,e,p,1.0,4
majority,25197,25199,19.52,s,t,k,f,a,d,y,8.79,24.27,,,w,,,f,f,w,d,a,e,p,1.0,4
majority,17753,17755,9.02,p,,n,f,a,,w,8.34,13.83,,,w,,,f,f,,d,a,e,p,1.0,7
majority,42833,42835,10.48,f,s,n,t,e,,g,6.32,16.84,s,,w,,,t,r,,m,u,e,p,1.0,5
majority,12475,12476,1.59,x,s,y,f,d,,w,6.02,2.34,,t,y,,,f,f,,g,u,e,p,1.0,5
majority,16516,16518,4.97,f,y,n,f,s,,g,4.28,7.17,,,w,,,f,f,,d,u,e,p,1.0,6
majority,36263,36265,5.8,x,h,n,f,x,c,n,5.32,5.5,,s,n,,,t,r,,d,w,e,p,1.0,4
majority,36142,36144,5.78,x,h,n,f,x,c,w,5.36,5.41,,s,n,,,t,r,,d,w,e,p,1.0,4
majority,17809,17811,8.15,x,,n,f,a,,w,6.38,13.4,,,g,,,f,f,,d,u,e,p,1.0,7
majority,25336,25338,18.38,f,s,k,f,a,d,k,7.79,24.12,,,w,,,f,f,w,d,u,e,p,1.0,4
majority,46032,46034,1.48,x,w,n,f,,d,k,5.05,2.45,,,w,,,f,f,,d,u,e,p,1.0,6
majority,52314,52316,7.81,x,h,y,f,p,,y,7.34,13.79,,,y,,y,t,,,d,a,e,p,1.0,6
majority,43574,43576,8.38,x,y,n,t,e,,p,8.75,17.07,,y,w,,,t,p,,d,a,e,p,1.0,5
majority,42482,42484,7.99,f,i,n,f,e,c,n,5.03,13.34,,,w,,,t,l,,w,u,e,p,1.0,5
majority,46780,46782,3.09,f,h,n,f,,c,k,5.92,6.15,,s,w,,w,f,f,k,d,a,e,p,1.0,3
majority,5600,5600,9.08,f,,g,f,s,c,p,6.92,20.62,b,,u,,,f,f,,d,a,e,p,1.0,5
majority,52363,52365,8.24,x,t,y,f,p,,y,7.27,16.01,,,y,,y,t,,,d,u,e,p,1.0,6
majority,2587,2587,5.03,c,h,n,f,e,,w,12.03,11.86,,s,n,u,w,f,f,,d,u,e,p,1.0,3
majority,1262,1262,12.27,x,,n,t,,,w,12.05,19.35,b,,w,u,w,t,g,,d,a,e,p,1.0,5
majority,15055,15057,11.04,f,s,n,f,a,d,w,8.48,13.62,,i,n,,,t,,w,d,w,e,p,1.0,4
majority,26378,26380,10.1,s,s,u,f,x,,n,6.66,19.82,,,n,,,f,f,,d,w,e,p,1.0,6
majority,14816,14818,4.76,x,t,n,f,a,d,w,6.53,5.59,,k,n,,,f,f,,d,s,e,p,1.0,4
majority,60368,60514,6.42,o,,n,f,f,f,f,6.24,21.93,,,n,,,f,f,,d,s,e,p,1.0,6
majority,55280,55282,6.1,o,l,n,f,f,f,f,7.19,52.51,,,n,,,f,f,g,l,u,e,p,1.0,4
majority,20733,20735,4.04,x,h,e,f,a,c,e,4.24,6.45,,,o,,,f,f,,m,a,e,p,1.0,5
majority,1245,1245,10.23,x,,n,t,,,w,10.23,16.44,b,,w,u,w,t,g,,d,a,e,p,1.0,5
majority,11722,11723,1.24,f,g,n,t,a,,w,5.97,1.06,,,n,,,f,f,,d,u,e,p,1.0,6
majority,20537,20539,3.81,x,s,p,f,a,c,o,4.21,6.16,,,e,,,f,f,,g,w,e,p,1.0,5
majority,54976,54978,2.65,s,,n,f,f,f,f,5.77,6.94,,,o,,,f,f,,d,a,e,p,1.0,6
majority,26894,26896,12.06,s,,w,t,d,c,y,5.7,24.88,,,w,,,f,f,,d,u,e,p,1.0,6
majority,20498,20500,3.32,x,h,p,f,a,c,e,4.8,6.69,,,o,,,f,f,,m,w,e,p,1.0,5
majority,6714,6714,4.51,x,,w,f,a,,r,7.28,7.75,,,w,,,f,f,,l,a,e,p,1.0,7
majority,14528,14530,3.82,f,h,n,f,a,d,y,7.76,6.62,,k,n,,,f,f,,d,a,e,p,1.0,4
majority,49269,49271,8.24,x,d,e,t,p,,r,7.08,13.44,,,y,,,f,f,,d,a,e,p,1.0,6
majority,6460,6460,6.07,s,,n,f,d,c,w,4.68,8.16,,s,w,,,f,f,,h,a,e,p,1.0,5
majority,45283,45285,3.12,b,y,n,f,,c,n,6.52,3.17,,,w,,,f,f,,d,s,e,p,1.0,6
majority,36066,36068,6.07,x,h,n,f,x,c,n,5.05,6.89,,y,n,,,t,r,,d,a,e,p,1.0,4
majority,42270,42272,3.59,x,s,w,f,e,c,k,3.78,11.5,,,w,,w,t,e,,g,u,e,p,1.0,4
majority,10532,10533,4.34,f,g,g,f,a,d,g,5.31,3.48,,s,g,,,f,f,,d,a,e,p,1.0,4
majority,14580,14582,3.98,f,h,n,f,a,d,w,6.35,5.55,,s,n,,,f,f,,d,a,e,p,1.0,4
majority,22441,22443,7.84,x,t,y,t,x,c,y,7.17,16.04,,,w,,,f,f,,d,u,e,p,1.0,5
majority,11415,11416,1.44,c,g,n,f,a,,w,4.56,1.07,,,g,,,f,f,,d,a,e,p,1.0,6
majority,4675,4675,2.85,x,,b,f,,d,w,5.95,4.12,,,w,,,f,f,,d,w,e,p,1.0,7
majority,1263,1263,12.45,x,,n,t,,,w,11.33,16.75,b,,w,u,w,t,g,,d,u,e,p,1.0,5
majority,46464,46466,5.37,f,,w,f,x,c,n,6.6,3.74,,,w,,,f,f,,d,a,e,p,1.0,6
majority,52223,52225,7.65,x,,n,t,p,,g,11.37,27.16,,y,w,,,f,f,,d,u,e,p,1.0,6
majority,11793,11794,0.84,x,g,n,t,a,,w,4.92,0.86,,,n,,,f,f,,h,a,e,p,1.0,6
majority,31200,31202,12.93,x,s,n,f,e,c,p,8.03,11.24,,i,n,,,f,f,p,d,a,e,p,1.0,3
majority,17794,17796,8.58,p,,g,f,a,,w,7.42,15.61,,,g,,,f,f,,g,a,e,p,1.0,7
majority,50601,50603,3.56,x,k,n,f,p,,n,4.05,9.79,,,y,,,f,f,,d,a,e,p,1.0,6
majority,45829,45831,1.19,b,g,w,f,,,g,3.19,1.54,,,w,,,f,f,,d,w,e,p,1.0,7
majority,1981,1981,7.58,x,,y,f,e,,w,6.19,12.97,b,,w,u,y,t,g,,d,u,e,p,1.0,4
majority,57113,57143,10.9,f,e,b,f,,c,b,5.06,19.2,,,w,,,t,f,,d,a,e,p,1.0,6
majority,48633,48635,20.56,p,t,n,f,p,,w,15.41,61.75,,,n,,,f,f,,d,a,e,p,1.0,6
majority,18837,18839,4.21,f,s,w,f,d,d,w,3.88,6.53,,,w,,,f,f,,m,a,e,p,1.0,5
majority,51824,51826,20.74,x,d,e,f,p,,w,18.67,38.37,s,y,w,,,f,f,,d,a,e,p,1.0,4
majority,42942,42944,16.22,f,s,w,t,e,,n,12.65,18.74,s,,w,,,t,l,,m,a,e,p,1.0,5
majority,18211,18213,7.66,f,s,n,f,s,c,w,6.07,9.6,b,i,w,,,f,f,,m,a,e,p,1.0,3
majority,29739,29741,3.59,f,d,g,t,d,c,p,4.51,5.47,,,g,,,f,f,,d,a,e,p,1.0,5
majority,54591,54593,5.94,f,w,y,f,f,f,f,5.65,13.21,,,y,,,f,f,,d,a,e,p,1.0,5
majority,16046,16048,5.69,b,h,k,f,s,d,w,4.5,8.98,,s,g,,,f,f,,d,a,e,p,1.0,4
majority,43012,43014,13.03,x,s,n,t,e,,g,8.13,16.85,s,,w,,,t,r,,m,a,e,p,1.0,5
majority,22488,22490,7.1,x,t,y,t,x,c,y,6.98,11.99,,,w,,,f,f,,d,u,e,p,1.0,5
majority,16119,16121,6.35,f,h,k,f,s,d,g,6.23,11.07,,s,g,,,f,f,,d,a,e,p,1.0,4
majority,1171,1171,11.37,f,,n,t,,,w,13.86,22.33,b,,w,u,w,t,g,,d,u,e,p,1.0,5
majority,51617,51619,20.97,x,d,n,f,p,,n,17.9,37.51,s,y,w,,,f,f,,d,u,e,p,1.0,4
majority,14174,14176,6.13,x,h,n,f,a,d,n,5.59,5.22,,t,g,,,t,l,,d,u,e,p,1.0,4
majority,21974,21976,3.44,x,,y,f,a,c,y,3.69,8.36,,,w,,,f,f,,d,u,e,p,1.0,6
majority,42060,42062,5.75,p,s,w,f,e,c,n,5.46,12.07,,,w,,w,t,e,,m,a,e,p,1.0,4
majority,30594,30596,8.28,s,t,p,t,d,c,o,5.08,16.71,,,w,,,f,f,,d,a,e,p,1.0,5
majority,58165,58311,51.23,o,y,y,f,p,,y,5.66,35.07,,k,k,,,f,f,,d,s,e,p,1.0,5
majority,2491,2491,6.38,x,h,n,f,e,,w,11.34,11.73,,s,n,u,w,f,f,,d,a,e,p,1.0,3
majority,29998,30000,3.89,s,d,u,t,d,c,p,5.17,5.97,,,g,,,f,f,,d,u,e,p,1.0,5
majority,5068,5068,8.66,s,,n,f,s,c,b,6.8,19.65,,,b,,,f,f,,l,a,e,p,1.0,6
majority,18066,18068,6.01,f,s,n,f,s,c,w,6.04,10.19,b,i,w,,,f,f,,m,u,e,p,1.0,3
majority,33818,33820,7.75,s,l,w,f,d,,p,3.45,8.34,,,w,,,f,f,,d,u,e,p,1.0,6
majority,21798,21800,7.69,x,,y,f,a,c,w,7.0,17.43,,,g,,,f,f,,d,u,e,p,1.0,6
majority,55366,55368,5.27,s,l,n,f,f,f,f,6.43,44.42,,,n,,,f,f,g,l,a,e,p,1.0,4
majority,55178,55180,4.58,s,l,n,f,f,f,f,7.75,59.97,,,n,,,f,f,g,l,u,e,p,1.0,4
majority,52897,52899,8.07,x,s,n,t,p,,n,7.45,17.64,,,n,,w,t,p,,d,u,e,p,1.0,5
majority,58368,58514,43.08,o,y,y,f,p,,y,5.35,18.92,,k,k,,,f,f,,d,u,e,p,1.0,5
majority,24147,24149,8.02,f,,p,f,x,c,w,6.75,18.65,,s,w,,,f,f,,d,u,e,p,1.0,5
majority,18070,18072,8.74,f,s,n,f,s,c,w,7.19,11.32,b,i,n,,,f,f,,d,u,e,p,1.0,3
majority,43841,43843,10.61,p,s,w,f,e,c,w,19.06,12.08,,s,w,,,t,e,,d,w,e,p,1.0,4
majority,52469,52471,8.1,x,t,y,f,p,,y,7.24,14.97,,,y,,y,t,,,d,u,e,p,1.0,6
majority,6663,6663,5.59,s,,n,f,d,c,w,4.99,7.97,,s,w,,,f,f,,d,a,e,p,1.0,5
majority,33657,33659,7.58,s,l,w,f,d,,p,3.58,9.41,,,w,,,f,f,,g,a,e,p,1.0,6
majority,29679,29681,3.31,s,d,g,t,d,c,p,4.63,5.92,,,n,,,f,f,,d,a,e,p,1.0,5
majority,27129,27131,11.58,s,,w,t,d,c,y,6.0,25.61,,,w,,,f,f,,d,a,e,p,1.0,6
majority,52002,52004,7.64,x,,n,t,p,,g,13.26,26.38,,y,w,,,f,f,,d,u,e,p,1.0,6
majority,26244,26246,11.13,f,s,r,f,x,,n,6.2,20.92,,,p,,,f,f,,d,w,e,p,1.0,6
majority,17674,17676,9.05,p,,n,f,a,,w,7.6,14.28,,,g,,,f,f,,g,u,e,p,1.0,7
majority,48386,48388,12.16,x,t,n,f,p,,y,10.61,56.33,,,n,,,f,f,,d,u,e,p,1.0,6
majority,10238,10239,3.99,f,g,n,f,a,d,g,6.45,3.75,,s,n,,,f,f,,d,w,e,p,1.0,4
majority,20474,20476,3.52,x,s,e,f,a,c,o,4.41,6.0,,,o,,,f,f,,g,a,e,p,1.0,5
majority,6455,6455,6.35,s,,n,f,d,c,w,4.64,8.57,,s,w,,,f,f,,h,u,e,p,1.0,5
majority,6931,6931,3.91,x,,l,f,a,,r,6.56,8.03,,,w,,,f,f,,l,u,e,p,1.0,7
majority,5605,5605,8.74,f,,g,f,s,c,g,8.78,20.95,b,,u,,,f,f,,g,w,e,p,1.0,5
majority,36082,36084,5.58,x,h,n,f,x,c,n,5.82,6.82,,y,n,,,t,r,,d,a,e,p,1.0,4
majority,17501,17503,8.64,x,s,w,f,s,c,w,6.06,27.86,,,w,,,f,f,,d,u,e,p,1.0,5
majority,25015,25017,9.27,x,s,k,f,a,c,w,5.62,15.48,,,w,,,f,f,,d,a,e,p,1.0,5
majority,4297,4297,2.39,f,y,n,f,a,d,p,6.08,3.47,,i,n,,,f,f,,l,u,e,p,1.0,4
majority,55264,55266,4.01,s,l,n,f,f,f,f,6.15,55.43,,,n,,,f,f,g,l,u,e,p,1.0,4
majority,14860,14862,12.64,x,s,y,f,a,d,w,9.31,16.33,,i,n,,,t,,w,d,u,e,p,1.0,4
majority,51928,51930,9.24,x,,n,t,p,,g,12.35,27.54,,y,w,,,f,f,,d,u,e,p,1.0,6
majority,16480,16482,5.01,f,y,g,f,s,,y,4.78,7.94,,,w,,,f,f,,d,a,e,p,1.0,6
majority,20529,20531,4.01,x,s,e,f,a,c,e,5.39,7.2,,,e,,,f,f,,g,u,e,p,1.0,5
majority,55864,55866,9.15,o,,n,f,,,w,3.85,21.47,,,n,,,f,f,,d,a,e,p,1.0,8
majority,58345,58491,58.11,o,y,y,f,p,,y,8.55,44.54,,k,k,,,f,f,,d,s,e,p,1.0,5
majority,50579,50581,3.93,x,k,n,f,p,,e,4.44,10.8,,,y,,,f,f,,d,a,e,p,1.0,6
majority,48923,48925,14.32,x,h,n,t,p,,y,8.49,22.18,,,n,,,f,f,,d,u,e,p,1.0,6
majority,60217,60363,5.25,c,,n,f,f,f,f,5.1,21.12,,,n,,,f,f,,l,s,e,p,1.0,6
majority,52832,52834,8.79,x,s,n,t,p,,y,7.93,17.96,,,n,,w,t,p,,d,a,e,p,1.0,5
majority,36245,36247,5.94,x,h,n,f,x,c,n,6.02,6.08,,y,n,,,t,r,,d,w,e,p,1.0,4
majority,26120,26122,11.36,s,s,n,f,x,,n,6.55,20.99,,,w,,,f,f,,d,a,e,p,1.0,6
majority,5062,5062,10.44,s,,l,f,s,c,b,7.1,21.16,,,b,,,f,f,,d,w,e,p,1.0,6
majority,55892,55894,8.16,o,,n,f,,,w,5.24,18.62,,,n,,,f,f,,d,u,e,p,1.0,8
majority,51785,51787,16.5,x,d,o,f,p,,w,13.62,31.68,s,y,w,,,f,f,,d,a,e,p,1.0,4
majority,58388,58534,52.31,o,y,y,f,p,,y,8.11,41.11,,k,n,,,f,f,,d,u,e,p,1.0,5
majority,1870,1870,5.97,x,,w,f,e,,w,5.92,12.76,b,,y,u,w,t,g,,d,a,e,p,1.0,4
majority,46936,46938,3.55,x,h,n,f,,c,n,4.99,6.29,,s,w,,w,f,f,k,d,u,e,p,1.0,3
majority,36145,36147,5.71,x,h,n,f,x,c,n,4.52,6.11,,s,n,,,t,r,,d,u,e,p,1.0,4
majority,1195,1195,8.58,f,,n,t,,,w,10.1,15.44,b,,w,u,w,t,g,,d,u,e,p,1.0,5
majority,54983,54985,3.17,s,,y,f,f,f,f,6.43,7.0,,,o,,,f,f,,d,a,e,p,1.0,6
majority,42269,42271,7.24,f,s,w,f,e,c,k,5.86,12.9,,,w,,w,t,e,,m,a,e,p,1.0,4
majority,42694,42696,6.23,x,y,n,f,e,c,n,5.23,12.03,,,w,,,t,r,,w,u,e,p,1.0,5
majority,52736,52738,9.6,x,t,n,t,p,,n,8.33,17.67,,,n,,w,t,p,,d,u,e,p,1.0,5
majority,5334,5334,9.76,f,,n,f,s,c,g,7.52,19.89,b,,u,,,f,f,,d,a,e,p,1.0,5
majority,14752,14754,5.0,f,h,o,f,a,d,w,5.64,4.15,,k,o,,,f,f,,d,s,e,p,1.0,4
majority,21573,21575,8.36,f,,y,f,a,c,w,5.58,14.76,,,g,,,f,f,,d,a,e,p,1.0,6
majority,51294,51296,4.41,x,s,n,f,p,,n,4.22,11.48,,,n,,,f,f,,d,a,e,p,1.0,6
majority,53280,53282,6.95,x,t,n,f,p,d,y,5.63,11.89,,s,n,,,f,f,,d,a,e,p,1.0,4
majority,53067,53069,7.03,x,t,n,f,p,d,y,5.62,12.69,,s,n,,,f,f,,d,u,e,p,1.0,4
majority,31521,31523,6.58,x,y,n,f,e,c,p,5.76,11.08,,y,n,,,f,f,,d,u,e,p,1.0,4
majority,15935,15937,5.62,b,h,k,f,s,d,w,5.07,9.59,,s,g,,,f,f,,d,a,e,p,1.0,4
majority,26339,26341,12.84,f,s,y,f,x,,n,8.25,26.65,,,n,,,f,f,,d,w,e,p,1.0,6
majority,46782,46784,2.87,x,h,n,f,,c,n,5.17,6.26,,s,w,,w,f,f,k,d,a,e,p,1.0,3
majority,26968,26970,9.65,s,,w,t,d,c,p,5.95,23.22,,,w,,,f,f,,d,a,e,p,1.0,6
majority,46025,46027,1.48,x,w,g,f,,d,g,4.56,2.44,,,w,,,f,f,,d,a,e,p,1.0,6
majority,53104,53106,9.18,x,t,n,f,p,d,y,8.1,13.86,,s,n,,,f,f,,g,a,e,p,1.0,4
majority,49411,49413,9.08,x,d,e,t,p,,r,5.81,13.04,,,e,,,f,f,,d,u,e,p,1.0,6
majority,11443,11444,1.56,c,g,n,f,a,,w,4.83,1.39,,,g,,,f,f,,d,a,e,p,1.0,6
majority,46833,46835,3.0,f,h,n,f,,c,n,5.32,6.35,,s,w,,w,f,f,k,d,u,e,p,1.0,3
majority,54577,54579,5.91,f,w,y,f,f,f,f,5.53,14.7,,,y,,,f,f,,d,u,e,p,1.0,5
majority,56944,56974,12.75,f,e,b,f,,c,b,5.0,21.17,,,w,,,t,f,,d,a,e,p,1.0,6
majority,55193,55195,4.96,o,l,n,f,f,f,f,5.22,34.22,,,n,,,f,f,g,d,u,e,p,1.0,4
majority,14138,14140,6.59,x,t,n,f,a,d,n,5.99,4.9,,t,w,,,t,l,,d,a,e,p,1.0,4
majority,24793,24795,8.56,f,s,k,f,a,c,w,4.55,15.2,,,w,,,f,f,,d,a,e,p,1.0,5
majority,5010,5010,12.11,f,,l,f,s,c,u,8.6,21.79,,,b,,,f,f,,d,a,e,p,1.0,6
majority,33646,33648,7.82,s,l,w,f,d,,p,3.41,8.94,,,w,,,f,f,,d,a,e,p,1.0,6
majority,20434,20436,6.86,f,d,o,f,d,d,o,5.94,12.68,,,w,,,f,f,,m,w,e,p,1.0,5
majority,12591,12592,1.93,x,g,y,f,a,,w,6.5,2.57,,t,y,,,f,f,,d,u,e,p,1.0,5
majority,4965,4965,11.06,f,,g,f,s,c,b,7.57,19.55,,,u,,,f,f,,l,a,e,p,1.0,6
majority,42016,42018,5.96,f,y,w,f,e,c,p,4.43,12.48,,,w,,w,t,e,,m,u,e,p,1.0,4
majority,51622,51624,19.96,x,d,n,f,p,,n,14.4,34.64,s,y,w,,,f,f,,d,a,e,p,1.0,4
majority,36251,36253,6.51,x,h,n,f,x,c,w,6.33,5.36,,s,n,,,t,r,,d,s,e,p,1.0,4
majority,46761,46763,2.57,x,h,n,f,,c,n,5.68,6.12,,s,w,,w,f,f,k,d,u,e,p,1.0,3
majority,15168,15170,11.87,x,s,y,f,d,d,w,8.37,13.99,,i,n,,,t,,w,d,w,e,p,1.0,4
majority,44077,44079,8.92,f,s,w,f,e,c,p,20.95,12.94,,s,w,,,t,e,,g,a,e,p,1.0,4
majority,20175,20177,5.8,x,s,o,f,d,d,o,6.09,11.45,,,w,,,f,f,,m,w,e,p,1.0,5
majority,29786,29788,3.49,s,d,p,t,d,c,p,4.53,5.99,,,n,,,f,f,,d,u,e,p,1.0,5
majority,46396,46398,4.86,x,,n,f,x,c,w,6.91,4.41,,,w,,,f,f,,d,u,e,p,1.0,6
majority,33676,33678,9.09,s,l,w,f,d,,w,3.4,9.11,,,w,,,f,f,,d,a,e,p,1.0,6
majority,45815,45817,1.05,p,g,g,f,,,g,3.67,1.79,,,w,,,f,f,,d,u,e,p,1.0,7
majority,4661,4661,3.25,x,,b,f,,d,u,6.64,4.41,,,w,,,f,f,,d,w,e,p,1.0,7
majority,51245,51247,4.37,x,s,n,f,p,,n,4.73,10.29,,,n,,,f,f,,d,a,e,p,1.0,6
majority,12604,12605,1.62,x,g,n,f,a,,w,6.76,2.56,,t,y,,,f,f,,g,u,e,p,1.0,5
majority,15185,15187,10.67,x,y,y,f,,,w,6.55,24.3,b,,n,,w,t,e,,d,w,e,p,1.0,5
majority,54684,54686,5.2,f,w,y,f,f,f,f,6.09,16.94,,,y,,,f,f,,d,u,e,p,1.0,5
majority,21674,21676,5.14,s,,y,f,a,c,w,5.43,13.02,,,w,,,f,f,,d,w,e,p,1.0,6
majority,56906,56936,9.19,f,e,b,f,,c,b,4.66,17.33,,,w,,,t,f,,d,a,e,p,1.0,6
majority,46361,46363,4.3,f,,y,f,x,c,w,6.43,3.91,,,w,,,f,f,,d,a,e,p,1.0,6
majority,52779,52781,10.18,x,s,n,t,p,,n,8.2,18.69,,,n,,w,t,p,,d,a,e,p,1.0,5
majority,42993,42995,11.22,x,s,w,t,e,,n,8.92,16.63,s,,w,,,t,r,,m,u,e,p,1.0,5
majority,17673,17675,8.08,p,,n,f,a,,w,6.38,12.36,,,w,,,f,f,,g,u,e,p,1.0,7
majority,6377,6377,5.75,s,,n,f,d,c,w,4.75,7.53,,s,w,,,f,f,,d,u,e,p,1.0,5
majority,30419,30421,8.06,s,t,o,t,d,c,o,6.08,18.71,,,w,,,f,f,,d,a,e,p,1.0,5
majority,21232,21234,3.66,x,t,n,f,d,,o,6.06,8.3,,t,w,,,f,f,,d,a,e,p,1.0,5
majority,27091,27093,11.64,s,,w,t,d,c,p,7.0,26.54,,,w,,,f,f,,d,u,e,p,1.0,6
majority,52328,52330,5.87,x,h,y,f,p,,y,6.71,13.81,,,y,,y,t,,,d,a,e,p,1.0,6
majority,60545,60691,5.2,o,,n,f,f,f,f,4.77,19.23,,,n,,,f,f,,d,s,e,p,1.0,6
majority,26975,26977,13.23,s,,w,t,d,c,y,6.62,25.89,,,w,,,f,f,,d,a,e,p,1.0,6
majority,11832,11833,1.01,c,g,e,t,a,,w,6.13,1.0,,,n,,,f,f,,d,a,e,p,1.0,6
majority,52702,52704,8.76,x,t,n,t,p,,y,7.01,16.45,,,n,,w,t,p,,d,a,e,p,1.0,5
majority,51253,51255,4.11,x,t,n,f,p,,n,6.02,11.25,,,n,,,f,f,,d,u,e,p,1.0,6
majority,2484,2484,6.94,c,t,n,f,e,,w,13.06,13.02,,s,w,u,w,f,f,,d,a,e,p,1.0,3
majority,29771,29773,4.16,s,d,p,t,d,c,p,5.31,6.86,,,n,,,f,f,,d,u,e,p,1.0,5
majority,36187,36189,5.45,x,h,n,f,x,c,n,5.53,5.95,,s,n,,,t,r,,d,w,e,p,1.0,4
majority,1330,1330,9.5,x,,n,t,,,w,10.49,16.84,b,,w,u,w,t,g,,d,a,e,p,1.0,5
majority,55878,55880,8.62,o,,n,f,,,w,4.32,24.59,,,n,,,f,f,,d,u,e,p,1.0,8
majority,35071,35073,5.06,x,,w,f,x,c,n,8.22,10.59,b,,w,,w,t,,,d,u,e,p,1.0,5
majority,21336,21338,4.3,x,t,n,f,d,,o,6.16,6.82,,t,w,,,f,f,,d,a,e,p,1.0,5
majority,6536,6536,7.26,s,,n,f,d,c,w,5.75,7.98,,s,w,,,f,f,,h,a,e,p,1.0,5
majority,14732,14734,4.91,f,h,o,f,a,d,y,6.28,5.83,,k,n,,,f,f,,d,w,e,p,1.0,4
majority,3370,3370,14.41,x,e,n,t,e,,w,9.39,16.08,,,w,,,t,,,g,a,e,p,1.0,7
majority,43507,43509,9.43,p,y,n,t,e,,p,8.97,16.49,,y,w,,,t,l,,l,a,e,p,1.0,5
majority,53198,53200,9.58,x,t,n,f,p,d,y,7.96,13.24,,s,n,,,f,f,,g,a,e,p,1.0,4
majority,4245,4245,3.71,s,y,n,f,a,d,p,6.8,4.18,,i,n,,,f,f,,l,u,e,p,1.0,4
majority,21607,21609,7.69,f,,y,f,a,c,w,6.5,17.05,,,w,,,f,f,,d,w,e,p,1.0,6
majority,45362,45364,2.74,b,y,n,f,,c,k,5.42,2.73,,,w,,,f,f,,d,a,e,p,1.0,6
majority,20464,20466,5.75,s,s,o,f,d,d,b,6.58,13.49,,,w,,,f,f,,m,a,e,p,1.0,5
majority,21199,21201,3.69,x,t,n,f,d,,o,5.75,7.73,,t,w,,,f,f,,d,w,e,p,1.0,5
majority,1972,1972,5.26,x,,y,f,e,,w,5.93,11.64,b,,w,u,y,t,g,,d,u,e,p,1.0,4
majority,17354,17356,8.3,x,d,w,f,s,c,w,6.65,31.72,,,w,,,f,f,,d,u,e,p,1.0,5
majority,56073,56075,8.65,o,,n,f,,,w,5.26,24.05,,,n,,,f,f,,d,a,e,p,1.0,8
majority,11710,11711,0.89,x,g,n,t,a,,w,4.87,0.92,,,n,,,f,f,,h,a,e,p,1.0,6
majority,30699,30701,10.19,s,t,p,t,d,c,o,5.75,17.88,,,w,,,f,f,,d,a,e,p,1.0,5
majority,17980,17982,7.05,x,,n,f,a,,w,6.16,11.94,,,w,,,f,f,,g,u,e,p,1.0,7
majority,58144,58290,46.12,o,y,y,f,p,,y,5.82,30.93,,k,n,,,f,f,,d,u,e,p,1.0,5
majority,45565,45567,0.57,b,g,g,f,,,g,2.34,1.24,,,w,,,f,f,,d,u,e,p,1.0,7
majority,3294,3294,14.13,x,e,n,t,e,,w,9.37,16.35,,,w,,,t,,,g,a,e,p,1.0,7
majority,4485,4485,1.67,s,y,n,f,a,d,p,4.94,2.74,,i,n,,,f,f,,h,u,e,p,1.0,4
majority,18232,18234,5.2,f,s,n,f,s,c,w,5.66,10.03,b,i,n,,,f,f,,d,u,e,p,1.0,3
majority,26467,26469,11.13,f,s,r,f,x,,n,7.23,22.13,,,w,,,f,f,,d,a,e,p,1.0,6
majority,8767,8767,6.76,f,s,n,f,x,c,w,8.33,10.91,,s,n,,,f,f,,l,a,e,p,1.0,4
majority,26413,26415,12.41,s,s,u,f,x,,n,6.87,24.17,,,n,,,f,f,,d,a,e,p,1.0,6
majority,33561,33563,7.31,x,l,w,f,d,,p,3.59,8.68,,,w,,,f,f,,d,a,e,p,1.0,6
majority,31713,31715,6.71,x,y,n,f,e,c,w,5.37,9.76,,y,n,,,f,f,,d,u,e,p,1.0,4
majority,2618,2618,6.85,x,h,n,f,e,,w,12.65,12.25,,s,n,u,w,f,f,,d,a,e,p,1.0,3
majority,26472,26474,9.54,s,s,r,f,x,,n,6.17,23.27,,,n,,,f,f,,d,u,e,p,1.0,6
majority,17308,17310,10.25,x,s,w,f,s,c,w,7.67,33.87,,,w,,,f,f,,m,u,e,p,1.0,5
majority,52220,52222,7.96,x,,g,t,p,,g,13.4,26.67,,y,w,,,f,f,,d,a,e,p,1.0,6
majority,18236,18238,6.81,f,s,n,f,s,c,w,5.83,10.22,b,i,n,,,f,f,,l,a,e,p,1.0,3
majority,27075,27077,10.64,s,,w,t,d,c,w,5.82,24.66,,,w,,,f,f,,d,a,e,p,1.0,6
majority,33583,33585,7.15,x,l,w,f,d,,p,3.59,8.87,,,w,,,f,f,,d,a,e,p,1.0,6
majority,48700,48702,29.82,x,t,n,f,p,,y,19.02,83.84,,,n,,,f,f,,d,a,e,p,1.0,6
majority,45753,45755,0.91,p,g,g,f,,,g,2.9,1.37,,,w,,,f,f,,d,s,e,p,1.0,7
majority,46626,46628,3.88,x,h,n,f,,c,k,6.44,6.38,,s,w,,w,f,f,k,d,u,e,p,1.0,3
majority,14538,14540,5.0,f,t,n,f,a,d,w,7.14,6.12,,s,n,,,f,f,,d,s,e,p,1.0,4
majority,6634,6634,6.6,s,,n,f,d,c,w,5.31,8.41,,s,w,,,f,f,,l,u,e,p,1.0,5
majority,55251,55253,3.14,o,l,n,f,f,f,f,4.96,26.78,,,n,,,f,f,g,d,w,e,p,1.0,4
majority,15930,15932,6.68,f,h,k,f,s,d,w,5.68,10.68,,s,g,,,f,f,,d,a,e,p,1.0,4
majority,26126,26128,10.64,f,s,y,f,x,,n,8.19,21.9,,,n,,,f,f,,d,u,e,p,1.0,6
majority,8743,8743,5.84,f,s,n,f,x,c,w,6.54,10.42,,s,n,,,f,f,,l,w,e,p,1.0,4
majority,22038,22040,3.04,x,,y,f,a,c,y,4.21,7.97,,,w,,,f,f,,d,a,e,p,1.0,6
majority,58109,58255,55.2,o,y,y,f,p,,y,6.02,27.73,,k,k,,,f,f,,d,s,e,p,1.0,5
majority,43918,43920,11.46,p,y,w,f,e,c,k,12.25,11.86,,s,w,,,t,e,,g,a,e,p,1.0,4
majority,5574,5574,8.58,s,,n,f,s,c,p,6.92,21.58,b,,u,,,f,f,,g,a,e,p,1.0,5
majority,31332,31334,9.82,x,s,n,f,e,c,p,8.08,10.09,,i,n,,,f,f,p,d,w,e,p,1.0,3
majority,30679,30681,10.84,s,t,w,t,d,c,o,6.85,18.21,,,w,,,f,f,,d,u,e,p,1.0,5
majority,1114,1114,9.62,f,,n,t,,,w,13.19,21.09,b,,w,u,w,t,g,,d,a,e,p,1.0,5
majority,9346,9346,3.46,b,g,w,f,x,d,w,4.35,2.89,,,y,,,f,f,,g,u,e,p,1.0,5
majority,55517,55519,11.39,f,,b,f,d,c,w,2.42,15.16,,,w,,,f,f,,d,a,e,p,1.0,6
majority,46783,46785,3.02,f,h,n,f,,c,n,5.17,5.61,,s,w,,w,f,f,k,d,u,e,p,1.0,3
majority,45228,45230,2.95,b,y,n,f,,c,n,7.31,3.28,,,w,,,f,f,,d,u,e,p,1.0,6
majority,55948,55950,10.01,s,,n,f,,,w,4.98,25.79,,,n,,,f,f,,d,u,e,p,1.0,8
majority,58196,58342,51.99,o,y,y,f,p,,y,5.32,27.18,,k,n,,,f,f,,d,u,e,p,1.0,5
majority,4823,4823,2.24,x,,u,f,,d,w,6.81,4.52,,,w,,,f,f,,d,w,e,p,1.0,7
majority,20687,20689,4.55,x,h,e,f,a,c,e,5.12,7.35,,,o,,,f,f,,g,u,e,p,1.0,5
majority,20243,20245,6.5,f,d,b,f,d,d,b,5.81,10.76,,,w,,,f,f,,m,a,e,p,1.0,5
majority,16096,16098,5.4,f,h,g,f,s,d,w,3.79,9.09,,s,g,,,f,f,,d,u,e,p,1.0,4
majority,5083,5083,10.6,s,,n,f,s,c,u,7.93,19.18,,,b,,,f,f,,l,a,e,p,1.0,6
majority,54977,54979,2.66,s,,y,f,f,f,f,5.62,7.22,,,o,,,f,f,,d,a,e,p,1.0,6
majority,48848,48850,11.33,x,h,n,t,p,,y,8.28,21.87,,,n,,,f,f,,d,a,e,p,1.0,6
majority,25316,25318,16.48,s,t,k,f,a,d,k,6.18,22.01,,,w,,,f,f,w,d,w,e,p,1.0,4
majority,11808,11809,0.73,c,g,e,t,a,,w,5.64,0.89,,,n,,,f,f,,d,a,e,p,1.0,6
majority,48760,48762,12.29,x,h,n,t,p,,y,8.27,22.73,,,n,,,f,f,,d,a,e,p,1.0,6
majority,14205,14207,6.18,x,h,n,f,a,d,n,6.24,5.26,,t,g,,,t,l,,d,a,e,p,1.0,4
majority,18137,18139,8.18,f,s,n,f,s,c,w,6.09,9.75,b,i,n,,,f,f,,g,a,e,p,1.0,3
majority,8599,8599,5.71,f,s,b,f,x,c,w,7.09,9.23,,s,n,,,f,f,,l,w,e,p,1.0,4
majority,25252,25254,16.13,f,s,w,f,a,d,y,9.4,24.71,,,w,,,f,f,w,d,a,e,p,1.0,4
majority,1211,1211,10.97,x,,n,t,,,w,10.77,16.01,b,,w,u,w,t,g,,d,u,e,p,1.0,5
majority,42388,42390,5.73,f,i,n,f,e,c,p,3.97,11.85,,,w,,,t,l,,w,u,e,p,1.0,5
majority,3392,3392,15.13,x,e,n,t,e,,w,9.45,16.45,,,w,,,t,,,d,a,e,p,1.0,7
majority,51648,51650,20.57,x,d,n,f,p,,w,16.41,36.13,s,y,w,,,f,f,,d,a,e,p,1.0,4
majority,55842,55844,7.98,o,,n,f,,,w,4.38,24.57,,,n,,,f,f,,d,a,e,p,1.0,8
majority,6420,6420,5.97,s,,n,f,d,c,w,4.25,6.93,,s,w,,,f,f,,d,a,e,p,1.0,5
majority,5081,5081,6.75,s,,g,f,s,c,u,5.94,18.19,,,u,,,f,f,,d,w,e,p,1.0,6
majority,33811,33813,8.46,x,l,w,f,d,,w,3.61,9.56,,,w,,,f,f,,g,a,e,p,1.0,6
majority,51377,51379,4.8,x,t,o,f,p,,n,6.71,11.8,,,n,,,f,f,,d,u,e,p,1.0,6
majority,43602,43604,10.58,x,y,n,t,e,,p,9.28,18.56,,y,w,,,t,p,,d,a,e,p,1.0,5
majority,6586,6586,6.72,s,,n,f,d,c,w,5.77,8.78,,s,w,,,f,f,,l,u,e,p,1.0,5
majority,52309,52311,8.35,x,h,y,f,p,,y,7.43,14.59,,,y,,y,t,,,d,u,e,p,1.0,6
majority,2083,2083,5.99,x,,y,f,e,,w,5.67,12.06,b,,y,u,y,t,g,,d,a,e,p,1.0,4
majority,18010,18012,5.68,f,s,n,f,s,c,w,5.94,10.17,b,i,w,,,f,f,,d,u,e,p,1.0,3
majority,48494,48496,17.98,p,t,n,f,p,,y,17.08,77.0,,,n,,,f,f,,d,a,e,p,1.0,6
majority,56880,56910,10.29,f,e,b,f,,c,b,4.62,16.77,,,w,,,t,f,,d,a,e,p,1.0,6
majority,46593,46595,5.21,f,,w,f,x,c,n,6.53,3.98,,,w,,,f,f,,d,u,e,p,1.0,6
majority,51767,51769,17.59,x,d,o,f,p,,w,14.76,34.25,s,y,w,,,f,f,,d,u,e,p,1.0,4
majority,21537,21539,6.84,f,,y,f,a,c,w,6.52,17.85,,,w,,,f,f,,d,a,e,p,1.0,6
majority,53269,53271,8.43,x,h,n,f,p,d,y,7.59,12.71,,s,n,,,f,f,,h,a,e,p,1.0,4
majority,45981,45983,1.31,x,w,n,f,,d,g,4.95,2.24,,,w,,,f,f,,g,s,e,p,1.0,6
majority,5695,5695,13.05,s,e,g,f,d,c,w,9.46,25.69,s,,w,,,f,f,,d,w,e,p,1.0,4
majority,16292,16294,5.35,x,y,g,f,s,,w,4.45,6.41,,,w,,,f,f,,d,u,e,p,1.0,6
majority,54445,54447,7.14,f,w,y,f,f,f,f,6.0,14.9,,,y,,,f,f,,d,a,e,p,1.0,5
majority,14328,14330,6.62,x,t,g,f,a,d,n,6.62,5.12,,t,w,,,t,l,,d,u,e,p,1.0,4
majority,49457,49459,8.69,x,d,n,t,p,,y,8.74,17.06,,,y,,,f,f,,d,a,e,p,1.0,6
majority,5862,5862,16.26,f,e,g,f,a,c,w,8.3,25.02,s,,w,,,f,f,,l,w,e,p,1.0,4
majority,54713,54715,3.64,s,,y,f,f,f,f,6.14,7.24,,,y,,,f,f,,d,a,e,p,1.0,6
majority,60362,60508,5.74,o,,g,f,f,f,f,5.25,18.21,,,n,,,f,f,,d,s,e,p,1.0,6
majority,4807,4807,2.66,x,,b,f,,d,u,4.62,4.19,,,w,,,f,f,,d,u,e,p,1.0,7
majority,15338,15340,9.94,f,y,n,f,,,w,6.59,24.89,b,,n,,w,t,e,,d,a,e,p,1.0,5
majority,55118,55120,6.91,o,l,n,f,f,f,f,7.96,58.57,,,n,,,f,f,g,d,w,e,p,1.0,4
majority,58400,58546,40.02,o,y,y,f,p,,y,4.62,24.48,,k,n,,,f,f,,d,u,e,p,1.0,5
majority,5738,5738,13.06,s,e,n,f,d,c,w,7.37,23.36,s,,w,,,f,f,,l,w,e,p,1.0,4
majority,4369,4369,2.04,s,y,n,f,d,d,p,5.04,3.09,,i,n,,,f,f,,h,a,e,p,1.0,4
majority,48927,48929,11.71,x,h,n,t,p,,y,8.07,22.61,,,n,,,f,f,,d,a,e,p,1.0,6
majority,29965,29967,3.31,s,d,n,t,d,c,p,4.46,5.74,,,n,,,f,f,,d,a,e,p,1.0,5
majority,43849,43851,10.57,f,s,w,f,e,c,p,18.4,13.23,,s,w,,,t,e,,u,w,e,p,1.0,4
majority,24332,24334,6.65,x,,e,f,x,c,w,7.5,18.6,,s,w,,,f,f,,d,u,e,p,1.0,5
majority,5258,5258,10.96,f,,l,f,s,c,b,7.23,19.15,,,b,,,f,f,,l,a,e,p,1.0,6
majority,56844,56874,8.22,f,e,b,f,,c,b,5.51,21.73,,,w,,,t,f,,d,a,e,p,1.0,6
majority,35165,35167,4.23,x,,w,f,x,c,n,7.79,8.25,b,,n,,w,t,,,d,a,e,p,1.0,5
majority,49173,49175,7.54,x,d,n,t,p,,r,6.24,12.65,,,e,,,f,f,,d,u,e,p,1.0,6
majority,16341,16343,6.12,x,y,g,f,s,,w,4.97,8.79,,,w,,,f,f,,d,a,e,p,1.0,6
majority,31076,31078,8.55,x,s,n,f,e,c,p,6.64,9.44,,i,w,,,f,f,p,d,w,e,p,1.0,3
majority,45398,45400,2.47,b,y,n,f,,c,k,6.61,3.03,,,w,,,f,f,,d,s,e,p,1.0,6
majority,18893,18895,2.74,x,s,w,f,d,d,w,2.87,5.31,,,w,,,f,f,,g,a,e,p,1.0,5
majority,2778,2778,7.27,x,h,n,f,e,,w,13.86,14.07,,s,w,u,w,f,f,,d,a,e,p,1.0,3
majority,11669,11670,1.1,x,g,e,t,a,,p,6.11,1.02,,,n,,,f,f,,h,u,e,p,1.0,6
majority,58371,58517,51.59,o,y,y,f,p,,y,4.05,26.41,,k,k,,,f,f,,d,u,e,p,1.0,5
majority,12524,12525,1.51,x,g,y,f,d,,w,5.68,1.74,,t,y,,,f,f,,d,a,e,p,1.0,5
majority,51987,51989,8.58,x,,g,t,p,,g,11.76,27.06,,y,w,,,f,f,,d,a,e,p,1.0,6
majority,8606,8606,6.63,f,s,b,f,x,c,w,7.35,10.46,,s,n,,,f,f,,l,w,e,p,1.0,4
majority,48501,48503,16.62,p,t,n,f,p,,y,12.63,62.06,,,n,,,f,f,,d,a,e,p,1.0,6
majority,16167,16169,6.4,f,h,g,f,s,d,g,5.58,10.58,,s,g,,,f,f,,d,a,e,p,1.0,4
majority,55570,55572,13.57,f,,w,f,d,c,y,2.61,16.93,,,w,,,f,f,,d,w,e,p,1.0,6
majority,16443,16445,5.46,x,y,g,f,s,,y,4.4,8.4,,,w,,,f,f,,d,a,e,p,1.0,6
majority,52533,52535,6.05,x,h,y,f,p,,y,6.81,14.67,,,y,,y,t,,,d,a,e,p,1.0,6
majority,60478,60624,5.64,p,,g,f,f,f,f,5.47,19.55,,,n,,,f,f,,l,s,e,p,1.0,6
majority,5188,5188,7.74,s,,l,f,s,c,b,6.75,19.07,,,b,,,f,f,,d,a,e,p,1.0,6
majority,48618,48620,17.81,p,t,n,f,p,,y,16.88,62.1,,,n,,,f,f,,d,u,e,p,1.0,6
majority,1776,1776,6.31,x,,w,f,e,,w,6.59,13.49,b,,w,u,w,t,g,,d,a,e,p,1.0,4
majority,60334,60480,4.28,p,,g,f,f,f,f,5.65,21.82,,,n,,,f,f,,l,s,e,p,1.0,6
majority,45395,45397,2.89,b,y,n,f,,c,k,7.1,3.33,,,w,,,f,f,,d,u,e,p,1.0,6
majority,18235,18237,7.05,f,s,n,f,s,c,w,6.51,11.52,b,i,n,,,f,f,,l,a,e,p,1.0,3
majority,11978,11979,1.13,x,g,e,t,a,,p,4.9,0.93,,,n,,,f,f,,d,a,e,p,1.0,6
majority,10420,10421,3.56,f,g,g,f,a,d,g,4.43,2.69,,s,n,,,f,f,,d,w,e,p,1.0,4
majority,49166,49168,6.41,x,d,y,t,p,,y,5.7,13.74,,,y,,,f,f,,d,a,e,p,1.0,6
majority,6500,6500,5.75,s,,n,f,d,c,w,5.08,7.8,,s,w,,,f,f,,l,u,e,p,1.0,5
majority,58141,58287,42.17,o,y,y,f,p,,y,5.18,32.99,,k,k,,,f,f,,d,s,e,p,1.0,5
majority,35231,35233,4.64,x,,n,f,x,c,n,7.72,8.76,b,,n,,w,t,,,d,s,e,p,1.0,5
majority,17678,17680,9.33,x,,g,f,a,,w,8.72,14.98,,,g,,,f,f,,g,u,e,p,1.0,7
majority,52706,52708,9.45,x,s,n,t,p,,y,8.09,17.25,,,n,,w,t,p,,d,u,e,p,1.0,5
majority,20278,20280,6.5,s,s,o,f,d,d,o,6.73,13.62,,,w,,,f,f,,g,w,e,p,1.0,5
majority,49719,49721,7.46,x,d,n,t,p,,y,8.64,16.26,,,y,,,f,f,,d,a,e,p,1.0,6
majority,42976,42978,10.91,x,s,w,t,e,,g,8.54,16.93,s,,w,,,t,r,,m,a,e,p,1.0,5
majority,6857,6857,5.06,x,,w,f,d,,r,4.92,6.94,,,r,,,f,f,,l,u,e,p,1.0,7
majority,55734,55736,10.69,f,,l,f,d,c,y,2.53,16.33,,,w,,,f,f,,d,w,e,p,1.0,6
majority,49510,49512,5.89,x,d,y,t,p,,y,6.79,15.31,,,y,,,f,f,,d,u,e,p,1.0,6
majority,20820,20822,4.06,x,h,o,f,a,c,e,5.24,7.21,,,e,,,f,f,,g,w,e,p,1.0,5
majority,4995,4995,11.6,s,,g,f,s,c,b,7.55,18.87,,,b,,,f,f,,l,a,e,p,1.0,6
majority,52592,52594,6.54,x,h,y,f,p,,y,8.16,15.46,,,y,,y,t,,,d,u,e,p,1.0,6
majority,17516,17518,9.09,f,d,w,f,s,c,w,7.96,35.32,,,w,,,f,f,,d,s,e,p,1.0,5
majority,55801,55803,6.27,s,,n,f,,,w,2.52,18.04,,,n,,,f,f,,d,a,e,p,1.0,8
majority,21597,21599,8.05,f,,y,f,a,c,w,5.11,14.98,,,w,,,f,f,,d,w,e,p,1.0,6
majority,15351,15353,5.12,x,y,n,f,,,w,5.94,21.32,b,,n,,w,t,e,,d,w,e,p,1.0,5
majority,49210,49212,7.63,x,d,e,t,p,,r,7.2,13.16,,,e,,,f,f,,d,u,e,p,1.0,6
majority,52191,52193,8.31,x,,n,t,p,,g,11.19,25.81,,y,w,,,f,f,,d,a,e,p,1.0,6
majority,60249,60395,3.73,c,,g,f,f,f,f,4.33,17.24,,,n,,,f,f,,l,s,e,p,1.0,6
majority,29907,29909,2.87,f,d,n,t,d,c,p,3.92,4.84,,,g,,,f,f,,d,a,e,p,1.0,5
majority,55204,55206,4.87,o,l,n,f,f,f,f,7.31,55.33,,,n,,,f,f,g,l,w,e,p,1.0,4
majority,14702,14704,3.71,x,h,o,f,a,d,w,4.67,5.02,,k,o,,,f,f,,d,a,e,p,1.0,4
majority,52483,52485,7.92,x,h,y,f,p,,y,6.84,14.34,,,y,,y,t,,,d,u,e,p,1.0,6
majority,2082,2082,8.05,x,,w,f,e,,w,6.58,14.41,b,,w,u,y,t,g,,d,a,e,p,1.0,4
majority,48691,48693,19.38,p,w,n,f,p,,y,18.14,72.64,,,n,,,f,f,,d,u,e,p,1.0,6
majority,5282,5282,10.71,s,,u,f,s,c,b,8.49,21.32,,,b,,,f,f,,d,w,e,p,1.0,6
majority,52176,52178,7.36,x,,n,t,p,,g,10.13,23.87,,y,w,,,f,f,,d,a,e,p,1.0,6
majority,21328,21330,3.71,x,t,n,f,d,,o,5.99,7.59,,t,w,,,f,f,,d,a,e,p,1.0,5
majority,14823,14825,5.43,f,h,o,f,a,d,w,10.37,6.9,,s,n,,,f,f,,d,s,e,p,1.0,4
majority,21825,21827,8.01,x,,y,f,a,c,w,6.28,16.48,,,g,,,f,f,,d,a,e,p,1.0,6
majority,24412,24414,9.76,x,e,l,f,x,c,w,7.24,16.86,,,w,,,f,f,,d,u,e,p,1.0,5
majority,20509,20511,3.39,x,d,o,f,a,c,o,4.86,6.86,,,e,,,f,f,,g,a,e,p,1.0,5
majority,6434,6434,6.26,s,,n,f,d,c,w,4.43,8.2,,s,w,,,f,f,,d,a,e,p,1.0,5
majority,17812,17814,8.39,x,,g,f,a,,w,7.88,13.18,,,g,,,f,f,,g,a,e,p,1.0,7
majority,1904,1904,5.03,x,,w,f,e,,w,5.62,12.24,b,,y,u,w,t,g,,d,a,e,p,1.0,4
majority,20710,20712,3.16,x,h,e,f,a,c,e,4.71,6.81,,,e,,,f,f,,m,u,e,p,1.0,5
majority,22418,22420,7.29,x,t,y,t,x,c,y,7.84,14.84,,,w,,,f,f,,d,u,e,p,1.0,5
majority,16824,16826,8.22,f,t,n,f,s,,n,10.84,13.95,,t,n,,,f,f,,d,a,e,p,1.0,5
majority,48915,48917,9.82,x,t,n,t,p,,y,8.29,21.61,,,n,,,f,f,,d,u,e,p,1.0,6
majority,51540,51542,17.89,p,d,o,f,p,,w,15.61,33.96,s,y,w,,,f,f,,d,a,e,p,1.0,4
majority,24803,24805,8.6,x,s,k,f,a,c,w,4.37,14.32,,,w,,,f,f,,d,u,e,p,1.0,5
majority,4564,4564,2.82,s,y,n,f,a,d,p,5.46,3.16,,i,n,,,f,f,,l,u,e,p,1.0,4
majority,16677,16679,8.6,f,s,o,f,s,,n,9.24,12.99,,i,n,,,f,f,,d,a,e,p,1.0,5
majority,16158,16160,6.57,b,h,k,f,s,d,g,5.05,10.68,,s,g,,,f,f,,d,u,e,p,1.0,4
majority,26884,26886,10.96,s,,w,t,d,c,p,5.96,23.75,,,w,,,f,f,,d,u,e,p,1.0,6
majority,33700,33702,7.19,x,l,w,f,d,,p,3.13,8.85,,,w,,,f,f,,d,u,e,p,1.0,6
majority,33813,33815,8.06,s,l,w,f,d,,w,3.48,8.83,,,w,,,f,f,,d,a,e,p,1.0,6
majority,24693,24695,10.27,x,e,l,f,x,c,w,8.04,23.74,,,w,,,f,f,,d,a,e,p,1.0,5
majority,45467,45469,3.32,b,y,n,f,,c,n,6.21,3.11,,,w,,,f,f,,d,u,e,p,1.0,6
majority,11439,11440,1.44,c,g,n,f,a,,g,5.13,1.47,,,g,,,f,f,,d,u,e,p,1.0,6
majority,21549,21551,7.02,f,,y,f,a,c,w,7.16,15.86,,,w,,,f,f,,d,u,e,p,1.0,6
majority,45491,45493,2.74,b,y,n,f,,c,k,5.66,2.63,,,w,,,f,f,,d,a,e,p,1.0,6
majority,49332,49334,6.4,x,d,e,t,p,,y,5.38,11.65,,,e,,,f,f,,d,u,e,p,1.0,6
majority,30599,30601,10.33,s,t,w,t,d,c,o,6.73,18.3,,,w,,,f,f,,d,u,e,p,1.0,5
majority,22493,22495,5.2,x,h,y,t,x,c,y,6.65,12.4,,,w,,,f,f,,d,u,e,p,1.0,5
majority,42894,42896,9.28,f,s,w,t,e,,g,7.19,17.07,s,,w,,,t,r,,m,u,e,p,1.0,5
majority,49612,49614,5.09,x,d,n,t,p,,y,4.71,12.91,,,y,,,f,f,,d,a,e,p,1.0,6
majority,54582,54584,6.5,f,w,y,f,f,f,f,6.39,16.58,,,y,,,f,f,,d,a,e,p,1.0,5
majority,22367,22369,8.34,x,t,y,t,x,c,y,8.82,16.61,,,w,,,f,f,,d,a,e,p,1.0,5
majority,31291,31293,9.34,x,s,n,f,e,c,p,6.12,9.77,,i,n,,,f,f,p,d,s,e,p,1.0,3
majority,6469,6469,6.91,s,,n,f,d,c,w,5.6,8.32,,s,w,,,f,f,,d,u,e,p,1.0,5
majority,50764,50766,3.22,x,k,n,f,p,,n,4.03,9.95,,,y,,,f,f,,d,a,e,p,1.0,6
majority,11675,11676,1.14,f,g,n,t,a,,p,6.39,1.23,,,n,,,f,f,,h,a,e,p,1.0,6
majority,45711,45713,0.91,b,g,w,f,,,g,2.44,1.1,,,w,,,f,f,,d,s,e,p,1.0,7
majority,49047,49049,10.69,x,t,n,t,p,,y,7.71,21.66,,,n,,,f,f,,d,a,e,p,1.0,6
majority,42481,42483,6.69,x,y,n,f,e,c,n,4.7,12.72,,,w,,,t,l,,w,a,e,p,1.0,5
majority,5885,5885,15.72,f,e,n,f,d,c,w,10.54,27.26,s,,w,,,f,f,,l,w,e,p,1.0,4
majority,36333,36335,6.32,x,h,n,f,x,c,w,5.31,6.36,,s,n,,,t,r,,d,u,e,p,1.0,4
majority,14346,14348,6.16,x,h,n,f,a,d,n,6.82,5.51,,t,w,,,t,l,,d,u,e,p,1.0,4
majority,49312,49314,6.71,x,d,e,t,p,,y,5.33,11.02,,,y,,,f,f,,d,u,e,p,1.0,6
majority,22100,22102,3.67,x,,y,f,a,c,y,3.46,7.92,,,w,,,f,f,,d,a,e,p,1.0,6
majority,52032,52034,6.21,x,,g,t,p,,g,11.48,24.16,,y,w,,,f,f,,d,u,e,p,1.0,6
majority,52447,52449,6.64,x,t,y,f,p,,y,7.54,14.1,,,y,,y,t,,,d,a,e,p,1.0,6
majority,52440,52442,7.37,x,h,y,f,p,,y,6.51,14.9,,,y,,y,t,,,d,a,e,p,1.0,6
majority,46587,46589,4.03,x,,y,f,x,c,u,6.13,3.82,,,w,,,f,f,,d,a,e,p,1.0,6
majority,52337,52339,7.47,x,h,y,f,p,,y,6.85,15.23,,,y,,y,t,,,d,a,e,p,1.0,6
majority,54973,54975,3.22,s,,y,f,f,f,f,6.9,8.16,,,y,,,f,f,,d,a,e,p,1.0,6
majority,8696,8696,6.02,x,s,b,f,x,c,w,6.83,9.76,,s,n,,,f,f,,l,a,e,p,1.0,4
majority,46116,46118,1.3,x,w,g,f,,d,k,4.24,2.33,,,w,,,f,f,,g,s,e,p,1.0,6
majority,12636,12637,1.43,x,s,y,f,a,,w,5.65,2.05,,t,y,,,f,f,,g,a,e,p,1.0,5
majority,3017,3017,19.14,p,y,n,f,,,w,25.28,19.12,s,,n,,,t,m,,m,u,e,p,1.0,6
majority,36272,36274,5.25,x,h,n,f,x,c,w,6.09,6.78,,s,n,,,t,r,,d,a,e,p,1.0,4
majority,21579,21581,9.21,s,,y,f,a,c,w,7.05,15.14,,,g,,,f,f,,d,a,e,p,1.0,6
majority,45244,45246,2.57,b,y,n,f,,c,k,6.34,3.16,,,w,,,f,f,,d,w,e,p,1.0,6
majority,42336,42338,6.76,f,y,w,f,e,c,k,4.15,11.96,,,w,,w,t,e,,m,u,e,p,1.0,4
majority,55990,55992,8.71,s,,n,f,,,w,3.84,22.9,,,n,,,f,f,,d,a,e,p,1.0,8
majority,52874,52876,8.84,x,t,n,t,p,,y,6.59,16.94,,,n,,w,t,p,,d,a,e,p,1.0,5
majority,16111,16113,5.65,f,h,k,f,s,d,w,5.24,9.72,,s,g,,,f,f,,d,a,e,p,1.0,4
majority,16101,16103,5.6,f,h,g,f,s,d,g,5.69,10.89,,s,g,,,f,f,,d,u,e,p,1.0,4
majority,49316,49318,7.25,x,d,n,t,p,,y,5.62,12.73,,,y,,,f,f,,d,u,e,p,1.0,6
majority,54443,54445,6.72,f,w,y,f,f,f,f,6.67,18.12,,,y,,,f,f,,d,u,e,p,1.0,5
majority,5361,5361,9.9,f,,n,f,s,c,p,7.89,19.57,b,,u,,,f,f,,g,a,e,p,1.0,5
majority,48653,48655,17.13,p,t,n,f,p,,y,14.33,62.02,,,n,,,f,f,,d,a,e,p,1.0,6
majority,24188,24190,7.52,x,,p,f,x,c,w,6.51,15.89,,s,w,,,f,f,,d,a,e,p,1.0,5
majority,21926,21928,5.57,x,,y,f,a,c,o,5.47,12.0,,,w,,,f,f,,d,u,e,p,1.0,6
majority,6791,6791,4.58,x,,w,f,d,,r,6.2,7.02,,,r,,,f,f,,l,u,e,p,1.0,7
majority,16714,16716,8.82,f,h,o,f,s,,n,9.64,13.62,,i,n,,,f,f,,d,a,e,p,1.0,5
majority,57071,57101,9.35,f,e,b,f,,c,b,4.26,14.91,,,w,,,t,f,,d,a,e,p,1.0,6
majority,50645,50647,3.13,x,k,n,f,p,,n,4.04,8.28,,,n,,,f,f,,d,a,e,p,1.0,6
majority,20508,20510,2.39,x,h,e,f,a,c,e,4.41,6.53,,,e,,,f,f,,m,a,e,p,1.0,5
majority,11991,11992,0.99,x,g,n,t,a,,w,5.65,1.11,,,n,,,f,f,,d,u,e,p,1.0,6
majority,55851,55853,7.61,o,,n,f,,,w,4.29,19.64,,,n,,,f,f,,d,u,e,p,1.0,8
majority,55975,55977,8.67,o,,n,f,,,w,3.94,20.43,,,n,,,f,f,,d,a,e,p,1.0,8
majority,16190,16192,4.85,f,h,g,f,s,d,g,5.26,10.17,,s,g,,,f,f,,d,u,e,p,1.0,4
majority,25030,25032,11.66,f,s,k,f,a,c,w,4.65,16.94,,,w,,,f,f,,d,a,e,p,1.0,5
majority,12629,12630,1.55,x,g,n,f,a,,w,5.58,1.53,,t,y,,,f,f,,d,u,e,p,1.0,5
majority,43651,43653,9.26,x,y,n,t,e,,p,8.49,16.36,,y,w,,,t,p,,d,a,e,p,1.0,5
majority,9420,9420,3.68,b,g,w,f,x,d,w,5.09,3.16,,,y,,,f,f,,g,a,e,p,1.0,5
majority,14378,14380,7.57,x,t,n,f,a,d,n,7.35,6.14,,t,g,,,t,l,,d,a,e,p,1.0,4
majority,58131,58277,44.62,o,y,y,f,p,,y,5.61,30.29,,k,n,,,f,f,,d,s,e,p,1.0,5
majority,1249,1249,11.53,x,,n,t,,,w,10.32,16.41,b,,w,u,w,t,g,,d,u,e,p,1.0,5
majority,14734,14736,4.54,f,h,o,f,a,d,w,6.66,4.54,,s,n,,,f,f,,d,s,e,p,1.0,4
majority,2765,2765,4.14,c,t,n,f,e,,w,12.0,11.34,,s,w,u,w,f,f,,d,a,e,p,1.0,3
majority,27136,27138,13.25,s,,w,t,d,c,w,6.92,26.62,,,w,,,f,f,,d,a,e,p,1.0,6
majority,50798,50800,2.98,x,d,n,f,p,,e,4.69,10.29,,,y,,,f,f,,d,a,e,p,1.0,6
majority,18283,18285,6.08,f,s,n,f,s,c,w,5.32,8.5,b,i,n,,,f,f,,l,u,e,p,1.0,3
majority,29697,29699,3.97,f,d,n,t,d,c,p,5.63,7.65,,,n,,,f,f,,d,a,e,p,1.0,5
majority,52668,52670,9.52,x,h,n,t,p,,n,8.05,16.79,,,n,,w,t,p,,d,u,e,p,1.0,5
majority,3065,3065,13.14,p,y,w,f,,,w,17.81,17.34,s,,n,,,t,m,,m,u,e,p,1.0,6
majority,24230,24232,7.03,x,,e,f,x,c,w,7.66,19.24,,s,w,,,f,f,,d,u,e,p,1.0,5
majority,55927,55929,10.19,s,,n,f,,,w,5.23,24.79,,,n,,,f,f,,d,a,e,p,1.0,8
majority,15075,15077,11.47,x,s,n,f,d,d,w,7.66,12.97,,i,n,,,t,,w,d,a,e,p,1.0,4
majority,16672,16674,5.9,f,t,n,f,s,,y,8.39,13.4,,i,o,,,f,f,,d,a,e,p,1.0,5
majority,19036,19038,3.88,x,s,w,f,d,d,w,3.78,6.43,,,w,,,f,f,,m,a,e,p,1.0,5
majority,1266,1266,9.82,f,,n,t,,,w,10.67,14.94,b,,w,u,w,t,g,,d,a,e,p,1.0,5
majority,22012,22014,4.58,x,,y,f,a,c,y,3.45,8.27,,,w,,,f,f,,d,a,e,p,1.0,6
majority,5649,5649,13.96,s,e,g,f,d,c,w,8.55,23.66,s,,w,,,f,f,,d,a,e,p,1.0,4
majority,16884,16886,8.42,f,h,o,f,s,,y,8.39,11.31,,i,n,,,f,f,,d,a,e,p,1.0,5
majority,8479,8479,5.16,f,s,b,f,x,c,w,6.44,9.47,,s,n,,,f,f,,l,a,e,p,1.0,4
majority,15109,15111,8.8,x,s,e,f,a,d,w,9.46,14.49,,i,n,,,t,,w,d,u,e,p,1.0,4
majority,53118,53120,6.1,x,t,n,f,p,d,y,6.56,12.37,,s,n,,,f,f,,h,a,e,p,1.0,4
majority,54459,54461,8.28,f,w,y,f,f,f,f,6.9,17.3,,,y,,,f,f,,d,u,e,p,1.0,5
majority,45350,45352,2.95,b,y,n,f,,c,n,5.89,3.09,,,w,,,f,f,,d,a,e,p,1.0,6
majority,58155,58301,53.48,o,y,y,f,p,,y,5.56,33.69,,k,k,,,f,f,,d,s,e,p,1.0,5
majority,2044,2044,7.86,x,,w,f,e,,w,5.99,11.89,b,,y,u,y,t,g,,d,a,e,p,1.0,4
majority,24422,24424,11.38,x,e,y,f,x,c,w,7.06,21.88,,,w,,,f,f,,d,u,e,p,1.0,5
majority,42289,42291,5.53,p,y,w,f,e,c,p,5.22,11.51,,,w,,w,t,e,,g,u,e,p,1.0,4
majority,10397,10398,3.04,b,g,g,f,a,d,g,4.82,3.1,,s,g,,,f,f,,d,s,e,p,1.0,4
majority,26260,26262,10.97,f,s,y,f,x,,n,8.04,21.58,,,w,,,f,f,,d,u,e,p,1.0,6
majority,15980,15982,6.38,f,h,g,f,s,d,g,5.17,10.29,,s,g,,,f,f,,d,a,e,p,1.0,4
majority,5906,5906,15.87,f,e,g,f,a,c,w,8.66,25.8,s,,w,,,f,f,,l,w,e,p,1.0,4
majority,18965,18967,4.4,x,s,w,f,d,d,w,3.65,6.92,,,w,,,f,f,,g,w,e,p,1.0,5
majority,54863,54865,4.01,s,,n,f,f,f,f,6.17,8.35,,,y,,,f,f,,d,a,e,p,1.0,6
majority,54936,54938,2.23,s,,n,f,f,f,f,6.46,6.82,,,y,,,f,f,,d,a,e,p,1.0,6
majority,20580,20582,3.75,x,s,o,f,a,c,o,4.58,6.77,,,e,,,f,f,,g,w,e,p,1.0,5
majority,2684,2684,6.57,c,t,n,f,e,,w,11.11,11.84,,s,w,u,w,f,f,,d,a,e,p,1.0,3
majority,42137,42139,5.7,x,s,w,f,e,c,k,4.71,11.66,,,w,,w,t,e,,g,u,e,p,1.0,4
majority,6959,6959,3.74,x,,l,f,d,,r,5.84,6.2,,,l,,,f,f,,d,u,e,p,1.0,7
majority,46448,46450,4.55,f,,w,f,x,c,u,6.36,3.63,,,w,,,f,f,,d,u,e,p,1.0,6
majority,22510,22512,6.93,x,t,y,t,x,c,y,8.2,16.46,,,w,,,f,f,,d,a,e,p,1.0,5
majority,1185,1185,10.75,f,,n,t,,,w,11.02,18.17,b,,w,u,w,t,g,,d,u,e,p,1.0,5
majority,21632,21634,6.87,x,,y,f,a,c,w,6.54,16.25,,,w,,,f,f,,d,a,e,p,1.0,6
majority,14915,14917,11.37,x,s,y,f,a,d,w,9.62,17.4,,i,n,,,t,,w,d,w,e,p,1.0,4
majority,52107,52109,6.84,x,,n,t,p,,g,10.33,21.12,,y,w,,,f,f,,d,u,e,p,1.0,6
majority,55289,55291,4.37,o,l,n,f,f,f,f,5.69,51.23,,,n,,,f,f,g,d,w,e,p,1.0,4
majority,48854,48856,12.91,x,t,n,t,p,,y,9.68,24.39,,,n,,,f,f,,d,u,e,p,1.0,6
majority,17457,17459,8.35,x,d,w,f,s,c,w,6.65,29.24,,,w,,,f,f,,m,u,e,p,1.0,5
majority,20611,20613,3.62,x,h,e,f,a,c,o,4.1,5.49,,,e,,,f,f,,g,a,e,p,1.0,5
majority,17726,17728,9.15,p,,n,f,a,,w,9.06,15.51,,,g,,,f,f,,d,a,e,p,1.0,7
majority,24787,24789,9.81,f,s,u,f,a,c,w,4.51,15.26,,,w,,,f,f,,d,u,e,p,1.0,5
majority,42663,42665,8.61,f,i,n,f,e,c,p,5.03,14.14,,,w,,,t,r,,w,a,e,p,1.0,5
majority,9251,9251,4.02,b,g,n,f,x,d,w,5.03,3.58,,,y,,,f,f,,g,a,e,p,1.0,5
majority,29784,29786,3.04,s,d,u,t,d,c,p,4.26,5.14,,,g,,,f,f,,d,u,e,p,1.0,5
majority,16403,16405,5.47,f,y,n,f,s,,y,4.68,8.46,,,w,,,f,f,,d,u,e,p,1.0,6
majority,22164,22166,4.63,x,,y,f,a,c,y,5.12,9.44,,,w,,,f,f,,d,u,e,p,1.0,6
majority,9188,9188,4.12,b,g,w,f,x,d,w,5.53,3.52,,,y,,,f,f,,g,a,e,p,1.0,5
majority,2610,2610,6.77,x,t,n,f,e,,w,13.32,13.01,,s,w,u,w,f,f,,d,a,e,p,1.0,3
majority,5039,5039,9.99,s,,n,f,s,c,b,7.69,19.34,,,u,,,f,f,,d,a,e,p,1.0,6
majority,31664,31666,6.69,x,y,n,f,e,c,p,5.27,10.85,,y,n,,,f,f,,d,u,e,p,1.0,4
majority,24030,24032,5.99,x,,p,f,x,c,w,6.16,16.94,,s,w,,,f,f,,d,a,e,p,1.0,5
majority,51856,51858,16.59,x,d,o,f,p,,w,15.44,35.21,s,y,w,,,f,f,,d,a,e,p,1.0,4
majority,29689,29691,3.3,f,d,u,t,d,c,p,4.72,5.8,,,g,,,f,f,,d,a,e,p,1.0,5
majority,52108,52110,8.35,x,,g,t,p,,g,12.43,25.04,,y,w,,,f,f,,d,a,e,p,1.0,6
majority,42161,42163,6.49,p,y,w,f,e,c,n,5.06,12.83,,,w,,w,t,e,,g,a,e,p,1.0,4
majority,30617,30619,10.64,s,t,w,t,d,c,o,5.88,17.74,,,w,,,f,f,,d,u,e,p,1.0,5
majority,45698,45700,0.68,p,g,g,f,,,g,2.93,1.32,,,w,,,f,f,,d,w,e,p,1.0,7
majority,55383,55385,3.39,o,l,n,f,f,f,f,7.71,53.21,,,n,,,f,f,g,l,u,e,p,1.0,4
majority,55893,55895,8.97,s,,n,f,,,w,4.44,23.13,,,n,,,f,f,,d,a,e,p,1.0,8
majority,12536,12537,1.53,x,t,y,f,a,,w,5.85,2.22,,t,y,,,f,f,,d,a,e,p,1.0,5
majority,51569,51571,14.85,x,d,e,f,p,,n,17.65,36.5,s,y,w,,,f,f,,d,u,e,p,1.0,4
majority,55661,55663,11.2,f,,b,f,d,c,w,2.38,14.51,,,w,,,f,f,,d,a,e,p,1.0,6
majority,4663,4663,2.77,x,,b,f,,d,u,7.37,4.82,,,w,,,f,f,,d,u,e,p,1.0,7
majority,24638,24640,11.16,x,e,y,f,x,c,w,7.74,26.54,,,w,,,f,f,,d,a,e,p,1.0,5
majority,49377,49379,7.09,x,d,e,t,p,,r,6.04,13.44,,,e,,,f,f,,d,u,e,p,1.0,6
majority,15968,15970,5.47,b,h,k,f,s,d,w,3.98,9.02,,s,g,,,f,f,,d,u,e,p,1.0,4
majority,51375,51377,4.09,x,s,n,f,p,,n,5.09,11.41,,,n,,,f,f,,d,u,e,p,1.0,6
majority,25154,25156,19.74,s,s,k,f,a,d,k,5.56,21.16,,,w,,,f,f,w,d,a,e,p,1.0,4
majority,48385,48387,18.88,p,t,n,f,p,,y,12.39,54.96,,,n,,,f,f,,d,u,e,p,1.0,6
majority,46036,46038,1.64,f,w,n,f,,d,g,5.54,2.65,,,w,,,f,f,,d,s,e,p,1.0,6
majority,20417,20419,4.32,x,d,b,f,d,d,b,5.45,12.53,,,w,,,f,f,,g,w,e,p,1.0,5
majority,17803,17805,8.62,x,,n,f,a,,w,8.48,16.91,,,g,,,f,f,,d,u,e,p,1.0,7
majority,36167,36169,6.75,x,h,n,f,x,c,n,6.53,6.67,,s,n,,,t,r,,d,w,e,p,1.0,4
majority,3410,3410,15.71,x,e,n,t,e,,w,9.78,17.75,,,w,,,t,,,g,a,e,p,1.0,7
majority,24538,24540,14.25,x,e,l,f,x,c,w,7.84,23.58,,,w,,,f,f,,d,u,e,p,1.0,5
majority,26994,26996,12.69,s,,w,t,d,c,y,6.95,25.72,,,w,,,f,f,,d,a,e,p,1.0,6
majority,54695,54697,6.32,s,w,y,f,f,f,f,5.53,14.33,,,y,,,f,f,,d,u,e,p,1.0,5
majority,15501,15503,7.15,f,y,e,f,,,w,6.37,22.73,b,,n,,w,t,e,,d,a,e,p,1.0,5
majority,54538,54540,4.4,x,w,y,f,f,f,f,3.77,9.56,,,y,,,f,f,,d,a,e,p,1.0,5
majority,21469,21471,3.9,f,t,n,f,d,,o,6.35,8.64,,t,o,,,f,f,,d,a,e,p,1.0,5
majority,16822,16824,6.9,f,s,o,f,s,,n,7.56,11.02,,t,n,,,f,f,,d,a,e,p,1.0,5
majority,46702,46704,3.67,x,h,n,f,,c,k,5.76,6.16,,s,w,,w,f,f,k,d,u,e,p,1.0,3
majority,1207,1207,10.44,x,,n,t,,,w,12.58,16.69,b,,w,u,w,t,g,,d,a,e,p,1.0,5
majority,11295,11296,1.38,c,g,n,f,a,,g,4.68,1.32,,,g,,,f,f,,l,u,e,p,1.0,6
majority,52449,52451,7.6,x,t,y,f,p,,y,6.31,12.67,,,y,,y,t,,,d,u,e,p,1.0,6
majority,26272,26274,11.76,x,s,n,f,x,,n,6.08,21.79,,,p,,,f,f,,d,a,e,p,1.0,6
majority,58384,58530,44.01,o,y,y,f,p,,y,5.0,30.7,,k,n,,,f,f,,d,u,e,p,1.0,5
majority,30644,30646,7.62,s,t,o,t,d,c,o,5.69,16.33,,,w,,,f,f,,d,u,e,p,1.0,5
majority,21830,21832,6.18,x,,y,f,a,c,w,6.17,16.12,,,w,,,f,f,,d,a,e,p,1.0,6
majority,30485,30487,10.12,s,t,p,t,d,c,o,6.3,17.0,,,w,,,f,f,,d,a,e,p,1.0,5
majority,11901,11902,1.03,x,g,n,t,a,,p,6.3,1.06,,,n,,,f,f,,d,a,e,p,1.0,6
majority,24774,24776,9.24,x,s,u,f,a,c,w,4.94,16.87,,,w,,,f,f,,d,u,e,p,1.0,5
majority,24881,24883,6.54,x,s,u,f,a,c,w,4.08,14.79,,,w,,,f,f,,d,u,e,p,1.0,5
majority,19002,19004,3.7,f,s,w,f,d,d,w,3.91,7.01,,,w,,,f,f,,g,a,e,p,1.0,5
majority,14573,14575,4.12,f,t,o,f,a,d,y,5.11,4.92,,k,o,,,f,f,,d,a,e,p,1.0,4
majority,9201,9201,3.64,b,g,n,f,x,d,w,4.33,3.22,,,y,,,f,f,,g,u,e,p,1.0,5
majority,42810,42812,12.2,x,s,w,t,e,,n,11.74,17.64,s,,w,,,t,l,,m,a,e,p,1.0,5
majority,30608,30610,10.38,s,t,w,t,d,c,o,6.36,17.43,,,w,,,f,f,,d,u,e,p,1.0,5
majority,18851,18853,2.88,x,s,w,f,d,d,w,2.24,4.92,,,w,,,f,f,,m,a,e,p,1.0,5
majority,57034,57064,11.09,f,e,b,f,,c,b,5.04,22.08,,,w,,,t,f,,d,a,e,p,1.0,6
majority,5161,5161,11.18,f,,g,f,s,c,b,6.92,18.21,,,u,,,f,f,,d,a,e,p,1.0,6
majority,45772,45774,0.88,p,g,g,f,,,g,2.6,1.46,,,w,,,f,f,,d,u,e,p,1.0,7
majority,46151,46153,1.41,x,w,g,f,,d,k,4.99,2.48,,,w,,,f,f,,d,u,e,p,1.0,6
majority,4801,4801,3.07,x,,b,f,,d,u,6.4,4.29,,,w,,,f,f,,d,a,e,p,1.0,7
majority,46552,46554,4.35,x,,w,f,x,c,n,6.66,4.16,,,w,,,f,f,,d,u,e,p,1.0,6
majority,17705,17707,7.82,p,,n,f,a,,w,7.05,14.34,,,w,,,f,f,,d,a,e,p,1.0,7
majority,5525,5525,10.88,s,,n,f,s,c,p,8.3,22.16,b,,u,,,f,f,,g,w,e,p,1.0,5
majority,25147,25149,14.36,x,t,n,f,a,d,y,5.45,17.59,,,w,,,f,f,w,d,u,e,p,1.0,4
majority,53141,53143,8.18,x,h,n,f,p,d,y,7.3,11.95,,s,n,,,f,f,,h,u,e,p,1.0,4
majority,21836,21838,8.21,s,,y,f,a,c,w,6.38,14.03,,,g,,,f,f,,d,u,e,p,1.0,6
majority,25268,25270,16.51,x,s,n,f,a,d,y,6.84,19.16,,,w,,,f,f,w,d,u,e,p,1.0,4
majority,60275,60421,4.13,o,,n,f,f,f,f,4.04,18.29,,,n,,,f,f,,l,s,e,p,1.0,6
majority,5798,5798,12.79,x,e,n,f,a,c,w,8.07,27.47,s,,w,,,f,f,,d,a,e,p,1.0,4
majority,56892,56922,8.99,f,e,b,f,,c,b,5.06,20.29,,,w,,,t,f,,d,a,e,p,1.0,6
majority,5167,5167,10.99,s,,n,f,s,c,u,7.67,19.53,,,b,,,f,f,,l,w,e,p,1.0,6
majority,21489,21491,3.99,f,t,n,f,d,,o,6.19,8.04,,t,o,,,f,f,,d,w,e,p,1.0,5
majority,15225,15227,9.9,f,y,y,f,,,w,6.0,25.24,b,,n,,w,t,e,,d,a,e,p,1.0,5
majority,1225,1225,11.38,x,,n,t,,,w,10.8,18.9,b,,w,u,w,t,g,,d,u,e,p,1.0,5
majority,52468,52470,5.87,x,t,y,f,p,,y,7.28,14.03,,,y,,y,t,,,d,a,e,p,1.0,6
majority,3132,3132,19.37,p,y,n,f,,,w,19.32,19.79,s,,n,,,t,m,,m,a,e,p,1.0,6
majority,55332,55334,4.5,o,l,n,f,f,f,f,6.95,53.56,,,n,,,f,f,g,l,u,e,p,1.0,4
majority,15295,15297,11.17,f,y,n,f,,,w,6.45,25.21,b,,n,,w,t,e,,d,w,e,p,1.0,5
majority,53244,53246,8.04,x,h,n,f,p,d,y,5.47,10.49,,s,n,,,f,f,,d,a,e,p,1.0,4
majority,2534,2534,6.62,x,t,n,f,e,,w,13.31,14.13,,s,n,u,w,f,f,,d,a,e,p,1.0,3
majority,22281,22283,6.65,x,t,y,t,x,c,y,8.91,15.73,,,w,,,f,f,,d,a,e,p,1.0,5
majority,55376,55378,3.83,o,l,n,f,f,f,f,6.95,43.63,,,n,,,f,f,g,d,u,e,p,1.0,4
majority,55931,55933,8.2,o,,n,f,,,w,5.78,25.57,,,n,,,f,f,,d,a,e,p,1.0,8
majority,52490,52492,8.61,x,t,y,f,p,,y,5.37,13.43,,,y,,y,t,,,d,a,e,p,1.0,6
majority,52453,52455,6.12,x,h,y,f,p,,y,6.09,14.13,,,y,,y,t,,,d,a,e,p,1.0,6
majority,44056,44058,8.78,f,y,w,f,e,c,p,19.07,12.83,,s,w,,,t,e,,g,s,e,p,1.0,4
majority,46890,46892,3.14,f,h,n,f,,c,n,5.96,6.15,,s,w,,w,f,f,k,d,u,e,p,1.0,3
majority,55989,55991,6.63,s,,n,f,,,w,2.88,20.01,,,n,,,f,f,,d,u,e,p,1.0,8
majority,45408,45410,3.33,b,y,n,f,,c,k,6.19,2.71,,,w,,,f,f,,d,w,e,p,1.0,6
majority,43993,43995,7.93,f,y,w,f,e,c,k,18.78,12.52,,s,w,,,t,e,,d,w,e,p,1.0,4
majority,49403,49405,7.86,x,d,n,t,p,,y,6.84,12.51,,,e,,,f,f,,d,u,e,p,1.0,6
majority,52079,52081,9.23,x,,g,t,p,,g,11.6,25.25,,y,w,,,f,f,,d,u,e,p,1.0,6
majority,29840,29842,3.86,f,d,p,t,d,c,p,4.88,6.84,,,g,,,f,f,,d,a,e,p,1.0,5
majority,52460,52462,7.61,x,h,y,f,p,,y,6.99,14.1,,,y,,y,t,,,d,u,e,p,1.0,6
majority,3036,3036,14.41,p,y,w,f,,,w,23.56,19.17,s,,n,,,t,m,,d,u,e,p,1.0,6
majority,2102,2102,8.24,x,,w,f,e,,w,6.78,13.73,b,,w,u,w,t,g,,d,u,e,p,1.0,4
majority,1112,1112,10.91,x,,n,t,,,w,12.11,17.8,b,,w,u,w,t,g,,d,u,e,p,1.0,5
majority,2647,2647,6.61,x,h,n,f,e,,w,12.91,12.54,,s,w,u,w,f,f,,d,a,e,p,1.0,3
majority,27130,27132,12.48,s,,w,t,d,c,w,5.96,25.78,,,w,,,f,f,,d,u,e,p,1.0,6
majority,30000,30002,3.39,f,d,p,t,d,c,p,4.66,5.96,,,n,,,f,f,,d,a,e,p,1.0,5
majority,21323,21325,4.42,f,t,n,f,d,,o,6.37,8.02,,t,w,,,f,f,,d,w,e,p,1.0,5
majority,10483,10484,3.68,f,g,g,f,a,d,g,6.23,3.52,,s,n,,,f,f,,d,u,e,p,1.0,4
majority,46418,46420,4.28,x,,y,f,x,c,u,6.18,3.81,,,w,,,f,f,,d,u,e,p,1.0,6
majority,11457,11458,1.46,c,g,n,f,a,,g,5.05,1.43,,,g,,,f,f,,d,a,e,p,1.0,6
majority,19020,19022,3.72,x,s,w,f,d,d,w,4.12,6.17,,,w,,,f,f,,g,a,e,p,1.0,5
majority,53131,53133,7.75,x,h,n,f,p,d,y,7.81,12.3,,s,n,,,f,f,,g,a,e,p,1.0,4
majority,52818,52820,9.79,x,h,n,t,p,,y,7.15,17.7,,,n,,w,t,p,,d,u,e,p,1.0,5
majority,1969,1969,5.06,x,,y,f,e,,w,5.82,11.55,b,,y,u,y,t,g,,d,a,e,p,1.0,4
majority,3051,3051,17.19,f,y,w,f,,,w,26.0,20.85,s,,n,,,t,m,,m,u,e,p,1.0,6
majority,24062,24064,8.21,f,,p,f,x,c,w,6.25,17.23,,s,w,,,f,f,,d,a,e,p,1.0,5
majority,46133,46135,1.31,f,w,n,f,,d,k,4.96,2.33,,,w,,,f,f,,g,s,e,p,1.0,6
majority,35224,35226,4.53,x,,n,f,x,c,n,8.21,9.73,b,,w,,w,t,,,g,a,e,p,1.0,5
majority,14753,14755,5.0,f,t,o,f,a,d,w,7.19,5.54,,k,o,,,f,f,,d,w,e,p,1.0,4
majority,24041,24043,8.64,f,,e,f,x,c,w,6.71,17.66,,s,w,,,f,f,,d,a,e,p,1.0,5
majority,16652,16654,7.43,f,g,o,f,s,,y,10.17,13.86,,t,n,,,f,f,,d,a,e,p,1.0,5
majority,16688,16690,8.18,f,h,o,f,s,,n,9.47,13.28,,i,o,,,f,f,,d,a,e,p,1.0,5
majority,43671,43673,10.25,x,y,n,t,e,,p,8.88,17.58,,y,w,,,t,p,,l,a,e,p,1.0,5
majority,22467,22469,5.79,x,t,y,t,x,c,y,8.29,16.42,,,w,,,f,f,,d,u,e,p,1.0,5
majority,10239,10240,4.98,b,g,n,f,a,d,g,5.22,3.89,,s,g,,,f,f,,d,u,e,p,1.0,4
majority,5346,5346,7.8,f,,n,f,s,c,p,5.52,18.09,b,,u,,,f,f,,d,a,e,p,1.0,5
majority,55326,55328,4.96,s,l,n,f,f,f,f,7.59,53.48,,,n,,,f,f,g,l,a,e,p,1.0,4
majority,42220,42222,4.85,f,s,w,f,e,c,n,5.01,12.85,,,w,,w,t,e,,g,a,e,p,1.0,4
majority,4610,4610,2.6,x,,b,f,,d,w,6.9,5.09,,,w,,,f,f,,d,a,e,p,1.0,7
majority,15960,15962,5.58,b,h,k,f,s,d,w,4.94,8.64,,s,g,,,f,f,,d,a,e,p,1.0,4
majority,12492,12493,1.27,x,s,y,f,a,,w,5.62,2.01,,t,y,,,f,f,,d,a,e,p,1.0,5
majority,54584,54586,8.7,f,w,y,f,f,f,f,7.07,16.85,,,y,,,f,f,,d,u,e,p,1.0,5
majority,48846,48848,9.77,x,h,n,t,p,,y,7.33,22.21,,,n,,,f,f,,d,u,e,p,1.0,6
majority,14209,14211,6.85,x,t,g,f,a,d,n,6.6,6.49,,t,g,,,t,l,,d,w,e,p,1.0,4
majority,16067,16069,5.69,b,h,k,f,s,d,g,5.15,10.02,,s,g,,,f,f,,d,u,e,p,1.0,4
majority,6838,6838,4.3,x,,l,f,a,,r,6.4,7.57,,,l,,,f,f,,d,u,e,p,1.0,7
majority,25136,25138,14.55,f,t,n,f,a,d,y,7.72,27.34,,,w,,,f,f,w,d,w,e,p,1.0,4
majority,55315,55317,5.92,s,l,n,f,f,f,f,7.69,58.22,,,n,,,f,f,g,l,w,e,p,1.0,4
majority,29704,29706,2.89,f,d,n,t,d,c,p,3.6,5.61,,,g,,,f,f,,d,u,e,p,1.0,5
majority,14402,14404,5.67,x,h,n,f,a,d,n,5.9,5.27,,t,g,,,t,l,,d,w,e,p,1.0,4
majority,3072,3072,14.24,f,y,w,f,,,w,26.46,18.43,s,,n,,,t,m,,m,a,e,p,1.0,6
majority,1373,1373,7.36,f,,n,t,,,w,10.33,15.01,b,,w,u,w,t,g,,d,u,e,p,1.0,5
majority,22096,22098,2.81,x,,y,f,a,c,o,3.68,8.4,,,w,,,f,f,,d,u,e,p,1.0,6
majority,2858,2858,13.37,f,y,w,f,,,w,23.69,21.44,s,,n,,,t,m,,m,a,e,p,1.0,6
majority,4925,4925,2.04,x,,b,f,,d,w,7.31,4.96,,,w,,,f,f,,d,w,e,p,1.0,7
majority,52005,52007,7.49,x,,g,t,p,,g,11.63,25.32,,y,w,,,f,f,,d,u,e,p,1.0,6
majority,46605,46607,3.94,x,h,n,f,,c,k,6.24,6.66,,s,w,,w,f,f,k,d,u,e,p,1.0,3
majority,16106,16108,6.28,f,h,k,f,s,d,g,4.73,9.24,,s,g,,,f,f,,d,a,e,p,1.0,4
majority,9308,9308,4.16,b,g,n,f,x,d,w,5.59,3.73,,,y,,,f,f,,g,u,e,p,1.0,5
majority,3432,3432,15.63,x,e,n,t,e,,w,10.56,17.78,,,w,,,t,,,g,u,e,p,1.0,7
majority,18322,18324,6.74,f,s,n,f,s,c,w,6.21,9.76,b,i,n,,,f,f,,d,u,e,p,1.0,3
majority,4469,4469,3.66,f,y,n,f,d,d,p,6.45,2.89,,i,n,,,f,f,,l,a,e,p,1.0,4
majority,45582,45584,1.21,b,g,g,f,,,g,3.03,1.59,,,w,,,f,f,,d,a,e,p,1.0,7
majority,54765,54767,3.97,s,,n,f,f,f,f,6.88,6.78,,,y,,,f,f,,d,a,e,p,1.0,6
majority,8680,8680,6.13,f,s,b,f,x,c,w,7.27,9.93,,s,n,,,f,f,,l,a,e,p,1.0,4
majority,17899,17901,9.17,p,,g,f,a,,w,7.48,14.64,,,g,,,f,f,,g,u,e,p,1.0,7
majority,22533,22535,6.08,x,t,y,t,x,c,y,6.49,15.13,,,w,,,f,f,,d,u,e,p,1.0,5
majority,2042,2042,5.99,x,,w,f,e,,w,6.09,12.51,b,,y,u,y,t,g,,d,u,e,p,1.0,4
majority,22280,22282,6.54,x,h,y,t,x,c,y,7.29,12.67,,,w,,,f,f,,d,u,e,p,1.0,5
majority,42643,42645,7.16,f,y,n,f,e,c,p,4.57,11.87,,,w,,,t,r,,w,u,e,p,1.0,5
majority,52583,52585,8.04,x,h,y,f,p,,y,7.77,15.63,,,y,,y,t,,,d,a,e,p,1.0,6
majority,27143,27145,13.86,s,,w,t,d,c,y,7.22,29.28,,,w,,,f,f,,d,a,e,p,1.0,6
majority,11482,11483,1.61,c,g,n,f,a,,g,5.43,1.53,,,g,,,f,f,,d,a,e,p,1.0,6
majority,43747,43749,10.47,p,y,n,t,e,,p,8.96,17.43,,y,w,,,t,p,,d,a,e,p,1.0,5
majority,49614,49616,7.39,x,d,y,t,p,,y,7.84,15.74,,,y,,,f,f,,d,a,e,p,1.0,6
majority,51741,51743,17.88,x,d,e,f,p,,w,13.74,31.71,s,y,w,,,f,f,,d,u,e,p,1.0,4
majority,58343,58489,48.63,o,y,y,f,p,,y,5.35,17.66,,k,k,,,f,f,,d,u,e,p,1.0,5
majority,46364,46366,4.11,f,,y,f,x,c,n,6.05,3.39,,,w,,,f,f,,d,a,e,p,1.0,6
majority,60405,60551,5.96,c,,n,f,f,f,f,6.14,21.77,,,n,,,f,f,,d,s,e,p,1.0,6
majority,15188,15190,7.03,x,y,n,f,,,w,5.22,24.01,b,,n,,w,t,e,,d,a,e,p,1.0,5
majority,45654,45656,0.98,p,g,g,f,,,g,3.01,1.61,,,w,,,f,f,,d,u,e,p,1.0,7
majority,3210,3210,15.45,x,y,n,t,e,,w,10.41,17.71,,,w,,,t,,,d,a,e,p,1.0,7
majority,58170,58316,54.98,o,y,y,f,p,,y,7.41,44.03,,k,n,,,f,f,,d,s,e,p,1.0,5
majority,33857,33859,8.33,x,l,w,f,d,,p,3.48,8.28,,,w,,,f,f,,g,a,e,p,1.0,6
majority,51729,51731,20.73,p,d,o,f,p,,w,17.55,35.86,s,y,w,,,f,f,,d,a,e,p,1.0,4
majority,51821,51823,17.93,x,d,o,f,p,,n,16.85,34.01,s,y,w,,,f,f,,d,u,e,p,1.0,4
majority,51942,51944,8.46,x,,n,t,p,,g,12.32,24.37,,y,w,,,f,f,,d,a,e,p,1.0,6
majority,55131,55133,7.74,s,l,n,f,f,f,f,7.44,58.2,,,n,,,f,f,g,l,u,e,p,1.0,4
majority,58438,58584,52.09,o,y,y,f,p,,y,6.59,39.43,,k,k,,,f,f,,d,u,e,p,1.0,5
majority,18344,18346,7.5,f,s,n,f,s,c,w,6.3,10.27,b,i,n,,,f,f,,d,u,e,p,1.0,3
majority,51359,51361,3.63,x,t,o,f,p,,n,5.69,10.55,,,e,,,f,f,,d,u,e,p,1.0,6
majority,31482,31484,7.39,x,y,n,f,e,c,w,5.08,9.4,,y,n,,,f,f,,d,a,e,p,1.0,4
majority,8533,8533,6.76,f,s,b,f,x,c,w,7.61,10.77,,s,n,,,f,f,,l,w,e,p,1.0,4
majority,42940,42942,12.58,p,s,w,t,e,,n,9.02,16.64,s,,w,,,t,l,,m,a,e,p,1.0,5
majority,14705,14707,3.87,f,h,o,f,a,d,w,4.55,4.18,,k,n,,,f,f,,d,a,e,p,1.0,4
majority,30564,30566,8.3,s,t,p,t,d,c,o,6.86,17.38,,,w,,,f,f,,d,u,e,p,1.0,5
majority,5511,5511,9.6,s,,n,f,s,c,p,7.2,22.93,b,,u,,,f,f,,g,a,e,p,1.0,5
majority,58205,58351,53.41,o,y,y,f,p,,y,7.87,36.62,,k,n,,,f,f,,d,s,e,p,1.0,5
majority,4366,4366,2.04,s,y,n,f,d,d,p,5.62,3.06,,i,n,,,f,f,,l,a,e,p,1.0,4
majority,9516,9516,3.62,b,g,w,f,x,d,w,4.15,2.99,,,y,,,f,f,,g,u,e,p,1.0,5
majority,21771,21773,6.06,s,,y,f,a,c,w,5.17,14.32,,,g,,,f,f,,d,a,e,p,1.0,6
majority,25396,25398,14.33,s,s,k,f,a,d,k,4.14,16.28,,,w,,,f,f,w,d,u,e,p,1.0,4
majority,29860,29862,4.15,s,d,u,t,d,c,p,5.32,6.93,,,n,,,f,f,,d,u,e,p,1.0,5
majority,26859,26861,13.36,s,,w,t,d,c,w,6.12,26.29,,,w,,,f,f,,d,a,e,p,1.0,6
majority,4856,4856,2.51,x,,b,f,,d,w,6.12,4.14,,,w,,,f,f,,d,w,e,p,1.0,7
majority,25027,25029,5.3,f,s,k,f,a,c,w,4.13,14.3,,,w,,,f,f,,d,a,e,p,1.0,5
majority,16869,16871,7.18,f,t,o,f,s,,y,8.94,13.37,,t,n,,,f,f,,d,a,e,p,1.0,5
majority,22379,22381,5.33,x,t,y,t,x,c,y,8.14,15.92,,,w,,,f,f,,d,a,e,p,1.0,5
majority,51299,51301,4.62,x,s,o,f,p,,n,6.49,11.62,,,n,,,f,f,,d,u,e,p,1.0,6
majority,6692,6692,5.96,s,,n,f,d,c,w,5.28,7.91,,s,w,,,f,f,,d,a,e,p,1.0,5
majority,46242,46244,4.82,f,,n,f,x,c,u,6.59,4.01,,,w,,,f,f,,d,u,e,p,1.0,6
majority,42581,42583,6.62,f,y,n,f,e,c,p,4.89,13.54,,,w,,,t,r,,w,u,e,p,1.0,5
majority,57138,57168,7.64,f,e,b,f,,c,b,4.84,17.32,,,w,,,t,f,,d,a,e,p,1.0,6
majority,24229,24231,6.15,f,,e,f,x,c,w,6.49,17.31,,s,w,,,f,f,,d,u,e,p,1.0,5
majority,60509,60655,5.56,o,,n,f,f,f,f,5.71,18.71,,,n,,,f,f,,d,s,e,p,1.0,6
majority,25050,25052,5.69,x,s,k,f,a,c,w,4.16,14.48,,,w,,,f,f,,d,a,e,p,1.0,5
majority,42308,42310,6.05,p,y,w,f,e,c,p,4.54,13.19,,,w,,w,t,e,,m,a,e,p,1.0,4
majority,10534,10535,3.42,b,g,n,f,a,d,g,5.91,3.57,,s,n,,,f,f,,d,a,e,p,1.0,4
majority,5775,5775,15.9,s,e,n,f,d,c,w,8.69,24.73,s,,w,,,f,f,,l,a,e,p,1.0,4
majority,46001,46003,1.44,f,w,g,f,,d,k,4.62,2.49,,,w,,,f,f,,g,w,e,p,1.0,6
majority,52072,52074,7.03,x,,n,t,p,,g,9.03,21.68,,y,w,,,f,f,,d,u,e,p,1.0,6
majority,22408,22410,5.76,x,t,y,t,x,c,y,8.11,17.69,,,w,,,f,f,,d,u,e,p,1.0,5
majority,19030,19032,2.63,f,s,w,f,d,d,w,3.63,5.66,,,w,,,f,f,,m,a,e,p,1.0,5
majority,51837,51839,23.38,x,d,n,f,p,,w,17.23,35.07,s,y,w,,,f,f,,d,a,e,p,1.0,4
majority,18814,18816,4.27,x,s,w,f,d,d,w,4.64,7.27,,,w,,,f,f,,g,a,e,p,1.0,5
majority,55041,55043,3.74,s,,y,f,f,f,f,6.55,7.79,,,y,,,f,f,,d,a,e,p,1.0,6
majority,20177,20179,6.98,x,d,o,f,d,d,o,5.78,12.74,,,w,,,f,f,,g,w,e,p,1.0,5
majority,2905,2905,18.38,f,y,n,f,,,w,22.91,20.67,s,,n,,,t,m,,m,a,e,p,1.0,6
majority,26405,26407,9.22,f,s,u,f,x,,n,6.79,18.93,,,n,,,f,f,,d,w,e,p,1.0,6
majority,17844,17846,7.66,p,,n,f,a,,w,6.55,12.49,,,w,,,f,f,,d,a,e,p,1.0,7
majority,14184,14186,6.85,x,h,g,f,a,d,n,6.51,5.73,,t,g,,,t,l,,d,u,e,p,1.0,4
majority,51901,51903,5.5,x,,g,t,p,,g,9.59,22.52,,y,w,,,f,f,,d,u,e,p,1.0,6
majority,56916,56946,9.07,f,e,b,f,,c,b,4.96,18.81,,,w,,,t,f,,d,a,e,p,1.0,6
majority,49235,49237,7.96,x,d,e,t,p,,r,7.21,12.44,,,e,,,f,f,,d,a,e,p,1.0,6
majority,49378,49380,7.9,x,d,y,t,p,,r,6.35,12.52,,,y,,,f,f,,d,a,e,p,1.0,6
majority,19001,19003,3.18,x,s,w,f,d,d,w,3.5,6.19,,,w,,,f,f,,m,w,e,p,1.0,5
majority,4640,4640,3.11,x,,u,f,,d,u,6.92,5.13,,,w,,,f,f,,d,a,e,p,1.0,7
majority,26299,26301,9.53,x,s,y,f,x,,n,5.08,18.59,,,p,,,f,f,,d,w,e,p,1.0,6
majority,42969,42971,12.84,p,s,n,t,e,,n,9.67,17.12,s,,w,,,t,l,,m,u,e,p,1.0,5
majority,31695,31697,4.73,x,y,n,f,e,c,p,3.9,8.94,,y,n,,,f,f,,d,u,e,p,1.0,4
majority,46455,46457,4.6,f,,y,f,x,c,u,6.49,3.98,,,w,,,f,f,,d,a,e,p,1.0,6
majority,9200,9200,3.24,b,g,n,f,x,d,w,4.88,3.1,,,y,,,f,f,,g,a,e,p,1.0,5
majority,26196,26198,13.39,f,s,u,f,x,,n,7.89,23.36,,,p,,,f,f,,d,u,e,p,1.0,6
majority,16544,16546,4.62,x,y,g,f,s,,y,4.34,7.37,,,w,,,f,f,,d,a,e,p,1.0,6
majority,3077,3077,19.41,f,y,w,f,,,w,24.9,20.81,s,,n,,,t,m,,m,u,e,p,1.0,6
majority,6407,6407,6.39,s,,n,f,d,c,w,5.01,8.43,,s,w,,,f,f,,d,u,e,p,1.0,5
majority,35143,35145,5.35,x,,w,f,x,c,w,8.61,11.35,b,,n,,w,t,,,d,a,e,p,1.0,5
majority,45538,45540,0.98,p,g,g,f,,,g,2.95,1.48,,,w,,,f,f,,d,u,e,p,1.0,7
majority,45676,45678,1.07,p,g,w,f,,,g,3.03,1.49,,,w,,,f,f,,d,u,e,p,1.0,7
majority,14474,14476,4.4,f,t,n,f,a,d,w,5.39,4.68,,s,n,,,f,f,,d,a,e,p,1.0,4
majority,44057,44059,9.13,p,s,w,f,e,c,k,13.81,12.45,,s,w,,,t,e,,d,u,e,p,1.0,4
majority,52783,52785,10.26,x,s,n,t,p,,n,7.69,18.42,,,n,,w,t,p,,d,a,e,p,1.0,5
majority,14745,14747,4.37,f,h,n,f,a,d,y,5.78,4.6,,s,n,,,f,f,,d,a,e,p,1.0,4
majority,12537,12538,1.51,x,s,y,f,a,,w,6.57,2.17,,t,y,,,f,f,,h,a,e,p,1.0,5
majority,14948,14950,12.41,f,s,e,f,d,d,w,9.87,15.27,,i,n,,,t,,w,d,w,e,p,1.0,4
majority,18935,18937,2.87,f,s,w,f,d,d,w,2.74,5.95,,,w,,,f,f,,m,w,e,p,1.0,5
majority,56040,56042,10.16,s,,n,f,,,w,4.75,24.45,,,n,,,f,f,,d,a,e,p,1.0,8
majority,50596,50598,2.65,x,k,n,f,p,,e,4.46,10.01,,,y,,,f,f,,d,a,e,p,1.0,6
majority,21718,21720,7.08,f,,y,f,a,c,w,6.22,14.81,,,g,,,f,f,,d,u,e,p,1.0,6
majority,27031,27033,12.71,s,,w,t,d,c,p,5.86,23.49,,,w,,,f,f,,d,u,e,p,1.0,6
majority,45965,45967,1.4,x,w,g,f,,d,g,5.04,2.46,,,w,,,f,f,,d,s,e,p,1.0,6
majority,46343,46345,4.57,x,,n,f,x,c,u,6.1,3.72,,,w,,,f,f,,d,a,e,p,1.0,6
majority,49441,49443,8.98,x,d,n,t,p,,y,7.89,15.95,,,y,,,f,f,,d,u,e,p,1.0,6
majority,11779,11780,0.98,f,g,e,t,a,,p,5.02,1.0,,,n,,,f,f,,h,a,e,p,1.0,6
majority,43466,43468,9.58,p,i,n,t,e,,p,8.81,16.98,,y,w,,,t,l,,l,a,e,p,1.0,5
majority,52837,52839,10.79,x,h,n,t,p,,y,9.43,18.03,,,n,,w,t,p,,d,a,e,p,1.0,5
majority,6388,6388,6.8,s,,n,f,d,c,w,4.83,7.91,,s,w,,,f,f,,d,u,e,p,1.0,5
majority,24516,24518,11.19,x,e,l,f,x,c,w,6.88,17.13,,,w,,,f,f,,d,a,e,p,1.0,5
majority,17394,17396,7.23,f,s,w,f,s,c,w,5.71,26.38,,,w,,,f,f,,d,u,e,p,1.0,5
majority,11633,11634,1.65,c,g,n,f,a,,w,5.59,1.68,,,g,,,f,f,,d,u,e,p,1.0,6
majority,60375,60521,4.88,o,,g,f,f,f,f,4.91,19.55,,,n,,,f,f,,l,s,e,p,1.0,6
majority,20423,20425,7.64,s,s,o,f,d,d,o,5.69,12.9,,,w,,,f,f,,m,a,e,p,1.0,5
majority,46713,46715,3.88,x,h,n,f,,c,k,6.32,6.55,,s,w,,w,f,f,k,d,a,e,p,1.0,3
majority,11867,11868,0.98,f,g,e,t,a,,w,6.01,1.03,,,n,,,f,f,,h,a,e,p,1.0,6
majority,20367,20369,5.52,f,s,b,f,d,d,b,4.8,10.48,,,w,,,f,f,,m,w,e,p,1.0,5
majority,2870,2870,21.17,f,y,n,f,,,w,33.92,24.05,s,,n,,,t,m,,m,a,e,p,1.0,6
majority,53022,53024,8.75,x,t,n,f,p,d,y,8.0,12.63,,s,n,,,f,f,,h,a,e,p,1.0,4
majority,55685,55687,14.33,f,,g,f,d,c,y,2.75,15.8,,,w,,,f,f,,d,a,e,p,1.0,6
majority,50563,50565,3.49,x,d,n,f,p,,n,3.93,8.73,,,n,,,f,f,,d,a,e,p,1.0,6
majority,11906,11907,0.89,x,g,e,t,a,,p,5.68,1.07,,,n,,,f,f,,d,a,e,p,1.0,6
majority,55090,55092,5.31,s,l,n,f,f,f,f,6.02,41.91,,,n,,,f,f,g,l,w,e,p,1.0,4
majority,1853,1853,7.53,x,,w,f,e,,w,6.15,13.53,b,,y,u,w,t,g,,d,a,e,p,1.0,4
majority,2624,2624,6.1,c,t,n,f,e,,w,11.31,11.38,,s,w,u,w,f,f,,d,a,e,p,1.0,3
majority,26328,26330,12.52,f,s,r,f,x,,n,7.03,23.07,,,w,,,f,f,,d,u,e,p,1.0,6
majority,29711,29713,3.22,s,d,g,t,d,c,p,4.03,5.9,,,g,,,f,f,,d,a,e,p,1.0,5
majority,46787,46789,3.75,x,h,n,f,,c,n,7.03,7.23,,s,w,,w,f,f,k,d,u,e,p,1.0,3
majority,5209,5209,9.67,f,,l,f,s,c,u,8.25,21.19,,,u,,,f,f,,l,w,e,p,1.0,6
majority,48429,48431,17.73,x,w,n,f,p,,w,16.18,76.43,,,n,,,f,f,,d,a,e,p,1.0,6
majority,16872,16874,7.03,f,g,o,f,s,,n,8.71,11.5,,t,o,,,f,f,,d,a,e,p,1.0,5
majority,5545,5545,7.5,s,,g,f,s,c,p,6.85,18.78,b,,u,,,f,f,,d,a,e,p,1.0,5
majority,15525,15527,12.31,x,y,e,f,,,w,9.78,29.5,b,,n,,w,t,e,,d,w,e,p,1.0,5
majority,60552,60698,6.71,o,,n,f,f,f,f,6.13,20.85,,,n,,,f,f,,l,s,e,p,1.0,6
majority,42906,42908,12.73,f,s,n,t,e,,g,10.21,17.31,s,,w,,,t,l,,m,u,e,p,1.0,5
majority,24239,24241,6.81,f,,n,f,x,c,w,7.86,21.0,,s,w,,,f,f,,d,u,e,p,1.0,5
majority,29661,29663,3.1,f,d,n,t,d,c,p,4.56,6.03,,,n,,,f,f,,d,a,e,p,1.0,5
majority,55301,55303,7.04,s,l,n,f,f,f,f,6.26,37.01,,,n,,,f,f,g,l,u,e,p,1.0,4
majority,27006,27008,7.68,s,,w,t,d,c,p,4.81,24.35,,,w,,,f,f,,d,a,e,p,1.0,6
majority,56823,56853,8.68,f,e,b,f,,c,b,4.22,16.61,,,w,,,t,f,,d,a,e,p,1.0,6
majority,48448,48450,22.32,x,t,n,f,p,,w,16.4,88.24,,,n,,,f,f,,d,a,e,p,1.0,6
majority,55533,55535,8.25,f,,g,f,d,c,y,2.36,15.02,,,w,,,f,f,,d,w,e,p,1.0,6
majority,2694,2694,6.83,c,h,n,f,e,,w,13.67,14.01,,s,n,u,w,f,f,,d,a,e,p,1.0,3
majority,52141,52143,7.16,x,,g,t,p,,g,11.5,24.19,,y,w,,,f,f,,d,a,e,p,1.0,6
majority,4939,4939,2.15,x,,u,f,,d,w,4.78,3.13,,,w,,,f,f,,d,w,e,p,1.0,7
majority,46167,46169,1.57,x,w,g,f,,d,g,5.59,2.67,,,w,,,f,f,,d,s,e,p,1.0,6
majority,20460,20462,6.93,x,d,b,f,d,d,b,6.81,13.18,,,w,,,f,f,,m,w,e,p,1.0,5
majority,48528,48530,18.85,p,t,n,f,p,,w,16.67,75.62,,,n,,,f,f,,d,u,e,p,1.0,6
majority,45463,45465,3.3,b,y,n,f,,c,k,7.1,3.34,,,w,,,f,f,,d,a,e,p,1.0,6
majority,42776,42778,13.31,f,s,w,t,e,,n,9.85,16.74,s,,w,,,t,r,,m,a,e,p,1.0,5
majority,21407,21409,3.97,x,t,n,f,d,,o,6.14,7.7,,t,w,,,f,f,,d,w,e,p,1.0,5
majority,42583,42585,4.15,x,y,n,f,e,c,n,3.7,11.74,,,w,,,t,l,,w,a,e,p,1.0,5
majority,43451,43453,9.92,p,y,n,t,e,,p,8.73,17.87,,y,w,,,t,p,,d,a,e,p,1.0,5
majority,51282,51284,4.51,x,t,n,f,p,,n,5.81,11.38,,,n,,,f,f,,d,u,e,p,1.0,6
majority,5992,5992,11.77,s,e,g,f,d,c,w,6.65,23.5,s,,w,,,f,f,,d,a,e,p,1.0,4
majority,8662,8662,5.26,f,s,b,f,x,c,w,6.16,9.6,,s,n,,,f,f,,l,a,e,p,1.0,4
majority,15308,15310,11.4,f,y,n,f,,,w,7.48,25.98,b,,n,,w,t,e,,d,w,e,p,1.0,5
majority,14465,14467,5.88,x,t,g,f,a,d,n,5.98,4.69,,t,g,,,t,l,,d,a,e,p,1.0,4
majority,18057,18059,8.33,f,s,n,f,s,c,w,7.0,10.13,b,i,w,,,f,f,,d,u,e,p,1.0,3
majority,55583,55585,10.01,f,,l,f,d,c,y,2.25,14.04,,,w,,,f,f,,d,w,e,p,1.0,6
majority,58163,58309,52.87,o,y,y,f,p,,y,7.24,39.72,,k,k,,,f,f,,d,u,e,p,1.0,5
majority,24384,24386,9.25,x,e,l,f,x,c,w,7.34,20.32,,,w,,,f,f,,d,a,e,p,1.0,5
majority,22248,22250,6.48,x,h,y,t,x,c,y,7.27,16.61,,,w,,,f,f,,d,a,e,p,1.0,5
majority,55950,55952,8.53,o,,n,f,,,w,3.28,21.82,,,n,,,f,f,,d,u,e,p,1.0,8
majority,21373,21375,4.61,f,t,n,f,d,,o,6.31,9.48,,t,w,,,f,f,,d,w,e,p,1.0,5
majority,6842,6842,4.51,x,,l,f,a,,r,6.57,6.83,,,r,,,f,f,,l,a,e,p,1.0,7
majority,56937,56967,8.81,f,e,b,f,,c,b,4.97,20.51,,,w,,,t,f,,d,a,e,p,1.0,6
majority,31475,31477,6.81,x,y,n,f,e,c,p,7.25,11.12,,y,n,,,f,f,,d,a,e,p,1.0,4
majority,51596,51598,17.26,p,d,o,f,p,,n,13.72,34.37,s,y,w,,,f,f,,d,u,e,p,1.0,4
majority,51984,51986,7.04,x,,n,t,p,,g,11.67,25.0,,y,w,,,f,f,,d,u,e,p,1.0,6
majority,33868,33870,8.72,x,l,w,f,d,,p,3.72,10.04,,,w,,,f,f,,g,a,e,p,1.0,6
majority,42152,42154,8.56,f,y,w,f,e,c,p,4.97,12.74,,,w,,w,t,e,,g,u,e,p,1.0,4
majority,2005,2005,5.07,x,,w,f,e,,w,5.75,12.72,b,,y,u,y,t,g,,d,a,e,p,1.0,4
majority,8688,8688,6.24,f,s,n,f,x,c,w,5.62,9.6,,s,n,,,f,f,,l,w,e,p,1.0,4
majority,52266,52268,6.76,x,h,y,f,p,,y,8.62,16.03,,,y,,y,t,,,d,u,e,p,1.0,6
majority,21660,21662,5.14,f,,y,f,a,c,w,4.89,12.31,,,w,,,f,f,,d,a,e,p,1.0,6
majority,22436,22438,6.5,x,h,y,t,x,c,y,6.96,15.2,,,w,,,f,f,,d,u,e,p,1.0,5
majority,54492,54494,5.23,x,w,y,f,f,f,f,4.06,12.78,,,y,,,f,f,,d,a,e,p,1.0,5
majority,3071,3071,17.48,p,y,n,f,,,w,25.14,20.15,s,,n,,,t,m,,m,a,e,p,1.0,6
majority,54855,54857,3.65,s,,y,f,f,f,f,6.39,8.52,,,o,,,f,f,,d,a,e,p,1.0,6
majority,48751,48753,7.58,x,t,n,t,p,,y,8.46,21.49,,,n,,,f,f,,d,u,e,p,1.0,6
majority,30707,30709,10.46,s,t,w,t,d,c,o,6.08,17.35,,,w,,,f,f,,d,a,e,p,1.0,5
majority,54920,54922,3.59,s,,y,f,f,f,f,6.2,8.53,,,o,,,f,f,,d,a,e,p,1.0,6
majority,20196,20198,5.37,s,d,o,f,d,d,b,6.73,11.88,,,w,,,f,f,,m,a,e,p,1.0,5
majority,46429,46431,5.47,x,,w,f,x,c,n,6.65,4.29,,,w,,,f,f,,d,u,e,p,1.0,6
majority,18046,18048,5.34,f,s,n,f,s,c,w,5.38,9.18,b,i,w,,,f,f,,m,a,e,p,1.0,3
majority,57092,57122,11.82,f,e,b,f,,c,b,5.32,23.04,,,w,,,t,f,,d,a,e,p,1.0,6
majority,52817,52819,6.99,x,t,n,t,p,,y,7.36,17.34,,,n,,w,t,p,,d,a,e,p,1.0,5
majority,45325,45327,2.52,b,y,n,f,,c,k,6.62,2.75,,,w,,,f,f,,d,s,e,p,1.0,6
majority,51562,51564,20.5,x,d,e,f,p,,w,17.81,36.85,s,y,w,,,f,f,,d,u,e,p,1.0,4
majority,55916,55918,6.48,o,,n,f,,,w,3.5,22.43,,,n,,,f,f,,d,a,e,p,1.0,8
majority,5696,5696,16.98,f,e,g,f,a,c,w,8.21,24.5,s,,w,,,f,f,,d,a,e,p,1.0,4
majority,20398,20400,8.69,x,d,o,f,d,d,b,6.71,12.99,,,w,,,f,f,,m,w,e,p,1.0,5
majority,21420,21422,4.05,x,t,n,f,d,,o,6.33,8.37,,t,w,,,f,f,,d,w,e,p,1.0,5
majority,51319,51321,4.28,x,s,o,f,p,,n,6.96,12.14,,,e,,,f,f,,d,u,e,p,1.0,6
majority,9526,9526,3.3,b,g,w,f,x,d,w,4.04,2.48,,,y,,,f,f,,g,u,e,p,1.0,5
majority,56998,57028,10.68,f,e,b,f,,c,b,5.2,22.73,,,w,,,t,f,,d,a,e,p,1.0,6
majority,16362,16364,5.26,f,y,g,f,s,,y,4.0,6.28,,,w,,,f,f,,d,a,e,p,1.0,6
majority,22432,22434,6.37,x,t,y,t,x,c,y,6.87,15.95,,,w,,,f,f,,d,a,e,p,1.0,5
majority,14954,14956,9.06,x,s,n,f,d,d,w,10.05,15.75,,i,n,,,t,,w,d,a,e,p,1.0,4
majority,16290,16292,5.63,f,y,n,f,s,,y,4.13,6.94,,,w,,,f,f,,d,u,e,p,1.0,6
majority,5443,5443,8.49,x,,g,f,s,c,p,6.28,17.52,b,,u,,,f,f,,d,w,e,p,1.0,5
majority,14312,14314,6.55,x,t,g,f,a,d,n,7.94,6.84,,t,g,,,t,l,,d,a,e,p,1.0,4
majority,6562,6562,6.1,s,,n,f,d,c,w,4.1,8.0,,s,w,,,f,f,,d,u,e,p,1.0,5
majority,1901,1901,6.69,x,,y,f,e,,w,6.37,13.14,b,,w,u,w,t,g,,d,u,e,p,1.0,4
majority,49639,49641,4.63,x,d,n,t,p,,y,6.91,14.06,,,y,,,f,f,,d,u,e,p,1.0,6
majority,4294,4294,2.45,f,y,n,f,a,d,p,6.26,3.14,,i,n,,,f,f,,h,u,e,p,1.0,4
majority,6751,6751,4.66,x,,w,f,a,,r,7.54,9.56,,,l,,,f,f,,l,a,e,p,1.0,7
majority,4378,4378,2.42,f,y,n,f,d,d,p,6.68,3.88,,i,n,,,f,f,,l,u,e,p,1.0,4
majority,6833,6833,4.5,x,,l,f,d,,r,6.69,7.78,,,r,,,f,f,,l,u,e,p,1.0,7
majority,31116,31118,9.44,x,s,n,f,e,c,p,8.29,10.73,,i,n,,,f,f,p,d,a,e,p,1.0,3
majority,49574,49576,5.83,x,d,y,t,p,,y,7.07,14.19,,,y,,,f,f,,d,a,e,p,1.0,6
majority,45240,45242,2.82,b,y,n,f,,c,n,5.98,3.0,,,w,,,f,f,,d,u,e,p,1.0,6
majority,52834,52836,8.74,x,h,n,t,p,,y,7.31,17.15,,,n,,w,t,p,,d,u,e,p,1.0,5
majority,52376,52378,8.6,x,t,y,f,p,,y,8.0,13.68,,,y,,y,t,,,d,u,e,p,1.0,6
majority,2532,2532,4.87,c,h,n,f,e,,w,11.97,11.8,,s,w,u,w,f,f,,d,a,e,p,1.0,3
majority,54706,54708,5.45,f,w,y,f,f,f,f,3.92,10.24,,,y,,,f,f,,d,u,e,p,1.0,5
majority,1335,1335,12.17,x,,n,t,,,w,10.6,15.62,b,,w,u,w,t,g,,d,a,e,p,1.0,5
majority,52709,52711,10.41,x,h,n,t,p,,n,6.83,16.68,,,n,,w,t,p,,d,a,e,p,1.0,5
majority,58114,58260,48.09,o,y,y,f,p,,y,6.62,26.5,,k,k,,,f,f,,d,s,e,p,1.0,5
majority,43958,43960,10.97,f,s,w,f,e,c,w,21.34,13.04,,s,w,,,t,e,,u,w,e,p,1.0,4
majority,24252,24254,6.38,x,,e,f,x,c,w,4.9,12.58,,s,w,,,f,f,,d,u,e,p,1.0,5
majority,60404,60550,5.66,c,,n,f,f,f,f,6.53,21.87,,,n,,,f,f,,d,s,e,p,1.0,6
majority,5342,5342,9.04,f,,g,f,s,c,g,7.0,21.65,b,,u,,,f,f,,g,w,e,p,1.0,5
majority,16247,16249,5.36,x,y,n,f,s,,y,4.33,7.97,,,w,,,f,f,,d,u,e,p,1.0,6
majority,42831,42833,11.4,f,s,n,t,e,,g,10.5,17.63,s,,w,,,t,l,,m,a,e,p,1.0,5
majority,12372,12373,1.38,x,g,n,f,a,,w,6.03,2.05,,t,y,,,f,f,,h,u,e,p,1.0,5
majority,35083,35085,4.13,x,,w,f,x,c,w,7.8,9.41,b,,w,,w,t,,,g,s,e,p,1.0,5
majority,52503,52505,7.72,x,t,y,f,p,,y,8.06,17.36,,,y,,y,t,,,d,u,e,p,1.0,6
majority,8728,8728,6.15,f,s,n,f,x,c,w,7.6,10.84,,s,n,,,f,f,,l,a,e,p,1.0,4
majority,17747,17749,8.39,p,,g,f,a,,w,7.5,13.24,,,g,,,f,f,,d,u,e,p,1.0,7
majority,36328,36330,5.26,x,h,n,f,x,c,n,5.1,5.7,,y,n,,,t,r,,d,s,e,p,1.0,4
majority,2536,2536,5.6,x,t,n,f,e,,w,12.83,13.13,,s,w,u,w,f,f,,d,u,e,p,1.0,3
majority,8670,8670,6.89,x,s,b,f,x,c,w,8.04,10.76,,s,n,,,f,f,,l,a,e,p,1.0,4
majority,55802,55804,7.87,s,,n,f,,,w,4.38,21.8,,,n,,,f,f,,d,u,e,p,1.0,8
majority,55291,55293,5.89,s,l,n,f,f,f,f,9.16,69.91,,,n,,,f,f,g,l,w,e,p,1.0,4
majority,52938,52940,9.31,x,t,n,t,p,,y,7.84,17.9,,,n,,w,t,p,,d,a,e,p,1.0,5
majority,24027,24029,8.64,f,,e,f,x,c,w,7.76,22.06,,s,w,,,f,f,,d,u,e,p,1.0,5
majority,24792,24794,7.73,x,s,u,f,a,c,w,4.46,13.89,,,w,,,f,f,,d,a,e,p,1.0,5
majority,24404,24406,8.03,x,e,y,f,x,c,w,6.76,18.83,,,w,,,f,f,,d,u,e,p,1.0,5
majority,33638,33640,5.93,x,l,w,f,d,,w,3.45,7.81,,,w,,,f,f,,g,a,e,p,1.0,6
majority,57063,57093,8.88,f,e,b,f,,c,b,5.02,18.68,,,w,,,t,f,,d,a,e,p,1.0,6
majority,46436,46438,4.39,x,,n,f,x,c,u,6.36,3.77,,,w,,,f,f,,d,u,e,p,1.0,6
majority,50729,50731,3.67,x,k,n,f,p,,e,4.41,10.6,,,n,,,f,f,,d,a,e,p,1.0,6
majority,16684,16686,7.41,f,h,n,f,s,,y,9.7,13.49,,t,n,,,f,f,,d,a,e,p,1.0,5
majority,55022,55024,2.99,s,,y,f,f,f,f,6.41,7.08,,,o,,,f,f,,d,a,e,p,1.0,6
majority,8673,8673,6.35,f,s,b,f,x,c,w,5.98,8.73,,s,n,,,f,f,,l,a,e,p,1.0,4
majority,20507,20509,3.55,x,h,e,f,a,c,o,4.62,6.32,,,o,,,f,f,,g,w,e,p,1.0,5
majority,19045,19047,3.7,x,s,w,f,d,d,w,3.11,5.74,,,w,,,f,f,,m,a,e,p,1.0,5
majority,56818,56848,10.66,f,e,b,f,,c,b,5.1,19.52,,,w,,,t,f,,d,a,e,p,1.0,6
majority,5608,5608,7.85,f,,g,f,s,c,g,5.3,17.6,b,,u,,,f,f,,d,w,e,p,1.0,5
majority,42686,42688,6.11,f,y,n,f,e,c,n,3.8,10.84,,,w,,,t,l,,w,u,e,p,1.0,5
majority,51417,51419,4.0,x,t,n,f,p,,n,5.26,10.38,,,e,,,f,f,,d,u,e,p,1.0,6
majority,55180,55182,4.31,s,l,n,f,f,f,f,5.99,53.09,,,n,,,f,f,g,l,u,e,p,1.0,4
majority,31281,31283,10.5,x,s,n,f,e,c,w,8.33,10.2,,i,n,,,f,f,p,d,s,e,p,1.0,3
majority,51558,51560,20.69,p,d,o,f,p,,n,16.84,35.64,s,y,w,,,f,f,,d,a,e,p,1.0,4
majority,9226,9226,4.63,b,g,n,f,x,d,w,5.51,3.88,,,y,,,f,f,,g,a,e,p,1.0,5
majority,14883,14885,9.09,f,s,y,f,a,d,w,7.98,13.66,,i,n,,,t,,w,d,w,e,p,1.0,4
majority,24550,24552,11.4,x,e,l,f,x,c,w,7.93,24.71,,,w,,,f,f,,d,a,e,p,1.0,5
majority,26161,26163,7.7,s,s,r,f,x,,n,4.74,18.39,,,n,,,f,f,,d,w,e,p,1.0,6
majority,52357,52359,9.02,x,t,y,f,p,,y,7.91,16.25,,,y,,y,t,,,d,u,e,p,1.0,6
majority,36052,36054,7.21,x,h,n,f,x,c,w,5.76,6.37,,y,n,,,t,r,,d,u,e,p,1.0,4
majority,10579,10580,3.53,b,g,g,f,a,d,g,5.67,4.07,,s,n,,,f,f,,d,a,e,p,1.0,4
majority,29766,29768,3.36,s,d,p,t,d,c,p,3.93,5.94,,,g,,,f,f,,d,u,e,p,1.0,5
majority,52890,52892,9.7,x,s,n,t,p,,y,8.38,18.02,,,n,,w,t,p,,d,a,e,p,1.0,5
majority,58395,58541,55.73,o,y,y,f,p,,y,7.59,40.47,,k,n,,,f,f,,d,u,e,p,1.0,5
majority,26302,26304,10.95,x,s,u,f,x,,n,5.93,18.5,,,p,,,f,f,,d,a,e,p,1.0,6
majority,1285,1285,9.61,x,,n,t,,,w,10.2,14.93,b,,w,u,w,t,g,,d,a,e,p,1.0,5
majority,46493,46495,4.66,f,,n,f,x,c,w,5.93,3.87,,,w,,,f,f,,d,u,e,p,1.0,6
majority,16376,16378,4.89,f,y,g,f,s,,y,4.73,8.61,,,w,,,f,f,,d,a,e,p,1.0,6
majority,6955,6955,4.13,x,,r,f,a,,r,6.79,8.6,,,w,,,f,f,,l,u,e,p,1.0,7
majority,14707,14709,4.73,x,h,o,f,a,d,w,6.51,6.05,,k,o,,,f,f,,d,w,e,p,1.0,4
majority,44040,44042,9.29,p,s,w,f,e,c,w,17.11,11.47,,s,w,,,t,e,,g,a,e,p,1.0,4
majority,21998,22000,4.34,x,,y,f,a,c,o,5.23,10.72,,,w,,,f,f,,d,a,e,p,1.0,6
majority,43795,43797,8.99,p,s,w,f,e,c,p,19.38,12.18,,s,w,,,t,e,,d,a,e,p,1.0,4
majority,45788,45790,0.99,b,g,w,f,,,g,3.19,1.53,,,w,,,f,f,,d,w,e,p,1.0,7
majority,20610,20612,2.88,x,d,o,f,a,c,o,3.83,5.32,,,o,,,f,f,,m,u,e,p,1.0,5
majority,49013,49015,10.18,x,h,n,t,p,,y,7.13,21.27,,,n,,,f,f,,d,u,e,p,1.0,6
majority,27063,27065,12.7,s,,w,t,d,c,p,6.62,26.29,,,w,,,f,f,,d,u,e,p,1.0,6
majority,52785,52787,9.86,x,s,n,t,p,,n,6.44,16.58,,,n,,w,t,p,,d,u,e,p,1.0,5
majority,42420,42422,8.52,x,i,n,f,e,c,p,4.37,12.85,,,w,,,t,l,,w,a,e,p,1.0,5
majority,31290,31292,7.25,x,s,n,f,e,c,p,6.36,9.49,,i,n,,,f,f,p,d,s,e,p,1.0,3
majority,11797,11798,0.7,c,g,e,t,a,,p,5.29,0.98,,,n,,,f,f,,h,u,e,p,1.0,6
majority,55902,55904,8.89,o,,n,f,,,w,3.91,23.44,,,n,,,f,f,,d,a,e,p,1.0,8
majority,14125,14127,5.69,x,h,g,f,a,d,n,5.55,5.51,,t,g,,,t,l,,d,u,e,p,1.0,4
majority,46827,46829,3.85,x,h,n,f,,c,k,6.51,6.6,,s,w,,w,f,f,k,d,u,e,p,1.0,3
majority,51275,51277,4.51,x,t,n,f,p,,n,5.25,12.1,,,e,,,f,f,,d,a,e,p,1.0,6
majority,18764,18766,3.26,f,s,w,f,d,d,w,3.6,6.95,,,w,,,f,f,,g,w,e,p,1.0,5
majority,60454,60600,6.37,o,,g,f,f,f,f,5.42,20.13,,,n,,,f,f,,d,s,e,p,1.0,6
majority,12365,12366,1.67,x,g,n,f,d,,w,5.92,1.97,,t,y,,,f,f,,d,a,e,p,1.0,5
majority,11590,11591,1.53,c,g,n,f,a,,g,4.75,1.47,,,g,,,f,f,,d,a,e,p,1.0,6
majority,3314,3314,16.72,x,y,n,t,e,,w,10.18,17.93,,,w,,,t,,,d,a,e,p,1.0,7
majority,27001,27003,11.5,s,,w,t,d,c,y,5.42,24.92,,,w,,,f,f,,d,a,e,p,1.0,6
majority,49759,49761,9.39,x,d,n,t,p,,y,9.6,18.7,,,y,,,f,f,,d,u,e,p,1.0,6
majority,35155,35157,4.81,x,,n,f,x,c,n,7.95,7.73,b,,w,,w,t,,,g,a,e,p,1.0,5
majority,16900,16902,8.1,f,h,n,f,s,,y,8.8,12.75,,t,o,,,f,f,,d,a,e,p,1.0,5
majority,52738,52740,9.37,x,h,n,t,p,,n,6.89,16.68,,,n,,w,t,p,,d,a,e,p,1.0,5
majority,52473,52475,9.88,x,h,y,f,p,,y,9.7,17.28,,,y,,y,t,,,d,a,e,p,1.0,6
majority,18925,18927,3.51,x,s,w,f,d,d,w,3.31,5.48,,,w,,,f,f,,m,a,e,p,1.0,5
majority,46750,46752,3.55,f,h,n,f,,c,n,5.71,6.61,,s,w,,w,f,f,k,d,a,e,p,1.0,3
majority,10350,10351,1.68,b,g,n,f,a,d,g,3.74,3.4,,s,n,,,f,f,,d,a,e,p,1.0,4
majority,5888,5888,13.13,s,e,n,f,a,c,w,8.28,23.35,s,,w,,,f,f,,d,a,e,p,1.0,4
majority,53258,53260,9.41,x,t,n,f,p,d,y,7.0,12.93,,s,n,,,f,f,,h,u,e,p,1.0,4
majority,10240,10241,3.14,f,g,n,f,a,d,g,4.6,3.02,,s,n,,,f,f,,d,w,e,p,1.0,4
majority,43682,43684,10.07,x,i,n,t,e,,p,9.12,17.14,,y,w,,,t,l,,l,a,e,p,1.0,5
majority,11395,11396,1.58,c,g,n,f,a,,w,5.59,1.64,,,g,,,f,f,,d,u,e,p,1.0,6
majority,35042,35044,4.7,x,,w,f,x,c,n,8.21,8.6,b,,n,,w,t,,,g,s,e,p,1.0,5
majority,4940,4940,1.83,x,,b,f,,d,u,6.3,4.42,,,w,,,f,f,,d,u,e,p,1.0,7
majority,58304,58450,54.81,o,y,y,f,p,,y,6.67,22.15,,k,k,,,f,f,,d,s,e,p,1.0,5
majority,42867,42869,11.3,p,s,w,t,e,,n,12.04,18.29,s,,w,,,t,l,,m,a,e,p,1.0,5
majority,25194,25196,10.24,s,s,n,f,a,d,k,6.46,18.97,,,w,,,f,f,w,d,u,e,p,1.0,4
majority,21708,21710,7.35,x,,y,f,a,c,w,6.32,16.43,,,w,,,f,f,,d,a,e,p,1.0,6
majority,9384,9384,2.83,b,g,w,f,x,d,w,4.14,3.07,,,y,,,f,f,,g,u,e,p,1.0,5
majority,11744,11745,1.04,c,g,n,t,a,,p,5.42,1.0,,,n,,,f,f,,d,a,e,p,1.0,6
majority,50509,50511,3.67,x,d,n,f,p,,n,4.28,10.39,,,n,,,f,f,,d,a,e,p,1.0,6
majority,51460,51462,4.37,x,t,o,f,p,,n,4.58,11.68,,,n,,,f,f,,d,u,e,p,1.0,6
majority,4287,4287,2.52,s,y,n,f,d,d,p,5.82,3.34,,i,n,,,f,f,,h,u,e,p,1.0,4
majority,9255,9255,3.35,b,g,w,f,x,d,w,4.09,2.91,,,y,,,f,f,,g,a,e,p,1.0,5
majority,21884,21886,4.42,x,,y,f,a,c,y,3.93,9.49,,,w,,,f,f,,d,a,e,p,1.0,6
majority,51891,51893,8.22,x,,g,t,p,,g,13.36,27.76,,y,w,,,f,f,,d,a,e,p,1.0,6
majority,15359,15361,10.99,f,y,n,f,,,w,7.39,25.03,b,,n,,w,t,e,,d,a,e,p,1.0,5
majority,46031,46033,1.66,f,w,n,f,,d,g,5.11,2.5,,,w,,,f,f,,d,w,e,p,1.0,6
majority,16565,16567,5.47,f,y,n,f,s,,w,4.85,7.93,,,w,,,f,f,,d,u,e,p,1.0,6
majority,17364,17366,8.83,f,d,w,f,s,c,w,8.27,36.72,,,w,,,f,f,,d,u,e,p,1.0,5
majority,42949,42951,11.95,f,s,w,t,e,,n,10.04,18.39,s,,w,,,t,r,,m,a,e,p,1.0,5
majority,51615,51617,18.16,p,d,n,f,p,,w,16.61,33.76,s,y,w,,,f,f,,d,a,e,p,1.0,4
majority,48452,48454,19.64,p,w,n,f,p,,y,21.06,73.65,,,n,,,f,f,,d,a,e,p,1.0,6
majority,5310,5310,9.1,s,,g,f,s,c,g,7.88,18.62,b,,u,,,f,f,,g,a,e,p,1.0,5
majority,30696,30698,8.17,s,t,p,t,d,c,o,5.1,16.13,,,w,,,f,f,,d,a,e,p,1.0,5
majority,10550,10551,3.53,b,g,n,f,a,d,g,3.53,3.19,,s,g,,,f,f,,d,u,e,p,1.0,4
majority,25163,25165,12.7,f,s,k,f,a,d,y,6.28,20.65,,,w,,,f,f,w,d,u,e,p,1.0,4
majority,36114,36116,6.0,x,h,n,f,x,c,n,5.28,6.16,,y,n,,,t,r,,d,s,e,p,1.0,4
majority,11986,11987,1.02,f,g,n,t,a,,p,5.88,1.0,,,n,,,f,f,,d,a,e,p,1.0,6
majority,46030,46032,1.68,x,w,n,f,,d,g,4.7,2.41,,,w,,,f,f,,d,w,e,p,1.0,6
majority,6478,6478,5.27,s,,n,f,d,c,w,3.43,7.38,,s,w,,,f,f,,h,a,e,p,1.0,5
majority,48814,48816,9.56,x,h,n,t,p,,y,6.43,21.84,,,n,,,f,f,,d,u,e,p,1.0,6
majority,52876,52878,9.73,x,s,n,t,p,,n,6.2,17.06,,,n,,w,t,p,,d,u,e,p,1.0,5
majority,3027,3027,17.67,f,y,w,f,,,w,29.17,21.05,s,,n,,,t,m,,d,a,e,p,1.0,6
majority,17382,17384,8.34,f,d,w,f,s,c,w,6.49,26.23,,,w,,,f,f,,d,s,e,p,1.0,5
majority,15179,15181,10.46,f,y,e,f,,,w,7.83,24.31,b,,n,,w,t,e,,d,a,e,p,1.0,5
majority,52407,52409,10.29,x,t,y,f,p,,y,7.59,14.97,,,y,,y,t,,,d,a,e,p,1.0,6
majority,21853,21855,6.66,f,,y,f,a,c,w,7.11,16.34,,,w,,,f,f,,d,a,e,p,1.0,6
majority,54950,54952,3.78,s,,n,f,f,f,f,6.66,7.71,,,o,,,f,f,,d,a,e,p,1.0,6
majority,52765,52767,9.94,x,s,n,t,p,,y,8.21,17.42,,,n,,w,t,p,,d,a,e,p,1.0,5
majority,18984,18986,3.65,f,s,w,f,d,d,w,3.59,6.13,,,w,,,f,f,,g,a,e,p,1.0,5
majority,3128,3128,13.72,f,y,n,f,,,w,19.9,18.48,s,,n,,,t,m,,m,a,e,p,1.0,6
majority,42893,42895,12.54,p,s,n,t,e,,g,11.3,16.86,s,,w,,,t,l,,m,u,e,p,1.0,5
majority,4953,4953,12.52,s,,u,f,s,c,b,8.56,22.57,,,u,,,f,f,,d,a,e,p,1.0,6
majority,22014,22016,2.42,x,,y,f,a,c,y,2.46,6.46,,,w,,,f,f,,d,u,e,p,1.0,6
majority,8625,8625,6.06,x,s,n,f,x,c,w,6.5,10.45,,s,n,,,f,f,,l,a,e,p,1.0,4
majority,25087,25089,13.14,s,t,n,f,a,d,k,5.8,20.7,,,w,,,f,f,w,d,w,e,p,1.0,4
majority,52654,52656,9.4,x,t,n,t,p,,y,8.5,18.35,,,n,,w,t,p,,d,u,e,p,1.0,5
majority,5028,5028,5.99,s,,u,f,s,c,b,6.41,16.78,,,b,,,f,f,,d,w,e,p,1.0,6
majority,22577,22579,7.11,x,t,y,t,x,c,y,7.8,15.17,,,w,,,f,f,,d,u,e,p,1.0,5
majority,18335,18337,7.7,f,s,n,f,s,c,w,5.91,9.18,b,i,n,,,f,f,,d,a,e,p,1.0,3
majority,22086,22088,4.42,x,,y,f,a,c,o,3.43,9.19,,,w,,,f,f,,d,a,e,p,1.0,6
majority,21646,21648,7.17,f,,y,f,a,c,w,6.41,15.02,,,w,,,f,f,,d,w,e,p,1.0,6
majority,56925,56955,9.98,f,e,b,f,,c,b,5.1,19.98,,,w,,,t,f,,d,a,e,p,1.0,6
majority,4440,4440,1.53,f,y,n,f,d,d,p,5.67,3.4,,i,n,,,f,f,,l,a,e,p,1.0,4
majority,4563,4563,2.35,f,y,n,f,a,d,p,7.09,3.44,,i,n,,,f,f,,h,u,e,p,1.0,4
majority,16683,16685,5.52,f,h,n,f,s,,n,8.94,12.42,,i,n,,,f,f,,d,a,e,p,1.0,5
majority,46893,46895,3.03,x,h,n,f,,c,n,5.55,6.43,,s,w,,w,f,f,k,d,u,e,p,1.0,3
majority,45506,45508,2.36,b,y,n,f,,c,k,5.02,2.27,,,w,,,f,f,,d,u,e,p,1.0,6
majority,16361,16363,4.43,x,y,g,f,s,,y,4.36,6.7,,,w,,,f,f,,d,u,e,p,1.0,6
majority,46786,46788,4.45,f,h,n,f,,c,k,6.3,7.39,,s,w,,w,f,f,k,d,u,e,p,1.0,3
majority,24988,24990,8.78,f,s,k,f,a,c,w,4.92,15.99,,,w,,,f,f,,d,a,e,p,1.0,5
majority,58413,58559,50.28,o,y,y,f,p,,y,5.88,29.45,,k,k,,,f,f,,d,u,e,p,1.0,5
majority,5765,5765,15.13,s,e,n,f,a,c,w,9.53,26.09,s,,w,,,f,f,,l,a,e,p,1.0,4
majority,55549,55551,13.07,f,,l,f,d,c,y,2.69,17.83,,,w,,,f,f,,d,w,e,p,1.0,6
majority,18904,18906,3.43,x,s,w,f,d,d,w,3.62,5.54,,,w,,,f,f,,m,a,e,p,1.0,5
majority,16269,16271,5.6,f,y,g,f,s,,y,4.99,7.98,,,w,,,f,f,,d,u,e,p,1.0,6
majority,8523,8523,7.08,f,s,n,f,x,c,w,7.89,12.54,,s,n,,,f,f,,l,a,e,p,1.0,4
majority,21515,21517,4.33,f,t,n,f,d,,o,5.99,7.38,,t,w,,,f,f,,d,w,e,p,1.0,5
majority,42569,42571,5.92,x,i,n,f,e,c,p,3.8,12.09,,,w,,,t,l,,w,a,e,p,1.0,5
majority,4577,4577,2.76,s,y,n,f,a,d,p,6.81,3.84,,i,n,,,f,f,,l,a,e,p,1.0,4
majority,55292,55294,6.15,s,l,n,f,f,f,f,7.01,50.44,,,n,,,f,f,g,d,w,e,p,1.0,4
majority,43677,43679,10.11,p,y,n,t,e,,p,8.94,18.2,,y,w,,,t,p,,d,a,e,p,1.0,5
majority,50560,50562,3.02,x,d,n,f,p,,e,3.1,9.41,,,y,,,f,f,,d,a,e,p,1.0,6
majority,4503,4503,1.23,s,y,n,f,d,d,p,4.56,2.6,,i,n,,,f,f,,l,u,e,p,1.0,4
majority,4901,4901,2.27,x,,b,f,,d,w,5.51,4.49,,,w,,,f,f,,d,w,e,p,1.0,7
majority,22072,22074,4.09,x,,y,f,a,c,y,3.88,9.0,,,w,,,f,f,,d,u,e,p,1.0,6
majority,10323,10324,3.9,b,g,n,f,a,d,g,5.56,3.13,,s,n,,,f,f,,d,u,e,p,1.0,4
majority,26279,26281,9.56,s,s,y,f,x,,n,6.66,24.05,,,w,,,f,f,,d,a,e,p,1.0,6
majority,14662,14664,2.28,f,t,o,f,a,d,y,7.06,5.44,,s,o,,,f,f,,d,a,e,p,1.0,4
majority,11661,11662,1.52,c,g,n,t,a,,p,6.61,1.16,,,n,,,f,f,,d,a,e,p,1.0,6
majority,60284,60430,6.27,c,,g,f,f,f,f,5.8,20.6,,,n,,,f,f,,l,s,e,p,1.0,6
majority,26323,26325,10.93,x,s,u,f,x,,n,6.7,20.37,,,w,,,f,f,,d,u,e,p,1.0,6
majority,42047,42049,6.37,p,s,w,f,e,c,n,4.71,13.3,,,w,,w,t,e,,m,a,e,p,1.0,4
majority,33661,33663,6.24,x,l,w,f,d,,w,3.48,8.62,,,w,,,f,f,,g,a,e,p,1.0,6
majority,49239,49241,7.49,x,d,n,t,p,,y,6.25,12.99,,,e,,,f,f,,d,u,e,p,1.0,6
majority,55844,55846,8.51,o,,n,f,,,w,4.6,21.95,,,n,,,f,f,,d,a,e,p,1.0,8
majority,56989,57019,8.1,f,e,b,f,,c,b,4.59,18.57,,,w,,,t,f,,d,a,e,p,1.0,6
majority,50510,50512,3.15,x,d,n,f,p,,e,4.19,9.6,,,n,,,f,f,,d,a,e,p,1.0,6
majority,22409,22411,4.99,x,h,y,t,x,c,y,6.77,11.24,,,w,,,f,f,,d,a,e,p,1.0,5
majority,26202,26204,11.59,f,s,n,f,x,,n,8.3,23.67,,,p,,,f,f,,d,w,e,p,1.0,6
majority,55487,55489,9.96,f,,g,f,d,c,y,2.38,13.41,,,w,,,f,f,,d,a,e,p,1.0,6
majority,43988,43990,14.46,f,s,w,f,e,c,w,22.2,14.47,,s,w,,,t,e,,u,a,e,p,1.0,4
majority,6906,6906,3.59,x,,l,f,a,,r,5.79,7.65,,,r,,,f,f,,d,a,e,p,1.0,7
majority,56095,56097,7.71,o,,n,f,,,w,4.01,22.37,,,n,,,f,f,,d,a,e,p,1.0,8
majority,20285,20287,6.99,s,s,o,f,d,d,o,5.68,12.82,,,w,,,f,f,,g,a,e,p,1.0,5
majority,22335,22337,7.64,x,t,y,t,x,c,y,8.53,17.99,,,w,,,f,f,,d,u,e,p,1.0,5
majority,11959,11960,0.92,x,g,e,t,a,,w,5.94,1.03,,,n,,,f,f,,d,u,e,p,1.0,6
majority,55891,55893,7.75,o,,n,f,,,w,4.88,24.42,,,n,,,f,f,,d,a,e,p,1.0,8
majority,12671,12672,1.72,x,t,y,f,a,,w,6.34,2.24,,t,y,,,f,f,,h,a,e,p,1.0,5
majority,11539,11540,1.55,c,g,n,f,a,,g,5.28,1.78,,,g,,,f,f,,d,u,e,p,1.0,6
majority,26897,26899,15.87,s,,w,t,d,c,w,6.73,27.07,,,w,,,f,f,,d,u,e,p,1.0,6
majority,31257,31259,8.46,x,s,n,f,e,c,p,6.44,9.46,,i,n,,,f,f,p,d,u,e,p,1.0,3
majority,46368,46370,4.49,f,,y,f,x,c,g,6.36,3.98,,,w,,,f,f,,d,a,e,p,1.0,6
majority,36161,36163,4.78,x,h,n,f,x,c,n,5.49,5.63,,s,n,,,t,r,,d,a,e,p,1.0,4
majority,14760,14762,6.56,x,h,n,f,a,d,w,8.41,7.04,,s,o,,,f,f,,d,s,e,p,1.0,4
majority,51704,51706,17.21,x,d,e,f,p,,w,14.58,36.16,s,y,w,,,f,f,,d,a,e,p,1.0,4
majority,30686,30688,8.83,s,t,o,t,d,c,o,6.21,17.9,,,w,,,f,f,,d,u,e,p,1.0,5
majority,25058,25060,8.02,f,s,u,f,a,c,w,5.05,15.55,,,w,,,f,f,,d,u,e,p,1.0,5
majority,60384,60530,5.66,p,,n,f,f,f,f,5.92,21.81,,,n,,,f,f,,l,s,e,p,1.0,6
majority,14196,14198,5.38,x,h,n,f,a,d,n,5.65,4.79,,t,g,,,t,l,,d,a,e,p,1.0,4
majority,30578,30580,12.34,s,t,p,t,d,c,o,6.54,17.67,,,w,,,f,f,,d,u,e,p,1.0,5
majority,9221,9221,3.91,b,g,n,f,x,d,w,4.97,3.18,,,y,,,f,f,,g,a,e,p,1.0,5
majority,8512,8512,5.86,f,s,n,f,x,c,w,7.23,11.28,,s,n,,,f,f,,l,w,e,p,1.0,4
majority,21319,21321,3.4,x,t,n,f,d,,o,5.91,7.11,,t,w,,,f,f,,d,w,e,p,1.0,5
majority,1848,1848,8.11,x,,w,f,e,,w,6.61,13.76,b,,y,u,w,t,g,,d,u,e,p,1.0,4
majority,8694,8694,5.94,f,s,n,f,x,c,w,7.04,9.8,,s,n,,,f,f,,l,w,e,p,1.0,4
majority,51606,51608,17.85,p,d,e,f,p,,n,15.74,33.96,s,y,w,,,f,f,,d,a,e,p,1.0,4
majority,50566,50568,4.35,x,k,n,f,p,,n,4.97,11.08,,,y,,,f,f,,d,a,e,p,1.0,6
majority,18185,18187,5.58,f,s,n,f,s,c,w,5.4,9.62,b,i,w,,,f,f,,g,u,e,p,1.0,3
majority,16143,16145,5.85,f,h,k,f,s,d,g,5.24,10.08,,s,g,,,f,f,,d,u,e,p,1.0,4
majority,22454,22456,7.67,x,t,y,t,x,c,y,8.73,16.59,,,w,,,f,f,,d,a,e,p,1.0,5
majority,26828,26830,10.91,s,,w,t,d,c,y,4.91,22.66,,,w,,,f,f,,d,u,e,p,1.0,6
majority,12657,12658,1.52,x,t,y,f,a,,w,5.82,2.12,,t,y,,,f,f,,h,u,e,p,1.0,5
majority,52855,52857,7.82,x,s,n,t,p,,y,7.65,17.8,,,n,,w,t,p,,d,u,e,p,1.0,5
majority,16937,16939,6.22,f,g,n,f,s,,y,7.87,11.51,,t,n,,,f,f,,d,a,e,p,1.0,5
majority,26962,26964,11.98,s,,w,t,d,c,y,6.66,26.67,,,w,,,f,f,,d,a,e,p,1.0,6
majority,46553,46555,4.26,f,,n,f,x,c,n,6.2,3.92,,,w,,,f,f,,d,a,e,p,1.0,6
majority,45597,45599,0.93,b,g,g,f,,,g,3.46,1.58,,,w,,,f,f,,d,w,e,p,1.0,7
majority,33649,33651,9.27,s,l,w,f,d,,p,3.84,10.37,,,w,,,f,f,,d,u,e,p,1.0,6
majority,51603,51605,18.42,p,d,e,f,p,,w,15.69,35.5,s,y,w,,,f,f,,d,u,e,p,1.0,4
majority,21495,21497,3.7,f,t,n,f,d,,o,6.12,7.69,,t,o,,,f,f,,d,a,e,p,1.0,5
majority,27100,27102,13.25,s,,w,t,d,c,p,5.98,21.79,,,w,,,f,f,,d,a,e,p,1.0,6
majority,27159,27161,10.25,s,,w,t,d,c,w,5.46,25.11,,,w,,,f,f,,d,u,e,p,1.0,6
majority,36091,36093,5.66,x,h,n,f,x,c,w,5.15,5.87,,y,n,,,t,r,,d,w,e,p,1.0,4
majority,16697,16699,8.96,f,g,o,f,s,,y,10.01,12.68,,i,n,,,f,f,,d,a,e,p,1.0,5
majority,50540,50542,3.43,x,k,n,f,p,,n,4.68,9.67,,,y,,,f,f,,d,a,e,p,1.0,6
majority,54893,54895,2.81,s,,n,f,f,f,f,5.72,6.48,,,o,,,f,f,,d,a,e,p,1.0,6
majority,20804,20806,4.47,x,d,o,f,a,c,o,5.72,7.76,,,o,,,f,f,,m,w,e,p,1.0,5
majority,50786,50788,3.02,x,k,n,f,p,,e,4.08,9.77,,,y,,,f,f,,d,a,e,p,1.0,6
majority,16026,16028,5.28,b,h,k,f,s,d,g,2.95,8.82,,s,g,,,f,f,,d,a,e,p,1.0,4
majority,60328,60474,6.62,p,,g,f,f,f,f,5.89,21.66,,,n,,,f,f,,d,s,e,p,1.0,6
majority,24002,24004,8.02,x,,p,f,x,c,w,6.57,16.61,,s,w,,,f,f,,d,a,e,p,1.0,5
majority,18767,18769,3.45,f,s,w,f,d,d,w,3.37,6.47,,,w,,,f,f,,m,w,e,p,1.0,5
majority,46659,46661,4.31,f,h,n,f,,c,n,7.51,7.67,,s,w,,w,f,f,k,d,a,e,p,1.0,3
majority,51494,51496,5.68,x,t,n,f,p,,n,6.73,14.27,,,e,,,f,f,,d,u,e,p,1.0,6
majority,46467,46469,3.49,x,,w,f,x,c,w,6.03,3.46,,,w,,,f,f,,d,a,e,p,1.0,6
majority,33846,33848,6.6,x,l,w,f,d,,w,3.44,8.85,,,w,,,f,f,,g,a,e,p,1.0,6
majority,36166,36168,4.53,x,h,n,f,x,c,n,6.4,6.62,,s,n,,,t,r,,d,u,e,p,1.0,4
majority,2659,2659,6.21,x,t,n,f,e,,w,12.34,12.86,,s,w,u,w,f,f,,d,a,e,p,1.0,3
majority,17592,17594,7.77,f,d,w,f,s,c,w,5.98,27.18,,,w,,,f,f,,m,s,e,p,1.0,5
majority,55031,55033,4.4,s,,y,f,f,f,f,6.08,7.74,,,y,,,f,f,,d,a,e,p,1.0,6
majority,45646,45648,1.2,p,g,g,f,,,g,2.88,1.45,,,w,,,f,f,,d,u,e,p,1.0,7
majority,24714,24716,9.07,x,s,k,f,a,c,w,5.33,16.88,,,w,,,f,f,,d,u,e,p,1.0,5
majority,54507,54509,5.15,x,w,y,f,f,f,f,5.88,15.27,,,y,,,f,f,,d,a,e,p,1.0,5
majority,11495,11496,1.52,c,g,n,f,a,,w,5.35,1.63,,,g,,,f,f,,l,a,e,p,1.0,6
majority,53212,53214,7.81,x,h,n,f,p,d,y,5.72,11.57,,s,n,,,f,f,,d,u,e,p,1.0,4
majority,43765,43767,10.03,x,y,n,t,e,,p,9.05,16.32,,y,w,,,t,l,,l,a,e,p,1.0,5
majority,18726,18728,3.11,x,s,w,f,d,d,w,3.44,5.9,,,w,,,f,f,,m,w,e,p,1.0,5
majority,45932,45934,1.56,x,w,n,f,,d,g,5.26,2.65,,,w,,,f,f,,g,s,e,p,1.0,6
majority,11307,11308,1.39,c,g,n,f,a,,w,4.66,1.53,,,g,,,f,f,,d,a,e,p,1.0,6
majority,43663,43665,10.24,p,y,n,t,e,,p,9.1,18.1,,y,w,,,t,p,,l,a,e,p,1.0,5
majority,21983,21985,3.13,x,,y,f,a,c,o,2.83,8.64,,,w,,,f,f,,d,u,e,p,1.0,6
majority,46012,46014,1.37,f,w,n,f,,d,k,4.45,2.24,,,w,,,f,f,,d,u,e,p,1.0,6
majority,49108,49110,7.45,x,d,y,t,p,,r,5.13,11.96,,,e,,,f,f,,d,u,e,p,1.0,6
majority,42778,42780,8.73,p,s,w,t,e,,n,5.0,15.19,s,,w,,,t,r,,m,u,e,p,1.0,5
majority,2764,2764,6.48,c,h,n,f,e,,w,13.59,12.73,,s,w,u,w,f,f,,d,u,e,p,1.0,3
majority,31630,31632,7.15,x,y,n,f,e,c,p,6.0,10.02,,y,n,,,f,f,,d,u,e,p,1.0,4
majority,21953,21955,4.31,x,,y,f,a,c,o,3.92,10.52,,,w,,,f,f,,d,a,e,p,1.0,6
majority,42485,42487,5.62,f,i,n,f,e,c,p,4.27,12.76,,,w,,,t,l,,w,u,e,p,1.0,5
majority,17544,17546,9.92,x,s,w,f,s,c,w,8.93,32.56,,,w,,,f,f,,m,u,e,p,1.0,5
majority,43513,43515,10.15,x,y,n,t,e,,p,9.18,16.91,,y,w,,,t,l,,l,a,e,p,1.0,5
majority,58432,58578,39.76,o,y,y,f,p,,y,3.65,21.28,,k,n,,,f,f,,d,s,e,p,1.0,5
majority,33575,33577,5.88,x,l,w,f,d,,p,3.2,8.52,,,w,,,f,f,,g,a,e,p,1.0,6
majority,55078,55080,3.82,o,l,n,f,f,f,f,7.58,51.23,,,n,,,f,f,g,l,w,e,p,1.0,4
majority,11619,11620,1.51,c,g,n,f,a,,w,4.92,1.52,,,g,,,f,f,,d,u,e,p,1.0,6
majority,21930,21932,3.17,x,,y,f,a,c,o,3.86,8.18,,,w,,,f,f,,d,a,e,p,1.0,6
majority,21416,21418,4.33,f,t,n,f,d,,o,6.29,8.36,,t,w,,,f,f,,d,w,e,p,1.0,5
majority,55940,55942,7.96,s,,n,f,,,w,5.28,22.94,,,n,,,f,f,,d,u,e,p,1.0,8
majority,3356,3356,14.36,x,y,n,t,e,,w,10.59,18.16,,,w,,,t,,,g,a,e,p,1.0,7
majority,43444,43446,11.65,p,y,n,t,e,,p,9.78,19.73,,y,w,,,t,p,,d,a,e,p,1.0,5
majority,12706,12707,1.64,x,s,y,f,a,,w,6.9,2.27,,t,y,,,f,f,,d,a,e,p,1.0,5
majority,52639,52641,6.83,x,s,n,t,p,,n,6.82,15.68,,,n,,w,t,p,,d,u,e,p,1.0,5
majority,42221,42223,6.78,x,y,w,f,e,c,p,4.22,11.68,,,w,,w,t,e,,m,a,e,p,1.0,4
majority,4839,4839,2.53,x,,u,f,,d,u,5.39,3.67,,,w,,,f,f,,d,a,e,p,1.0,7
majority,16422,16424,4.91,f,y,g,f,s,,y,4.28,8.32,,,w,,,f,f,,d,u,e,p,1.0,6
majority,17818,17820,8.27,p,,g,f,a,,w,8.87,14.76,,,g,,,f,f,,d,u,e,p,1.0,7
majority,11939,11940,0.56,x,g,e,t,a,,p,5.59,0.98,,,n,,,f,f,,d,u,e,p,1.0,6
majority,12452,12453,1.7,x,g,n,f,a,,w,6.26,2.36,,t,y,,,f,f,,g,a,e,p,1.0,5
majority,5921,5921,14.23,x,e,g,f,d,c,w,8.05,23.72,s,,w,,,f,f,,d,a,e,p,1.0,4
majority,51805,51807,19.78,x,d,e,f,p,,w,16.75,35.23,s,y,w,,,f,f,,d,u,e,p,1.0,4
majority,17481,17483,9.89,x,d,w,f,s,c,w,8.05,34.28,,,w,,,f,f,,d,s,e,p,1.0,5
majority,54365,54367,5.45,s,w,y,f,f,f,f,3.98,12.45,,,y,,,f,f,,d,u,e,p,1.0,5
majority,21409,21411,4.09,x,t,n,f,d,,o,6.03,6.87,,t,w,,,f,f,,d,w,e,p,1.0,5
majority,42539,42541,7.09,f,y,n,f,e,c,p,4.95,13.6,,,w,,,t,r,,w,a,e,p,1.0,5
majority,33589,33591,7.66,s,l,w,f,d,,w,3.47,10.3,,,w,,,f,f,,g,u,e,p,1.0,6
majority,17375,17377,6.18,f,d,w,f,s,c,w,6.91,32.15,,,w,,,f,f,,m,u,e,p,1.0,5
majority,50781,50783,3.76,x,k,n,f,p,,e,5.47,10.95,,,n,,,f,f,,d,a,e,p,1.0,6
majority,5320,5320,8.14,f,,g,f,s,c,p,6.24,19.12,b,,u,,,f,f,,d,w,e,p,1.0,5
majority,2569,2569,7.21,c,t,n,f,e,,w,13.26,13.44,,s,w,u,w,f,f,,d,u,e,p,1.0,3
majority,18889,18891,3.49,f,s,w,f,d,d,w,3.49,6.22,,,w,,,f,f,,g,a,e,p,1.0,5
majority,33735,33737,6.44,s,l,w,f,d,,p,3.32,8.79,,,w,,,f,f,,g,u,e,p,1.0,6
majority,5784,5784,14.3,x,e,g,f,d,c,w,7.95,25.0,s,,w,,,f,f,,l,w,e,p,1.0,4
majority,31532,31534,5.61,x,y,n,f,e,c,w,4.71,9.22,,y,n,,,f,f,,d,a,e,p,1.0,4
majority,53267,53269,8.79,x,h,n,f,p,d,y,6.84,12.59,,s,n,,,f,f,,h,a,e,p,1.0,4
majority,51401,51403,5.38,x,t,o,f,p,,n,6.57,12.25,,,e,,,f,f,,d,u,e,p,1.0,6
majority,6524,6524,6.24,s,,n,f,d,c,w,5.01,7.99,,s,w,,,f,f,,h,u,e,p,1.0,5
majority,54469,54471,4.69,f,w,y,f,f,f,f,4.2,11.15,,,y,,,f,f,,d,a,e,p,1.0,5
majority,50600,50602,3.38,x,k,n,f,p,,y,4.82,10.31,,,y,,,f,f,,d,a,e,p,1.0,6
majority,51262,51264,3.86,x,t,o,f,p,,n,5.06,10.44,,,n,,,f,f,,d,a,e,p,1.0,6
majority,52966,52968,7.58,x,t,n,f,p,d,y,5.8,10.92,,s,n,,,f,f,,h,a,e,p,1.0,4
majority,25327,25329,18.0,f,t,k,f,a,d,k,6.33,23.71,,,w,,,f,f,w,d,a,e,p,1.0,4
majority,58303,58449,52.41,o,y,y,f,p,,y,5.47,25.02,,k,k,,,f,f,,d,u,e,p,1.0,5
majority,12446,12447,1.51,x,s,n,f,a,,w,7.21,2.27,,t,y,,,f,f,,g,u,e,p,1.0,5
majority,55202,55204,4.83,o,l,n,f,f,f,f,7.97,40.71,,,n,,,f,f,g,l,w,e,p,1.0,4
majority,4814,4814,2.34,x,,b,f,,d,u,4.59,3.71,,,w,,,f,f,,d,w,e,p,1.0,7
majority,51989,51991,6.22,x,,g,t,p,,g,10.72,23.74,,y,w,,,f,f,,d,a,e,p,1.0,6
majority,25404,25406,16.02,x,s,w,f,a,d,y,6.42,22.95,,,w,,,f,f,w,d,a,e,p,1.0,4
majority,24486,24488,11.78,x,e,y,f,x,c,w,7.42,23.41,,,w,,,f,f,,d,a,e,p,1.0,5
majority,48466,48468,22.68,p,t,n,f,p,,w,18.45,84.05,,,n,,,f,f,,d,a,e,p,1.0,6
majority,8570,8570,6.12,f,s,n,f,x,c,w,6.71,9.88,,s,n,,,f,f,,l,w,e,p,1.0,4
majority,60450,60596,7.1,c,,n,f,f,f,f,6.1,21.39,,,n,,,f,f,,l,s,e,p,1.0,6
majority,20227,20229,7.26,f,d,b,f,d,d,b,6.4,12.67,,,w,,,f,f,,d,a,e,p,1.0,5
majority,11433,11434,1.61,c,g,n,f,a,,w,5.03,1.66,,,g,,,f,f,,l,u,e,p,1.0,6
majority,25150,25152,17.17,s,s,k,f,a,d,y,6.63,23.74,,,w,,,f,f,w,d,a,e,p,1.0,4
majority,3147,3147,17.43,p,y,n,f,,,w,17.79,17.56,s,,n,,,t,m,,m,u,e,p,1.0,6
majority,2009,2009,5.95,x,,y,f,e,,w,6.01,12.72,b,,y,u,w,t,g,,d,u,e,p,1.0,4
majority,43491,43493,9.55,p,y,n,t,e,,p,8.97,17.35,,y,w,,,t,p,,l,a,e,p,1.0,5
majority,9350,9350,2.93,b,g,n,f,x,d,w,3.86,2.86,,,y,,,f,f,,g,u,e,p,1.0,5
majority,17616,17618,7.1,x,s,w,f,s,c,w,5.16,31.43,,,w,,,f,f,,m,u,e,p,1.0,5
majority,16325,16327,5.28,x,y,n,f,s,,g,4.78,8.59,,,w,,,f,f,,d,a,e,p,1.0,6
majority,46486,46488,3.85,f,,n,f,x,c,w,5.86,4.02,,,w,,,f,f,,d,a,e,p,1.0,6
majority,56107,56109,8.45,o,,n,f,,,w,3.67,18.62,,,n,,,f,f,,d,u,e,p,1.0,8
majority,44091,44093,11.24,p,s,w,f,e,c,k,18.75,13.24,,s,w,,,t,e,,g,w,e,p,1.0,4
majority,3387,3387,14.2,x,e,n,t,e,,w,8.13,16.67,,,w,,,t,,,g,u,e,p,1.0,7
majority,60546,60692,4.53,c,,g,f,f,f,f,5.41,18.86,,,n,,,f,f,,l,s,e,p,1.0,6
majority,18731,18733,3.83,x,s,w,f,d,d,w,3.5,5.81,,,w,,,f,f,,m,w,e,p,1.0,5
majority,14972,14974,12.15,x,s,e,f,d,d,w,9.55,15.68,,i,n,,,t,,w,d,a,e,p,1.0,4
majority,51834,51836,20.92,p,d,o,f,p,,n,16.9,37.14,s,y,w,,,f,f,,d,a,e,p,1.0,4
majority,30503,30505,10.37,s,t,p,t,d,c,o,6.03,16.87,,,w,,,f,f,,d,u,e,p,1.0,5
majority,33569,33571,6.9,x,l,w,f,d,,w,3.75,10.02,,,w,,,f,f,,d,u,e,p,1.0,6
majority,18039,18041,7.12,f,s,n,f,s,c,w,6.12,11.36,b,i,n,,,f,f,,g,a,e,p,1.0,3
majority,55928,55930,10.25,s,,n,f,,,w,3.68,20.53,,,n,,,f,f,,d,a,e,p,1.0,8
majority,26283,26285,11.77,x,s,n,f,x,,n,5.53,20.14,,,w,,,f,f,,d,a,e,p,1.0,6
majority,45748,45750,1.03,p,g,w,f,,,g,3.35,1.58,,,w,,,f,f,,d,u,e,p,1.0,7
majority,55793,55795,9.26,o,,n,f,,,w,5.45,26.81,,,n,,,f,f,,d,a,e,p,1.0,8
majority,20440,20442,6.67,f,s,o,f,d,d,o,6.53,13.05,,,w,,,f,f,,d,a,e,p,1.0,5
majority,6464,6464,5.05,s,,n,f,d,c,w,5.41,8.11,,s,w,,,f,f,,l,u,e,p,1.0,5
majority,16104,16106,6.0,f,h,k,f,s,d,w,5.22,10.17,,s,g,,,f,f,,d,u,e,p,1.0,4
majority,25011,25013,7.71,x,s,u,f,a,c,w,4.68,15.27,,,w,,,f,f,,d,u,e,p,1.0,5
majority,52518,52520,9.26,x,h,y,f,p,,y,6.69,14.74,,,y,,y,t,,,d,u,e,p,1.0,6
majority,52145,52147,6.15,x,,n,t,p,,g,11.41,24.89,,y,w,,,f,f,,d,a,e,p,1.0,6
majority,35297,35299,4.23,x,,n,f,x,c,w,7.96,8.1,b,,n,,w,t,,,g,a,e,p,1.0,5
majority,42647,42649,5.58,x,i,n,f,e,c,p,4.38,12.34,,,w,,,t,r,,w,u,e,p,1.0,5
majority,8499,8499,6.33,f,s,b,f,x,c,w,6.67,9.84,,s,n,,,f,f,,l,w,e,p,1.0,4
majority,51602,51604,17.14,p,d,o,f,p,,w,15.39,32.95,s,y,w,,,f,f,,d,a,e,p,1.0,4
majority,35113,35115,5.49,x,,w,f,x,c,n,8.37,10.26,b,,n,,w,t,,,d,u,e,p,1.0,5
majority,25051,25053,7.46,f,s,k,f,a,c,w,5.15,14.69,,,w,,,f,f,,d,a,e,p,1.0,5
majority,19011,19013,3.92,f,s,w,f,d,d,w,3.54,6.6,,,w,,,f,f,,g,w,e,p,1.0,5
majority,60287,60433,5.06,p,,g,f,f,f,f,5.56,19.91,,,n,,,f,f,,l,s,e,p,1.0,6
majority,22331,22333,8.87,x,t,y,t,x,c,y,7.7,17.4,,,w,,,f,f,,d,a,e,p,1.0,5
majority,31083,31085,8.79,x,s,n,f,e,c,w,6.68,9.8,,i,w,,,f,f,p,d,a,e,p,1.0,3
majority,10403,10404,4.37,f,g,g,f,a,d,g,5.45,3.21,,s,n,,,f,f,,d,w,e,p,1.0,4
majority,15393,15395,10.17,x,y,y,f,,,w,5.28,21.8,b,,n,,w,t,e,,d,w,e,p,1.0,5
majority,35100,35102,4.09,x,,n,f,x,c,w,7.63,8.15,b,,w,,w,t,,,d,s,e,p,1.0,5
majority,33842,33844,7.28,x,l,w,f,d,,p,3.65,9.07,,,w,,,f,f,,d,u,e,p,1.0,6
majority,14990,14992,11.38,x,s,n,f,d,d,w,7.68,15.18,,i,n,,,t,,w,d,u,e,p,1.0,4
majority,15965,15967,5.05,f,h,g,f,s,d,w,3.98,9.39,,s,g,,,f,f,,d,a,e,p,1.0,4
majority,27120,27122,10.9,s,,w,t,d,c,p,6.19,21.85,,,w,,,f,f,,d,u,e,p,1.0,6
majority,46685,46687,3.08,x,h,n,f,,c,n,6.32,6.34,,s,w,,w,f,f,k,d,u,e,p,1.0,3
majority,55829,55831,7.94,o,,n,f,,,w,3.78,22.71,,,n,,,f,f,,d,a,e,p,1.0,8
majority,42839,42841,13.33,p,s,n,t,e,,g,8.14,16.12,s,,w,,,t,r,,m,a,e,p,1.0,5
majority,53185,53187,8.5,x,h,n,f,p,d,y,8.44,12.76,,s,n,,,f,f,,d,u,e,p,1.0,4
majority,21200,21202,3.7,x,t,n,f,d,,o,6.02,7.56,,t,o,,,f,f,,d,a,e,p,1.0,5
majority,14863,14865,13.78,f,s,n,f,d,d,w,9.89,17.3,,i,n,,,t,,w,d,w,e,p,1.0,4
majority,48725,48727,10.52,x,t,n,t,p,,y,5.89,21.77,,,n,,,f,f,,d,u,e,p,1.0,6
majority,51347,51349,4.72,x,t,n,f,p,,n,5.78,11.58,,,e,,,f,f,,d,a,e,p,1.0,6
majority,26300,26302,12.4,f,s,y,f,x,,n,8.06,22.05,,,n,,,f,f,,d,u,e,p,1.0,6
majority,8791,8791,5.44,f,s,b,f,x,c,w,6.44,10.03,,s,n,,,f,f,,l,w,e,p,1.0,4
majority,42973,42975,10.87,p,s,n,t,e,,n,8.99,16.78,s,,w,,,t,l,,m,a,e,p,1.0,5
majority,2716,2716,6.25,c,t,n,f,e,,w,12.26,12.54,,s,n,u,w,f,f,,d,a,e,p,1.0,3
majority,52006,52008,7.59,x,,g,t,p,,g,9.59,24.45,,y,w,,,f,f,,d,a,e,p,1.0,6
majority,36311,36313,5.06,x,h,n,f,x,c,w,5.56,6.23,,s,n,,,t,r,,d,u,e,p,1.0,4
majority,6982,6982,3.83,x,,r,f,a,,r,5.88,6.82,,,r,,,f,f,,d,a,e,p,1.0,7
majority,14235,14237,5.76,x,h,n,f,a,d,n,4.04,4.03,,t,w,,,t,l,,d,w,e,p,1.0,4
majority,43446,43448,10.05,x,y,n,t,e,,p,8.98,18.08,,y,w,,,t,l,,d,a,e,p,1.0,5
majority,54573,54575,5.03,f,w,y,f,f,f,f,5.53,14.28,,,y,,,f,f,,d,a,e,p,1.0,5
majority,49430,49432,8.65,x,d,n,t,p,,y,7.7,16.15,,,y,,,f,f,,d,a,e,p,1.0,6
majority,5250,5250,13.84,f,,n,f,s,c,u,8.15,22.74,,,u,,,f,f,,d,a,e,p,1.0,6
majority,5855,5855,18.96,x,e,n,f,d,c,w,8.9,27.05,s,,w,,,f,f,,l,w,e,p,1.0,4
majority,8597,8597,5.73,x,s,b,f,x,c,w,7.27,8.94,,s,n,,,f,f,,l,w,e,p,1.0,4
majority,42395,42397,7.45,f,y,n,f,e,c,n,5.35,13.79,,,w,,,t,l,,w,a,e,p,1.0,5
majority,14135,14137,5.39,x,t,n,f,a,d,n,6.43,5.31,,t,w,,,t,l,,d,u,e,p,1.0,4
majority,54379,54381,3.92,f,w,y,f,f,f,f,5.24,13.03,,,y,,,f,f,,d,a,e,p,1.0,5
majority,26409,26411,8.63,x,s,r,f,x,,n,4.63,18.76,,,n,,,f,f,,d,a,e,p,1.0,6
majority,1803,1803,6.57,x,,w,f,e,,w,5.74,11.9,b,,y,u,w,t,g,,d,a,e,p,1.0,4
majority,24916,24918,9.11,x,s,k,f,a,c,w,5.57,18.57,,,w,,,f,f,,d,u,e,p,1.0,5
majority,44045,44047,8.05,p,s,w,f,e,c,p,14.92,11.4,,s,w,,,t,e,,d,a,e,p,1.0,4
majority,22461,22463,7.47,x,h,y,t,x,c,y,7.74,13.47,,,w,,,f,f,,d,a,e,p,1.0,5
majority,17434,17436,7.36,x,s,w,f,s,c,w,7.49,30.93,,,w,,,f,f,,m,u,e,p,1.0,5
majority,12607,12608,1.43,x,t,n,f,d,,w,5.01,1.37,,t,y,,,f,f,,h,u,e,p,1.0,5
majority,18740,18742,3.96,x,s,w,f,d,d,w,4.52,5.84,,,w,,,f,f,,g,a,e,p,1.0,5
majority,15921,15923,5.29,f,h,k,f,s,d,w,5.33,10.39,,s,g,,,f,f,,d,u,e,p,1.0,4
majority,30463,30465,9.44,s,t,p,t,d,c,o,6.63,18.16,,,w,,,f,f,,d,a,e,p,1.0,5
majority,2772,2772,5.14,c,t,n,f,e,,w,11.56,11.33,,s,w,u,w,f,f,,d,u,e,p,1.0,3
majority,12641,12642,1.32,x,s,y,f,a,,w,5.67,1.94,,t,y,,,f,f,,d,a,e,p,1.0,5
majority,55354,55356,5.03,s,l,n,f,f,f,f,6.87,50.31,,,n,,,f,f,g,d,u,e,p,1.0,4
majority,57153,57183,10.11,f,e,b,f,,c,b,4.53,18.96,,,w,,,t,f,,d,a,e,p,1.0,6
majority,9395,9395,3.36,b,g,w,f,x,d,w,4.64,2.74,,,y,,,f,f,,g,a,e,p,1.0,5
majority,1233,1233,8.43,f,,n,t,,,w,11.72,16.93,b,,w,u,w,t,g,,d,u,e,p,1.0,5
majority,16712,16714,7.49,f,h,o,f,s,,y,8.59,12.74,,i,o,,,f,f,,d,a,e,p,1.0,5
majority,26317,26319,10.15,x,s,u,f,x,,n,7.89,24.37,,,p,,,f,f,,d,a,e,p,1.0,6
majority,6632,6632,6.58,s,,n,f,d,c,w,4.2,7.27,,s,w,,,f,f,,l,a,e,p,1.0,5
majority,15894,15896,5.38,b,h,k,f,s,d,w,3.92,8.8,,s,g,,,f,f,,d,a,e,p,1.0,4
majority,20450,20452,5.63,s,s,o,f,d,d,o,5.37,11.95,,,w,,,f,f,,d,a,e,p,1.0,5
majority,43693,43695,10.76,p,i,n,t,e,,p,9.5,19.07,,y,w,,,t,p,,l,a,e,p,1.0,5
majority,11801,11802,1.0,f,g,n,t,a,,p,6.02,1.07,,,n,,,f,f,,d,a,e,p,1.0,6
majority,42381,42383,6.67,f,y,n,f,e,c,p,4.79,12.99,,,w,,,t,l,,w,a,e,p,1.0,5
majority,11451,11452,1.58,c,g,n,f,a,,g,5.41,1.86,,,g,,,f,f,,d,u,e,p,1.0,6
majority,46441,46443,4.39,f,,y,f,x,c,u,6.66,3.99,,,w,,,f,f,,d,u,e,p,1.0,6
majority,22564,22566,8.17,x,h,y,t,x,c,y,7.53,13.19,,,w,,,f,f,,d,a,e,p,1.0,5
majority,11319,11320,1.42,c,g,n,f,a,,g,4.97,1.35,,,g,,,f,f,,l,a,e,p,1.0,6
majority,30550,30552,9.36,s,t,o,t,d,c,o,5.83,17.93,,,w,,,f,f,,d,u,e,p,1.0,5
majority,16116,16118,5.69,f,h,k,f,s,d,g,4.64,10.58,,s,g,,,f,f,,d,a,e,p,1.0,4
majority,17963,17965,8.73,x,,g,f,a,,w,7.85,15.07,,,g,,,f,f,,g,a,e,p,1.0,7
majority,12689,12690,1.36,x,s,y,f,a,,w,4.86,1.78,,t,y,,,f,f,,g,u,e,p,1.0,5
majority,14658,14660,3.85,f,h,n,f,a,d,y,5.88,5.94,,s,o,,,f,f,,d,a,e,p,1.0,4
majority,26846,26848,11.06,s,,w,t,d,c,y,5.03,22.74,,,w,,,f,f,,d,a,e,p,1.0,6
majority,14754,14756,4.0,x,h,n,f,a,d,y,6.56,5.79,,k,n,,,f,f,,d,s,e,p,1.0,4
majority,15952,15954,6.24,f,h,k,f,s,d,g,4.59,8.87,,s,g,,,f,f,,d,u,e,p,1.0,4
majority,6737,6737,4.74,x,,r,f,d,,r,5.91,7.52,,,r,,,f,f,,d,u,e,p,1.0,7
majority,4404,4404,2.85,s,y,n,f,d,d,p,6.31,3.33,,i,n,,,f,f,,l,a,e,p,1.0,4
majority,14535,14537,4.81,x,h,n,f,a,d,y,7.41,5.45,,s,n,,,f,f,,d,s,e,p,1.0,4
majority,35189,35191,4.42,x,,n,f,x,c,n,7.62,8.73,b,,n,,w,t,,,g,s,e,p,1.0,5
majority,35282,35284,5.02,x,,n,f,x,c,n,8.05,10.13,b,,n,,w,t,,,d,a,e,p,1.0,5
majority,54890,54892,3.51,s,,n,f,f,f,f,6.44,6.74,,,o,,,f,f,,d,a,e,p,1.0,6
majority,44001,44003,10.44,p,y,w,f,e,c,p,14.68,12.1,,s,w,,,t,e,,g,w,e,p,1.0,4
majority,5129,5129,13.82,f,,u,f,s,c,u,8.54,22.48,,,u,,,f,f,,l,a,e,p,1.0,6
majority,8668,8668,5.88,f,s,n,f,x,c,w,7.36,10.63,,s,n,,,f,f,,l,w,e,p,1.0,4
majority,14203,14205,6.64,x,t,g,f,a,d,n,6.1,5.65,,t,g,,,t,l,,d,w,e,p,1.0,4
majority,11944,11945,0.97,f,g,n,t,a,,p,5.15,0.92,,,n,,,f,f,,d,a,e,p,1.0,6
majority,57056,57086,8.66,f,e,b,f,,c,b,4.86,18.2,,,w,,,t,f,,d,a,e,p,1.0,6
majority,55797,55799,6.89,o,,n,f,,,w,4.56,21.5,,,n,,,f,f,,d,u,e,p,1.0,8
majority,50514,50516,2.96,x,k,n,f,p,,n,4.01,10.02,,,y,,,f,f,,d,a,e,p,1.0,6
majority,11895,11896,0.88,f,g,e,t,a,,p,4.92,0.95,,,n,,,f,f,,h,u,e,p,1.0,6
majority,17477,17479,7.9,f,d,w,f,s,c,w,7.19,31.52,,,w,,,f,f,,d,u,e,p,1.0,5
majority,30398,30400,11.58,s,t,p,t,d,c,o,7.25,17.93,,,w,,,f,f,,d,u,e,p,1.0,5
majority,42517,42519,8.48,x,y,n,f,e,c,n,5.31,13.96,,,w,,,t,r,,w,a,e,p,1.0,5
majority,51301,51303,5.35,x,s,n,f,p,,n,6.15,11.68,,,e,,,f,f,,d,u,e,p,1.0,6
majority,22326,22328,5.07,x,h,y,t,x,c,y,7.04,14.4,,,w,,,f,f,,d,a,e,p,1.0,5
majority,33696,33698,7.68,x,l,w,f,d,,w,3.53,10.48,,,w,,,f,f,,d,u,e,p,1.0,6
majority,50518,50520,3.49,x,k,n,f,p,,y,4.78,9.85,,,y,,,f,f,,d,a,e,p,1.0,6
majority,49195,49197,6.61,x,d,e,t,p,,r,5.98,13.11,,,y,,,f,f,,d,u,e,p,1.0,6
majority,6354,6354,6.91,s,,n,f,d,c,w,5.37,8.07,,s,w,,,f,f,,d,a,e,p,1.0,5
majority,16375,16377,6.44,x,y,g,f,s,,g,5.19,8.59,,,w,,,f,f,,d,u,e,p,1.0,6
majority,10379,10380,3.78,f,g,g,f,a,d,g,5.25,3.14,,s,n,,,f,f,,d,a,e,p,1.0,4
majority,1401,1401,9.25,x,,n,t,,,w,9.54,17.14,b,,w,u,w,t,g,,d,a,e,p,1.0,5
majority,52569,52571,8.72,x,h,y,f,p,,y,8.11,15.42,,,y,,y,t,,,d,a,e,p,1.0,6
majority,60308,60454,5.53,p,,g,f,f,f,f,4.97,23.67,,,n,,,f,f,,l,s,e,p,1.0,6
majority,18807,18809,2.02,x,s,w,f,d,d,w,2.72,4.8,,,w,,,f,f,,m,w,e,p,1.0,5
majority,25384,25386,11.08,s,t,n,f,a,d,y,6.3,21.42,,,w,,,f,f,w,d,a,e,p,1.0,4
majority,6824,6824,4.36,x,,l,f,a,,r,5.62,6.99,,,r,,,f,f,,l,u,e,p,1.0,7
majority,19032,19034,3.18,f,s,w,f,d,d,w,3.28,4.71,,,w,,,f,f,,m,w,e,p,1.0,5
majority,54725,54727,3.26,s,,n,f,f,f,f,6.24,6.2,,,y,,,f,f,,d,a,e,p,1.0,6
majority,12670,12671,1.62,x,t,y,f,d,,w,6.46,2.06,,t,y,,,f,f,,d,u,e,p,1.0,5
majority,20639,20641,3.59,x,s,e,f,a,c,e,3.94,6.26,,,o,,,f,f,,m,w,e,p,1.0,5
majority,21616,21618,6.09,x,,y,f,a,c,w,6.55,13.85,,,g,,,f,f,,d,u,e,p,1.0,6
majority,42214,42216,4.61,p,s,w,f,e,c,p,4.7,12.1,,,w,,w,t,e,,m,u,e,p,1.0,4
majority,20729,20731,3.98,x,s,e,f,a,c,o,5.38,7.46,,,o,,,f,f,,m,w,e,p,1.0,5
majority,14238,14240,5.69,x,h,g,f,a,d,n,5.69,4.7,,t,w,,,t,l,,d,w,e,p,1.0,4
majority,1214,1214,8.82,f,,n,t,,,w,10.5,18.64,b,,w,u,w,t,g,,d,a,e,p,1.0,5
majority,26358,26360,10.18,f,s,r,f,x,,n,6.91,21.9,,,p,,,f,f,,d,w,e,p,1.0,6
majority,46040,46042,1.46,x,w,g,f,,d,k,5.24,2.63,,,w,,,f,f,,g,a,e,p,1.0,6
majority,53155,53157,8.61,x,h,n,f,p,d,y,6.78,12.9,,s,n,,,f,f,,d,u,e,p,1.0,4
majority,46707,46709,3.58,x,h,n,f,,c,n,5.76,6.58,,s,w,,w,f,f,k,d,a,e,p,1.0,3
majority,58136,58282,49.29,o,y,y,f,p,,y,7.28,38.04,,k,k,,,f,f,,d,u,e,p,1.0,5
majority,20369,20371,6.1,s,d,o,f,d,d,b,6.0,12.28,,,w,,,f,f,,d,a,e,p,1.0,5
majority,27133,27135,11.37,s,,w,t,d,c,w,6.13,26.38,,,w,,,f,f,,d,u,e,p,1.0,6
majority,42683,42685,5.32,x,y,n,f,e,c,n,4.34,10.98,,,w,,,t,l,,w,a,e,p,1.0,5
majority,7012,7012,4.58,x,,r,f,a,,r,6.53,9.02,,,r,,,f,f,,l,u,e,p,1.0,7
majority,43459,43461,9.88,p,i,n,t,e,,p,9.14,18.21,,y,w,,,t,l,,d,a,e,p,1.0,5
majority,5440,5440,6.07,x,,g,f,s,c,p,5.1,20.2,b,,u,,,f,f,,d,w,e,p,1.0,5
majority,15154,15156,11.4,x,s,n,f,d,d,w,9.27,14.15,,i,n,,,t,,w,d,w,e,p,1.0,4
majority,16272,16274,5.06,f,y,g,f,s,,w,4.67,7.33,,,w,,,f,f,,d,u,e,p,1.0,6
majority,42205,42207,7.6,x,y,w,f,e,c,p,4.92,12.3,,,w,,w,t,e,,g,u,e,p,1.0,4
majority,11588,11589,1.36,c,g,n,f,a,,w,4.84,1.34,,,g,,,f,f,,d,u,e,p,1.0,6
majority,48389,48391,18.09,p,t,n,f,p,,y,16.15,67.91,,,n,,,f,f,,d,u,e,p,1.0,6
majority,21598,21600,5.64,x,,y,f,a,c,w,4.89,13.07,,,g,,,f,f,,d,u,e,p,1.0,6
majority,21973,21975,4.64,x,,y,f,a,c,o,3.71,8.65,,,w,,,f,f,,d,a,e,p,1.0,6
majority,51570,51572,18.39,p,d,n,f,p,,w,16.45,33.84,s,y,w,,,f,f,,d,a,e,p,1.0,4
majority,26131,26133,11.95,x,s,u,f,x,,n,9.11,24.84,,,w,,,f,f,,d,w,e,p,1.0,6
majority,31524,31526,6.89,x,y,n,f,e,c,p,4.93,10.43,,y,n,,,f,f,,d,u,e,p,1.0,4
majority,16912,16914,9.2,f,t,o,f,s,,n,9.25,13.57,,i,n,,,f,f,,d,a,e,p,1.0,5
majority,24020,24022,7.95,x,,n,f,x,c,w,7.8,20.04,,s,w,,,f,f,,d,u,e,p,1.0,5
majority,46283,46285,4.64,x,,w,f,x,c,u,6.28,4.14,,,w,,,f,f,,d,a,e,p,1.0,6
majority,48475,48477,17.99,x,t,n,f,p,,y,10.98,56.47,,,n,,,f,f,,d,a,e,p,1.0,6
majority,45640,45642,0.75,p,g,g,f,,,g,2.6,1.42,,,w,,,f,f,,d,w,e,p,1.0,7
majority,14306,14308,6.47,x,h,g,f,a,d,n,6.6,5.26,,t,g,,,t,l,,d,a,e,p,1.0,4
majority,22227,22229,4.67,x,,y,f,a,c,y,4.58,9.87,,,w,,,f,f,,d,a,e,p,1.0,6
majority,2595,2595,5.59,c,h,n,f,e,,w,12.51,12.03,,s,n,u,w,f,f,,d,u,e,p,1.0,3
majority,4895,4895,1.67,x,,b,f,,d,u,5.07,4.21,,,w,,,f,f,,d,u,e,p,1.0,7
majority,30358,30360,11.74,s,t,w,t,d,c,o,5.3,16.94,,,w,,,f,f,,d,u,e,p,1.0,5
majority,25301,25303,15.09,f,s,n,f,a,d,k,7.81,24.06,,,w,,,f,f,w,d,a,e,p,1.0,4
majority,15940,15942,5.64,b,h,g,f,s,d,w,5.15,9.87,,s,g,,,f,f,,d,a,e,p,1.0,4
majority,31719,31721,6.23,x,y,n,f,e,c,w,6.2,9.74,,y,n,,,f,f,,d,u,e,p,1.0,4
majority,55429,55431,12.64,f,,b,f,d,c,w,2.47,13.08,,,w,,,f,f,,d,w,e,p,1.0,6
majority,21750,21752,7.22,x,,y,f,a,c,w,6.3,13.91,,,w,,,f,f,,d,w,e,p,1.0,6
majority,29932,29934,3.36,s,d,u,t,d,c,p,4.58,5.69,,,n,,,f,f,,d,u,e,p,1.0,5
majority,45930,45932,1.71,f,w,g,f,,d,g,5.54,2.83,,,w,,,f,f,,g,w,e,p,1.0,6
majority,1397,1397,10.12,x,,n,t,,,w,10.93,15.76,b,,w,u,w,t,g,,d,a,e,p,1.0,5
majority,17553,17555,8.43,f,s,w,f,s,c,w,6.79,28.55,,,w,,,f,f,,m,u,e,p,1.0,5
majority,24721,24723,7.84,f,s,u,f,a,c,w,4.59,16.84,,,w,,,f,f,,d,u,e,p,1.0,5
majority,11450,11451,1.73,c,g,n,f,a,,w,4.97,1.63,,,g,,,f,f,,l,u,e,p,1.0,6
majority,22393,22395,6.49,x,t,y,t,x,c,y,8.77,16.37,,,w,,,f,f,,d,u,e,p,1.0,5
majority,52861,52863,9.41,x,h,n,t,p,,y,8.13,17.23,,,n,,w,t,p,,d,a,e,p,1.0,5
majority,52327,52329,7.36,x,t,y,f,p,,y,8.55,15.64,,,y,,y,t,,,d,a,e,p,1.0,6
majority,54832,54834,3.84,s,,n,f,f,f,f,6.49,7.89,,,o,,,f,f,,d,a,e,p,1.0,6
majority,54679,54681,4.63,x,w,y,f,f,f,f,4.39,14.47,,,y,,,f,f,,d,a,e,p,1.0,5
majority,45260,45262,3.16,b,y,n,f,,c,n,6.15,2.72,,,w,,,f,f,,d,u,e,p,1.0,6
majority,53042,53044,8.77,x,t,n,f,p,d,y,7.59,14.04,,s,n,,,f,f,,h,u,e,p,1.0,4
majority,1256,1256,12.55,f,,n,t,,,w,11.87,18.01,b,,w,u,w,t,g,,d,u,e,p,1.0,5
majority,31569,31571,6.88,x,y,n,f,e,c,p,4.77,10.07,,y,n,,,f,f,,d,a,e,p,1.0,4
majority,24003,24005,7.53,x,,n,f,x,c,w,7.75,15.88,,s,w,,,f,f,,d,u,e,p,1.0,5
majority,21288,21290,4.33,x,t,n,f,d,,o,6.59,7.6,,t,w,,,f,f,,d,w,e,p,1.0,5
majority,30626,30628,9.18,s,t,p,t,d,c,o,6.19,17.53,,,w,,,f,f,,d,a,e,p,1.0,5
majority,45216,45218,3.24,b,y,n,f,,c,n,6.83,3.05,,,w,,,f,f,,d,a,e,p,1.0,6
majority,30446,30448,10.86,s,t,w,t,d,c,o,6.52,18.26,,,w,,,f,f,,d,u,e,p,1.0,5
majority,17916,17918,8.68,x,,g,f,a,,w,8.04,14.69,,,w,,,f,f,,d,a,e,p,1.0,7
majority,15983,15985,7.16,b,h,k,f,s,d,w,4.72,9.07,,s,g,,,f,f,,d,a,e,p,1.0,4
majority,24071,24073,6.74,x,,e,f,x,c,w,6.57,15.91,,s,w,,,f,f,,d,u,e,p,1.0,5
majority,8472,8472,6.06,x,s,n,f,x,c,w,7.61,10.03,,s,n,,,f,f,,l,a,e,p,1.0,4
majority,54924,54926,3.16,s,,n,f,f,f,f,6.23,7.84,,,o,,,f,f,,d,a,e,p,1.0,6
majority,36256,36258,6.24,x,h,n,f,x,c,w,5.79,5.87,,y,n,,,t,r,,d,u,e,p,1.0,4
majority,11772,11773,0.99,f,g,n,t,a,,w,6.01,0.92,,,n,,,f,f,,h,u,e,p,1.0,6
majority,55056,55058,2.92,s,,y,f,f,f,f,6.22,7.6,,,y,,,f,f,,d,a,e,p,1.0,6
majority,31211,31213,6.74,x,s,n,f,e,c,p,6.7,9.33,,i,w,,,f,f,p,d,u,e,p,1.0,3
majority,26440,26442,11.36,f,s,r,f,x,,n,5.64,18.56,,,p,,,f,f,,d,a,e,p,1.0,6
majority,20669,20671,3.54,x,h,p,f,a,c,e,5.25,6.49,,,o,,,f,f,,g,a,e,p,1.0,5
majority,51585,51587,20.41,p,d,n,f,p,,w,16.37,35.21,s,y,w,,,f,f,,d,a,e,p,1.0,4
majority,35296,35298,3.76,x,,w,f,x,c,w,7.69,7.74,b,,w,,w,t,,,d,a,e,p,1.0,5
majority,12455,12456,1.62,x,g,y,f,a,,w,6.68,2.27,,t,y,,,f,f,,d,u,e,p,1.0,5
majority,18259,18261,7.52,f,s,n,f,s,c,w,5.8,10.32,b,i,n,,,f,f,,l,u,e,p,1.0,3
majority,17376,17378,9.5,f,d,w,f,s,c,w,6.33,29.98,,,w,,,f,f,,d,u,e,p,1.0,5
majority,52355,52357,8.62,x,t,y,f,p,,y,7.39,15.62,,,y,,y,t,,,d,u,e,p,1.0,6
majority,20308,20310,5.99,f,d,b,f,d,d,b,5.5,11.65,,,w,,,f,f,,g,a,e,p,1.0,5
majority,24415,24417,8.39,x,e,y,f,x,c,w,7.36,22.8,,,w,,,f,f,,d,a,e,p,1.0,5
majority,6665,6665,5.46,s,,n,f,d,c,w,5.48,7.4,,s,w,,,f,f,,d,u,e,p,1.0,5
majority,22234,22236,4.8,x,,y,f,a,c,y,3.67,8.9,,,w,,,f,f,,d,u,e,p,1.0,6
majority,14619,14621,3.68,x,t,n,f,a,d,y,6.48,4.92,,s,n,,,f,f,,d,a,e,p,1.0,4
majority,52492,52494,5.26,x,t,y,f,p,,y,6.86,13.3,,,y,,y,t,,,d,a,e,p,1.0,6
majority,10349,10350,3.61,f,g,n,f,a,d,g,4.76,3.63,,s,n,,,f,f,,d,w,e,p,1.0,4
majority,43839,43841,8.61,p,y,w,f,e,c,p,12.12,12.32,,s,w,,,t,e,,d,w,e,p,1.0,4
majority,9484,9484,3.32,b,g,w,f,x,d,w,5.17,3.17,,,y,,,f,f,,g,u,e,p,1.0,5
majority,22183,22185,2.77,x,,y,f,a,c,y,2.77,6.66,,,w,,,f,f,,d,a,e,p,1.0,6
majority,16327,16329,5.77,x,y,n,f,s,,y,5.2,9.15,,,w,,,f,f,,d,u,e,p,1.0,6
majority,49059,49061,11.23,x,h,n,t,p,,y,8.06,22.01,,,n,,,f,f,,d,u,e,p,1.0,6
majority,42323,42325,4.94,x,y,w,f,e,c,p,4.35,11.18,,,w,,w,t,e,,g,a,e,p,1.0,4
majority,4614,4614,3.03,x,,u,f,,d,u,5.99,5.09,,,w,,,f,f,,d,u,e,p,1.0,7
majority,45893,45895,1.67,f,w,n,f,,d,k,5.23,2.52,,,w,,,f,f,,d,u,e,p,1.0,6
majority,46099,46101,1.49,f,w,n,f,,d,g,4.76,2.7,,,w,,,f,f,,d,a,e,p,1.0,6
majority,55444,55446,13.88,f,,g,f,d,c,y,2.63,17.8,,,w,,,f,f,,d,a,e,p,1.0,6
majority,43960,43962,11.92,f,s,w,f,e,c,w,18.03,12.18,,s,w,,,t,e,,g,w,e,p,1.0,4
majority,17956,17958,7.33,x,,g,f,a,,w,7.12,12.48,,,g,,,f,f,,d,a,e,p,1.0,7
majority,43610,43612,10.61,x,y,n,t,e,,p,9.16,18.43,,y,w,,,t,p,,l,a,e,p,1.0,5
majority,48376,48378,18.66,p,t,n,f,p,,w,16.07,65.6,,,n,,,f,f,,d,u,e,p,1.0,6
majority,45624,45626,1.02,b,g,w,f,,,g,2.76,1.48,,,w,,,f,f,,d,u,e,p,1.0,7
majority,21972,21974,3.25,x,,y,f,a,c,o,2.89,9.21,,,w,,,f,f,,d,u,e,p,1.0,6
majority,8793,8793,6.79,x,s,n,f,x,c,w,6.32,8.76,,s,n,,,f,f,,l,w,e,p,1.0,4
majority,50829,50831,3.04,x,k,n,f,p,,e,4.42,9.82,,,y,,,f,f,,d,a,e,p,1.0,6
majority,22500,22502,8.32,x,t,y,t,x,c,y,7.75,14.13,,,w,,,f,f,,d,u,e,p,1.0,5
majority,27128,27130,12.23,s,,w,t,d,c,p,6.21,24.82,,,w,,,f,f,,d,a,e,p,1.0,6
majority,16484,16486,4.69,x,y,g,f,s,,y,3.86,6.79,,,w,,,f,f,,d,u,e,p,1.0,6
majority,30568,30570,11.66,s,t,o,t,d,c,o,5.55,17.32,,,w,,,f,f,,d,a,e,p,1.0,5
majority,11668,11669,1.21,f,g,e,t,a,,p,6.52,1.12,,,n,,,f,f,,h,u,e,p,1.0,6
majority,24418,24420,11.04,x,e,y,f,x,c,w,8.95,21.13,,,w,,,f,f,,d,a,e,p,1.0,5
majority,11373,11374,1.55,c,g,n,f,a,,g,4.9,1.51,,,g,,,f,f,,d,u,e,p,1.0,6
majority,51690,51692,20.93,x,d,n,f,p,,n,14.98,33.41,s,y,w,,,f,f,,d,u,e,p,1.0,4
majority,52839,52841,8.83,x,s,n,t,p,,y,6.94,17.54,,,n,,w,t,p,,d,u,e,p,1.0,5
majority,22472,22474,6.19,x,h,y,t,x,c,y,7.88,16.16,,,w,,,f,f,,d,a,e,p,1.0,5
majority,14380,14382,4.76,x,t,g,f,a,d,n,4.65,4.18,,t,g,,,t,l,,d,a,e,p,1.0,4
majority,22362,22364,6.76,x,h,y,t,x,c,y,7.06,15.28,,,w,,,f,f,,d,a,e,p,1.0,5
majority,49560,49562,6.72,x,d,n,t,p,,y,7.51,15.58,,,y,,,f,f,,d,a,e,p,1.0,6
majority,17574,17576,7.34,f,d,w,f,s,c,w,7.07,29.75,,,w,,,f,f,,d,u,e,p,1.0,5
majority,17621,17623,8.8,x,d,w,f,s,c,w,6.72,30.82,,,w,,,f,f,,d,s,e,p,1.0,5
majority,6739,6739,3.95,x,,w,f,a,,r,5.78,7.23,,,w,,,f,f,,l,a,e,p,1.0,7
majority,60532,60678,5.19,c,,n,f,f,f,f,5.66,19.28,,,n,,,f,f,,l,s,e,p,1.0,6
majority,31262,31264,8.23,x,s,n,f,e,c,p,6.98,9.66,,i,w,,,f,f,p,d,u,e,p,1.0,3
majority,11311,11312,1.59,c,g,n,f,a,,w,5.31,1.65,,,g,,,f,f,,l,u,e,p,1.0,6
majority,1796,1796,7.54,x,,w,f,e,,w,6.33,13.85,b,,w,u,w,t,g,,d,u,e,p,1.0,4
majority,29655,29657,2.94,s,d,n,t,d,c,p,4.67,6.13,,,n,,,f,f,,d,a,e,p,1.0,5
majority,15017,15019,10.07,x,s,y,f,a,d,w,8.78,14.29,,i,n,,,t,,w,d,w,e,p,1.0,4
majority,24763,24765,7.61,x,s,k,f,a,c,w,4.41,14.73,,,w,,,f,f,,d,a,e,p,1.0,5
majority,45649,45651,0.83,b,g,g,f,,,g,2.92,1.59,,,w,,,f,f,,d,s,e,p,1.0,7
majority,4667,4667,3.29,x,,u,f,,d,w,7.02,5.35,,,w,,,f,f,,d,w,e,p,1.0,7
majority,42691,42693,5.6,x,y,n,f,e,c,p,3.56,11.96,,,w,,,t,l,,w,u,e,p,1.0,5
majority,42711,42713,13.54,x,s,w,t,e,,n,9.32,17.28,s,,w,,,t,l,,m,u,e,p,1.0,5
majority,42887,42889,10.6,f,s,n,t,e,,g,9.27,16.76,s,,w,,,t,l,,m,u,e,p,1.0,5
majority,48793,48795,8.59,x,t,n,t,p,,y,7.71,21.94,,,n,,,f,f,,d,a,e,p,1.0,6
majority,49090,49092,7.6,x,d,y,t,p,,y,6.94,12.92,,,y,,,f,f,,d,a,e,p,1.0,6
majority,17917,17919,8.66,p,,n,f,a,,w,7.4,13.33,,,g,,,f,f,,g,a,e,p,1.0,7
majority,29893,29895,2.98,s,d,g,t,d,c,p,4.19,5.33,,,g,,,f,f,,d,a,e,p,1.0,5
majority,14601,14603,3.96,f,h,n,f,a,d,y,6.62,4.19,,s,n,,,f,f,,d,w,e,p,1.0,4
majority,51963,51965,7.96,x,,g,t,p,,g,9.81,25.48,,y,w,,,f,f,,d,u,e,p,1.0,6
majority,11724,11725,0.85,c,g,n,t,a,,w,5.47,1.03,,,n,,,f,f,,h,u,e,p,1.0,6
majority,19034,19036,2.76,f,s,w,f,d,d,w,2.89,6.12,,,w,,,f,f,,g,w,e,p,1.0,5
majority,49724,49726,6.11,x,d,y,t,p,,y,8.29,16.24,,,y,,,f,f,,d,u,e,p,1.0,6
majority,3524,3524,15.18,x,y,n,t,e,,w,9.51,17.42,,,w,,,t,,,d,a,e,p,1.0,7
majority,55349,55351,4.28,s,l,n,f,f,f,f,4.92,27.1,,,n,,,f,f,g,l,u,e,p,1.0,4
majority,20355,20357,7.38,s,d,b,f,d,d,o,6.12,13.62,,,w,,,f,f,,d,a,e,p,1.0,5
majority,58426,58572,53.52,o,y,y,f,p,,y,6.99,42.74,,k,k,,,f,f,,d,s,e,p,1.0,5
majority,5433,5433,10.04,x,,g,f,s,c,p,7.95,22.6,b,,u,,,f,f,,d,w,e,p,1.0,5
majority,43522,43524,10.5,p,y,n,t,e,,p,9.0,17.11,,y,w,,,t,l,,l,a,e,p,1.0,5
majority,42735,42737,16.83,f,s,w,t,e,,g,11.21,19.04,s,,w,,,t,r,,m,u,e,p,1.0,5
majority,26213,26215,11.26,x,s,r,f,x,,n,7.23,21.4,,,n,,,f,f,,d,w,e,p,1.0,6
majority,9325,9325,3.73,b,g,n,f,x,d,w,4.25,2.96,,,y,,,f,f,,g,u,e,p,1.0,5
majority,42629,42631,6.69,f,y,n,f,e,c,p,4.59,12.03,,,w,,,t,l,,w,a,e,p,1.0,5
majority,55282,55284,4.37,o,l,n,f,f,f,f,6.57,43.78,,,n,,,f,f,g,l,u,e,p,1.0,4
majority,20214,20216,4.4,x,s,b,f,d,d,b,5.27,11.83,,,w,,,f,f,,g,w,e,p,1.0,5
majority,8753,8753,5.58,f,s,n,f,x,c,w,6.7,9.64,,s,n,,,f,f,,l,w,e,p,1.0,4
majority,55089,55091,4.18,o,l,n,f,f,f,f,7.69,57.41,,,n,,,f,f,g,d,w,e,p,1.0,4
majority,18027,18029,6.41,f,s,n,f,s,c,w,5.77,9.34,b,i,w,,,f,f,,d,a,e,p,1.0,3
majority,24514,24516,9.23,x,e,y,f,x,c,w,6.79,19.99,,,w,,,f,f,,d,u,e,p,1.0,5
majority,35054,35056,3.95,x,,n,f,x,c,w,7.23,6.58,b,,w,,w,t,,,g,u,e,p,1.0,5
majority,3489,3489,14.74,x,y,n,t,e,,w,10.71,18.76,,,w,,,t,,,g,a,e,p,1.0,7
majority,10261,10262,3.29,b,g,g,f,a,d,g,4.89,2.6,,s,g,,,f,f,,d,a,e,p,1.0,4
majority,55683,55685,7.94,f,,w,f,d,c,w,2.18,13.15,,,w,,,f,f,,d,w,e,p,1.0,6
majority,5814,5814,12.48,f,e,g,f,a,c,w,7.71,22.55,s,,w,,,f,f,,l,w,e,p,1.0,4
majority,16242,16244,5.27,f,y,g,f,s,,g,4.41,7.23,,,w,,,f,f,,d,a,e,p,1.0,6
majority,10581,10582,3.55,f,g,g,f,a,d,g,5.36,3.73,,s,n,,,f,f,,d,s,e,p,1.0,4
majority,9464,9464,3.54,b,g,w,f,x,d,w,4.67,3.41,,,y,,,f,f,,g,u,e,p,1.0,5
majority,2942,2942,19.21,f,y,w,f,,,w,27.38,20.17,s,,n,,,t,m,,d,a,e,p,1.0,6
majority,10367,10368,3.94,f,g,g,f,a,d,g,3.98,2.67,,s,g,,,f,f,,d,s,e,p,1.0,4
majority,20292,20294,6.35,s,s,b,f,d,d,b,5.02,12.12,,,w,,,f,f,,g,a,e,p,1.0,5
majority,4991,4991,9.79,s,,u,f,s,c,u,8.58,21.63,,,u,,,f,f,,l,w,e,p,1.0,6
majority,51902,51904,6.84,x,,g,t,p,,g,12.41,24.34,,y,w,,,f,f,,d,u,e,p,1.0,6
majority,46711,46713,4.22,x,h,n,f,,c,n,6.64,6.95,,s,w,,w,f,f,k,d,u,e,p,1.0,3
majority,50523,50525,3.14,x,k,n,f,p,,n,4.48,10.29,,,n,,,f,f,,d,a,e,p,1.0,6
majority,22390,22392,6.81,x,h,y,t,x,c,y,8.01,18.31,,,w,,,f,f,,d,a,e,p,1.0,5
majority,30367,30369,8.41,s,t,o,t,d,c,o,5.03,16.58,,,w,,,f,f,,d,u,e,p,1.0,5
majority,21346,21348,3.66,f,t,n,f,d,,o,5.58,7.26,,t,o,,,f,f,,d,a,e,p,1.0,5
majority,7058,7058,4.78,x,,r,f,a,,r,6.81,8.87,,,l,,,f,f,,l,u,e,p,1.0,7
majority,4319,4319,1.58,s,y,n,f,d,d,p,5.65,3.13,,i,n,,,f,f,,l,u,e,p,1.0,4
majority,54426,54428,8.82,s,w,y,f,f,f,f,6.1,17.09,,,y,,,f,f,,d,a,e,p,1.0,5
majority,60504,60650,3.82,o,,n,f,f,f,f,4.94,19.73,,,n,,,f,f,,l,s,e,p,1.0,6
majority,29663,29665,3.01,s,d,p,t,d,c,p,4.37,6.06,,,g,,,f,f,,d,a,e,p,1.0,5
majority,54608,54610,7.23,x,w,y,f,f,f,f,4.57,11.77,,,y,,,f,f,,d,u,e,p,1.0,5
majority,45976,45978,1.48,f,w,g,f,,d,k,5.32,2.46,,,w,,,f,f,,d,w,e,p,1.0,6
majority,10372,10373,3.7,b,g,g,f,a,d,g,6.35,3.8,,s,g,,,f,f,,d,a,e,p,1.0,4
majority,14947,14949,5.87,f,s,e,f,d,d,w,8.11,15.12,,i,n,,,t,,w,d,w,e,p,1.0,4
majority,21984,21986,4.55,x,,y,f,a,c,y,5.0,10.2,,,w,,,f,f,,d,u,e,p,1.0,6
majority,42378,42380,6.16,f,y,n,f,e,c,n,4.03,12.81,,,w,,,t,l,,w,a,e,p,1.0,5
majority,31221,31223,9.79,x,s,n,f,e,c,w,7.89,11.22,,i,w,,,f,f,p,d,a,e,p,1.0,3
majority,30001,30003,2.79,s,d,n,t,d,c,p,4.19,5.74,,,g,,,f,f,,d,u,e,p,1.0,5
majority,49718,49720,6.19,x,d,y,t,p,,y,6.52,14.58,,,y,,,f,f,,d,a,e,p,1.0,6
majority,54477,54479,7.11,x,w,y,f,f,f,f,5.65,12.6,,,y,,,f,f,,d,a,e,p,1.0,5
majority,42124,42126,5.74,x,s,w,f,e,c,k,5.86,14.4,,,w,,w,t,e,,m,a,e,p,1.0,4
majority,45569,45571,0.77,p,g,w,f,,,g,2.83,1.4,,,w,,,f,f,,d,w,e,p,1.0,7
majority,26921,26923,12.18,s,,w,t,d,c,y,5.73,24.01,,,w,,,f,f,,d,a,e,p,1.0,6
majority,54858,54860,2.88,s,,n,f,f,f,f,6.02,6.92,,,y,,,f,f,,d,a,e,p,1.0,6
majority,42319,42321,6.1,p,y,w,f,e,c,k,4.79,12.73,,,w,,w,t,e,,m,a,e,p,1.0,4
majority,48421,48423,17.29,x,w,n,f,p,,y,18.78,73.78,,,n,,,f,f,,d,a,e,p,1.0,6
majority,6410,6410,6.59,s,,n,f,d,c,w,5.51,9.22,,s,w,,,f,f,,d,a,e,p,1.0,5
majority,52777,52779,9.16,x,s,n,t,p,,y,7.76,16.68,,,n,,w,t,p,,d,u,e,p,1.0,5
majority,5034,5034,14.17,s,,g,f,s,c,u,9.26,21.73,,,b,,,f,f,,d,a,e,p,1.0,6
majority,60353,60499,6.16,p,,n,f,f,f,f,5.96,21.39,,,n,,,f,f,,d,s,e,p,1.0,6
majority,48530,48532,20.77,p,w,n,f,p,,w,20.23,76.3,,,n,,,f,f,,d,a,e,p,1.0,6
majority,20657,20659,3.16,x,h,p,f,a,c,o,4.57,6.61,,,e,,,f,f,,m,u,e,p,1.0,5
majority,51507,51509,3.75,x,t,o,f,p,,n,5.05,12.58,,,n,,,f,f,,d,a,e,p,1.0,6
majority,45386,45388,2.7,b,y,n,f,,c,k,5.43,2.57,,,w,,,f,f,,d,s,e,p,1.0,6
majority,51716,51718,20.51,p,d,o,f,p,,w,16.98,35.67,s,y,w,,,f,f,,d,a,e,p,1.0,4
majority,35221,35223,4.58,x,,w,f,x,c,n,7.92,8.35,b,,w,,w,t,,,g,s,e,p,1.0,5
majority,14386,14388,5.42,x,h,g,f,a,d,n,5.52,4.39,,t,w,,,t,l,,d,a,e,p,1.0,4
majority,49371,49373,7.95,x,d,y,t,p,,y,6.43,13.32,,,e,,,f,f,,d,a,e,p,1.0,6
majority,26147,26149,11.46,f,s,y,f,x,,n,8.26,23.92,,,w,,,f,f,,d,u,e,p,1.0,6
majority,31109,31111,9.2,x,s,n,f,e,c,w,7.09,9.76,,i,w,,,f,f,p,d,s,e,p,1.0,3
majority,24065,24067,9.54,f,,e,f,x,c,w,7.65,22.57,,s,w,,,f,f,,d,u,e,p,1.0,5
majority,2616,2616,6.1,x,h,n,f,e,,w,13.64,11.91,,s,n,u,w,f,f,,d,a,e,p,1.0,3
majority,16013,16015,5.31,f,h,g,f,s,d,w,3.84,9.24,,s,g,,,f,f,,d,u,e,p,1.0,4
majority,15929,15931,5.05,f,h,k,f,s,d,g,4.55,9.5,,s,g,,,f,f,,d,a,e,p,1.0,4
majority,53025,53027,8.27,x,t,n,f,p,d,y,6.58,12.82,,s,n,,,f,f,,h,u,e,p,1.0,4
majority,18287,18289,6.18,f,s,n,f,s,c,w,5.96,9.64,b,i,w,,,f,f,,d,a,e,p,1.0,3
majority,26143,26145,12.04,f,s,u,f,x,,n,8.07,29.74,,,p,,,f,f,,d,w,e,p,1.0,6
majority,1272,1272,10.52,x,,n,t,,,w,11.54,18.67,b,,w,u,w,t,g,,d,u,e,p,1.0,5
majority,51996,51998,7.28,x,,g,t,p,,g,10.21,22.38,,y,w,,,f,f,,d,u,e,p,1.0,6
majority,24877,24879,7.06,x,s,k,f,a,c,w,3.89,15.05,,,w,,,f,f,,d,u,e,p,1.0,5
majority,2110,2110,6.92,x,,y,f,e,,w,5.71,12.34,b,,y,u,y,t,g,,d,a,e,p,1.0,4
majority,1265,1265,9.41,f,,n,t,,,w,10.43,16.95,b,,w,u,w,t,g,,d,a,e,p,1.0,5
majority,20413,20415,6.31,s,s,o,f,d,d,b,5.73,12.24,,,w,,,f,f,,m,a,e,p,1.0,5
majority,5113,5113,11.33,f,,g,f,s,c,u,8.33,21.44,,,b,,,f,f,,l,a,e,p,1.0,6
majority,14515,14517,3.75,x,h,o,f,a,d,w,4.23,4.48,,s,o,,,f,f,,d,s,e,p,1.0,4
majority,10404,10405,3.16,f,g,n,f,a,d,g,4.88,3.18,,s,g,,,f,f,,d,a,e,p,1.0,4
majority,33547,33549,5.2,s,l,w,f,d,,p,3.51,9.59,,,w,,,f,f,,g,a,e,p,1.0,6
majority,45961,45963,1.64,f,w,n,f,,d,g,5.06,2.41,,,w,,,f,f,,g,s,e,p,1.0,6
majority,46645,46647,3.46,f,h,n,f,,c,n,6.24,6.38,,s,w,,w,f,f,k,d,a,e,p,1.0,3
majority,10545,10546,4.18,b,g,g,f,a,d,g,5.59,3.77,,s,n,,,f,f,,d,u,e,p,1.0,4
majority,9385,9385,4.17,b,g,w,f,x,d,w,5.47,3.65,,,y,,,f,f,,g,a,e,p,1.0,5
majority,2779,2779,6.22,c,t,n,f,e,,w,10.94,11.64,,s,n,u,w,f,f,,d,u,e,p,1.0,3
majority,36353,36355,5.71,x,h,n,f,x,c,w,6.29,6.14,,s,n,,,t,r,,d,s,e,p,1.0,4
majority,20533,20535,3.42,x,h,p,f,a,c,e,4.42,6.54,,,o,,,f,f,,g,a,e,p,1.0,5
majority,21386,21388,4.56,x,t,n,f,d,,o,6.27,8.04,,t,o,,,f,f,,d,w,e,p,1.0,5
majority,55188,55190,5.93,s,l,n,f,f,f,f,7.36,63.25,,,n,,,f,f,g,l,a,e,p,1.0,4
majority,48518,48520,20.97,p,w,n,f,p,,w,19.18,82.67,,,n,,,f,f,,d,u,e,p,1.0,6
majority,2845,2845,16.03,p,y,w,f,,,w,21.17,16.79,s,,n,,,t,m,,m,a,e,p,1.0,6
majority,56973,57003,11.08,f,e,b,f,,c,b,4.65,18.38,,,w,,,t,f,,d,a,e,p,1.0,6
majority,55239,55241,5.58,s,l,n,f,f,f,f,8.3,51.63,,,n,,,f,f,g,d,u,e,p,1.0,4
majority,24180,24182,7.25,x,,n,f,x,c,w,7.0,17.8,,s,w,,,f,f,,d,u,e,p,1.0,5
majority,12650,12651,1.43,x,t,y,f,a,,w,7.01,2.58,,t,y,,,f,f,,g,a,e,p,1.0,5
majority,30623,30625,10.64,s,t,w,t,d,c,o,5.47,16.1,,,w,,,f,f,,d,u,e,p,1.0,5
majority,45691,45693,0.9,b,g,w,f,,,g,2.81,1.39,,,w,,,f,f,,d,u,e,p,1.0,7
majority,5246,5246,6.11,f,,g,f,s,c,b,5.47,15.3,,,b,,,f,f,,d,a,e,p,1.0,6
majority,15932,15934,6.25,b,h,k,f,s,d,g,3.36,7.99,,s,g,,,f,f,,d,u,e,p,1.0,4
majority,52359,52361,6.61,x,h,y,f,p,,y,7.91,15.54,,,y,,y,t,,,d,u,e,p,1.0,6
majority,31268,31270,8.35,x,s,n,f,e,c,w,7.56,10.17,,i,w,,,f,f,p,d,u,e,p,1.0,3
majority,29678,29680,3.71,f,d,n,t,d,c,p,4.64,6.09,,,n,,,f,f,,d,a,e,p,1.0,5
majority,33549,33551,7.29,s,l,w,f,d,,w,3.63,7.78,,,w,,,f,f,,d,a,e,p,1.0,6
majority,52658,52660,8.53,x,h,n,t,p,,n,6.7,17.39,,,n,,w,t,p,,d,u,e,p,1.0,5
majority,52264,52266,9.54,x,t,y,f,p,,y,5.7,12.74,,,y,,y,t,,,d,u,e,p,1.0,6
majority,11546,11547,1.65,c,g,n,f,a,,g,5.22,1.61,,,g,,,f,f,,d,u,e,p,1.0,6
majority,45630,45632,1.0,p,g,w,f,,,g,3.31,1.75,,,w,,,f,f,,d,u,e,p,1.0,7
majority,17750,17752,8.5,x,,g,f,a,,w,8.2,17.37,,,w,,,f,f,,d,a,e,p,1.0,7
majority,45418,45420,3.32,b,y,n,f,,c,k,7.13,3.58,,,w,,,f,f,,d,s,e,p,1.0,6
majority,3521,3521,15.74,x,e,n,t,e,,w,10.59,17.65,,,w,,,t,,,d,a,e,p,1.0,7
majority,52524,52526,7.19,x,h,y,f,p,,y,7.34,14.9,,,y,,y,t,,,d,u,e,p,1.0,6
majority,55273,55275,3.68,o,l,n,f,f,f,f,7.75,56.52,,,n,,,f,f,g,l,u,e,p,1.0,4
majority,51419,51421,5.54,x,s,o,f,p,,n,5.09,12.68,,,n,,,f,f,,d,u,e,p,1.0,6
majority,21318,21320,4.17,f,t,n,f,d,,o,6.33,7.55,,t,w,,,f,f,,d,a,e,p,1.0,5
majority,60416,60562,6.3,p,,g,f,f,f,f,5.02,19.55,,,n,,,f,f,,l,s,e,p,1.0,6
majority,4756,4756,1.86,x,,b,f,,d,u,5.92,4.08,,,w,,,f,f,,d,w,e,p,1.0,7
majority,20658,20660,3.4,x,h,e,f,a,c,e,3.41,6.35,,,o,,,f,f,,m,w,e,p,1.0,5
majority,55480,55482,8.7,f,,l,f,d,c,w,2.33,14.79,,,w,,,f,f,,d,w,e,p,1.0,6
majority,10399,10400,4.33,b,g,g,f,a,d,g,5.22,3.01,,s,n,,,f,f,,d,s,e,p,1.0,4
majority,52443,52445,6.63,x,h,y,f,p,,y,8.31,15.86,,,y,,y,t,,,d,a,e,p,1.0,6
majority,22143,22145,3.47,x,,y,f,a,c,y,3.45,8.45,,,w,,,f,f,,d,a,e,p,1.0,6
majority,6969,6969,4.97,x,,w,f,d,,r,6.33,7.86,,,l,,,f,f,,l,u,e,p,1.0,7
majority,54606,54608,7.31,f,w,y,f,f,f,f,6.78,15.26,,,y,,,f,f,,d,u,e,p,1.0,5
majority,42834,42836,11.28,x,s,n,t,e,,n,9.37,17.37,s,,w,,,t,l,,m,u,e,p,1.0,5
majority,16155,16157,6.6,b,h,g,f,s,d,g,5.59,9.1,,s,g,,,f,f,,d,u,e,p,1.0,4
majority,48769,48771,10.52,x,t,n,t,p,,y,7.61,21.87,,,n,,,f,f,,d,a,e,p,1.0,6
majority,55837,55839,7.49,s,,n,f,,,w,4.09,22.86,,,n,,,f,f,,d,u,e,p,1.0,8
majority,18791,18793,3.24,x,s,w,f,d,d,w,3.45,5.3,,,w,,,f,f,,m,a,e,p,1.0,5
majority,16589,16591,8.52,f,s,n,f,s,,y,8.81,13.28,,i,n,,,f,f,,d,a,e,p,1.0,5
majority,31235,31237,9.55,x,s,n,f,e,c,p,6.8,9.93,,i,n,,,f,f,p,d,u,e,p,1.0,3
majority,6472,6472,6.11,s,,n,f,d,c,w,4.73,7.33,,s,w,,,f,f,,h,a,e,p,1.0,5
majority,16578,16580,3.87,f,y,n,f,s,,g,3.74,6.42,,,w,,,f,f,,d,a,e,p,1.0,6
majority,54727,54729,3.1,s,,n,f,f,f,f,6.36,7.03,,,o,,,f,f,,d,a,e,p,1.0,6
majority,22275,22277,5.99,x,h,y,t,x,c,y,6.51,14.52,,,w,,,f,f,,d,a,e,p,1.0,5
majority,45318,45320,3.05,b,y,n,f,,c,k,6.27,3.03,,,w,,,f,f,,d,w,e,p,1.0,6
majority,46057,46059,1.43,f,w,g,f,,d,g,4.64,2.37,,,w,,,f,f,,d,u,e,p,1.0,6
majority,12474,12475,1.44,x,s,y,f,a,,w,6.54,2.32,,t,y,,,f,f,,h,u,e,p,1.0,5
majority,4384,4384,2.56,f,y,n,f,a,d,p,7.52,3.57,,i,n,,,f,f,,l,u,e,p,1.0,4
majority,45609,45611,0.84,p,g,g,f,,,g,2.82,1.35,,,w,,,f,f,,d,a,e,p,1.0,7
majority,33582,33584,4.76,s,l,w,f,d,,p,3.26,7.89,,,w,,,f,f,,d,u,e,p,1.0,6
majority,48657,48659,25.43,p,t,n,f,p,,y,14.24,65.93,,,n,,,f,f,,d,u,e,p,1.0,6
majority,4519,4519,2.75,f,y,n,f,d,d,p,6.04,3.4,,i,n,,,f,f,,h,u,e,p,1.0,4
majority,48858,48860,10.31,x,h,n,t,p,,y,5.8,21.0,,,n,,,f,f,,d,a,e,p,1.0,6
majority,22070,22072,4.06,x,,y,f,a,c,y,3.35,8.59,,,w,,,f,f,,d,u,e,p,1.0,6
majority,21721,21723,7.3,f,,y,f,a,c,w,5.76,14.38,,,w,,,f,f,,d,a,e,p,1.0,6
majority,21365,21367,4.09,x,t,n,f,d,,o,5.93,6.45,,t,o,,,f,f,,d,w,e,p,1.0,5
majority,3522,3522,14.83,x,y,n,t,e,,w,9.99,17.58,,,w,,,t,,,g,a,e,p,1.0,7
majority,51472,51474,4.22,x,t,o,f,p,,n,4.76,11.2,,,n,,,f,f,,d,u,e,p,1.0,6
majority,46181,46183,1.44,f,w,g,f,,d,g,5.38,2.67,,,w,,,f,f,,d,s,e,p,1.0,6
majority,21828,21830,9.12,f,,y,f,a,c,w,6.69,15.82,,,w,,,f,f,,d,w,e,p,1.0,6
majority,16087,16089,5.67,f,h,g,f,s,d,w,4.33,9.18,,s,g,,,f,f,,d,u,e,p,1.0,4
majority,4277,4277,2.01,f,y,n,f,a,d,p,6.2,3.66,,i,n,,,f,f,,h,a,e,p,1.0,4
majority,11366,11367,1.16,c,g,n,f,a,,g,4.97,1.33,,,g,,,f,f,,l,a,e,p,1.0,6
majority,55505,55507,14.68,f,,g,f,d,c,w,2.94,17.01,,,w,,,f,f,,d,w,e,p,1.0,6
majority,4550,4550,2.97,f,y,n,f,d,d,p,6.03,3.01,,i,n,,,f,f,,h,u,e,p,1.0,4
majority,48609,48611,17.43,x,t,n,f,p,,y,16.58,64.93,,,n,,,f,f,,d,a,e,p,1.0,6
majority,55458,55460,12.61,f,,g,f,d,c,w,2.54,14.61,,,w,,,f,f,,d,a,e,p,1.0,6
majority,48551,48553,20.45,x,w,n,f,p,,w,15.33,67.09,,,n,,,f,f,,d,a,e,p,1.0,6
majority,52235,52237,7.9,x,,g,t,p,,g,11.19,26.12,,y,w,,,f,f,,d,u,e,p,1.0,6
majority,45810,45812,0.94,p,g,g,f,,,g,2.9,1.53,,,w,,,f,f,,d,w,e,p,1.0,7
majority,22471,22473,7.16,x,h,y,t,x,c,y,6.91,13.92,,,w,,,f,f,,d,a,e,p,1.0,5
majority,31192,31194,10.07,x,s,n,f,e,c,w,6.96,9.38,,i,n,,,f,f,p,d,s,e,p,1.0,3
majority,18267,18269,5.91,f,s,n,f,s,c,w,5.27,8.35,b,i,n,,,f,f,,d,a,e,p,1.0,3
majority,5522,5522,8.62,s,,n,f,s,c,g,6.52,19.1,b,,u,,,f,f,,g,w,e,p,1.0,5
majority,49524,49526,7.28,x,d,y,t,p,,y,6.5,16.55,,,y,,,f,f,,d,a,e,p,1.0,6
majority,14374,14376,5.42,x,h,n,f,a,d,n,4.9,3.48,,t,w,,,t,l,,d,u,e,p,1.0,4
majority,49393,49395,7.58,x,d,n,t,p,,y,5.7,11.76,,,e,,,f,f,,d,a,e,p,1.0,6
majority,4669,4669,2.7,x,,b,f,,d,u,5.09,3.75,,,w,,,f,f,,d,w,e,p,1.0,7
majority,21902,21904,3.43,x,,y,f,a,c,o,3.46,8.59,,,w,,,f,f,,d,a,e,p,1.0,6
majority,18730,18732,3.58,f,s,w,f,d,d,w,3.63,6.76,,,w,,,f,f,,m,a,e,p,1.0,5
majority,16763,16765,8.13,f,g,n,f,s,,n,9.94,13.9,,i,n,,,f,f,,d,a,e,p,1.0,5
majority,5138,5138,10.13,f,,u,f,s,c,b,7.48,19.57,,,b,,,f,f,,d,a,e,p,1.0,6
majority,5861,5861,16.85,f,e,g,f,d,c,w,9.12,25.15,s,,w,,,f,f,,d,w,e,p,1.0,4
majority,26436,26438,11.85,f,s,n,f,x,,n,7.12,25.59,,,n,,,f,f,,d,a,e,p,1.0,6
majority,11878,11879,0.95,x,g,n,t,a,,p,5.2,0.96,,,n,,,f,f,,h,u,e,p,1.0,6
majority,24926,24928,6.95,x,s,u,f,a,c,w,4.04,12.8,,,w,,,f,f,,d,u,e,p,1.0,5
majority,21872,21874,6.2,x,,y,f,a,c,w,5.43,13.55,,,g,,,f,f,,d,u,e,p,1.0,6
majority,8714,8714,5.67,f,s,n,f,x,c,w,6.77,10.38,,s,n,,,f,f,,l,w,e,p,1.0,4
majority,10507,10508,4.46,b,g,n,f,a,d,g,4.54,3.01,,s,g,,,f,f,,d,s,e,p,1.0,4
majority,54625,54627,4.92,f,w,y,f,f,f,f,3.48,10.0,,,y,,,f,f,,d,a,e,p,1.0,5
majority,24504,24506,11.93,x,e,y,f,x,c,w,8.34,27.01,,,w,,,f,f,,d,u,e,p,1.0,5
majority,12667,12668,1.6,x,t,n,f,a,,w,5.64,1.85,,t,y,,,f,f,,g,u,e,p,1.0,5
majority,4553,4553,2.67,s,y,n,f,d,d,p,5.28,3.31,,i,n,,,f,f,,l,a,e,p,1.0,4
majority,3473,3473,16.94,x,e,n,t,e,,w,10.64,18.19,,,w,,,t,,,g,a,e,p,1.0,7
majority,4571,4571,2.53,s,y,n,f,a,d,p,6.3,3.87,,i,n,,,f,f,,l,a,e,p,1.0,4
majority,49512,49514,6.65,x,d,n,t,p,,y,8.59,17.76,,,y,,,f,f,,d,a,e,p,1.0,6
majority,14780,14782,5.67,x,h,o,f,a,d,w,8.97,6.79,,k,o,,,f,f,,d,a,e,p,1.0,4
majority,24571,24573,8.88,x,e,y,f,x,c,w,7.4,19.27,,,w,,,f,f,,d,a,e,p,1.0,5
majority,5923,5923,13.47,x,e,n,f,d,c,w,7.43,25.02,s,,w,,,f,f,,l,a,e,p,1.0,4
majority,55419,55421,9.62,f,,w,f,d,c,y,2.14,14.29,,,w,,,f,f,,d,w,e,p,1.0,6
majority,2662,2662,6.68,c,t,n,f,e,,w,13.3,12.99,,s,n,u,w,f,f,,d,u,e,p,1.0,3
majority,5179,5179,11.0,f,,l,f,s,c,b,8.28,19.88,,,u,,,f,f,,l,w,e,p,1.0,6
majority,1984,1984,6.89,x,,y,f,e,,w,6.31,13.48,b,,y,u,w,t,g,,d,u,e,p,1.0,4
majority,55575,55577,11.95,f,,w,f,d,c,y,2.44,13.57,,,w,,,f,f,,d,a,e,p,1.0,6
majority,45560,45562,1.23,b,g,g,f,,,g,3.33,1.65,,,w,,,f,f,,d,a,e,p,1.0,7
majority,57125,57155,10.97,f,e,b,f,,c,b,5.44,21.63,,,w,,,t,f,,d,a,e,p,1.0,6
majority,21769,21771,7.24,x,,y,f,a,c,w,6.49,17.84,,,w,,,f,f,,d,w,e,p,1.0,6
majority,22189,22191,3.62,x,,y,f,a,c,y,3.62,8.07,,,w,,,f,f,,d,u,e,p,1.0,6
majority,24536,24538,8.14,x,e,l,f,x,c,w,6.77,16.91,,,w,,,f,f,,d,a,e,p,1.0,5
majority,11387,11388,1.7,c,g,n,f,a,,g,5.45,1.71,,,g,,,f,f,,d,a,e,p,1.0,6
majority,52708,52710,10.06,x,s,n,t,p,,y,7.46,17.71,,,n,,w,t,p,,d,a,e,p,1.0,5
majority,24115,24117,8.03,f,,e,f,x,c,w,7.23,17.27,,s,w,,,f,f,,d,u,e,p,1.0,5
majority,54768,54770,4.05,s,,n,f,f,f,f,7.09,7.87,,,y,,,f,f,,d,a,e,p,1.0,6
majority,11726,11727,0.87,x,g,e,t,a,,w,5.5,1.03,,,n,,,f,f,,h,u,e,p,1.0,6
majority,5325,5325,7.91,f,,n,f,s,c,p,5.84,18.78,b,,u,,,f,f,,d,a,e,p,1.0,5
majority,51600,51602,17.6,x,d,e,f,p,,w,15.37,35.75,s,y,w,,,f,f,,d,u,e,p,1.0,4
majority,14501,14503,4.87,f,h,n,f,a,d,w,6.03,5.52,,s,o,,,f,f,,d,s,e,p,1.0,4
majority,5476,5476,10.83,s,,g,f,s,c,g,9.35,23.79,b,,u,,,f,f,,g,a,e,p,1.0,5
majority,52725,52727,7.7,x,t,n,t,p,,y,6.78,16.2,,,n,,w,t,p,,d,u,e,p,1.0,5
majority,53284,53286,8.22,x,t,n,f,p,d,y,7.28,12.15,,s,n,,,f,f,,h,u,e,p,1.0,4
majority,24768,24770,5.18,f,s,u,f,a,c,w,3.79,12.47,,,w,,,f,f,,d,a,e,p,1.0,5
majority,31251,31253,9.09,x,s,n,f,e,c,p,6.63,9.95,,i,w,,,f,f,p,d,w,e,p,1.0,3
majority,51449,51451,3.55,x,t,o,f,p,,n,5.3,11.57,,,e,,,f,f,,d,u,e,p,1.0,6
majority,2641,2641,6.41,c,t,n,f,e,,w,13.04,12.97,,s,w,u,w,f,f,,d,u,e,p,1.0,3
majority,52676,52678,8.54,x,s,n,t,p,,n,6.39,17.4,,,n,,w,t,p,,d,u,e,p,1.0,5
majority,50783,50785,3.24,x,k,n,f,p,,n,4.41,10.33,,,y,,,f,f,,d,a,e,p,1.0,6
majority,20586,20588,3.09,x,d,o,f,a,c,e,4.6,6.27,,,e,,,f,f,,m,w,e,p,1.0,5
majority,5832,5832,17.47,x,e,g,f,a,c,w,9.99,26.47,s,,w,,,f,f,,d,w,e,p,1.0,4
majority,2579,2579,5.61,x,t,n,f,e,,w,12.75,12.53,,s,n,u,w,f,f,,d,a,e,p,1.0,3
majority,52396,52398,9.03,x,t,y,f,p,,y,7.66,14.65,,,y,,y,t,,,d,u,e,p,1.0,6
majority,22469,22471,7.75,x,t,y,t,x,c,y,7.33,13.82,,,w,,,f,f,,d,u,e,p,1.0,5
majority,18336,18338,8.1,f,s,n,f,s,c,w,6.86,10.89,b,i,n,,,f,f,,m,a,e,p,1.0,3
majority,44003,44005,9.23,f,s,w,f,e,c,k,19.32,13.22,,s,w,,,t,e,,d,u,e,p,1.0,4
majority,35006,35008,4.24,x,,w,f,x,c,n,7.48,7.98,b,,w,,w,t,,,g,a,e,p,1.0,5
majority,17793,17795,9.54,p,,g,f,a,,w,8.7,15.87,,,g,,,f,f,,g,u,e,p,1.0,7
majority,6941,6941,4.62,x,,l,f,d,,r,6.47,7.47,,,l,,,f,f,,d,u,e,p,1.0,7
majority,20778,20780,3.21,x,h,o,f,a,c,e,4.12,6.22,,,e,,,f,f,,g,w,e,p,1.0,5
majority,27140,27142,11.68,s,,w,t,d,c,y,5.12,25.01,,,w,,,f,f,,d,u,e,p,1.0,6
majority,3492,3492,14.13,x,y,n,t,e,,w,9.7,16.36,,,w,,,t,,,g,a,e,p,1.0,7
majority,16058,16060,5.29,b,h,k,f,s,d,g,5.24,9.86,,s,g,,,f,f,,d,u,e,p,1.0,4
majority,46100,46102,1.75,x,w,g,f,,d,g,5.4,2.76,,,w,,,f,f,,d,u,e,p,1.0,6
majority,45663,45665,0.84,b,g,w,f,,,g,2.39,1.18,,,w,,,f,f,,d,a,e,p,1.0,7
majority,6360,6360,5.58,s,,n,f,d,c,w,4.82,8.02,,s,w,,,f,f,,h,a,e,p,1.0,5
majority,17546,17548,9.16,f,d,w,f,s,c,w,7.03,28.3,,,w,,,f,f,,m,s,e,p,1.0,5
majority,16185,16187,7.08,f,h,k,f,s,d,w,5.96,10.37,,s,g,,,f,f,,d,u,e,p,1.0,4
majority,44107,44109,8.41,p,s,w,f,e,c,w,18.41,12.44,,s,w,,,t,e,,d,s,e,p,1.0,4
majority,26204,26206,10.36,s,s,y,f,x,,n,6.12,20.68,,,w,,,f,f,,d,a,e,p,1.0,6
majority,24644,24646,15.17,x,e,y,f,x,c,w,8.6,22.83,,,w,,,f,f,,d,u,e,p,1.0,5
majority,55854,55856,6.98,o,,n,f,,,w,4.0,20.16,,,n,,,f,f,,d,a,e,p,1.0,8
majority,14416,14418,6.49,x,h,g,f,a,d,n,6.07,5.05,,t,w,,,t,l,,d,w,e,p,1.0,4
majority,18053,18055,7.57,f,s,n,f,s,c,w,5.45,9.66,b,i,n,,,f,f,,l,u,e,p,1.0,3
majority,12614,12615,1.66,x,t,y,f,d,,w,5.38,2.08,,t,y,,,f,f,,g,u,e,p,1.0,5
majority,4281,4281,2.99,s,y,n,f,a,d,p,7.13,3.02,,i,n,,,f,f,,l,a,e,p,1.0,4
majority,4478,4478,2.32,s,y,n,f,a,d,p,6.12,3.17,,i,n,,,f,f,,h,u,e,p,1.0,4
majority,16664,16666,6.79,f,t,n,f,s,,n,8.72,11.57,,i,o,,,f,f,,d,a,e,p,1.0,5
majority,20403,20405,7.94,s,d,o,f,d,d,b,6.9,13.39,,,w,,,f,f,,m,w,e,p,1.0,5
majority,21404,21406,4.07,x,t,n,f,d,,o,5.73,8.27,,t,o,,,f,f,,d,a,e,p,1.0,5
majority,52208,52210,7.71,x,,g,t,p,,g,12.83,25.07,,y,w,,,f,f,,d,u,e,p,1.0,6
majority,46159,46161,1.41,x,w,n,f,,d,g,4.68,2.46,,,w,,,f,f,,d,a,e,p,1.0,6
majority,5762,5762,18.96,s,e,n,f,d,c,w,9.16,27.8,s,,w,,,f,f,,l,a,e,p,1.0,4
majority,21401,21403,3.8,x,t,n,f,d,,o,5.54,6.41,,t,w,,,f,f,,d,w,e,p,1.0,5
majority,55607,55609,10.46,f,,b,f,d,c,w,2.49,15.02,,,w,,,f,f,,d,w,e,p,1.0,6
majority,45755,45757,0.96,p,g,g,f,,,g,2.97,1.57,,,w,,,f,f,,d,w,e,p,1.0,7
majority,50647,50649,3.41,x,k,n,f,p,,y,4.18,9.95,,,y,,,f,f,,d,a,e,p,1.0,6
majority,53009,53011,6.25,x,t,n,f,p,d,y,5.84,11.75,,s,n,,,f,f,,g,u,e,p,1.0,4
majority,24299,24301,6.32,f,,n,f,x,c,w,6.29,14.2,,s,w,,,f,f,,d,a,e,p,1.0,5
majority,24560,24562,11.42,x,e,l,f,x,c,w,7.64,19.55,,,w,,,f,f,,d,a,e,p,1.0,5
majority,21417,21419,4.6,f,t,n,f,d,,o,6.07,7.97,,t,w,,,f,f,,d,a,e,p,1.0,5
majority,57079,57109,9.62,f,e,b,f,,c,b,4.81,19.93,,,w,,,t,f,,d,a,e,p,1.0,6
majority,4596,4596,2.15,x,,u,f,,d,u,6.79,4.53,,,w,,,f,f,,d,u,e,p,1.0,7
majority,30655,30657,8.5,s,t,p,t,d,c,o,6.88,17.72,,,w,,,f,f,,d,a,e,p,1.0,5
majority,21990,21992,4.43,x,,y,f,a,c,o,5.64,11.49,,,w,,,f,f,,d,u,e,p,1.0,6
majority,46688,46690,4.42,f,h,n,f,,c,n,6.66,7.18,,s,w,,w,f,f,k,d,a,e,p,1.0,3
majority,5303,5303,8.43,x,,g,f,s,c,p,6.58,19.72,b,,u,,,f,f,,g,a,e,p,1.0,5
majority,24410,24412,9.72,x,e,y,f,x,c,w,6.76,13.19,,,w,,,f,f,,d,u,e,p,1.0,5
majority,2885,2885,15.03,f,y,w,f,,,w,21.82,17.16,s,,n,,,t,m,,m,a,e,p,1.0,6
majority,53075,53077,8.22,x,h,n,f,p,d,y,7.5,12.86,,s,n,,,f,f,,g,a,e,p,1.0,4
majority,16799,16801,6.46,f,s,n,f,s,,n,8.84,12.71,,t,n,,,f,f,,d,a,e,p,1.0,5
majority,16023,16025,6.42,b,h,k,f,s,d,g,5.71,10.25,,s,g,,,f,f,,d,a,e,p,1.0,4
majority,60437,60583,6.43,p,,n,f,f,f,f,5.54,20.09,,,n,,,f,f,,d,s,e,p,1.0,6
majority,36074,36076,4.9,x,h,n,f,x,c,w,5.14,5.34,,s,n,,,t,r,,d,a,e,p,1.0,4
majority,45492,45494,3.0,b,y,n,f,,c,k,7.37,3.6,,,w,,,f,f,,d,u,e,p,1.0,6
majority,49610,49612,8.5,x,d,y,t,p,,y,8.58,18.35,,,y,,,f,f,,d,a,e,p,1.0,6
majority,46094,46096,1.22,f,w,n,f,,d,k,4.31,2.11,,,w,,,f,f,,g,a,e,p,1.0,6
majority,57150,57180,11.89,f,e,b,f,,c,b,5.32,23.19,,,w,,,t,f,,d,a,e,p,1.0,6
majority,16074,16076,6.0,b,h,k,f,s,d,w,4.57,9.08,,s,g,,,f,f,,d,u,e,p,1.0,4
majority,16555,16557,5.08,f,y,n,f,s,,g,4.26,7.42,,,w,,,f,f,,d,a,e,p,1.0,6
majority,24498,24500,7.55,x,e,y,f,x,c,w,7.12,18.84,,,w,,,f,f,,d,u,e,p,1.0,5
majority,49144,49146,6.96,x,d,e,t,p,,r,6.22,12.83,,,e,,,f,f,,d,u,e,p,1.0,6
majority,26963,26965,12.99,s,,w,t,d,c,y,5.87,26.09,,,w,,,f,f,,d,a,e,p,1.0,6
majority,1770,1770,6.2,x,,w,f,e,,w,6.15,12.98,b,,w,u,y,t,g,,d,u,e,p,1.0,4
majority,17547,17549,8.18,x,d,w,f,s,c,w,6.65,30.35,,,w,,,f,f,,d,s,e,p,1.0,5
majority,55094,55096,5.95,s,l,n,f,f,f,f,9.8,71.81,,,n,,,f,f,g,d,u,e,p,1.0,4
majority,42089,42091,6.75,f,s,w,f,e,c,n,4.72,12.38,,,w,,w,t,e,,g,u,e,p,1.0,4
majority,2752,2752,6.19,c,t,n,f,e,,w,11.5,12.24,,s,w,u,w,f,f,,d,u,e,p,1.0,3
majority,55911,55913,7.17,s,,n,f,,,w,5.53,23.39,,,n,,,f,f,,d,u,e,p,1.0,8
majority,16673,16675,8.24,f,g,n,f,s,,y,9.76,13.37,,t,o,,,f,f,,d,a,e,p,1.0,5
majority,18264,18266,6.47,f,s,n,f,s,c,w,5.6,9.1,b,i,n,,,f,f,,g,u,e,p,1.0,3
majority,45559,45561,0.95,p,g,g,f,,,g,3.15,1.77,,,w,,,f,f,,d,s,e,p,1.0,7
majority,26384,26386,10.23,x,s,r,f,x,,n,5.91,18.13,,,n,,,f,f,,d,a,e,p,1.0,6
majority,43549,43551,10.36,p,y,n,t,e,,p,9.26,18.01,,y,w,,,t,p,,d,a,e,p,1.0,5
majority,29666,29668,4.25,f,d,g,t,d,c,p,4.91,6.64,,,n,,,f,f,,d,a,e,p,1.0,5
majority,26389,26391,11.29,f,s,n,f,x,,n,7.36,23.94,,,p,,,f,f,,d,a,e,p,1.0,6
majority,3166,3166,15.24,f,y,w,f,,,w,20.6,18.44,s,,n,,,t,m,,m,a,e,p,1.0,6
majority,46438,46440,3.95,f,,n,f,x,c,w,5.65,3.45,,,w,,,f,f,,d,a,e,p,1.0,6
majority,14943,14945,13.39,x,s,n,f,a,d,w,10.27,17.57,,i,n,,,t,,w,d,u,e,p,1.0,4
majority,29997,29999,3.8,s,d,g,t,d,c,p,4.25,5.53,,,n,,,f,f,,d,a,e,p,1.0,5
majority,15258,15260,11.14,x,y,e,f,,,w,7.61,25.58,b,,n,,w,t,e,,d,a,e,p,1.0,5
majority,2786,2786,6.18,c,t,n,f,e,,w,12.29,12.71,,s,n,u,w,f,f,,d,u,e,p,1.0,3
majority,17693,17695,8.33,p,,g,f,a,,w,8.52,13.96,,,w,,,f,f,,d,u,e,p,1.0,7
majority,42921,42923,13.28,p,s,w,t,e,,g,10.91,18.19,s,,w,,,t,r,,m,a,e,p,1.0,5
majority,14345,14347,6.96,x,h,n,f,a,d,n,5.53,5.16,,t,w,,,t,l,,d,u,e,p,1.0,4
majority,55610,55612,9.02,f,,l,f,d,c,w,2.23,14.27,,,w,,,f,f,,d,w,e,p,1.0,6
majority,24796,24798,9.08,f,s,u,f,a,c,w,4.41,14.28,,,w,,,f,f,,d,u,e,p,1.0,5
majority,52549,52551,8.63,x,t,y,f,p,,y,8.2,16.77,,,y,,y,t,,,d,u,e,p,1.0,6
majority,16347,16349,5.84,x,y,n,f,s,,y,4.66,6.85,,,w,,,f,f,,d,u,e,p,1.0,6
majority,16464,16466,5.37,x,y,g,f,s,,w,5.11,8.41,,,w,,,f,f,,d,a,e,p,1.0,6
majority,14547,14549,4.34,x,h,n,f,a,d,w,5.02,5.75,,s,o,,,f,f,,d,a,e,p,1.0,4
majority,11530,11531,1.65,c,g,n,f,a,,w,5.22,1.71,,,g,,,f,f,,l,a,e,p,1.0,6
majority,49678,49680,7.61,x,d,y,t,p,,y,7.93,15.08,,,y,,,f,f,,d,u,e,p,1.0,6
majority,42391,42393,9.58,f,i,n,f,e,c,p,5.67,13.88,,,w,,,t,l,,w,u,e,p,1.0,5
majority,58440,58586,52.32,o,y,y,f,p,,y,6.56,29.27,,k,n,,,f,f,,d,u,e,p,1.0,5
majority,50500,50502,3.1,x,d,n,f,p,,n,4.02,9.35,,,y,,,f,f,,d,a,e,p,1.0,6
majority,11463,11464,1.46,c,g,n,f,a,,g,5.01,1.42,,,g,,,f,f,,l,a,e,p,1.0,6
majority,33802,33804,8.17,x,l,w,f,d,,p,3.74,11.12,,,w,,,f,f,,d,a,e,p,1.0,6
majority,49084,49086,7.24,x,d,y,t,p,,r,5.82,11.92,,,y,,,f,f,,d,a,e,p,1.0,6
majority,20208,20210,6.37,x,s,o,f,d,d,b,5.35,11.58,,,w,,,f,f,,g,a,e,p,1.0,5
majority,24099,24101,6.68,x,,p,f,x,c,w,7.6,17.71,,s,w,,,f,f,,d,u,e,p,1.0,5
majority,4914,4914,2.72,x,,b,f,,d,w,7.38,5.04,,,w,,,f,f,,d,a,e,p,1.0,7
majority,55006,55008,3.39,s,,n,f,f,f,f,6.75,7.41,,,y,,,f,f,,d,a,e,p,1.0,6
majority,11745,11746,1.43,c,g,n,t,a,,w,6.09,1.01,,,n,,,f,f,,d,u,e,p,1.0,6
majority,60300,60446,6.02,o,,n,f,f,f,f,5.23,18.91,,,n,,,f,f,,d,s,e,p,1.0,6
majority,45732,45734,1.06,b,g,w,f,,,g,2.74,1.48,,,w,,,f,f,,d,a,e,p,1.0,7
majority,2664,2664,5.11,x,h,n,f,e,,w,12.3,10.39,,s,n,u,w,f,f,,d,u,e,p,1.0,3
majority,48562,48564,18.04,x,w,n,f,p,,y,13.98,57.27,,,n,,,f,f,,d,a,e,p,1.0,6
majority,46692,46694,3.11,f,h,n,f,,c,k,4.97,6.14,,s,w,,w,f,f,k,d,u,e,p,1.0,3
majority,53053,53055,9.35,x,t,n,f,p,d,y,8.37,14.21,,s,n,,,f,f,,g,a,e,p,1.0,4
majority,35145,35147,4.68,x,,w,f,x,c,w,8.22,9.58,b,,n,,w,t,,,g,u,e,p,1.0,5
majority,4284,4284,3.04,s,y,n,f,d,d,p,7.5,3.45,,i,n,,,f,f,,h,u,e,p,1.0,4
majority,5901,5901,14.59,f,e,g,f,a,c,w,9.52,26.36,s,,w,,,f,f,,d,w,e,p,1.0,4
majority,21391,21393,3.53,f,t,n,f,d,,o,6.17,8.64,,t,o,,,f,f,,d,w,e,p,1.0,5
majority,45250,45252,2.97,b,y,n,f,,c,n,6.38,2.68,,,w,,,f,f,,d,s,e,p,1.0,6
majority,24778,24780,7.51,x,s,k,f,a,c,w,3.7,13.47,,,w,,,f,f,,d,a,e,p,1.0,5
majority,16133,16135,5.66,b,h,g,f,s,d,g,4.57,9.88,,s,g,,,f,f,,d,u,e,p,1.0,4
majority,2972,2972,18.65,f,y,w,f,,,w,27.18,20.88,s,,n,,,t,m,,m,a,e,p,1.0,6
majority,24132,24134,6.57,f,,p,f,x,c,w,5.87,16.47,,s,w,,,f,f,,d,u,e,p,1.0,5
majority,55784,55786,11.13,s,,n,f,,,w,4.94,22.53,,,n,,,f,f,,d,a,e,p,1.0,8
majority,26983,26985,11.56,s,,w,t,d,c,p,5.92,24.0,,,w,,,f,f,,d,a,e,p,1.0,6
majority,55328,55330,4.6,o,l,n,f,f,f,f,5.89,66.15,,,n,,,f,f,g,l,u,e,p,1.0,4
majority,22224,22226,3.97,x,,y,f,a,c,y,3.84,9.29,,,w,,,f,f,,d,a,e,p,1.0,6
majority,31321,31323,11.14,x,s,n,f,e,c,w,7.07,10.3,,i,n,,,f,f,p,d,u,e,p,1.0,3
majority,54954,54956,3.18,s,,y,f,f,f,f,6.53,8.53,,,o,,,f,f,,d,a,e,p,1.0,6
majority,43022,43024,9.94,f,s,w,t,e,,g,9.16,17.43,s,,w,,,t,l,,m,a,e,p,1.0,5
majority,18843,18845,3.66,x,s,w,f,d,d,w,4.31,6.87,,,w,,,f,f,,g,a,e,p,1.0,5
majority,33841,33843,7.36,x,l,w,f,d,,p,3.55,9.9,,,w,,,f,f,,g,u,e,p,1.0,6
majority,33666,33668,6.38,x,l,w,f,d,,p,3.3,9.2,,,w,,,f,f,,g,a,e,p,1.0,6
majority,22410,22412,6.14,x,h,y,t,x,c,y,6.3,12.18,,,w,,,f,f,,d,u,e,p,1.0,5
majority,12695,12696,1.45,x,t,y,f,d,,w,6.4,1.76,,t,y,,,f,f,,h,a,e,p,1.0,5
majority,43888,43890,10.49,p,y,w,f,e,c,w,16.32,12.64,,s,w,,,t,e,,u,u,e,p,1.0,4
majority,43744,43746,9.38,x,i,n,t,e,,p,8.64,16.26,,y,w,,,t,p,,d,a,e,p,1.0,5
majority,12656,12657,1.35,x,g,n,f,a,,w,5.63,1.82,,t,y,,,f,f,,g,a,e,p,1.0,5
majority,3350,3350,14.53,x,e,n,t,e,,w,10.64,17.91,,,w,,,t,,,g,u,e,p,1.0,7
majority,1982,1982,4.72,x,,y,f,e,,w,5.53,11.49,b,,y,u,w,t,g,,d,u,e,p,1.0,4
majority,25168,25170,14.66,s,t,n,f,a,d,k,6.4,21.84,,,w,,,f,f,w,d,u,e,p,1.0,4
majority,46183,46185,1.49,x,w,n,f,,d,g,4.88,2.38,,,w,,,f,f,,g,a,e,p,1.0,6
majority,4346,4346,2.53,f,y,n,f,d,d,p,6.7,3.69,,i,n,,,f,f,,h,a,e,p,1.0,4
majority,6636,6636,5.47,s,,n,f,d,c,w,5.13,8.21,,s,w,,,f,f,,l,u,e,p,1.0,5
majority,42108,42110,8.43,x,y,w,f,e,c,n,5.12,12.97,,,w,,w,t,e,,m,u,e,p,1.0,4
majority,35228,35230,4.5,x,,w,f,x,c,w,7.72,8.2,b,,w,,w,t,,,d,u,e,p,1.0,5
majority,55069,55071,4.23,s,l,n,f,f,f,f,5.58,23.83,,,n,,,f,f,g,d,w,e,p,1.0,4
majority,14355,14357,5.21,x,t,g,f,a,d,n,5.79,4.77,,t,g,,,t,l,,d,u,e,p,1.0,4
majority,46653,46655,3.4,x,h,n,f,,c,n,6.27,6.52,,s,w,,w,f,f,k,d,u,e,p,1.0,3
majority,51303,51305,4.61,x,t,n,f,p,,n,4.96,11.25,,,e,,,f,f,,d,a,e,p,1.0,6
majority,20627,20629,3.72,x,s,e,f,a,c,o,4.61,6.78,,,e,,,f,f,,g,w,e,p,1.0,5
majority,3398,3398,15.65,x,e,n,t,e,,w,10.65,18.58,,,w,,,t,,,d,u,e,p,1.0,7
majority,55319,55321,5.6,o,l,n,f,f,f,f,6.88,57.03,,,n,,,f,f,g,d,a,e,p,1.0,4
majority,31733,31735,6.46,x,y,n,f,e,c,w,4.59,8.78,,y,n,,,f,f,,d,a,e,p,1.0,4
majority,14911,14913,9.86,x,s,y,f,d,d,w,9.73,19.33,,i,n,,,t,,w,d,a,e,p,1.0,4
majority,49611,49613,4.59,x,d,n,t,p,,y,6.25,12.41,,,y,,,f,f,,d,a,e,p,1.0,6
majority,55229,55231,5.51,s,l,n,f,f,f,f,7.71,52.53,,,n,,,f,f,g,d,a,e,p,1.0,4
majority,1251,1251,7.65,x,,n,t,,,w,10.9,18.97,b,,w,u,w,t,g,,d,u,e,p,1.0,5
majority,51907,51909,7.59,x,,g,t,p,,g,9.83,24.32,,y,w,,,f,f,,d,u,e,p,1.0,6
majority,17729,17731,7.16,p,,n,f,a,,w,5.91,11.67,,,w,,,f,f,,d,a,e,p,1.0,7
majority,43899,43901,9.54,f,y,w,f,e,c,k,17.9,12.1,,s,w,,,t,e,,g,w,e,p,1.0,4
majority,52369,52371,8.67,x,t,y,f,p,,y,6.62,14.14,,,y,,y,t,,,d,u,e,p,1.0,6
majority,49118,49120,6.18,x,d,y,t,p,,y,5.93,12.76,,,e,,,f,f,,d,a,e,p,1.0,6
majority,4388,4388,2.87,f,y,n,f,d,d,p,8.89,4.52,,i,n,,,f,f,,h,a,e,p,1.0,4
majority,2995,2995,15.24,f,y,n,f,,,w,23.48,20.08,s,,n,,,t,m,,m,a,e,p,1.0,6
majority,11488,11489,1.41,c,g,n,f,a,,g,4.95,1.31,,,g,,,f,f,,d,a,e,p,1.0,6
majority,42083,42085,5.7,p,s,w,f,e,c,p,5.03,12.88,,,w,,w,t,e,,m,u,e,p,1.0,4
majority,51430,51432,5.04,x,s,n,f,p,,n,6.01,11.92,,,e,,,f,f,,d,u,e,p,1.0,6
majority,45392,45394,3.79,b,y,n,f,,c,k,6.88,3.34,,,w,,,f,f,,d,s,e,p,1.0,6
majority,58321,58467,48.83,o,y,y,f,p,,y,8.69,39.99,,k,k,,,f,f,,d,u,e,p,1.0,5
majority,21824,21826,6.6,x,,y,f,a,c,w,5.49,13.07,,,w,,,f,f,,d,w,e,p,1.0,6
majority,16428,16430,4.87,f,y,n,f,s,,g,4.37,7.4,,,w,,,f,f,,d,a,e,p,1.0,6
majority,9349,9349,4.06,b,g,n,f,x,d,w,4.4,3.15,,,y,,,f,f,,g,u,e,p,1.0,5
majority,42355,42357,4.35,p,y,w,f,e,c,k,3.77,11.7,,,w,,w,t,e,,g,u,e,p,1.0,4
majority,46592,46594,4.01,f,,y,f,x,c,w,6.61,3.53,,,w,,,f,f,,d,u,e,p,1.0,6
majority,46382,46384,4.63,f,,y,f,x,c,u,6.52,4.43,,,w,,,f,f,,d,u,e,p,1.0,6
majority,52272,52274,8.89,x,h,y,f,p,,y,7.93,14.63,,,y,,y,t,,,d,a,e,p,1.0,6
majority,45422,45424,3.35,b,y,n,f,,c,k,6.94,3.12,,,w,,,f,f,,d,a,e,p,1.0,6
majority,10552,10553,3.9,f,g,g,f,a,d,g,4.96,3.05,,s,g,,,f,f,,d,a,e,p,1.0,4
majority,45780,45782,1.11,b,g,g,f,,,g,3.27,1.58,,,w,,,f,f,,d,a,e,p,1.0,7
majority,24058,24060,8.77,f,,n,f,x,c,w,6.03,18.1,,s,w,,,f,f,,d,u,e,p,1.0,5
majority,18876,18878,3.86,x,s,w,f,d,d,w,3.7,6.07,,,w,,,f,f,,g,w,e,p,1.0,5
majority,43434,43436,9.46,x,y,n,t,e,,p,9.15,17.53,,y,w,,,t,p,,l,a,e,p,1.0,5
majority,4943,4943,9.73,f,,n,f,s,c,u,7.57,17.63,,,b,,,f,f,,l,w,e,p,1.0,6
majority,21918,21920,3.77,x,,y,f,a,c,o,3.54,8.22,,,w,,,f,f,,d,u,e,p,1.0,6
majority,49732,49734,7.45,x,d,y,t,p,,y,8.5,14.95,,,y,,,f,f,,d,u,e,p,1.0,6
majority,42236,42238,7.79,x,s,w,f,e,c,n,5.22,13.21,,,w,,w,t,e,,m,u,e,p,1.0,4
majority,56075,56077,11.19,o,,n,f,,,w,5.43,25.09,,,n,,,f,f,,d,a,e,p,1.0,8
majority,52807,52809,11.12,x,h,n,t,p,,y,7.96,18.22,,,n,,w,t,p,,d,a,e,p,1.0,5
majority,6520,6520,5.92,s,,n,f,d,c,w,5.56,7.96,,s,w,,,f,f,,d,a,e,p,1.0,5
majority,52269,52271,6.08,x,t,y,f,p,,y,7.48,13.51,,,y,,y,t,,,d,u,e,p,1.0,6
majority,14468,14470,5.12,x,t,n,f,a,d,n,5.18,4.14,,t,w,,,t,l,,d,w,e,p,1.0,4
majority,49180,49182,6.63,x,d,e,t,p,,r,5.99,12.48,,,e,,,f,f,,d,a,e,p,1.0,6
majority,56876,56906,8.38,f,e,b,f,,c,b,5.28,20.18,,,w,,,t,f,,d,a,e,p,1.0,6
majority,45993,45995,1.42,x,w,n,f,,d,g,4.56,2.22,,,w,,,f,f,,d,u,e,p,1.0,6
majority,33680,33682,7.46,x,l,w,f,d,,p,3.69,10.67,,,w,,,f,f,,g,a,e,p,1.0,6
majority,55831,55833,7.12,s,,n,f,,,w,4.17,24.77,,,n,,,f,f,,d,u,e,p,1.0,8
majority,55039,55041,3.66,s,,n,f,f,f,f,7.4,8.37,,,o,,,f,f,,d,a,e,p,1.0,6
majority,17858,17860,8.34,p,,n,f,a,,w,7.04,15.11,,,g,,,f,f,,d,a,e,p,1.0,7
majority,31417,31419,6.19,x,y,n,f,e,c,p,5.3,9.39,,y,n,,,f,f,,d,a,e,p,1.0,4
majority,9398,9398,3.13,b,g,n,f,x,d,w,4.27,3.37,,,y,,,f,f,,g,a,e,p,1.0,5
majority,20638,20640,3.8,x,d,o,f,a,c,e,4.68,6.22,,,e,,,f,f,,g,a,e,p,1.0,5
majority,14500,14502,4.91,f,t,o,f,a,d,w,5.82,5.07,,k,n,,,f,f,,d,w,e,p,1.0,4
majority,11628,11629,1.57,c,g,n,f,a,,w,5.45,1.59,,,g,,,f,f,,l,u,e,p,1.0,6
majority,31483,31485,6.33,x,y,n,f,e,c,p,5.75,9.95,,y,n,,,f,f,,d,u,e,p,1.0,4
majority,55258,55260,5.05,s,l,n,f,f,f,f,6.2,37.92,,,n,,,f,f,g,l,w,e,p,1.0,4
majority,4299,4299,3.41,f,y,n,f,a,d,p,8.04,4.35,,i,n,,,f,f,,l,a,e,p,1.0,4
majority,6430,6430,6.45,s,,n,f,d,c,w,5.78,8.74,,s,w,,,f,f,,h,u,e,p,1.0,5
majority,45218,45220,3.01,b,y,n,f,,c,n,6.98,3.31,,,w,,,f,f,,d,w,e,p,1.0,6
majority,9264,9264,3.87,b,g,n,f,x,d,w,4.94,3.66,,,y,,,f,f,,g,u,e,p,1.0,5
majority,11374,11375,1.42,c,g,n,f,a,,g,5.01,1.66,,,g,,,f,f,,l,u,e,p,1.0,6
majority,54471,54473,7.0,f,w,y,f,f,f,f,6.34,16.33,,,y,,,f,f,,d,a,e,p,1.0,5
majority,42223,42225,7.06,f,y,w,f,e,c,k,4.73,13.11,,,w,,w,t,e,,m,u,e,p,1.0,4
majority,48860,48862,9.43,x,t,n,t,p,,y,7.53,21.53,,,n,,,f,f,,d,a,e,p,1.0,6
majority,1829,1829,6.13,x,,y,f,e,,w,6.08,12.9,b,,w,u,y,t,g,,d,a,e,p,1.0,4
majority,45706,45708,1.25,p,g,g,f,,,g,2.52,1.37,,,w,,,f,f,,d,a,e,p,1.0,7
majority,11949,11950,1.06,x,g,e,t,a,,p,4.93,0.97,,,n,,,f,f,,h,a,e,p,1.0,6
majority,11810,11811,1.12,c,g,n,t,a,,w,5.48,0.94,,,n,,,f,f,,d,a,e,p,1.0,6
majority,14334,14336,5.52,x,t,g,f,a,d,n,4.8,3.53,,t,w,,,t,l,,d,u,e,p,1.0,4
majority,42408,42410,5.63,x,y,n,f,e,c,n,4.24,12.08,,,w,,,t,r,,w,a,e,p,1.0,5
majority,25033,25035,10.53,f,s,u,f,a,c,w,5.48,16.69,,,w,,,f,f,,d,a,e,p,1.0,5
majority,21257,21259,4.22,f,t,n,f,d,,o,6.4,8.75,,t,o,,,f,f,,d,a,e,p,1.0,5
majority,43487,43489,10.19,p,i,n,t,e,,p,8.86,17.38,,y,w,,,t,l,,d,a,e,p,1.0,5
majority,34995,34997,4.35,x,,n,f,x,c,w,7.92,7.08,b,,n,,w,t,,,g,s,e,p,1.0,5
majority,35169,35171,4.6,x,,n,f,x,c,w,7.89,8.13,b,,n,,w,t,,,g,s,e,p,1.0,5
majority,45225,45227,2.88,b,y,n,f,,c,n,6.93,2.89,,,w,,,f,f,,d,a,e,p,1.0,6
majority,9481,9481,3.46,b,g,n,f,x,d,w,4.52,3.19,,,y,,,f,f,,g,u,e,p,1.0,5
majority,24368,24370,7.08,x,e,l,f,x,c,w,6.34,13.59,,,w,,,f,f,,d,u,e,p,1.0,5
majority,16917,16919,7.77,f,h,o,f,s,,n,10.47,13.28,,i,n,,,f,f,,d,a,e,p,1.0,5
majority,30438,30440,11.58,s,t,p,t,d,c,o,5.69,17.66,,,w,,,f,f,,d,a,e,p,1.0,5
majority,53015,53017,10.15,x,t,n,f,p,d,y,8.61,13.07,,s,n,,,f,f,,g,a,e,p,1.0,4
majority,20149,20151,6.23,s,d,b,f,d,d,b,5.89,12.13,,,w,,,f,f,,g,a,e,p,1.0,5
majority,60445,60591,6.81,o,,n,f,f,f,f,6.13,19.67,,,n,,,f,f,,d,s,e,p,1.0,6
majority,2930,2930,19.63,p,y,n,f,,,w,25.79,19.47,s,,n,,,t,m,,d,u,e,p,1.0,6
majority,4249,4249,2.87,s,y,n,f,a,d,p,7.93,3.55,,i,n,,,f,f,,l,u,e,p,1.0,4
majority,58208,58354,48.86,o,y,y,f,p,,y,5.99,18.73,,k,k,,,f,f,,d,u,e,p,1.0,5
majority,10280,10281,4.75,f,g,g,f,a,d,g,8.74,4.68,,s,n,,,f,f,,d,w,e,p,1.0,4
majority,15325,15327,11.11,x,y,y,f,,,w,7.36,25.18,b,,n,,w,t,e,,d,w,e,p,1.0,5
majority,6687,6687,4.67,s,,n,f,d,c,w,5.57,8.44,,s,w,,,f,f,,h,a,e,p,1.0,5
majority,22174,22176,4.25,x,,y,f,a,c,o,3.78,8.87,,,w,,,f,f,,d,u,e,p,1.0,6
majority,52749,52751,9.54,x,s,n,t,p,,y,7.65,17.45,,,n,,w,t,p,,d,u,e,p,1.0,5
majority,4908,4908,2.69,x,,u,f,,d,u,5.17,4.04,,,w,,,f,f,,d,u,e,p,1.0,7
majority,60274,60420,5.39,o,,g,f,f,f,f,5.5,18.25,,,n,,,f,f,,d,s,e,p,1.0,6
majority,46415,46417,4.64,f,,w,f,x,c,u,5.3,3.27,,,w,,,f,f,,d,u,e,p,1.0,6
majority,53050,53052,7.98,x,h,n,f,p,d,y,7.25,12.27,,s,n,,,f,f,,g,u,e,p,1.0,4
majority,31324,31326,8.98,x,s,n,f,e,c,p,6.72,10.21,,i,w,,,f,f,p,d,w,e,p,1.0,3
majority,46098,46100,1.51,f,w,g,f,,d,k,5.16,2.63,,,w,,,f,f,,d,a,e,p,1.0,6
majority,17466,17468,10.16,f,s,w,f,s,c,w,6.24,28.71,,,w,,,f,f,,m,u,e,p,1.0,5
majority,49064,49066,11.74,x,h,n,t,p,,y,9.62,22.07,,,n,,,f,f,,d,u,e,p,1.0,6
majority,14134,14136,6.16,x,t,g,f,a,d,n,7.08,5.55,,t,g,,,t,l,,d,a,e,p,1.0,4
majority,16279,16281,4.17,f,y,n,f,s,,g,4.46,7.62,,,w,,,f,f,,d,u,e,p,1.0,6
majority,4396,4396,2.4,s,y,n,f,d,d,p,5.14,3.67,,i,n,,,f,f,,h,u,e,p,1.0,4
majority,21815,21817,6.68,f,,y,f,a,c,w,5.72,16.46,,,g,,,f,f,,d,u,e,p,1.0,6
majority,49584,49586,5.91,x,d,y,t,p,,y,7.2,13.62,,,y,,,f,f,,d,a,e,p,1.0,6
majority,46188,46190,1.4,x,w,g,f,,d,k,4.47,2.53,,,w,,,f,f,,g,u,e,p,1.0,6
majority,9210,9210,3.55,b,g,w,f,x,d,w,4.24,2.87,,,y,,,f,f,,g,u,e,p,1.0,5
majority,8730,8730,6.29,f,s,n,f,x,c,w,7.56,10.64,,s,n,,,f,f,,l,w,e,p,1.0,4
majority,24728,24730,7.27,f,s,k,f,a,c,w,4.45,13.7,,,w,,,f,f,,d,a,e,p,1.0,5
majority,4504,4504,3.45,f,y,n,f,a,d,p,8.62,4.74,,i,n,,,f,f,,h,a,e,p,1.0,4
majority,14419,14421,5.54,x,t,g,f,a,d,n,5.4,4.5,,t,w,,,t,l,,d,u,e,p,1.0,4
majority,55763,55765,12.07,f,,w,f,d,c,w,2.72,17.14,,,w,,,f,f,,d,w,e,p,1.0,6
majority,49460,49462,4.62,x,d,y,t,p,,y,5.81,13.05,,,y,,,f,f,,d,a,e,p,1.0,6
majority,11704,11705,1.04,x,g,e,t,a,,p,6.36,0.99,,,n,,,f,f,,d,u,e,p,1.0,6
majority,17537,17539,7.52,f,d,w,f,s,c,w,5.69,24.3,,,w,,,f,f,,d,s,e,p,1.0,5
majority,50742,50744,2.97,x,k,n,f,p,,n,4.68,10.14,,,n,,,f,f,,d,a,e,p,1.0,6
majority,15060,15062,7.4,f,s,y,f,d,d,w,7.27,12.08,,i,n,,,t,,w,d,u,e,p,1.0,4
majority,60498,60644,6.37,p,,n,f,f,f,f,5.47,18.79,,,n,,,f,f,,l,s,e,p,1.0,6
majority,51478,51480,4.45,x,t,o,f,p,,n,6.08,11.73,,,e,,,f,f,,d,a,e,p,1.0,6
majority,46575,46577,5.17,f,,y,f,x,c,u,7.03,4.08,,,w,,,f,f,,d,u,e,p,1.0,6
majority,2915,2915,17.61,p,y,w,f,,,w,20.27,18.76,s,,n,,,t,m,,m,u,e,p,1.0,6
majority,4658,4658,2.05,x,,u,f,,d,w,4.58,4.08,,,w,,,f,f,,d,a,e,p,1.0,7
majority,51750,51752,18.46,p,d,n,f,p,,n,18.25,37.31,s,y,w,,,f,f,,d,u,e,p,1.0,4
majority,25056,25058,7.89,x,s,k,f,a,c,w,4.62,16.62,,,w,,,f,f,,d,a,e,p,1.0,5
majority,4836,4836,1.7,x,,b,f,,d,w,4.93,3.8,,,w,,,f,f,,d,u,e,p,1.0,7
majority,11390,11391,1.63,c,g,n,f,a,,w,5.37,1.68,,,g,,,f,f,,l,a,e,p,1.0,6
majority,17578,17580,9.72,x,s,w,f,s,c,w,8.44,35.65,,,w,,,f,f,,d,s,e,p,1.0,5
majority,24313,24315,8.4,f,,n,f,x,c,w,7.49,17.89,,s,w,,,f,f,,d,a,e,p,1.0,5
majority,2837,2837,13.89,f,y,n,f,,,w,22.0,19.69,s,,n,,,t,m,,d,u,e,p,1.0,6
majority,11520,11521,1.03,c,g,n,f,a,,w,4.78,1.29,,,g,,,f,f,,d,u,e,p,1.0,6
majority,21940,21942,4.76,x,,y,f,a,c,y,4.24,8.43,,,w,,,f,f,,d,u,e,p,1.0,6
majority,52416,52418,8.32,x,h,y,f,p,,y,8.96,16.03,,,y,,y,t,,,d,u,e,p,1.0,6
majority,16776,16778,7.67,f,g,o,f,s,,y,8.6,12.2,,i,n,,,f,f,,d,a,e,p,1.0,5
majority,48763,48765,9.33,x,t,n,t,p,,y,8.74,22.03,,,n,,,f,f,,d,a,e,p,1.0,6
majority,16343,16345,5.69,f,y,g,f,s,,w,4.61,8.23,,,w,,,f,f,,d,u,e,p,1.0,6
majority,1072,1072,9.4,f,,n,t,,,w,10.23,16.39,b,,w,u,w,t,g,,d,u,e,p,1.0,5
majority,53136,53138,9.35,x,t,n,f,p,d,y,7.4,13.3,,s,n,,,f,f,,h,u,e,p,1.0,4
majority,25097,25099,14.96,s,s,n,f,a,d,k,6.1,20.3,,,w,,,f,f,w,d,w,e,p,1.0,4
majority,35273,35275,5.04,x,,n,f,x,c,n,7.79,8.19,b,,n,,w,t,,,d,a,e,p,1.0,5
majority,11448,11449,1.55,c,g,n,f,a,,w,5.26,1.61,,,g,,,f,f,,l,a,e,p,1.0,6
majority,5216,5216,10.91,f,,g,f,s,c,u,8.14,19.67,,,b,,,f,f,,d,a,e,p,1.0,6
majority,31300,31302,10.33,x,s,n,f,e,c,w,7.55,9.76,,i,w,,,f,f,p,d,a,e,p,1.0,3
majority,5724,5724,13.35,f,e,n,f,d,c,w,8.1,24.09,s,,w,,,f,f,,d,a,e,p,1.0,4
majority,25039,25041,8.3,f,s,u,f,a,c,w,5.05,17.31,,,w,,,f,f,,d,a,e,p,1.0,5
majority,42130,42132,5.85,p,y,w,f,e,c,n,4.51,11.81,,,w,,w,t,e,,g,u,e,p,1.0,4
majority,49352,49354,7.18,x,d,n,t,p,,r,5.35,11.28,,,e,,,f,f,,d,a,e,p,1.0,6
majority,24870,24872,8.38,f,s,u,f,a,c,w,4.28,14.81,,,w,,,f,f,,d,u,e,p,1.0,5
majority,18170,18172,6.82,f,s,n,f,s,c,w,6.35,9.82,b,i,w,,,f,f,,m,u,e,p,1.0,3
majority,43701,43703,10.89,x,i,n,t,e,,p,9.09,18.44,,y,w,,,t,p,,l,a,e,p,1.0,5
majority,42809,42811,9.43,x,s,w,t,e,,g,9.21,17.23,s,,w,,,t,l,,m,a,e,p,1.0,5
majority,11818,11819,1.16,f,g,n,t,a,,p,5.47,0.94,,,n,,,f,f,,d,u,e,p,1.0,6
majority,3200,3200,15.84,x,y,n,t,e,,w,10.17,18.35,,,w,,,t,,,d,u,e,p,1.0,7
majority,11984,11985,1.03,f,g,n,t,a,,p,4.92,0.96,,,n,,,f,f,,h,a,e,p,1.0,6
majority,14657,14659,4.56,f,h,n,f,a,d,y,5.9,5.57,,s,o,,,f,f,,d,a,e,p,1.0,4
majority,36180,36182,6.62,x,h,n,f,x,c,w,5.45,5.52,,s,n,,,t,r,,d,u,e,p,1.0,4
majority,4379,4379,2.06,s,y,n,f,a,d,p,6.48,3.59,,i,n,,,f,f,,h,a,e,p,1.0,4
majority,1937,1937,6.04,x,,w,f,e,,w,6.08,11.78,b,,w,u,w,t,g,,d,u,e,p,1.0,4
majority,17397,17399,7.93,x,d,w,f,s,c,w,6.8,27.12,,,w,,,f,f,,m,u,e,p,1.0,5
majority,60248,60394,5.48,c,,n,f,f,f,f,4.73,20.15,,,n,,,f,f,,d,s,e,p,1.0,6
majority,51684,51686,15.91,p,d,n,f,p,,w,15.97,35.35,s,y,w,,,f,f,,d,u,e,p,1.0,4
majority,5006,5006,10.83,s,,n,f,s,c,b,8.21,21.09,,,u,,,f,f,,d,a,e,p,1.0,6
majority,18159,18161,5.91,f,s,n,f,s,c,w,5.92,8.99,b,i,w,,,f,f,,d,u,e,p,1.0,3
majority,52752,52754,8.63,x,s,n,t,p,,y,7.06,17.66,,,n,,w,t,p,,d,u,e,p,1.0,5
majority,20598,20600,4.57,x,d,o,f,a,c,e,5.57,7.36,,,e,,,f,f,,g,u,e,p,1.0,5
majority,21892,21894,4.06,x,,y,f,a,c,y,4.59,10.05,,,w,,,f,f,,d,u,e,p,1.0,6
majority,20469,20471,6.34,x,d,o,f,d,d,o,6.83,13.71,,,w,,,f,f,,g,w,e,p,1.0,5
majority,21220,21222,3.6,f,t,n,f,d,,o,5.53,7.59,,t,w,,,f,f,,d,a,e,p,1.0,5
majority,33864,33866,7.18,s,l,w,f,d,,w,3.51,8.72,,,w,,,f,f,,d,u,e,p,1.0,6
majority,49423,49425,7.59,x,d,y,t,p,,y,7.12,15.02,,,y,,,f,f,,d,a,e,p,1.0,6
majority,55852,55854,8.12,s,,n,f,,,w,4.18,22.31,,,n,,,f,f,,d,a,e,p,1.0,8
majority,45995,45997,1.14,x,w,n,f,,d,k,4.34,2.3,,,w,,,f,f,,d,w,e,p,1.0,6
majority,56034,56036,7.31,o,,n,f,,,w,4.67,22.79,,,n,,,f,f,,d,u,e,p,1.0,8
majority,10517,10518,2.89,f,g,n,f,a,d,g,4.06,3.15,,s,n,,,f,f,,d,a,e,p,1.0,4
majority,49328,49330,7.7,x,d,e,t,p,,y,6.13,11.91,,,y,,,f,f,,d,u,e,p,1.0,6
majority,22238,22240,7.5,x,t,y,t,x,c,y,8.93,17.97,,,w,,,f,f,,d,a,e,p,1.0,5
majority,53002,53004,9.88,x,t,n,f,p,d,y,8.23,13.18,,s,n,,,f,f,,g,u,e,p,1.0,4
majority,20518,20520,2.9,x,d,p,f,a,c,e,4.15,6.08,,,o,,,f,f,,g,u,e,p,1.0,5
majority,58140,58286,48.27,o,y,y,f,p,,y,6.52,45.8,,k,k,,,f,f,,d,s,e,p,1.0,5
majority,46289,46291,5.15,f,,n,f,x,c,n,6.76,4.57,,,w,,,f,f,,d,u,e,p,1.0,6
majority,21392,21394,3.44,f,t,n,f,d,,o,5.75,7.83,,t,w,,,f,f,,d,w,e,p,1.0,5
majority,25276,25278,18.84,s,t,k,f,a,d,y,7.31,24.73,,,w,,,f,f,w,d,u,e,p,1.0,4
majority,52109,52111,8.25,x,,g,t,p,,g,11.15,25.81,,y,w,,,f,f,,d,a,e,p,1.0,6
majority,5554,5554,10.24,s,,n,f,s,c,g,8.23,21.66,b,,u,,,f,f,,g,w,e,p,1.0,5
majority,42911,42913,14.36,p,s,w,t,e,,g,11.99,18.78,s,,w,,,t,l,,m,u,e,p,1.0,5
majority,51205,51207,3.73,x,s,o,f,p,,n,4.42,11.25,,,e,,,f,f,,d,u,e,p,1.0,6
majority,51633,51635,20.62,p,d,o,f,p,,w,17.85,36.91,s,y,w,,,f,f,,d,a,e,p,1.0,4
majority,21281,21283,3.86,f,t,n,f,d,,o,6.06,5.7,,t,o,,,f,f,,d,w,e,p,1.0,5
majority,12395,12396,1.7,x,t,y,f,d,,w,6.93,2.03,,t,y,,,f,f,,g,a,e,p,1.0,5
majority,24258,24260,6.08,x,,p,f,x,c,w,5.09,14.02,,s,w,,,f,f,,d,a,e,p,1.0,5
majority,49663,49665,5.4,x,d,n,t,p,,y,5.92,13.37,,,y,,,f,f,,d,a,e,p,1.0,6
majority,16550,16552,5.56,f,y,n,f,s,,g,4.89,8.24,,,w,,,f,f,,d,a,e,p,1.0,6
majority,11946,11947,0.99,x,g,e,t,a,,w,6.24,1.06,,,n,,,f,f,,d,u,e,p,1.0,6
majority,43864,43866,10.56,f,y,w,f,e,c,w,19.07,12.83,,s,w,,,t,e,,d,w,e,p,1.0,4
majority,43842,43844,10.49,f,y,w,f,e,c,w,22.1,12.52,,s,w,,,t,e,,u,a,e,p,1.0,4
majority,5737,5737,15.81,s,e,n,f,d,c,w,8.94,25.09,s,,w,,,f,f,,d,w,e,p,1.0,4
majority,54864,54866,3.34,s,,n,f,f,f,f,6.41,8.67,,,y,,,f,f,,d,a,e,p,1.0,6
majority,31590,31592,6.71,x,y,n,f,e,c,w,5.21,10.13,,y,n,,,f,f,,d,u,e,p,1.0,4
majority,17776,17778,7.48,x,,n,f,a,,w,6.62,11.87,,,g,,,f,f,,d,a,e,p,1.0,7
majority,51500,51502,3.74,x,s,n,f,p,,n,5.41,11.65,,,e,,,f,f,,d,a,e,p,1.0,6
majority,31611,31613,5.57,x,y,n,f,e,c,p,4.87,9.02,,y,n,,,f,f,,d,u,e,p,1.0,4
majority,19004,19006,2.51,f,s,w,f,d,d,w,2.98,5.69,,,w,,,f,f,,m,w,e,p,1.0,5
majority,49689,49691,7.07,x,d,y,t,p,,y,9.64,16.18,,,y,,,f,f,,d,u,e,p,1.0,6
majority,31628,31630,6.81,x,y,n,f,e,c,p,6.25,10.26,,y,n,,,f,f,,d,u,e,p,1.0,4
majority,3257,3257,13.61,x,e,n,t,e,,w,9.82,17.78,,,w,,,t,,,g,u,e,p,1.0,7
majority,22484,22486,6.32,x,h,y,t,x,c,y,6.5,13.69,,,w,,,f,f,,d,u,e,p,1.0,5
majority,1126,1126,6.54,x,,n,t,,,w,9.53,13.56,b,,w,u,w,t,g,,d,u,e,p,1.0,5
majority,15033,15035,9.7,f,s,e,f,a,d,w,8.58,15.22,,i,n,,,t,,w,d,a,e,p,1.0,4
majority,48702,48704,26.16,x,w,n,f,p,,y,20.99,89.19,,,n,,,f,f,,d,u,e,p,1.0,6
majority,3013,3013,19.52,f,y,w,f,,,w,24.89,20.69,s,,n,,,t,m,,m,u,e,p,1.0,6
majority,50820,50822,3.87,x,d,n,f,p,,y,5.21,10.37,,,n,,,f,f,,d,a,e,p,1.0,6
majority,31600,31602,6.7,x,y,n,f,e,c,p,5.25,10.35,,y,n,,,f,f,,d,a,e,p,1.0,4
majority,55067,55069,4.9,s,l,n,f,f,f,f,6.81,63.87,,,n,,,f,f,g,d,a,e,p,1.0,4
majority,56010,56012,8.44,o,,n,f,,,w,5.92,24.45,,,n,,,f,f,,d,u,e,p,1.0,8
majority,50771,50773,4.01,x,d,n,f,p,,e,5.04,10.73,,,y,,,f,f,,d,a,e,p,1.0,6
majority,31709,31711,7.14,x,y,n,f,e,c,w,6.24,10.31,,y,n,,,f,f,,d,u,e,p,1.0,4
majority,17758,17760,7.94,x,,n,f,a,,w,7.38,13.82,,,w,,,f,f,,d,a,e,p,1.0,7
majority,14730,14732,3.33,x,h,o,f,a,d,w,4.01,3.49,,k,o,,,f,f,,d,w,e,p,1.0,4
majority,16534,16536,5.71,x,y,g,f,s,,g,4.67,8.76,,,w,,,f,f,,d,a,e,p,1.0,6
majority,52332,52334,8.4,x,h,y,f,p,,y,6.69,13.56,,,y,,y,t,,,d,a,e,p,1.0,6
majority,27178,27180,10.32,s,,w,t,d,c,y,6.07,24.49,,,w,,,f,f,,d,u,e,p,1.0,6
majority,55028,55030,3.25,s,,n,f,f,f,f,6.3,7.74,,,o,,,f,f,,d,a,e,p,1.0,6
majority,8626,8626,5.58,x,s,n,f,x,c,w,6.05,9.28,,s,n,,,f,f,,l,w,e,p,1.0,4
majority,30600,30602,9.03,s,t,p,t,d,c,o,6.02,18.07,,,w,,,f,f,,d,a,e,p,1.0,5
majority,45600,45602,1.04,p,g,w,f,,,g,3.24,1.66,,,w,,,f,f,,d,s,e,p,1.0,7
majority,5190,5190,7.83,s,,l,f,s,c,u,6.5,18.41,,,u,,,f,f,,l,a,e,p,1.0,6
majority,1145,1145,8.2,x,,n,t,,,w,11.12,19.51,b,,w,u,w,t,g,,d,a,e,p,1.0,5
majority,24831,24833,8.47,x,s,u,f,a,c,w,4.2,14.12,,,w,,,f,f,,d,u,e,p,1.0,5
majority,43636,43638,9.88,x,i,n,t,e,,p,9.47,18.36,,y,w,,,t,l,,l,a,e,p,1.0,5
majority,6656,6656,7.18,s,,n,f,d,c,w,5.21,8.57,,s,w,,,f,f,,l,a,e,p,1.0,5
majority,24965,24967,6.18,f,s,u,f,a,c,w,4.52,15.09,,,w,,,f,f,,d,u,e,p,1.0,5
majority,16474,16476,5.51,f,y,g,f,s,,w,4.96,7.85,,,w,,,f,f,,d,u,e,p,1.0,6
majority,17782,17784,7.96,p,,n,f,a,,w,7.25,15.32,,,w,,,f,f,,d,u,e,p,1.0,7
majority,45502,45504,2.95,b,y,n,f,,c,k,6.53,2.79,,,w,,,f,f,,d,s,e,p,1.0,6
majority,14460,14462,5.04,x,h,g,f,a,d,n,5.16,4.68,,t,w,,,t,l,,d,u,e,p,1.0,4
majority,4932,4932,2.04,x,,u,f,,d,u,5.65,4.26,,,w,,,f,f,,d,u,e,p,1.0,7
majority,48415,48417,18.85,x,t,n,f,p,,w,16.98,71.21,,,n,,,f,f,,d,u,e,p,1.0,6
majority,25137,25139,15.1,x,t,k,f,a,d,y,5.83,20.22,,,w,,,f,f,w,d,w,e,p,1.0,4
majority,51330,51332,5.11,x,s,n,f,p,,n,5.81,12.64,,,e,,,f,f,,d,u,e,p,1.0,6
majority,1854,1854,6.35,x,,w,f,e,,w,5.46,13.07,b,,w,u,w,t,g,,d,a,e,p,1.0,4
majority,35233,35235,4.03,x,,n,f,x,c,n,7.63,7.97,b,,w,,w,t,,,d,s,e,p,1.0,5
majority,52594,52596,7.03,x,t,y,f,p,,y,8.42,16.34,,,y,,y,t,,,d,u,e,p,1.0,6
majority,46597,46599,4.07,f,h,n,f,,c,n,6.71,6.79,,s,w,,w,f,f,k,d,a,e,p,1.0,3
majority,6792,6792,4.43,x,,l,f,d,,r,6.21,7.27,,,l,,,f,f,,d,u,e,p,1.0,7
majority,31469,31471,7.36,x,y,n,f,e,c,w,6.08,10.55,,y,n,,,f,f,,d,a,e,p,1.0,4
majority,21538,21540,5.54,x,,y,f,a,c,w,6.01,15.04,,,g,,,f,f,,d,a,e,p,1.0,6
majority,36336,36338,4.42,x,h,n,f,x,c,w,4.71,5.32,,y,n,,,t,r,,d,u,e,p,1.0,4
majority,16769,16771,8.05,f,t,o,f,s,,n,8.81,11.4,,i,n,,,f,f,,d,a,e,p,1.0,5
majority,4650,4650,2.41,x,,b,f,,d,u,6.51,5.05,,,w,,,f,f,,d,w,e,p,1.0,7
majority,26997,26999,10.33,s,,w,t,d,c,p,5.95,25.58,,,w,,,f,f,,d,a,e,p,1.0,6
majority,3403,3403,16.62,x,y,n,t,e,,w,11.08,17.89,,,w,,,t,,,g,u,e,p,1.0,7
majority,52573,52575,8.84,x,h,y,f,p,,y,6.7,14.42,,,y,,y,t,,,d,a,e,p,1.0,6
majority,3107,3107,16.01,p,y,w,f,,,w,25.44,18.87,s,,n,,,t,m,,d,a,e,p,1.0,6
majority,4847,4847,2.81,x,,b,f,,d,w,6.68,4.93,,,w,,,f,f,,d,w,e,p,1.0,7
majority,17651,17653,8.0,x,,n,f,a,,w,7.43,15.25,,,w,,,f,f,,d,u,e,p,1.0,7
majority,42801,42803,10.04,p,s,n,t,e,,g,11.36,17.64,s,,w,,,t,r,,m,u,e,p,1.0,5
majority,48947,48949,10.58,x,t,n,t,p,,y,7.53,22.6,,,n,,,f,f,,d,u,e,p,1.0,6
majority,35029,35031,4.19,x,,n,f,x,c,w,8.04,9.21,b,,w,,w,t,,,d,s,e,p,1.0,5
majority,46498,46500,3.68,x,,y,f,x,c,u,6.63,4.17,,,w,,,f,f,,d,u,e,p,1.0,6
majority,29700,29702,2.74,s,d,n,t,d,c,p,4.78,6.15,,,g,,,f,f,,d,a,e,p,1.0,5
majority,1824,1824,6.07,x,,y,f,e,,w,5.48,12.05,b,,y,u,y,t,g,,d,a,e,p,1.0,4
majority,12435,12436,1.33,x,g,y,f,a,,w,5.47,1.57,,t,y,,,f,f,,h,a,e,p,1.0,5
majority,20699,20701,2.73,x,h,o,f,a,c,o,3.81,6.1,,,e,,,f,f,,m,a,e,p,1.0,5
majority,14393,14395,5.35,x,h,g,f,a,d,n,5.65,4.6,,t,g,,,t,l,,d,a,e,p,1.0,4
majority,14240,14242,5.85,x,h,g,f,a,d,n,5.91,5.12,,t,w,,,t,l,,d,a,e,p,1.0,4
majority,12625,12626,1.75,x,t,y,f,a,,w,7.54,2.32,,t,y,,,f,f,,h,a,e,p,1.0,5
majority,10288,10289,3.06,b,g,g,f,a,d,g,5.75,2.86,,s,n,,,f,f,,d,a,e,p,1.0,4
majority,46485,46487,4.61,x,,w,f,x,c,n,6.43,4.05,,,w,,,f,f,,d,u,e,p,1.0,6
majority,48537,48539,21.27,p,w,n,f,p,,y,16.11,83.28,,,n,,,f,f,,d,u,e,p,1.0,6
majority,46939,46941,3.6,f,h,n,f,,c,n,5.85,6.32,,s,w,,w,f,f,k,d,u,e,p,1.0,3
majority,53298,53300,7.53,x,t,n,f,p,d,y,7.42,12.78,,s,n,,,f,f,,h,a,e,p,1.0,4
majority,44095,44097,8.67,f,y,w,f,e,c,k,20.83,12.28,,s,w,,,t,e,,d,s,e,p,1.0,4
majority,11622,11623,1.52,c,g,n,f,a,,g,4.8,1.39,,,g,,,f,f,,d,u,e,p,1.0,6
majority,5720,5720,12.82,f,e,n,f,a,c,w,6.82,23.18,s,,w,,,f,f,,l,w,e,p,1.0,4
majority,33535,33537,7.8,s,l,w,f,d,,p,3.35,7.66,,,w,,,f,f,,g,u,e,p,1.0,6
majority,20339,20341,7.0,f,d,b,f,d,d,b,6.42,12.37,,,w,,,f,f,,m,a,e,p,1.0,5
majority,45474,45476,3.4,b,y,n,f,,c,k,6.99,3.39,,,w,,,f,f,,d,u,e,p,1.0,6
majority,49200,49202,6.01,x,d,y,t,p,,y,4.78,11.16,,,e,,,f,f,,d,a,e,p,1.0,6
majority,15114,15116,8.84,x,s,n,f,d,d,w,9.55,13.98,,i,n,,,t,,w,d,a,e,p,1.0,4
majority,9366,9366,3.32,b,g,w,f,x,d,w,3.96,2.71,,,y,,,f,f,,g,a,e,p,1.0,5
majority,16808,16810,7.04,f,g,o,f,s,,n,9.01,11.98,,t,o,,,f,f,,d,a,e,p,1.0,5
majority,51525,51527,4.2,x,t,n,f,p,,n,5.05,10.85,,,n,,,f,f,,d,u,e,p,1.0,6
majority,52882,52884,8.92,x,t,n,t,p,,n,6.42,16.21,,,n,,w,t,p,,d,a,e,p,1.0,5
majority,36137,36139,6.69,x,h,n,f,x,c,n,6.31,5.89,,s,n,,,t,r,,d,u,e,p,1.0,4
majority,16153,16155,4.96,b,h,k,f,s,d,w,4.15,8.81,,s,g,,,f,f,,d,a,e,p,1.0,4
majority,49677,49679,5.74,x,d,y,t,p,,y,7.11,15.84,,,y,,,f,f,,d,a,e,p,1.0,6
majority,24970,24972,9.01,f,s,k,f,a,c,w,4.85,15.99,,,w,,,f,f,,d,u,e,p,1.0,5
majority,14161,14163,5.24,x,h,n,f,a,d,n,6.23,5.48,,t,g,,,t,l,,d,u,e,p,1.0,4
majority,4714,4714,3.16,x,,b,f,,d,u,6.95,5.5,,,w,,,f,f,,d,a,e,p,1.0,7
majority,51595,51597,17.8,p,d,o,f,p,,w,15.12,34.12,s,y,w,,,f,f,,d,u,e,p,1.0,4
majority,35185,35187,5.15,x,,n,f,x,c,w,8.13,8.83,b,,n,,w,t,,,d,a,e,p,1.0,5
majority,10351,10352,3.86,b,g,n,f,a,d,g,6.51,4.45,,s,g,,,f,f,,d,w,e,p,1.0,4
majority,10413,10414,4.37,b,g,g,f,a,d,g,7.11,3.99,,s,g,,,f,f,,d,a,e,p,1.0,4
majority,51869,51871,18.14,p,d,n,f,p,,n,15.1,34.06,s,y,w,,,f,f,,d,u,e,p,1.0,4
majority,14637,14639,4.1,f,t,o,f,a,d,w,6.66,7.16,,s,o,,,f,f,,d,s,e,p,1.0,4
majority,7001,7001,4.33,x,,l,f,a,,r,6.23,7.8,,,l,,,f,f,,d,u,e,p,1.0,7
majority,24223,24225,8.04,x,,e,f,x,c,w,7.03,16.62,,s,w,,,f,f,,d,a,e,p,1.0,5
majority,35001,35003,4.62,x,,n,f,x,c,n,8.62,9.47,b,,n,,w,t,,,g,s,e,p,1.0,5
majority,54876,54878,3.89,s,,y,f,f,f,f,6.02,5.89,,,o,,,f,f,,d,a,e,p,1.0,6
majority,2781,2781,5.79,c,t,n,f,e,,w,11.61,12.45,,s,w,u,w,f,f,,d,u,e,p,1.0,3
majority,21812,21814,5.72,x,,y,f,a,c,w,6.08,11.92,,,w,,,f,f,,d,a,e,p,1.0,6
majority,5910,5910,11.63,s,e,n,f,d,c,w,7.91,23.85,s,,w,,,f,f,,l,w,e,p,1.0,4
majority,31346,31348,9.16,x,s,n,f,e,c,p,7.84,10.13,,i,w,,,f,f,p,d,s,e,p,1.0,3
majority,11442,11443,1.66,c,g,n,f,a,,g,5.54,1.91,,,g,,,f,f,,d,a,e,p,1.0,6
majority,45265,45267,3.22,b,y,n,f,,c,n,6.56,3.01,,,w,,,f,f,,d,s,e,p,1.0,6
majority,52613,52615,9.58,x,s,n,t,p,,y,8.33,17.79,,,n,,w,t,p,,d,a,e,p,1.0,5
majority,46319,46321,4.84,x,,y,f,x,c,g,6.15,4.06,,,w,,,f,f,,d,a,e,p,1.0,6
majority,31557,31559,5.82,x,y,n,f,e,c,p,6.18,10.65,,y,n,,,f,f,,d,a,e,p,1.0,4
majority,52037,52039,9.05,x,,g,t,p,,g,11.07,23.89,,y,w,,,f,f,,d,a,e,p,1.0,6
majority,43485,43487,10.38,x,i,n,t,e,,p,9.49,17.7,,y,w,,,t,p,,l,a,e,p,1.0,5
majority,24624,24626,10.11,x,e,y,f,x,c,w,7.73,16.45,,,w,,,f,f,,d,a,e,p,1.0,5
majority,46531,46533,4.37,x,,n,f,x,c,n,7.23,4.27,,,w,,,f,f,,d,a,e,p,1.0,6
majority,22140,22142,3.33,x,,y,f,a,c,o,3.04,8.33,,,w,,,f,f,,d,u,e,p,1.0,6
majority,22396,22398,7.06,x,t,y,t,x,c,y,7.26,14.24,,,w,,,f,f,,d,a,e,p,1.0,5
majority,21201,21203,4.02,f,t,n,f,d,,o,6.12,7.42,,t,o,,,f,f,,d,a,e,p,1.0,5
majority,16828,16830,7.0,f,g,n,f,s,,n,8.85,11.74,,i,o,,,f,f,,d,a,e,p,1.0,5
majority,58327,58473,54.35,o,y,y,f,p,,y,8.15,32.7,,k,k,,,f,f,,d,u,e,p,1.0,5
majority,11408,11409,1.56,c,g,n,f,a,,w,4.99,1.34,,,g,,,f,f,,d,u,e,p,1.0,6
majority,42247,42249,6.57,p,s,w,f,e,c,n,4.88,11.93,,,w,,w,t,e,,m,a,e,p,1.0,4
majority,51376,51378,4.34,x,s,n,f,p,,n,5.8,11.74,,,e,,,f,f,,d,a,e,p,1.0,6
majority,46502,46504,5.07,f,,y,f,x,c,n,6.91,4.43,,,w,,,f,f,,d,u,e,p,1.0,6
majority,11989,11990,0.81,c,g,e,t,a,,p,5.11,0.99,,,n,,,f,f,,d,a,e,p,1.0,6
majority,2675,2675,5.51,c,t,n,f,e,,w,12.62,12.38,,s,n,u,w,f,f,,d,u,e,p,1.0,3
majority,52105,52107,8.24,x,,n,t,p,,g,11.85,24.44,,y,w,,,f,f,,d,u,e,p,1.0,6
majority,24868,24870,7.82,f,s,u,f,a,c,w,3.43,14.78,,,w,,,f,f,,d,a,e,p,1.0,5
majority,33669,33671,8.71,x,l,w,f,d,,p,3.49,9.43,,,w,,,f,f,,g,u,e,p,1.0,6
majority,55938,55940,8.16,o,,n,f,,,w,3.9,21.2,,,n,,,f,f,,d,a,e,p,1.0,8
majority,15076,15078,6.41,x,s,y,f,a,d,w,7.56,12.01,,i,n,,,t,,w,d,a,e,p,1.0,4
majority,52219,52221,6.57,x,,n,t,p,,g,11.99,25.33,,y,w,,,f,f,,d,u,e,p,1.0,6
majority,17483,17485,7.09,x,d,w,f,s,c,w,5.98,28.51,,,w,,,f,f,,d,u,e,p,1.0,5
majority,1893,1893,6.39,x,,w,f,e,,w,6.39,13.29,b,,y,u,y,t,g,,d,a,e,p,1.0,4
majority,43462,43464,10.33,x,i,n,t,e,,p,9.06,17.06,,y,w,,,t,p,,l,a,e,p,1.0,5
majority,22443,22445,7.47,x,t,y,t,x,c,y,6.97,15.64,,,w,,,f,f,,d,a,e,p,1.0,5
majority,43476,43478,9.77,p,i,n,t,e,,p,8.6,16.91,,y,w,,,t,p,,d,a,e,p,1.0,5
majority,16445,16447,4.89,x,y,n,f,s,,y,4.42,6.04,,,w,,,f,f,,d,u,e,p,1.0,6
majority,20618,20620,3.46,x,s,p,f,a,c,e,4.2,5.97,,,o,,,f,f,,g,w,e,p,1.0,5
majority,52511,52513,9.88,x,h,y,f,p,,y,9.4,16.74,,,y,,y,t,,,d,a,e,p,1.0,6
majority,49185,49187,7.23,x,d,e,t,p,,y,4.9,11.98,,,e,,,f,f,,d,u,e,p,1.0,6
majority,24557,24559,10.43,x,e,y,f,x,c,w,7.39,19.08,,,w,,,f,f,,d,u,e,p,1.0,5
majority,49521,49523,6.54,x,d,y,t,p,,y,7.13,16.3,,,y,,,f,f,,d,u,e,p,1.0,6
majority,18999,19001,3.86,x,s,w,f,d,d,w,3.31,5.52,,,w,,,f,f,,m,w,e,p,1.0,5
majority,31229,31231,10.54,x,s,n,f,e,c,w,6.4,9.79,,i,w,,,f,f,p,d,s,e,p,1.0,3
majority,60541,60687,6.39,c,,n,f,f,f,f,6.88,22.53,,,n,,,f,f,,d,s,e,p,1.0,6
majority,46739,46741,3.37,x,h,n,f,,c,n,5.59,6.3,,s,w,,w,f,f,k,d,a,e,p,1.0,3
majority,43616,43618,10.57,x,i,n,t,e,,p,9.25,19.11,,y,w,,,t,l,,l,a,e,p,1.0,5
majority,26396,26398,12.1,f,s,n,f,x,,n,6.46,19.94,,,w,,,f,f,,d,u,e,p,1.0,6
majority,42435,42437,5.54,x,y,n,f,e,c,n,4.52,11.85,,,w,,,t,r,,w,a,e,p,1.0,5
majority,21618,21620,6.31,x,,y,f,a,c,w,4.71,13.22,,,g,,,f,f,,d,u,e,p,1.0,6
majority,18916,18918,2.69,f,s,w,f,d,d,w,3.36,6.14,,,w,,,f,f,,m,w,e,p,1.0,5
majority,42741,42743,10.07,p,s,w,t,e,,g,8.91,17.27,s,,w,,,t,l,,m,a,e,p,1.0,5
majority,50654,50656,3.55,x,k,n,f,p,,e,5.03,9.68,,,y,,,f,f,,d,a,e,p,1.0,6
majority,52923,52925,8.78,x,h,n,t,p,,y,6.23,15.78,,,n,,w,t,p,,d,u,e,p,1.0,5
majority,54770,54772,2.75,s,,y,f,f,f,f,7.03,7.78,,,y,,,f,f,,d,a,e,p,1.0,6
majority,30426,30428,8.91,s,t,w,t,d,c,o,5.73,16.5,,,w,,,f,f,,d,u,e,p,1.0,5
majority,17998,18000,7.58,p,,n,f,a,,w,7.69,15.44,,,g,,,f,f,,g,u,e,p,1.0,7
majority,51480,51482,3.73,x,s,o,f,p,,n,3.22,9.65,,,n,,,f,f,,d,u,e,p,1.0,6
majority,5657,5657,12.33,f,e,g,f,a,c,w,8.3,23.29,s,,w,,,f,f,,d,w,e,p,1.0,4
majority,3196,3196,13.64,x,y,n,t,e,,w,9.93,16.93,,,w,,,t,,,d,u,e,p,1.0,7
majority,33754,33756,6.43,x,l,w,f,d,,p,3.32,8.79,,,w,,,f,f,,g,u,e,p,1.0,6
majority,6537,6537,5.98,s,,n,f,d,c,w,5.02,8.33,,s,w,,,f,f,,h,a,e,p,1.0,5
majority,5744,5744,13.44,f,e,g,f,a,c,w,8.0,23.37,s,,w,,,f,f,,l,a,e,p,1.0,4
majority,48649,48651,22.37,p,t,n,f,p,,w,15.23,72.62,,,n,,,f,f,,d,u,e,p,1.0,6
majority,5612,5612,7.02,f,,g,f,s,c,g,6.52,17.85,b,,u,,,f,f,,d,a,e,p,1.0,5
majority,36021,36023,7.01,x,h,n,f,x,c,w,6.88,7.02,,s,n,,,t,r,,d,u,e,p,1.0,4
majority,55283,55285,6.25,s,l,n,f,f,f,f,8.29,63.61,,,n,,,f,f,g,l,u,e,p,1.0,4
majority,24527,24529,8.71,x,e,l,f,x,c,w,7.29,23.58,,,w,,,f,f,,d,a,e,p,1.0,5
majority,51635,51637,19.92,p,d,e,f,p,,n,15.05,35.6,s,y,w,,,f,f,,d,u,e,p,1.0,4
majority,57089,57119,11.99,f,e,b,f,,c,b,5.02,22.37,,,w,,,t,f,,d,a,e,p,1.0,6
majority,33667,33669,6.92,x,l,w,f,d,,w,3.5,9.43,,,w,,,f,f,,d,u,e,p,1.0,6
majority,5026,5026,9.37,s,,n,f,s,c,u,7.04,19.41,,,u,,,f,f,,l,w,e,p,1.0,6
majority,43758,43760,9.97,p,y,n,t,e,,p,9.52,18.7,,y,w,,,t,p,,d,a,e,p,1.0,5
majority,9426,9426,2.84,b,g,w,f,x,d,w,4.74,2.79,,,y,,,f,f,,g,a,e,p,1.0,5
majority,31241,31243,9.74,x,s,n,f,e,c,w,7.7,9.59,,i,w,,,f,f,p,d,a,e,p,1.0,3
majority,42753,42755,14.88,f,s,w,t,e,,g,11.74,17.65,s,,w,,,t,r,,m,a,e,p,1.0,5
majority,5145,5145,8.81,f,,u,f,s,c,b,8.47,21.81,,,b,,,f,f,,l,w,e,p,1.0,6
majority,1964,1964,6.83,x,,y,f,e,,w,6.23,12.77,b,,y,u,y,t,g,,d,a,e,p,1.0,4
majority,20707,20709,4.61,x,s,o,f,a,c,e,5.26,7.41,,,e,,,f,f,,m,u,e,p,1.0,5
majority,45287,45289,3.06,b,y,n,f,,c,k,6.29,2.89,,,w,,,f,f,,d,s,e,p,1.0,6
majority,33832,33834,6.66,s,l,w,f,d,,w,3.55,8.97,,,w,,,f,f,,d,a,e,p,1.0,6
majority,18265,18267,6.03,f,s,n,f,s,c,w,5.32,9.74,b,i,w,,,f,f,,d,a,e,p,1.0,3
majority,51812,51814,19.85,x,d,o,f,p,,n,17.86,37.83,s,y,w,,,f,f,,d,u,e,p,1.0,4
majority,43445,43447,10.48,x,i,n,t,e,,p,8.95,16.62,,y,w,,,t,p,,l,a,e,p,1.0,5
majority,35021,35023,5.37,x,,n,f,x,c,w,7.86,10.8,b,,w,,w,t,,,g,s,e,p,1.0,5
majority,46918,46920,3.86,x,h,n,f,,c,n,7.01,7.13,,s,w,,w,f,f,k,d,u,e,p,1.0,3
majority,24931,24933,8.06,x,s,k,f,a,c,w,3.07,10.81,,,w,,,f,f,,d,u,e,p,1.0,5
majority,31232,31234,8.84,x,s,n,f,e,c,w,6.2,9.97,,i,n,,,f,f,p,d,s,e,p,1.0,3
majority,46308,46310,4.74,f,,y,f,x,c,n,6.4,4.17,,,w,,,f,f,,d,a,e,p,1.0,6
majority,54889,54891,3.53,s,,y,f,f,f,f,6.31,7.29,,,o,,,f,f,,d,a,e,p,1.0,6
majority,42736,42738,13.04,p,s,w,t,e,,g,10.71,18.57,s,,w,,,t,r,,m,a,e,p,1.0,5
majority,9509,9509,2.31,b,g,w,f,x,d,w,4.02,2.39,,,y,,,f,f,,g,a,e,p,1.0,5
majority,6491,6491,5.24,s,,n,f,d,c,w,4.57,7.41,,s,w,,,f,f,,l,a,e,p,1.0,5
majority,52313,52315,8.33,x,t,y,f,p,,y,9.49,16.01,,,y,,y,t,,,d,a,e,p,1.0,6
majority,45974,45976,1.67,x,w,n,f,,d,g,5.07,2.58,,,w,,,f,f,,g,u,e,p,1.0,6
majority,10435,10436,3.17,b,g,n,f,a,d,g,5.06,3.1,,s,n,,,f,f,,d,u,e,p,1.0,4
majority,45723,45725,1.2,b,g,g,f,,,g,3.31,1.65,,,w,,,f,f,,d,u,e,p,1.0,7
majority,42593,42595,7.07,f,y,n,f,e,c,n,4.14,12.57,,,w,,,t,r,,w,a,e,p,1.0,5
majority,9324,9324,3.58,b,g,n,f,x,d,w,4.96,3.5,,,y,,,f,f,,g,u,e,p,1.0,5
majority,50668,50670,3.86,x,k,n,f,p,,y,5.19,9.79,,,y,,,f,f,,d,a,e,p,1.0,6
majority,52978,52980,6.8,x,h,n,f,p,d,y,8.76,13.5,,s,n,,,f,f,,h,u,e,p,1.0,4
majority,2611,2611,5.26,x,h,n,f,e,,w,10.8,11.56,,s,w,u,w,f,f,,d,a,e,p,1.0,3
majority,5071,5071,8.67,s,,g,f,s,c,b,7.91,19.64,,,u,,,f,f,,l,a,e,p,1.0,6
majority,17487,17489,8.02,f,d,w,f,s,c,w,6.82,26.39,,,w,,,f,f,,m,u,e,p,1.0,5
majority,48865,48867,12.66,x,t,n,t,p,,y,11.35,24.22,,,n,,,f,f,,d,a,e,p,1.0,6
majority,10537,10538,3.8,f,g,g,f,a,d,g,6.37,3.27,,s,n,,,f,f,,d,s,e,p,1.0,4
majority,51225,51227,4.68,x,s,o,f,p,,n,6.1,11.33,,,e,,,f,f,,d,u,e,p,1.0,6
majority,52986,52988,8.98,x,h,n,f,p,d,y,7.42,12.15,,s,n,,,f,f,,d,u,e,p,1.0,4
majority,58242,58388,55.34,o,y,y,f,p,,y,7.3,34.4,,k,n,,,f,f,,d,s,e,p,1.0,5
majority,5564,5564,10.94,x,,n,f,s,c,p,7.93,20.98,b,,u,,,f,f,,d,w,e,p,1.0,5
majority,31644,31646,6.63,x,y,n,f,e,c,p,6.05,10.19,,y,n,,,f,f,,d,a,e,p,1.0,4
majority,11741,11742,0.77,x,g,n,t,a,,p,5.84,1.04,,,n,,,f,f,,d,a,e,p,1.0,6
majority,55538,55540,10.44,f,,w,f,d,c,y,2.35,14.33,,,w,,,f,f,,d,w,e,p,1.0,6
majority,52903,52905,8.32,x,t,n,t,p,,y,7.31,16.84,,,n,,w,t,p,,d,a,e,p,1.0,5
majority,31460,31462,6.3,x,y,n,f,e,c,p,5.17,10.02,,y,n,,,f,f,,d,u,e,p,1.0,4
majority,24120,24122,7.59,x,,n,f,x,c,w,7.3,17.89,,s,w,,,f,f,,d,a,e,p,1.0,5
majority,3438,3438,15.52,x,e,n,t,e,,w,10.81,19.22,,,w,,,t,,,d,a,e,p,1.0,7
majority,51232,51234,4.4,x,t,n,f,p,,n,7.11,12.96,,,e,,,f,f,,d,a,e,p,1.0,6
majority,52713,52715,10.38,x,h,n,t,p,,n,8.2,19.12,,,n,,w,t,p,,d,a,e,p,1.0,5
majority,43959,43961,9.54,p,y,w,f,e,c,p,23.35,13.05,,s,w,,,t,e,,d,w,e,p,1.0,4
majority,36022,36024,6.27,x,h,n,f,x,c,n,5.72,6.1,,y,n,,,t,r,,d,s,e,p,1.0,4
majority,48762,48764,11.97,x,h,n,t,p,,y,8.29,22.64,,,n,,,f,f,,d,u,e,p,1.0,6
majority,51305,51307,4.15,x,s,o,f,p,,n,5.11,9.29,,,n,,,f,f,,d,a,e,p,1.0,6
majority,53175,53177,7.79,x,t,n,f,p,d,y,6.65,12.78,,s,n,,,f,f,,g,a,e,p,1.0,4
majority,33682,33684,4.79,s,l,w,f,d,,p,3.49,9.43,,,w,,,f,f,,g,a,e,p,1.0,6
majority,16750,16752,7.81,f,t,o,f,s,,y,8.1,11.89,,i,o,,,f,f,,d,a,e,p,1.0,5
majority,36294,36296,6.04,x,h,n,f,x,c,n,6.46,5.8,,y,n,,,t,r,,d,s,e,p,1.0,4
majority,9475,9475,3.13,b,g,n,f,x,d,w,4.34,3.33,,,y,,,f,f,,g,a,e,p,1.0,5
majority,35097,35099,3.95,x,,n,f,x,c,w,7.49,5.87,b,,w,,w,t,,,d,u,e,p,1.0,5
majority,15415,15417,8.32,f,y,y,f,,,w,6.91,25.14,b,,n,,w,t,e,,d,a,e,p,1.0,5
majority,22403,22405,7.77,x,t,y,t,x,c,y,8.47,16.83,,,w,,,f,f,,d,u,e,p,1.0,5
majority,21519,21521,3.87,f,t,n,f,d,,o,5.77,6.8,,t,o,,,f,f,,d,w,e,p,1.0,5
majority,21666,21668,6.97,s,,y,f,a,c,w,6.12,15.57,,,w,,,f,f,,d,w,e,p,1.0,6
majority,16670,16672,7.33,f,t,o,f,s,,n,9.88,13.42,,i,o,,,f,f,,d,a,e,p,1.0,5
majority,16783,16785,7.52,f,g,n,f,s,,y,8.54,12.24,,t,o,,,f,f,,d,a,e,p,1.0,5
majority,9394,9394,3.49,b,g,w,f,x,d,w,4.72,3.12,,,y,,,f,f,,g,a,e,p,1.0,5
majority,31387,31389,9.71,x,s,n,f,e,c,p,6.58,10.72,,i,w,,,f,f,p,d,s,e,p,1.0,3
majority,31405,31407,9.12,x,s,n,f,e,c,p,7.35,10.16,,i,n,,,f,f,p,d,w,e,p,1.0,3
majority,46850,46852,3.35,f,h,n,f,,c,k,6.29,6.1,,s,w,,w,f,f,k,d,u,e,p,1.0,3
majority,51937,51939,6.59,x,,g,t,p,,g,10.88,24.11,,y,w,,,f,f,,d,u,e,p,1.0,6
majority,18946,18948,4.31,f,s,w,f,d,d,w,3.58,5.72,,,w,,,f,f,,g,a,e,p,1.0,5
majority,49527,49529,6.72,x,d,y,t,p,,y,7.76,16.32,,,y,,,f,f,,d,u,e,p,1.0,6
majority,4445,4445,2.63,s,y,n,f,a,d,p,9.24,4.2,,i,n,,,f,f,,h,a,e,p,1.0,4
majority,12495,12496,1.31,x,g,n,f,d,,w,4.93,1.82,,t,y,,,f,f,,d,u,e,p,1.0,5
majority,29748,29750,3.31,s,d,n,t,d,c,p,4.21,5.85,,,n,,,f,f,,d,u,e,p,1.0,5
majority,18970,18972,3.76,f,s,w,f,d,d,w,4.14,7.18,,,w,,,f,f,,m,w,e,p,1.0,5
majority,24839,24841,8.4,f,s,u,f,a,c,w,5.38,16.59,,,w,,,f,f,,d,u,e,p,1.0,5
majority,42624,42626,5.21,x,i,n,f,e,c,p,3.94,11.42,,,w,,,t,l,,w,a,e,p,1.0,5
majority,18919,18921,2.43,x,s,w,f,d,d,w,3.51,5.61,,,w,,,f,f,,m,w,e,p,1.0,5
majority,11634,11635,1.24,c,g,n,f,a,,w,4.42,1.33,,,g,,,f,f,,d,u,e,p,1.0,6
majority,6997,6997,4.1,x,,r,f,d,,r,6.23,7.33,,,r,,,f,f,,d,u,e,p,1.0,7
majority,22365,22367,7.41,x,t,y,t,x,c,y,7.74,16.03,,,w,,,f,f,,d,a,e,p,1.0,5
majority,48761,48763,13.12,x,t,n,t,p,,y,9.67,24.21,,,n,,,f,f,,d,u,e,p,1.0,6
majority,46822,46824,3.4,x,h,n,f,,c,k,6.27,5.78,,s,w,,w,f,f,k,d,a,e,p,1.0,3
majority,6376,6376,5.21,s,,n,f,d,c,w,3.87,7.16,,s,w,,,f,f,,h,a,e,p,1.0,5
majority,45381,45383,3.26,b,y,n,f,,c,k,6.82,2.89,,,w,,,f,f,,d,s,e,p,1.0,6
majority,33564,33566,7.6,s,l,w,f,d,,w,3.57,9.38,,,w,,,f,f,,g,u,e,p,1.0,6
majority,45424,45426,2.74,b,y,n,f,,c,k,6.04,2.91,,,w,,,f,f,,d,u,e,p,1.0,6
majority,1983,1983,6.4,x,,y,f,e,,w,6.17,12.65,b,,w,u,y,t,g,,d,u,e,p,1.0,4
majority,55761,55763,14.2,f,,g,f,d,c,y,2.59,16.93,,,w,,,f,f,,d,a,e,p,1.0,6
majority,16553,16555,3.14,f,y,n,f,s,,g,3.22,5.62,,,w,,,f,f,,d,a,e,p,1.0,6
majority,17576,17578,9.04,x,s,w,f,s,c,w,8.91,31.17,,,w,,,f,f,,d,u,e,p,1.0,5
majority,46604,46606,4.81,f,h,n,f,,c,k,6.91,7.62,,s,w,,w,f,f,k,d,u,e,p,1.0,3
majority,1858,1858,6.74,x,,y,f,e,,w,6.46,13.72,b,,w,u,y,t,g,,d,u,e,p,1.0,4
majority,4461,4461,1.55,f,y,n,f,a,d,p,6.43,2.9,,i,n,,,f,f,,l,u,e,p,1.0,4
majority,31111,31113,9.29,x,s,n,f,e,c,p,6.95,9.93,,i,n,,,f,f,p,d,u,e,p,1.0,3
majority,11782,11783,0.7,x,g,n,t,a,,p,5.57,0.95,,,n,,,f,f,,h,a,e,p,1.0,6
majority,18973,18975,2.93,x,s,w,f,d,d,w,2.15,3.9,,,w,,,f,f,,g,w,e,p,1.0,5
majority,5730,5730,13.45,x,e,g,f,a,c,w,8.34,26.18,s,,w,,,f,f,,l,a,e,p,1.0,4
majority,24247,24249,6.93,x,,p,f,x,c,w,7.9,19.61,,s,w,,,f,f,,d,u,e,p,1.0,5
majority,11656,11657,0.81,f,g,e,t,a,,w,5.13,0.9,,,n,,,f,f,,d,u,e,p,1.0,6
majority,33544,33546,7.46,s,l,w,f,d,,w,3.49,9.78,,,w,,,f,f,,g,u,e,p,1.0,6
majority,51563,51565,20.41,p,d,o,f,p,,n,17.97,35.61,s,y,w,,,f,f,,d,a,e,p,1.0,4
majority,31327,31329,9.22,x,s,n,f,e,c,p,6.54,9.75,,i,n,,,f,f,p,d,w,e,p,1.0,3
majority,46073,46075,1.61,x,w,n,f,,d,g,4.92,2.62,,,w,,,f,f,,d,w,e,p,1.0,6
majority,55805,55807,9.69,s,,n,f,,,w,4.96,25.44,,,n,,,f,f,,d,a,e,p,1.0,8
majority,18708,18710,3.06,f,s,w,f,d,d,w,4.4,6.58,,,w,,,f,f,,m,w,e,p,1.0,5
majority,16607,16609,7.98,f,h,o,f,s,,y,7.93,11.22,,i,o,,,f,f,,d,a,e,p,1.0,5
majority,29736,29738,3.1,s,d,n,t,d,c,p,4.04,5.06,,,n,,,f,f,,d,u,e,p,1.0,5
majority,24121,24123,8.18,f,,p,f,x,c,w,7.21,16.3,,s,w,,,f,f,,d,u,e,p,1.0,5
majority,4521,4521,2.65,f,y,n,f,d,d,p,4.93,3.37,,i,n,,,f,f,,h,a,e,p,1.0,4
majority,12432,12433,1.72,x,s,n,f,a,,w,6.7,2.6,,t,y,,,f,f,,d,u,e,p,1.0,5
majority,42051,42053,5.83,x,y,w,f,e,c,k,5.72,13.26,,,w,,w,t,e,,g,a,e,p,1.0,4
majority,25245,25247,15.24,x,t,n,f,a,d,k,8.43,21.62,,,w,,,f,f,w,d,w,e,p,1.0,4
majority,52995,52997,7.98,x,h,n,f,p,d,y,7.1,13.05,,s,n,,,f,f,,g,u,e,p,1.0,4
majority,24420,24422,9.37,x,e,l,f,x,c,w,8.9,25.45,,,w,,,f,f,,d,u,e,p,1.0,5
majority,8735,8735,5.77,x,s,n,f,x,c,w,6.4,9.84,,s,n,,,f,f,,l,a,e,p,1.0,4
majority,36057,36059,5.92,x,h,n,f,x,c,w,6.18,6.53,,s,n,,,t,r,,d,a,e,p,1.0,4
majority,42172,42174,8.41,p,s,w,f,e,c,n,5.15,12.43,,,w,,w,t,e,,m,u,e,p,1.0,4
majority,36126,36128,5.96,x,h,n,f,x,c,n,6.4,6.68,,y,n,,,t,r,,d,a,e,p,1.0,4
majority,22108,22110,4.41,x,,y,f,a,c,o,4.31,10.01,,,w,,,f,f,,d,u,e,p,1.0,6
majority,2543,2543,6.35,x,h,n,f,e,,w,12.62,12.12,,s,w,u,w,f,f,,d,u,e,p,1.0,3
majority,22162,22164,4.32,x,,y,f,a,c,y,5.86,10.68,,,w,,,f,f,,d,a,e,p,1.0,6
majority,21322,21324,4.34,x,t,n,f,d,,o,6.24,6.31,,t,w,,,f,f,,d,w,e,p,1.0,5
majority,50759,50761,2.52,x,k,n,f,p,,e,3.81,8.83,,,y,,,f,f,,d,a,e,p,1.0,6
majority,55615,55617,11.66,f,,g,f,d,c,y,2.58,14.04,,,w,,,f,f,,d,a,e,p,1.0,6
majority,1222,1222,8.01,f,,n,t,,,w,10.01,13.6,b,,w,u,w,t,g,,d,a,e,p,1.0,5
majority,60487,60633,5.81,c,,g,f,f,f,f,6.7,20.57,,,n,,,f,f,,d,s,e,p,1.0,6
majority,31154,31156,7.45,x,s,n,f,e,c,w,5.94,9.56,,i,w,,,f,f,p,d,w,e,p,1.0,3
majority,48511,48513,10.44,x,w,n,f,p,,y,13.1,60.28,,,n,,,f,f,,d,u,e,p,1.0,6
majority,5382,5382,7.88,s,,g,f,s,c,p,6.48,20.78,b,,u,,,f,f,,d,w,e,p,1.0,5
majority,24155,24157,6.23,x,,e,f,x,c,w,5.68,12.88,,s,w,,,f,f,,d,a,e,p,1.0,5
majority,3346,3346,13.47,x,e,n,t,e,,w,9.59,17.43,,,w,,,t,,,d,u,e,p,1.0,7
majority,52147,52149,6.76,x,,g,t,p,,g,10.2,23.63,,y,w,,,f,f,,d,u,e,p,1.0,6
majority,20742,20744,3.62,x,d,p,f,a,c,o,4.78,6.64,,,o,,,f,f,,g,a,e,p,1.0,5
majority,8819,8819,5.1,x,s,n,f,x,c,w,6.92,10.17,,s,n,,,f,f,,l,a,e,p,1.0,4
majority,18863,18865,3.57,x,s,w,f,d,d,w,3.6,5.34,,,w,,,f,f,,g,w,e,p,1.0,5
majority,54985,54987,4.19,s,,y,f,f,f,f,7.26,8.83,,,y,,,f,f,,d,a,e,p,1.0,6
majority,51574,51576,17.84,p,d,o,f,p,,w,16.65,33.49,s,y,w,,,f,f,,d,a,e,p,1.0,4
majority,42425,42427,6.09,x,y,n,f,e,c,p,4.22,12.37,,,w,,,t,l,,w,u,e,p,1.0,5
majority,14746,14748,5.45,x,t,o,f,a,d,w,6.94,4.91,,s,o,,,f,f,,d,s,e,p,1.0,4
majority,15104,15106,8.56,x,s,n,f,a,d,w,8.04,11.64,,i,n,,,t,,w,d,w,e,p,1.0,4
majority,6378,6378,7.01,s,,n,f,d,c,w,5.4,8.41,,s,w,,,f,f,,l,a,e,p,1.0,5
majority,33885,33887,6.15,s,l,w,f,d,,p,3.36,7.96,,,w,,,f,f,,g,a,e,p,1.0,6
majority,51513,51515,4.86,x,s,o,f,p,,n,5.51,13.49,,,e,,,f,f,,d,u,e,p,1.0,6
majority,24637,24639,8.68,x,e,y,f,x,c,w,6.91,19.87,,,w,,,f,f,,d,a,e,p,1.0,5
majority,21629,21631,8.03,x,,y,f,a,c,w,6.99,17.18,,,g,,,f,f,,d,a,e,p,1.0,6
majority,46758,46760,4.07,f,h,n,f,,c,k,6.27,7.07,,s,w,,w,f,f,k,d,u,e,p,1.0,3
majority,16695,16697,6.51,f,s,n,f,s,,n,8.78,12.03,,i,n,,,f,f,,d,a,e,p,1.0,5
majority,29823,29825,3.99,s,d,p,t,d,c,p,5.56,6.76,,,n,,,f,f,,d,a,e,p,1.0,5
majority,10281,10282,5.39,b,g,g,f,a,d,g,5.48,3.26,,s,n,,,f,f,,d,w,e,p,1.0,4
majority,42321,42323,8.54,x,s,w,f,e,c,n,5.18,13.16,,,w,,w,t,e,,m,u,e,p,1.0,4
majority,24660,24662,9.49,x,e,y,f,x,c,w,7.01,12.36,,,w,,,f,f,,d,u,e,p,1.0,5
majority,5891,5891,11.33,x,e,g,f,a,c,w,6.15,22.3,s,,w,,,f,f,,l,a,e,p,1.0,4
majority,44053,44055,9.53,f,s,w,f,e,c,w,20.11,12.89,,s,w,,,t,e,,d,u,e,p,1.0,4
majority,15132,15134,8.18,f,s,n,f,a,d,w,9.29,15.67,,i,n,,,t,,w,d,w,e,p,1.0,4
majority,21935,21937,4.12,x,,y,f,a,c,o,5.11,10.79,,,w,,,f,f,,d,a,e,p,1.0,6
majority,51911,51913,7.13,x,,g,t,p,,g,11.67,25.17,,y,w,,,f,f,,d,a,e,p,1.0,6
majority,52140,52142,7.06,x,,n,t,p,,g,12.14,24.36,,y,w,,,f,f,,d,a,e,p,1.0,6
majority,2753,2753,6.22,c,t,n,f,e,,w,12.33,12.85,,s,w,u,w,f,f,,d,u,e,p,1.0,3
majority,52519,52521,9.41,x,h,y,f,p,,y,10.05,16.2,,,y,,y,t,,,d,a,e,p,1.0,6
majority,42543,42545,6.34,x,y,n,f,e,c,p,5.16,12.54,,,w,,,t,r,,w,u,e,p,1.0,5
majority,56903,56933,7.71,f,e,b,f,,c,b,4.64,18.32,,,w,,,t,f,,d,a,e,p,1.0,6
majority,14583,14585,3.41,x,h,n,f,a,d,y,3.7,3.44,,s,n,,,f,f,,d,w,e,p,1.0,4
majority,48547,48549,14.55,x,t,n,f,p,,y,15.73,61.25,,,n,,,f,f,,d,a,e,p,1.0,6
majority,5218,5218,9.11,f,,u,f,s,c,u,6.71,19.36,,,u,,,f,f,,d,a,e,p,1.0,6
majority,10577,10578,3.07,f,g,g,f,a,d,g,3.97,2.51,,s,g,,,f,f,,d,s,e,p,1.0,4
majority,14724,14726,4.02,f,t,n,f,a,d,y,5.36,4.97,,k,n,,,f,f,,d,w,e,p,1.0,4
majority,15946,15948,5.94,b,h,k,f,s,d,w,4.92,10.21,,s,g,,,f,f,,d,u,e,p,1.0,4
majority,15506,15508,11.55,x,y,n,f,,,w,6.64,24.88,b,,n,,w,t,e,,d,a,e,p,1.0,5
majority,10310,10311,4.53,f,g,n,f,a,d,g,5.14,3.41,,s,n,,,f,f,,d,w,e,p,1.0,4
majority,49227,49229,7.92,x,d,y,t,p,,y,5.59,12.64,,,y,,,f,f,,d,u,e,p,1.0,6
majority,26913,26915,12.23,s,,w,t,d,c,y,6.64,26.56,,,w,,,f,f,,d,a,e,p,1.0,6
majority,49110,49112,9.61,x,d,e,t,p,,r,7.73,14.38,,,y,,,f,f,,d,u,e,p,1.0,6
majority,16925,16927,8.59,f,h,n,f,s,,y,10.18,12.96,,i,n,,,f,f,,d,a,e,p,1.0,5
majority,30420,30422,7.37,s,t,p,t,d,c,o,4.74,16.97,,,w,,,f,f,,d,a,e,p,1.0,5
majority,43794,43796,10.12,f,s,w,f,e,c,w,15.9,11.27,,s,w,,,t,e,,d,a,e,p,1.0,4
majority,31626,31628,6.8,x,y,n,f,e,c,p,6.43,11.04,,y,n,,,f,f,,d,a,e,p,1.0,4
majority,22434,22436,6.83,x,h,y,t,x,c,y,7.26,14.06,,,w,,,f,f,,d,u,e,p,1.0,5
majority,42041,42043,6.28,p,s,w,f,e,c,n,4.64,11.92,,,w,,w,t,e,,m,u,e,p,1.0,4
majority,25184,25186,16.85,s,t,n,f,a,d,y,8.29,25.23,,,w,,,f,f,w,d,u,e,p,1.0,4
majority,1920,1920,4.83,x,,w,f,e,,w,5.61,12.27,b,,y,u,y,t,g,,d,u,e,p,1.0,4
majority,49517,49519,5.34,x,d,y,t,p,,y,6.72,14.12,,,y,,,f,f,,d,a,e,p,1.0,6
majority,35076,35078,3.96,x,,n,f,x,c,n,7.51,8.14,b,,n,,w,t,,,g,u,e,p,1.0,5
majority,57115,57145,11.82,f,e,b,f,,c,b,5.44,23.52,,,w,,,t,f,,d,a,e,p,1.0,6
majority,16120,16122,8.1,b,h,g,f,s,d,g,5.82,11.06,,s,g,,,f,f,,d,u,e,p,1.0,4
majority,29865,29867,3.27,f,d,p,t,d,c,p,4.89,6.34,,,n,,,f,f,,d,a,e,p,1.0,5
majority,1075,1075,11.55,x,,n,t,,,w,13.03,19.21,b,,w,u,w,t,g,,d,u,e,p,1.0,5
majority,2024,2024,7.91,x,,y,f,e,,w,6.24,13.27,b,,w,u,y,t,g,,d,u,e,p,1.0,4
majority,42825,42827,13.69,x,s,n,t,e,,n,8.44,17.07,s,,w,,,t,r,,m,a,e,p,1.0,5
majority,48671,48673,20.56,x,t,n,f,p,,w,16.71,70.93,,,n,,,f,f,,d,u,e,p,1.0,6
majority,24159,24161,6.95,x,,n,f,x,c,w,6.92,15.98,,s,w,,,f,f,,d,u,e,p,1.0,5
majority,42884,42886,11.47,p,s,w,t,e,,n,11.94,18.01,s,,w,,,t,l,,m,u,e,p,1.0,5
majority,52686,52688,8.21,x,h,n,t,p,,n,7.64,17.22,,,n,,w,t,p,,d,u,e,p,1.0,5
majority,45295,45297,3.11,b,y,n,f,,c,k,6.51,2.83,,,w,,,f,f,,d,u,e,p,1.0,6
majority,54563,54565,4.6,f,w,y,f,f,f,f,3.84,11.27,,,y,,,f,f,,d,a,e,p,1.0,5
majority,6578,6578,4.94,s,,n,f,d,c,w,4.37,7.49,,s,w,,,f,f,,l,a,e,p,1.0,5
majority,46346,46348,4.68,x,,n,f,x,c,w,6.75,3.98,,,w,,,f,f,,d,a,e,p,1.0,6
majority,22324,22326,6.17,x,h,y,t,x,c,y,7.35,15.64,,,w,,,f,f,,d,u,e,p,1.0,5
majority,22344,22346,7.93,x,t,y,t,x,c,y,6.65,17.42,,,w,,,f,f,,d,u,e,p,1.0,5
majority,11355,11356,1.55,c,g,n,f,a,,g,5.04,1.65,,,g,,,f,f,,d,u,e,p,1.0,6
majority,2863,2863,18.51,p,y,n,f,,,w,26.72,21.05,s,,n,,,t,m,,d,u,e,p,1.0,6
majority,52883,52885,9.9,x,h,n,t,p,,n,8.35,18.82,,,n,,w,t,p,,d,u,e,p,1.0,5
majority,8491,8491,7.0,f,s,b,f,x,c,w,7.08,10.34,,s,n,,,f,f,,l,a,e,p,1.0,4
majority,17535,17537,9.59,f,s,w,f,s,c,w,7.46,27.71,,,w,,,f,f,,d,s,e,p,1.0,5
majority,50550,50552,3.1,x,d,n,f,p,,e,3.61,9.17,,,n,,,f,f,,d,a,e,p,1.0,6
majority,60220,60366,6.83,p,,n,f,f,f,f,6.36,21.58,,,n,,,f,f,,l,s,e,p,1.0,6
majority,18774,18776,3.94,x,s,w,f,d,d,w,3.55,5.98,,,w,,,f,f,,m,w,e,p,1.0,5
majority,45404,45406,2.78,b,y,n,f,,c,k,6.82,3.18,,,w,,,f,f,,d,w,e,p,1.0,6
majority,31078,31080,8.56,x,s,n,f,e,c,p,5.64,9.3,,i,n,,,f,f,p,d,w,e,p,1.0,3
majority,43647,43649,9.43,x,i,n,t,e,,p,8.92,17.32,,y,w,,,t,p,,l,a,e,p,1.0,5
majority,1798,1798,6.21,x,,w,f,e,,w,6.06,11.7,b,,w,u,y,t,g,,d,u,e,p,1.0,4
majority,15051,15053,9.59,x,s,e,f,d,d,w,9.25,12.34,,i,n,,,t,,w,d,a,e,p,1.0,4
majority,29898,29900,4.3,s,d,u,t,d,c,p,5.31,6.96,,,g,,,f,f,,d,a,e,p,1.0,5
majority,2983,2983,16.26,f,y,n,f,,,w,20.97,19.16,s,,n,,,t,m,,d,u,e,p,1.0,6
majority,17942,17944,6.87,x,,g,f,a,,w,6.66,14.81,,,w,,,f,f,,d,a,e,p,1.0,7
majority,36059,36061,3.99,x,h,n,f,x,c,n,4.43,5.25,,s,n,,,t,r,,d,s,e,p,1.0,4
majority,2493,2493,6.64,c,t,n,f,e,,w,12.39,13.01,,s,w,u,w,f,f,,d,a,e,p,1.0,3
majority,49692,49694,8.68,x,d,n,t,p,,y,7.23,14.26,,,y,,,f,f,,d,u,e,p,1.0,6
majority,2545,2545,5.77,c,t,n,f,e,,w,11.88,12.99,,s,n,u,w,f,f,,d,u,e,p,1.0,3
majority,31598,31600,8.01,x,y,n,f,e,c,w,6.61,10.96,,y,n,,,f,f,,d,u,e,p,1.0,4
majority,45696,45698,1.11,b,g,w,f,,,g,2.91,1.42,,,w,,,f,f,,d,a,e,p,1.0,7
majority,25069,25071,13.99,x,t,n,f,a,d,k,5.81,18.93,,,w,,,f,f,w,d,w,e,p,1.0,4
majority,16052,16054,6.91,b,h,g,f,s,d,g,5.83,10.95,,s,g,,,f,f,,d,a,e,p,1.0,4
majority,18870,18872,2.87,f,s,w,f,d,d,w,2.72,5.76,,,w,,,f,f,,g,w,e,p,1.0,5
majority,51546,51548,16.19,p,d,e,f,p,,w,14.4,35.03,s,y,w,,,f,f,,d,a,e,p,1.0,4
majority,55302,55304,5.21,o,l,n,f,f,f,f,9.71,65.98,,,n,,,f,f,g,l,u,e,p,1.0,4
majority,5232,5232,10.67,s,,u,f,s,c,u,6.53,21.76,,,b,,,f,f,,l,w,e,p,1.0,6
majority,56984,57014,9.02,f,e,b,f,,c,b,5.01,19.41,,,w,,,t,f,,d,a,e,p,1.0,6
majority,5792,5792,15.89,f,e,g,f,a,c,w,7.51,23.46,s,,w,,,f,f,,d,a,e,p,1.0,4
majority,60492,60638,6.09,o,,n,f,f,f,f,6.04,20.34,,,n,,,f,f,,l,s,e,p,1.0,6
majority,3482,3482,15.39,x,e,n,t,e,,w,10.34,19.36,,,w,,,t,,,d,a,e,p,1.0,7
majority,16545,16547,3.78,f,y,g,f,s,,y,4.34,6.71,,,w,,,f,f,,d,u,e,p,1.0,6
majority,56072,56074,9.09,s,,n,f,,,w,4.54,23.25,,,n,,,f,f,,d,u,e,p,1.0,8
majority,36326,36328,6.93,x,h,n,f,x,c,w,6.23,6.61,,y,n,,,t,r,,d,a,e,p,1.0,4
majority,4410,4410,2.65,f,y,n,f,d,d,p,6.12,3.43,,i,n,,,f,f,,h,u,e,p,1.0,4
majority,55363,55365,5.34,s,l,n,f,f,f,f,6.4,47.2,,,n,,,f,f,g,l,a,e,p,1.0,4
majority,49429,49431,6.38,x,d,y,t,p,,y,5.95,12.8,,,y,,,f,f,,d,u,e,p,1.0,6
majority,51938,51940,6.15,x,,n,t,p,,g,10.19,26.13,,y,w,,,f,f,,d,a,e,p,1.0,6
majority,2919,2919,14.19,f,y,n,f,,,w,19.78,18.16,s,,n,,,t,m,,d,u,e,p,1.0,6
majority,5052,5052,9.3,s,,u,f,s,c,b,7.86,21.65,,,b,,,f,f,,l,a,e,p,1.0,6
majority,42104,42106,8.17,p,s,w,f,e,c,p,4.98,13.07,,,w,,w,t,e,,m,a,e,p,1.0,4
majority,51730,51732,16.97,x,d,o,f,p,,n,15.57,33.86,s,y,w,,,f,f,,d,u,e,p,1.0,4
majority,18929,18931,3.2,f,s,w,f,d,d,w,3.09,5.12,,,w,,,f,f,,m,a,e,p,1.0,5
majority,48864,48866,13.64,x,t,n,t,p,,y,9.99,24.36,,,n,,,f,f,,d,u,e,p,1.0,6
majority,26830,26832,11.45,s,,w,t,d,c,y,5.74,24.26,,,w,,,f,f,,d,u,e,p,1.0,6
majority,45877,45879,1.02,p,g,g,f,,,g,2.91,1.4,,,w,,,f,f,,d,s,e,p,1.0,7
majority,26949,26951,10.14,s,,w,t,d,c,y,5.19,23.04,,,w,,,f,f,,d,u,e,p,1.0,6
majority,18132,18134,6.16,f,s,n,f,s,c,w,5.69,9.63,b,i,n,,,f,f,,m,u,e,p,1.0,3
majority,42783,42785,18.47,p,s,n,t,e,,g,9.83,18.41,s,,w,,,t,r,,m,u,e,p,1.0,5
majority,25103,25105,17.45,s,s,w,f,a,d,y,8.54,23.62,,,w,,,f,f,w,d,w,e,p,1.0,4
majority,45637,45639,0.84,p,g,g,f,,,g,2.86,1.37,,,w,,,f,f,,d,u,e,p,1.0,7
majority,36104,36106,5.75,x,h,n,f,x,c,w,5.16,5.27,,y,n,,,t,r,,d,s,e,p,1.0,4
majority,20575,20577,3.34,x,s,p,f,a,c,o,4.46,6.73,,,e,,,f,f,,m,u,e,p,1.0,5
majority,58188,58334,46.42,o,y,y,f,p,,y,6.79,32.3,,k,n,,,f,f,,d,s,e,p,1.0,5
majority,20505,20507,2.66,x,s,e,f,a,c,e,4.62,5.8,,,e,,,f,f,,m,u,e,p,1.0,5
majority,55428,55430,12.66,f,,l,f,d,c,y,2.33,14.82,,,w,,,f,f,,d,w,e,p,1.0,6
majority,8616,8616,6.02,x,s,b,f,x,c,w,6.8,9.91,,s,n,,,f,f,,l,a,e,p,1.0,4
majority,42701,42703,7.0,f,y,n,f,e,c,p,4.45,12.24,,,w,,,t,r,,w,a,e,p,1.0,5
majority,11571,11572,1.3,c,g,n,f,a,,w,4.24,1.1,,,g,,,f,f,,l,a,e,p,1.0,6
majority,19018,19020,2.76,x,s,w,f,d,d,w,3.1,5.5,,,w,,,f,f,,g,a,e,p,1.0,5
majority,19053,19055,3.79,x,s,w,f,d,d,w,3.39,6.23,,,w,,,f,f,,g,a,e,p,1.0,5
majority,31519,31521,6.7,x,y,n,f,e,c,p,4.55,9.76,,y,n,,,f,f,,d,u,e,p,1.0,4
majority,42738,42740,9.62,f,s,w,t,e,,g,9.58,16.45,s,,w,,,t,l,,m,u,e,p,1.0,5
majority,14495,14497,5.29,f,t,n,f,a,d,y,4.81,4.25,,s,o,,,f,f,,d,s,e,p,1.0,4
majority,1399,1399,8.19,x,,n,t,,,w,8.85,15.54,b,,w,u,w,t,g,,d,a,e,p,1.0,5
majority,42923,42925,11.54,p,s,n,t,e,,g,9.48,17.82,s,,w,,,t,r,,m,u,e,p,1.0,5
majority,36128,36130,5.54,x,h,n,f,x,c,w,4.61,5.92,,s,n,,,t,r,,d,u,e,p,1.0,4
majority,56879,56909,9.11,f,e,b,f,,c,b,4.91,18.26,,,w,,,t,f,,d,a,e,p,1.0,6
majority,51872,51874,17.76,p,d,e,f,p,,n,16.48,36.28,s,y,w,,,f,f,,d,u,e,p,1.0,4
majority,20385,20387,6.99,s,s,b,f,d,d,b,6.26,12.69,,,w,,,f,f,,d,a,e,p,1.0,5
majority,46353,46355,4.78,f,,n,f,x,c,n,6.27,3.52,,,w,,,f,f,,d,u,e,p,1.0,6
majority,24704,24706,9.53,x,e,l,f,x,c,w,5.72,12.89,,,w,,,f,f,,d,u,e,p,1.0,5
majority,57120,57150,10.58,f,e,b,f,,c,b,5.21,22.38,,,w,,,t,f,,d,a,e,p,1.0,6
majority,18988,18990,3.33,f,s,w,f,d,d,w,3.05,5.51,,,w,,,f,f,,m,w,e,p,1.0,5
majority,22417,22419,7.71,x,t,y,t,x,c,y,8.28,14.97,,,w,,,f,f,,d,u,e,p,1.0,5
majority,24288,24290,7.86,x,,e,f,x,c,w,6.2,15.18,,s,w,,,f,f,,d,a,e,p,1.0,5
majority,21745,21747,7.18,x,,y,f,a,c,w,6.43,15.58,,,w,,,f,f,,d,u,e,p,1.0,6
majority,46866,46868,3.49,x,h,n,f,,c,n,7.27,6.48,,s,w,,w,f,f,k,d,a,e,p,1.0,3
majority,51335,51337,4.38,x,s,n,f,p,,n,4.77,10.65,,,e,,,f,f,,d,a,e,p,1.0,6
majority,22084,22086,3.33,x,,y,f,a,c,o,3.2,8.23,,,w,,,f,f,,d,a,e,p,1.0,6
majority,45806,45808,0.86,p,g,w,f,,,g,3.11,1.61,,,w,,,f,f,,d,a,e,p,1.0,7
majority,16369,16371,4.52,f,y,g,f,s,,g,3.84,7.38,,,w,,,f,f,,d,a,e,p,1.0,6
majority,22191,22193,4.44,x,,y,f,a,c,o,4.44,9.52,,,w,,,f,f,,d,a,e,p,1.0,6
majority,5512,5512,7.53,f,,g,f,s,c,g,6.07,18.37,b,,u,,,f,f,,g,w,e,p,1.0,5
majority,55822,55824,9.0,o,,n,f,,,w,4.52,27.36,,,n,,,f,f,,d,u,e,p,1.0,8
majority,20640,20642,3.1,x,s,p,f,a,c,e,3.61,6.13,,,o,,,f,f,,g,a,e,p,1.0,5
majority,46621,46623,2.59,f,h,n,f,,c,k,5.87,6.47,,s,w,,w,f,f,k,d,a,e,p,1.0,3
majority,20803,20805,3.28,x,s,e,f,a,c,e,4.22,6.25,,,e,,,f,f,,g,u,e,p,1.0,5
majority,25211,25213,16.46,f,s,k,f,a,d,k,6.05,19.6,,,w,,,f,f,w,d,u,e,p,1.0,4
majority,55935,55937,8.7,o,,n,f,,,w,4.42,19.47,,,n,,,f,f,,d,a,e,p,1.0,8
majority,2721,2721,6.39,x,h,n,f,e,,w,11.96,11.51,,s,n,u,w,f,f,,d,a,e,p,1.0,3
majority,21848,21850,5.72,f,,y,f,a,c,w,6.03,14.72,,,g,,,f,f,,d,u,e,p,1.0,6
majority,16319,16321,5.76,f,y,g,f,s,,w,4.83,7.79,,,w,,,f,f,,d,a,e,p,1.0,6
majority,22385,22387,6.15,x,h,y,t,x,c,y,6.0,12.87,,,w,,,f,f,,d,a,e,p,1.0,5
majority,20760,20762,3.73,x,d,e,f,a,c,o,4.4,6.21,,,e,,,f,f,,g,w,e,p,1.0,5
majority,46469,46471,3.31,x,,y,f,x,c,g,6.19,4.04,,,w,,,f,f,,d,u,e,p,1.0,6
majority,1340,1340,11.2,x,,n,t,,,w,11.88,18.39,b,,w,u,w,t,g,,d,u,e,p,1.0,5
majority,5834,5834,14.54,f,e,g,f,d,c,w,9.1,24.61,s,,w,,,f,f,,d,a,e,p,1.0,4
majority,1295,1295,9.45,x,,n,t,,,w,10.22,20.17,b,,w,u,w,t,g,,d,u,e,p,1.0,5
majority,30454,30456,8.72,s,t,o,t,d,c,o,6.35,16.68,,,w,,,f,f,,d,u,e,p,1.0,5
majority,54599,54601,7.71,x,w,y,f,f,f,f,4.83,14.82,,,y,,,f,f,,d,a,e,p,1.0,5
majority,30478,30480,9.65,s,t,o,t,d,c,o,5.76,18.1,,,w,,,f,f,,d,u,e,p,1.0,5
majority,6629,6629,5.74,s,,n,f,d,c,w,4.05,8.12,,s,w,,,f,f,,l,a,e,p,1.0,5
majority,1395,1395,9.76,x,,n,t,,,w,11.98,16.45,b,,w,u,w,t,g,,d,u,e,p,1.0,5
majority,2994,2994,13.8,p,y,n,f,,,w,24.41,19.44,s,,n,,,t,m,,m,a,e,p,1.0,6
majority,45336,45338,2.9,b,y,n,f,,c,n,6.59,2.94,,,w,,,f,f,,d,w,e,p,1.0,6
majority,55760,55762,13.28,f,,w,f,d,c,y,2.54,16.1,,,w,,,f,f,,d,w,e,p,1.0,6
majority,1801,1801,6.4,x,,y,f,e,,w,5.71,11.43,b,,y,u,w,t,g,,d,u,e,p,1.0,4
majority,20421,20423,5.32,f,d,b,f,d,d,b,5.28,11.8,,,w,,,f,f,,d,w,e,p,1.0,5
majority,25222,25224,19.73,f,s,w,f,a,d,y,7.43,24.88,,,w,,,f,f,w,d,u,e,p,1.0,4
majority,50495,50497,3.58,x,k,n,f,p,,e,4.21,9.76,,,y,,,f,f,,d,a,e,p,1.0,6
majority,42636,42638,7.02,f,i,n,f,e,c,n,3.93,10.78,,,w,,,t,r,,w,u,e,p,1.0,5
majority,5927,5927,15.1,f,e,n,f,a,c,w,9.93,28.35,s,,w,,,f,f,,l,a,e,p,1.0,4
majority,3384,3384,16.74,x,y,n,t,e,,w,9.19,16.58,,,w,,,t,,,d,a,e,p,1.0,7
majority,18291,18293,8.61,f,s,n,f,s,c,w,7.28,11.48,b,i,w,,,f,f,,m,a,e,p,1.0,3
majority,46724,46726,4.41,x,h,n,f,,c,k,6.01,6.32,,s,w,,w,f,f,k,d,u,e,p,1.0,3
majority,14820,14822,4.64,x,t,n,f,a,d,y,8.37,6.52,,k,n,,,f,f,,d,s,e,p,1.0,4
majority,43000,43002,9.95,p,s,n,t,e,,g,10.69,17.9,s,,w,,,t,r,,m,a,e,p,1.0,5
majority,54413,54415,5.78,f,w,y,f,f,f,f,4.86,10.09,,,y,,,f,f,,d,a,e,p,1.0,5
majority,22204,22206,4.38,x,,y,f,a,c,y,4.44,10.12,,,w,,,f,f,,d,a,e,p,1.0,6
majority,57091,57121,12.01,f,e,b,f,,c,b,5.27,22.64,,,w,,,t,f,,d,a,e,p,1.0,6
majority,49506,49508,7.13,x,d,n,t,p,,y,8.0,16.1,,,y,,,f,f,,d,a,e,p,1.0,6
majority,56972,57002,11.99,f,e,b,f,,c,b,5.04,23.62,,,w,,,t,f,,d,a,e,p,1.0,6
majority,20225,20227,7.05,x,d,o,f,d,d,o,6.15,13.21,,,w,,,f,f,,d,w,e,p,1.0,5
majority,21880,21882,5.59,f,,y,f,a,c,w,5.32,15.34,,,g,,,f,f,,d,u,e,p,1.0,6
majority,52221,52223,8.89,x,,n,t,p,,g,13.81,27.97,,y,w,,,f,f,,d,u,e,p,1.0,6
majority,45276,45278,3.39,b,y,n,f,,c,n,6.64,3.36,,,w,,,f,f,,d,w,e,p,1.0,6
majority,25231,25233,17.56,x,t,w,f,a,d,y,7.98,22.27,,,w,,,f,f,w,d,w,e,p,1.0,4
majority,49370,49372,7.22,x,d,y,t,p,,r,5.24,12.79,,,y,,,f,f,,d,u,e,p,1.0,6
majority,31252,31254,9.81,x,s,n,f,e,c,w,6.93,9.51,,i,n,,,f,f,p,d,a,e,p,1.0,3
majority,45580,45582,1.01,b,g,w,f,,,g,3.67,1.87,,,w,,,f,f,,d,s,e,p,1.0,7
majority,51366,51368,3.74,x,s,n,f,p,,n,5.47,10.93,,,e,,,f,f,,d,a,e,p,1.0,6
majority,8733,8733,6.49,x,s,b,f,x,c,w,6.7,10.17,,s,n,,,f,f,,l,w,e,p,1.0,4
majority,22056,22058,3.99,x,,y,f,a,c,o,3.58,10.14,,,w,,,f,f,,d,u,e,p,1.0,6
majority,14744,14746,5.25,x,t,o,f,a,d,w,7.63,6.15,,s,o,,,f,f,,d,w,e,p,1.0,4
majority,55743,55745,10.41,f,,g,f,d,c,y,2.22,9.59,,,w,,,f,f,,d,w,e,p,1.0,6
majority,48821,48823,10.34,x,t,n,t,p,,y,8.16,21.48,,,n,,,f,f,,d,a,e,p,1.0,6
majority,43939,43941,10.12,p,s,w,f,e,c,p,19.9,13.18,,s,w,,,t,e,,u,u,e,p,1.0,4
majority,48393,48395,17.02,p,w,n,f,p,,y,15.2,68.32,,,n,,,f,f,,d,a,e,p,1.0,6
majority,52116,52118,8.52,x,,n,t,p,,g,9.64,24.83,,y,w,,,f,f,,d,a,e,p,1.0,6
majority,55879,55881,8.33,s,,n,f,,,w,4.54,22.73,,,n,,,f,f,,d,u,e,p,1.0,8
majority,19056,19058,3.59,x,s,w,f,d,d,w,3.17,4.87,,,w,,,f,f,,m,w,e,p,1.0,5
majority,15255,15257,14.58,f,y,y,f,,,w,7.64,28.44,b,,n,,w,t,e,,d,a,e,p,1.0,5
majority,55128,55130,5.17,s,l,n,f,f,f,f,6.56,43.67,,,n,,,f,f,g,d,a,e,p,1.0,4
majority,60514,60660,4.98,o,,g,f,f,f,f,5.31,17.0,,,n,,,f,f,,d,s,e,p,1.0,6
majority,5499,5499,6.53,x,,g,f,s,c,g,5.22,17.56,b,,u,,,f,f,,d,a,e,p,1.0,5
majority,51343,51345,4.89,x,t,n,f,p,,n,5.97,12.14,,,e,,,f,f,,d,u,e,p,1.0,6
majority,54913,54915,3.62,s,,y,f,f,f,f,7.18,7.97,,,y,,,f,f,,d,a,e,p,1.0,6
majority,54996,54998,3.96,s,,n,f,f,f,f,6.92,8.67,,,o,,,f,f,,d,a,e,p,1.0,6
majority,26127,26129,10.2,f,s,u,f,x,,n,6.79,22.27,,,n,,,f,f,,d,u,e,p,1.0,6
majority,18900,18902,4.3,x,s,w,f,d,d,w,4.33,6.33,,,w,,,f,f,,m,w,e,p,1.0,5
majority,14681,14683,5.76,f,t,o,f,a,d,y,7.61,5.8,,s,o,,,f,f,,d,a,e,p,1.0,4
majority,52976,52978,7.9,x,t,n,f,p,d,y,7.77,12.63,,s,n,,,f,f,,d,a,e,p,1.0,4
majority,45836,45838,0.62,p,g,g,f,,,g,2.74,1.42,,,w,,,f,f,,d,u,e,p,1.0,7
majority,21766,21768,5.66,x,,y,f,a,c,w,5.28,12.95,,,g,,,f,f,,d,w,e,p,1.0,6
majority,10315,10316,3.99,f,g,n,f,a,d,g,6.59,3.43,,s,g,,,f,f,,d,u,e,p,1.0,4
majority,36075,36077,6.23,x,h,n,f,x,c,n,5.65,6.47,,y,n,,,t,r,,d,u,e,p,1.0,4
majority,22532,22534,7.02,x,t,y,t,x,c,y,6.57,15.48,,,w,,,f,f,,d,a,e,p,1.0,5
majority,33554,33556,6.18,s,l,w,f,d,,p,3.39,9.29,,,w,,,f,f,,g,u,e,p,1.0,6
majority,49447,49449,5.6,x,d,n,t,p,,y,6.82,13.5,,,y,,,f,f,,d,a,e,p,1.0,6
majority,11301,11302,1.69,c,g,n,f,a,,w,5.44,1.62,,,g,,,f,f,,d,u,e,p,1.0,6
majority,54603,54605,7.02,f,w,y,f,f,f,f,4.85,12.25,,,y,,,f,f,,d,a,e,p,1.0,5
majority,6584,6584,6.07,s,,n,f,d,c,w,5.45,8.16,,s,w,,,f,f,,l,u,e,p,1.0,5
majority,4325,4325,3.32,s,y,n,f,a,d,p,6.61,3.35,,i,n,,,f,f,,l,a,e,p,1.0,4
majority,5782,5782,13.55,x,e,g,f,a,c,w,7.02,21.21,s,,w,,,f,f,,l,w,e,p,1.0,4
majority,24329,24331,7.9,x,,n,f,x,c,w,6.8,17.64,,s,w,,,f,f,,d,a,e,p,1.0,5
majority,31403,31405,9.35,x,s,n,f,e,c,p,8.25,10.08,,i,n,,,f,f,p,d,a,e,p,1.0,3
majority,49053,49055,12.09,x,h,n,t,p,,y,9.16,22.85,,,n,,,f,f,,d,u,e,p,1.0,6
majority,31408,31410,11.72,x,s,n,f,e,c,w,9.03,10.66,,i,n,,,f,f,p,d,u,e,p,1.0,3
majority,22199,22201,3.74,x,,y,f,a,c,o,4.04,9.83,,,w,,,f,f,,d,a,e,p,1.0,6
majority,49741,49743,6.34,x,d,n,t,p,,y,6.72,15.33,,,y,,,f,f,,d,a,e,p,1.0,6
majority,46862,46864,2.89,x,h,n,f,,c,n,5.36,5.88,,s,w,,w,f,f,k,d,u,e,p,1.0,3
majority,51681,51683,14.78,p,d,o,f,p,,w,14.32,32.64,s,y,w,,,f,f,,d,u,e,p,1.0,4
majority,26246,26248,9.58,s,s,u,f,x,,n,6.16,21.72,,,n,,,f,f,,d,a,e,p,1.0,6
majority,14337,14339,5.37,x,h,n,f,a,d,n,5.61,5.1,,t,g,,,t,l,,d,w,e,p,1.0,4
majority,22185,22187,3.53,x,,y,f,a,c,y,4.23,9.56,,,w,,,f,f,,d,a,e,p,1.0,6
majority,51427,51429,4.61,x,s,o,f,p,,n,5.53,11.79,,,e,,,f,f,,d,u,e,p,1.0,6
majority,60382,60528,4.74,o,,g,f,f,f,f,5.02,19.66,,,n,,,f,f,,l,s,e,p,1.0,6
majority,45643,45645,0.84,p,g,g,f,,,g,3.09,1.41,,,w,,,f,f,,d,w,e,p,1.0,7
majority,9217,9217,3.84,b,g,w,f,x,d,w,4.43,3.35,,,y,,,f,f,,g,a,e,p,1.0,5
majority,45807,45809,0.95,p,g,w,f,,,g,2.88,1.63,,,w,,,f,f,,d,a,e,p,1.0,7
majority,14756,14758,5.17,x,t,o,f,a,d,y,6.25,5.71,,s,n,,,f,f,,d,w,e,p,1.0,4
majority,58365,58511,46.45,o,y,y,f,p,,y,6.95,35.19,,k,n,,,f,f,,d,s,e,p,1.0,5
majority,51192,51194,4.51,x,t,o,f,p,,n,6.06,14.04,,,n,,,f,f,,d,a,e,p,1.0,6
majority,20120,20122,6.69,f,s,b,f,d,d,o,5.86,12.57,,,w,,,f,f,,d,a,e,p,1.0,5
majority,45769,45771,1.17,b,g,g,f,,,g,2.82,1.81,,,w,,,f,f,,d,u,e,p,1.0,7
majority,5164,5164,8.79,f,,u,f,s,c,u,7.79,18.07,,,u,,,f,f,,d,a,e,p,1.0,6
majority,2078,2078,6.76,x,,w,f,e,,w,5.7,11.9,b,,w,u,w,t,g,,d,u,e,p,1.0,4
majority,11988,11989,1.04,x,g,e,t,a,,w,6.37,1.09,,,n,,,f,f,,d,u,e,p,1.0,6
majority,45954,45956,1.52,f,w,g,f,,d,g,5.57,2.61,,,w,,,f,f,,d,a,e,p,1.0,6
majority,1934,1934,6.31,x,,w,f,e,,w,6.35,13.3,b,,w,u,y,t,g,,d,u,e,p,1.0,4
majority,43016,43018,13.13,x,s,w,t,e,,g,10.56,18.21,s,,w,,,t,r,,m,a,e,p,1.0,5
majority,2784,2784,5.68,c,h,n,f,e,,w,10.87,11.25,,s,n,u,w,f,f,,d,u,e,p,1.0,3
majority,4542,4542,2.91,f,y,n,f,a,d,p,8.23,4.04,,i,n,,,f,f,,l,u,e,p,1.0,4
majority,35129,35131,3.85,x,,n,f,x,c,n,7.54,7.69,b,,n,,w,t,,,g,s,e,p,1.0,5
majority,6574,6574,5.85,s,,n,f,d,c,w,5.62,7.93,,s,w,,,f,f,,h,u,e,p,1.0,5
majority,11892,11893,0.91,c,g,n,t,a,,p,5.25,0.98,,,n,,,f,f,,d,u,e,p,1.0,6
majority,20574,20576,3.38,x,d,e,f,a,c,o,3.91,6.38,,,e,,,f,f,,m,a,e,p,1.0,5
majority,52098,52100,7.51,x,,g,t,p,,g,10.32,25.42,,y,w,,,f,f,,d,a,e,p,1.0,6
majority,6724,6724,4.14,x,,l,f,a,,r,5.35,7.89,,,w,,,f,f,,d,u,e,p,1.0,7
majority,57146,57176,8.22,f,e,b,f,,c,b,4.81,20.61,,,w,,,t,f,,d,a,e,p,1.0,6
majority,14482,14484,6.38,f,h,n,f,a,d,y,9.15,7.3,,k,n,,,f,f,,d,a,e,p,1.0,4
majority,5907,5907,13.48,s,e,g,f,d,c,w,7.92,24.61,s,,w,,,f,f,,l,w,e,p,1.0,4
majority,53237,53239,8.11,x,h,n,f,p,d,y,7.32,12.5,,s,n,,,f,f,,g,u,e,p,1.0,4
majority,45481,45483,3.01,b,y,n,f,,c,k,6.5,2.56,,,w,,,f,f,,d,u,e,p,1.0,6
majority,24646,24648,11.06,x,e,l,f,x,c,w,6.88,23.3,,,w,,,f,f,,d,a,e,p,1.0,5
majority,60311,60457,5.73,p,,n,f,f,f,f,7.47,22.72,,,n,,,f,f,,d,s,e,p,1.0,6
majority,53096,53098,9.5,x,h,n,f,p,d,y,8.47,13.27,,s,n,,,f,f,,h,u,e,p,1.0,4
majority,17498,17500,7.87,f,d,w,f,s,c,w,7.13,30.87,,,w,,,f,f,,d,s,e,p,1.0,5
majority,60568,60714,4.19,c,,n,f,f,f,f,4.22,19.02,,,n,,,f,f,,d,s,e,p,1.0,6
majority,4897,4897,2.17,x,,b,f,,d,w,6.31,4.19,,,w,,,f,f,,d,w,e,p,1.0,7
majority,20399,20401,6.69,x,s,o,f,d,d,b,6.39,12.14,,,w,,,f,f,,d,a,e,p,1.0,5
majority,15116,15118,14.39,f,s,e,f,a,d,w,9.26,16.3,,i,n,,,t,,w,d,w,e,p,1.0,4
majority,55679,55681,6.95,f,,l,f,d,c,y,2.19,11.84,,,w,,,f,f,,d,a,e,p,1.0,6
majority,3499,3499,15.14,x,y,n,t,e,,w,10.22,16.82,,,w,,,t,,,d,u,e,p,1.0,7
majority,10304,10305,3.73,b,g,n,f,a,d,g,5.75,3.11,,s,g,,,f,f,,d,w,e,p,1.0,4
majority,16113,16115,7.49,b,h,k,f,s,d,w,5.61,11.06,,s,g,,,f,f,,d,a,e,p,1.0,4
majority,4892,4892,2.88,x,,b,f,,d,u,6.54,4.72,,,w,,,f,f,,d,w,e,p,1.0,7
majority,14623,14625,5.02,f,h,o,f,a,d,w,6.61,5.19,,s,o,,,f,f,,d,s,e,p,1.0,4
majority,55353,55355,6.41,s,l,n,f,f,f,f,8.12,70.63,,,n,,,f,f,g,l,u,e,p,1.0,4
majority,11788,11789,0.84,f,g,e,t,a,,w,4.93,0.96,,,n,,,f,f,,h,u,e,p,1.0,6
majority,45432,45434,3.61,b,y,n,f,,c,k,6.6,2.8,,,w,,,f,f,,d,u,e,p,1.0,6
majority,36156,36158,4.71,x,h,n,f,x,c,w,6.07,6.2,,s,n,,,t,r,,d,u,e,p,1.0,4
majority,60357,60503,7.42,c,,n,f,f,f,f,5.69,20.85,,,n,,,f,f,,d,s,e,p,1.0,6
majority,45251,45253,2.72,b,y,n,f,,c,n,6.67,2.9,,,w,,,f,f,,d,u,e,p,1.0,6
majority,46004,46006,1.44,x,w,n,f,,d,g,4.8,2.6,,,w,,,f,f,,g,a,e,p,1.0,6
majority,17412,17414,8.99,f,s,w,f,s,c,w,7.52,30.44,,,w,,,f,f,,m,u,e,p,1.0,5
majority,51396,51398,4.49,x,t,n,f,p,,n,4.97,11.15,,,e,,,f,f,,d,a,e,p,1.0,6
majority,1361,1361,11.76,f,,n,t,,,w,12.48,20.92,b,,w,u,w,t,g,,d,a,e,p,1.0,5
majority,35251,35253,4.9,x,,n,f,x,c,n,8.6,9.03,b,,n,,w,t,,,g,a,e,p,1.0,5
majority,10479,10480,4.39,b,g,g,f,a,d,g,6.09,3.92,,s,n,,,f,f,,d,u,e,p,1.0,4
majority,60434,60580,6.45,c,,n,f,f,f,f,5.8,19.86,,,n,,,f,f,,l,s,e,p,1.0,6
majority,9302,9302,3.51,b,g,w,f,x,d,w,3.7,2.93,,,y,,,f,f,,g,u,e,p,1.0,5
majority,22250,22252,6.38,x,t,y,t,x,c,y,7.08,13.65,,,w,,,f,f,,d,u,e,p,1.0,5
majority,21270,21272,4.04,x,t,n,f,d,,o,5.81,6.68,,t,o,,,f,f,,d,w,e,p,1.0,5
majority,1221,1221,11.29,x,,n,t,,,w,10.43,17.39,b,,w,u,w,t,g,,d,a,e,p,1.0,5
majority,52196,52198,7.78,x,,g,t,p,,g,10.57,24.66,,y,w,,,f,f,,d,u,e,p,1.0,6
majority,54594,54596,5.73,f,w,y,f,f,f,f,2.97,9.51,,,y,,,f,f,,d,a,e,p,1.0,5
majority,8717,8717,6.34,f,s,n,f,x,c,w,7.61,10.02,,s,n,,,f,f,,l,w,e,p,1.0,4
majority,5130,5130,11.63,f,,u,f,s,c,b,6.24,19.41,,,u,,,f,f,,d,w,e,p,1.0,6
majority,54369,54371,7.74,s,w,y,f,f,f,f,6.97,15.01,,,y,,,f,f,,d,a,e,p,1.0,5
majority,53161,53163,5.72,x,h,n,f,p,d,y,7.71,13.28,,s,n,,,f,f,,g,u,e,p,1.0,4
majority,14194,14196,5.43,x,t,g,f,a,d,n,5.35,4.48,,t,w,,,t,l,,d,u,e,p,1.0,4
majority,35019,35021,4.15,x,,n,f,x,c,w,8.17,10.19,b,,w,,w,t,,,d,s,e,p,1.0,5
majority,14283,14285,5.59,x,t,g,f,a,d,n,6.53,4.69,,t,w,,,t,l,,d,w,e,p,1.0,4
majority,24592,24594,10.65,x,e,y,f,x,c,w,7.86,23.48,,,w,,,f,f,,d,u,e,p,1.0,5
majority,42114,42116,6.19,x,y,w,f,e,c,n,5.4,12.29,,,w,,w,t,e,,g,a,e,p,1.0,4
majority,46731,46733,3.78,f,h,n,f,,c,n,6.08,7.08,,s,w,,w,f,f,k,d,u,e,p,1.0,3
majority,15949,15951,5.84,f,h,g,f,s,d,w,5.18,10.02,,s,g,,,f,f,,d,a,e,p,1.0,4
majority,9447,9447,3.53,b,g,n,f,x,d,w,4.39,3.13,,,y,,,f,f,,g,a,e,p,1.0,5
majority,22551,22553,8.11,x,t,y,t,x,c,y,8.03,15.96,,,w,,,f,f,,d,a,e,p,1.0,5
majority,55746,55748,11.93,f,,b,f,d,c,y,2.42,15.52,,,w,,,f,f,,d,w,e,p,1.0,6
majority,21948,21950,4.84,x,,y,f,a,c,o,4.45,8.98,,,w,,,f,f,,d,u,e,p,1.0,6
majority,43484,43486,10.44,x,i,n,t,e,,p,9.07,17.71,,y,w,,,t,p,,l,a,e,p,1.0,5
majority,27040,27042,12.1,s,,w,t,d,c,p,6.87,27.73,,,w,,,f,f,,d,a,e,p,1.0,6
majority,3416,3416,16.07,x,e,n,t,e,,w,9.86,17.08,,,w,,,t,,,g,u,e,p,1.0,7
majority,14351,14353,6.46,x,t,g,f,a,d,n,6.11,5.52,,t,w,,,t,l,,d,u,e,p,1.0,4
majority,17780,17782,8.5,x,,n,f,a,,w,8.02,14.8,,,g,,,f,f,,g,a,e,p,1.0,7
majority,55388,55390,6.39,s,l,n,f,f,f,f,7.09,54.26,,,n,,,f,f,g,d,w,e,p,1.0,4
majority,3032,3032,22.54,p,y,n,f,,,w,22.38,20.25,s,,n,,,t,m,,d,u,e,p,1.0,6
majority,29776,29778,3.62,f,d,n,t,d,c,p,5.58,6.88,,,n,,,f,f,,d,u,e,p,1.0,5
majority,56057,56059,8.33,o,,n,f,,,w,3.66,23.15,,,n,,,f,f,,d,u,e,p,1.0,8
majority,24698,24700,9.33,x,e,y,f,x,c,w,7.98,20.79,,,w,,,f,f,,d,u,e,p,1.0,5
majority,8666,8666,7.33,x,s,n,f,x,c,w,6.85,10.15,,s,n,,,f,f,,l,w,e,p,1.0,4
majority,14887,14889,9.27,x,s,y,f,a,d,w,9.64,15.64,,i,n,,,t,,w,d,w,e,p,1.0,4
majority,49656,49658,4.57,x,d,n,t,p,,y,6.74,14.05,,,y,,,f,f,,d,a,e,p,1.0,6
majority,49050,49052,11.21,x,h,n,t,p,,y,7.82,22.72,,,n,,,f,f,,d,a,e,p,1.0,6
majority,51995,51997,8.02,x,,g,t,p,,g,11.62,23.01,,y,w,,,f,f,,d,u,e,p,1.0,6
majority,15381,15383,10.72,x,y,y,f,,,w,7.15,26.22,b,,n,,w,t,e,,d,w,e,p,1.0,5
majority,42493,42495,7.62,f,i,n,f,e,c,p,5.16,12.71,,,w,,,t,l,,w,a,e,p,1.0,5
majority,42434,42436,6.43,x,i,n,f,e,c,p,4.76,13.18,,,w,,,t,r,,w,a,e,p,1.0,5
majority,46049,46051,1.59,x,w,g,f,,d,k,5.12,2.65,,,w,,,f,f,,d,a,e,p,1.0,6
majority,2906,2906,15.98,p,y,n,f,,,w,23.54,19.72,s,,n,,,t,m,,m,a,e,p,1.0,6
majority,58193,58339,50.77,o,y,y,f,p,,y,4.63,32.8,,k,k,,,f,f,,d,s,e,p,1.0,5
majority,8614,8614,6.64,x,s,b,f,x,c,w,7.14,9.92,,s,n,,,f,f,,l,a,e,p,1.0,4
majority,21210,21212,4.1,x,t,n,f,d,,o,5.81,7.36,,t,w,,,f,f,,d,w,e,p,1.0,5
majority,26290,26292,8.15,f,s,n,f,x,,n,5.5,19.67,,,p,,,f,f,,d,w,e,p,1.0,6
majority,20135,20137,6.41,f,d,b,f,d,d,o,5.5,12.49,,,w,,,f,f,,m,a,e,p,1.0,5
majority,26392,26394,10.5,x,s,u,f,x,,n,5.94,22.9,,,w,,,f,f,,d,a,e,p,1.0,6
majority,4591,4591,3.48,x,,u,f,,d,u,7.35,4.74,,,w,,,f,f,,d,u,e,p,1.0,7
majority,43704,43706,10.14,x,i,n,t,e,,p,9.33,18.23,,y,w,,,t,p,,d,a,e,p,1.0,5
majority,31106,31108,7.69,x,s,n,f,e,c,p,6.33,9.0,,i,n,,,f,f,p,d,w,e,p,1.0,3
majority,55390,55392,3.45,o,l,n,f,f,f,f,6.81,48.9,,,n,,,f,f,g,d,u,e,p,1.0,4
majority,21475,21477,3.71,f,t,n,f,d,,o,5.34,7.43,,t,o,,,f,f,,d,a,e,p,1.0,5
majority,6988,6988,4.58,x,,w,f,d,,r,6.06,7.83,,,w,,,f,f,,l,u,e,p,1.0,7
majority,54575,54577,5.55,x,w,y,f,f,f,f,5.02,12.57,,,y,,,f,f,,d,u,e,p,1.0,5
majority,11637,11638,1.67,c,g,n,f,a,,w,5.13,1.6,,,g,,,f,f,,l,u,e,p,1.0,6
majority,26350,26352,10.8,s,s,u,f,x,,n,6.95,20.51,,,p,,,f,f,,d,w,e,p,1.0,6
majority,21355,21357,3.83,f,t,n,f,d,,o,5.72,6.36,,t,w,,,f,f,,d,w,e,p,1.0,5
majority,18926,18928,3.13,f,s,w,f,d,d,w,3.81,6.07,,,w,,,f,f,,g,w,e,p,1.0,5
majority,54431,54433,4.98,f,w,y,f,f,f,f,4.43,14.55,,,y,,,f,f,,d,a,e,p,1.0,5
majority,3372,3372,16.3,x,y,n,t,e,,w,10.54,17.54,,,w,,,t,,,g,a,e,p,1.0,7
majority,36323,36325,5.87,x,h,n,f,x,c,n,5.94,6.01,,s,n,,,t,r,,d,u,e,p,1.0,4
majority,48599,48601,18.67,x,w,n,f,p,,w,17.81,67.82,,,n,,,f,f,,d,u,e,p,1.0,6
majority,17670,17672,9.28,x,,g,f,a,,w,8.42,15.88,,,g,,,f,f,,d,u,e,p,1.0,7
majority,45818,45820,0.99,p,g,g,f,,,g,3.21,1.63,,,w,,,f,f,,d,a,e,p,1.0,7
majority,4690,4690,1.96,x,,b,f,,d,u,5.69,4.0,,,w,,,f,f,,d,w,e,p,1.0,7
majority,8679,8679,5.64,f,s,n,f,x,c,w,6.16,9.88,,s,n,,,f,f,,l,w,e,p,1.0,4
majority,51795,51797,17.83,x,d,o,f,p,,n,13.95,35.21,s,y,w,,,f,f,,d,a,e,p,1.0,4
majority,54551,54553,3.41,f,w,y,f,f,f,f,4.12,13.32,,,y,,,f,f,,d,a,e,p,1.0,5
majority,7038,7038,4.0,x,,w,f,d,,r,6.11,7.72,,,w,,,f,f,,d,a,e,p,1.0,7
majority,52209,52211,6.87,x,,g,t,p,,g,12.91,26.87,,y,w,,,f,f,,d,u,e,p,1.0,6
majority,45536,45538,1.14,b,g,g,f,,,g,3.53,1.52,,,w,,,f,f,,d,a,e,p,1.0,7
majority,5251,5251,8.84,s,,g,f,s,c,u,7.33,22.32,,,u,,,f,f,,d,a,e,p,1.0,6
majority,22562,22564,8.76,x,t,y,t,x,c,y,8.38,16.33,,,w,,,f,f,,d,a,e,p,1.0,5
majority,58330,58476,50.6,o,y,y,f,p,,y,5.08,32.63,,k,k,,,f,f,,d,u,e,p,1.0,5
majority,18723,18725,3.2,f,s,w,f,d,d,w,3.43,5.81,,,w,,,f,f,,m,a,e,p,1.0,5
majority,3450,3450,13.35,x,e,n,t,e,,w,10.06,16.59,,,w,,,t,,,d,u,e,p,1.0,7
majority,21778,21780,7.77,s,,y,f,a,c,w,5.47,15.75,,,w,,,f,f,,d,w,e,p,1.0,6
majority,53277,53279,7.12,x,h,n,f,p,d,y,6.47,12.11,,s,n,,,f,f,,h,u,e,p,1.0,4
majority,42499,42501,7.34,f,y,n,f,e,c,n,4.06,11.38,,,w,,,t,l,,w,u,e,p,1.0,5
majority,49065,49067,7.76,x,d,y,t,p,,y,5.38,11.8,,,e,,,f,f,,d,a,e,p,1.0,6
majority,2550,2550,5.38,x,t,n,f,e,,w,11.98,10.99,,s,w,u,w,f,f,,d,a,e,p,1.0,3
majority,49010,49012,9.74,x,t,n,t,p,,y,8.52,22.25,,,n,,,f,f,,d,u,e,p,1.0,6
majority,46388,46390,4.89,f,,y,f,x,c,g,6.65,4.32,,,w,,,f,f,,d,a,e,p,1.0,6
majority,27024,27026,11.15,s,,w,t,d,c,p,6.2,25.33,,,w,,,f,f,,d,a,e,p,1.0,6
majority,54873,54875,2.68,s,,n,f,f,f,f,6.44,6.16,,,o,,,f,f,,d,a,e,p,1.0,6
majority,31618,31620,7.65,x,y,n,f,e,c,p,5.92,10.62,,y,n,,,f,f,,d,u,e,p,1.0,4
majority,52969,52971,7.17,x,t,n,f,p,d,y,6.69,11.31,,s,n,,,f,f,,h,u,e,p,1.0,4
majority,46700,46702,3.17,f,h,n,f,,c,n,5.02,6.76,,s,w,,w,f,f,k,d,a,e,p,1.0,3
majority,20655,20657,3.37,x,d,o,f,a,c,e,4.45,6.69,,,o,,,f,f,,m,w,e,p,1.0,5
majority,52898,52900,8.91,x,s,n,t,p,,y,6.81,18.07,,,n,,w,t,p,,d,u,e,p,1.0,5
majority,15078,15080,12.43,f,s,e,f,d,d,w,9.59,14.29,,i,n,,,t,,w,d,w,e,p,1.0,4
majority,20374,20376,8.98,f,d,b,f,d,d,b,5.77,13.98,,,w,,,f,f,,d,a,e,p,1.0,5
majority,29983,29985,4.17,s,d,u,t,d,c,p,4.94,6.62,,,n,,,f,f,,d,u,e,p,1.0,5
majority,42432,42434,4.31,f,y,n,f,e,c,p,3.91,11.47,,,w,,,t,r,,w,u,e,p,1.0,5
majority,20335,20337,6.26,x,s,o,f,d,d,o,5.91,12.2,,,w,,,f,f,,d,a,e,p,1.0,5
majority,43903,43905,10.83,p,s,w,f,e,c,p,23.84,12.76,,s,w,,,t,e,,u,w,e,p,1.0,4
majority,31400,31402,9.07,x,s,n,f,e,c,p,6.15,10.18,,i,n,,,f,f,p,d,s,e,p,1.0,3
majority,31658,31660,6.05,x,y,n,f,e,c,p,3.84,8.94,,y,n,,,f,f,,d,a,e,p,1.0,4
majority,58249,58395,42.27,o,y,y,f,p,,y,4.24,18.43,,k,n,,,f,f,,d,s,e,p,1.0,5
majority,49043,49045,12.75,x,t,n,t,p,,y,10.59,23.19,,,n,,,f,f,,d,a,e,p,1.0,6
majority,20583,20585,3.27,x,d,o,f,a,c,o,4.03,6.56,,,e,,,f,f,,g,a,e,p,1.0,5
majority,31256,31258,8.17,x,s,n,f,e,c,p,7.09,9.69,,i,n,,,f,f,p,d,u,e,p,1.0,3
majority,17311,17313,8.45,f,s,w,f,s,c,w,6.84,25.57,,,w,,,f,f,,m,u,e,p,1.0,5
majority,30389,30391,6.99,s,t,p,t,d,c,o,5.06,16.66,,,w,,,f,f,,d,a,e,p,1.0,5
majority,16306,16308,5.5,f,y,n,f,s,,g,5.48,8.22,,,w,,,f,f,,d,a,e,p,1.0,6
majority,26844,26846,10.84,s,,w,t,d,c,w,6.02,24.34,,,w,,,f,f,,d,u,e,p,1.0,6
majority,45602,45604,1.4,b,g,g,f,,,g,3.79,1.71,,,w,,,f,f,,d,a,e,p,1.0,7
majority,45728,45730,0.81,p,g,w,f,,,g,2.3,1.4,,,w,,,f,f,,d,a,e,p,1.0,7
majority,52466,52468,7.78,x,t,y,f,p,,y,6.58,14.27,,,y,,y,t,,,d,u,e,p,1.0,6
majority,54515,54517,5.07,s,w,y,f,f,f,f,5.99,15.17,,,y,,,f,f,,d,a,e,p,1.0,5
majority,16170,16172,6.62,b,h,k,f,s,d,w,4.83,10.07,,s,g,,,f,f,,d,u,e,p,1.0,4
majority,9233,9233,2.87,b,g,w,f,x,d,w,3.78,2.38,,,y,,,f,f,,g,a,e,p,1.0,5
majority,10291,10292,4.23,b,g,g,f,a,d,g,6.87,3.97,,s,g,,,f,f,,d,s,e,p,1.0,4
majority,9241,9241,4.0,b,g,w,f,x,d,w,5.26,3.2,,,y,,,f,f,,g,u,e,p,1.0,5
majority,29926,29928,3.55,f,d,n,t,d,c,p,4.42,7.11,,,g,,,f,f,,d,u,e,p,1.0,5
majority,55389,55391,3.77,s,l,n,f,f,f,f,6.55,45.41,,,n,,,f,f,g,l,w,e,p,1.0,4
majority,56968,56998,7.77,f,e,b,f,,c,b,5.07,19.96,,,w,,,t,f,,d,a,e,p,1.0,6
majority,16084,16086,5.99,f,h,g,f,s,d,w,6.24,11.6,,s,g,,,f,f,,d,a,e,p,1.0,4
majority,42090,42092,6.43,f,s,w,f,e,c,n,5.38,12.3,,,w,,w,t,e,,g,u,e,p,1.0,4
majority,6796,6796,4.13,x,,w,f,d,,r,5.94,7.68,,,l,,,f,f,,l,u,e,p,1.0,7
majority,5136,5136,6.27,f,,n,f,s,c,b,5.14,16.37,,,b,,,f,f,,l,w,e,p,1.0,6
majority,50542,50544,3.04,x,k,n,f,p,,n,4.43,10.07,,,n,,,f,f,,d,a,e,p,1.0,6
majority,55809,55811,8.96,s,,n,f,,,w,5.23,20.4,,,n,,,f,f,,d,a,e,p,1.0,8
majority,5626,5626,8.04,s,,n,f,s,c,p,6.18,18.29,b,,u,,,f,f,,d,a,e,p,1.0,5
majority,42929,42931,13.38,f,s,n,t,e,,g,9.28,17.65,s,,w,,,t,l,,m,a,e,p,1.0,5
majority,24482,24484,11.36,x,e,l,f,x,c,w,7.18,18.83,,,w,,,f,f,,d,a,e,p,1.0,5
majority,56021,56023,6.7,o,,n,f,,,w,3.31,20.96,,,n,,,f,f,,d,u,e,p,1.0,8
majority,9292,9292,3.87,b,g,w,f,x,d,w,5.02,3.18,,,y,,,f,f,,g,a,e,p,1.0,5
majority,3518,3518,14.27,x,y,n,t,e,,w,8.94,16.37,,,w,,,t,,,g,u,e,p,1.0,7
majority,46313,46315,3.83,x,,y,f,x,c,u,5.57,3.55,,,w,,,f,f,,d,u,e,p,1.0,6
majority,2092,2092,7.4,x,,y,f,e,,w,6.3,13.48,b,,w,u,w,t,g,,d,u,e,p,1.0,4
majority,52426,52428,7.96,x,h,y,f,p,,y,7.78,15.85,,,y,,y,t,,,d,u,e,p,1.0,6
majority,51352,51354,5.17,x,t,n,f,p,,n,6.17,12.66,,,n,,,f,f,,d,a,e,p,1.0,6
majority,52430,52432,5.47,x,h,y,f,p,,y,7.03,14.96,,,y,,y,t,,,d,a,e,p,1.0,6
majority,46925,46927,4.29,f,h,n,f,,c,k,7.03,7.0,,s,w,,w,f,f,k,d,a,e,p,1.0,3
majority,2079,2079,6.4,x,,y,f,e,,w,6.06,11.81,b,,w,u,w,t,g,,d,u,e,p,1.0,4
majority,11569,11570,1.71,c,g,n,f,a,,g,5.06,1.52,,,g,,,f,f,,d,a,e,p,1.0,6
majority,42436,42438,8.18,f,i,n,f,e,c,p,4.5,12.54,,,w,,,t,l,,w,a,e,p,1.0,5
majority,21300,21302,3.55,f,t,n,f,d,,o,5.7,7.15,,t,o,,,f,f,,d,a,e,p,1.0,5
majority,6543,6543,6.0,s,,n,f,d,c,w,4.22,8.0,,s,w,,,f,f,,l,a,e,p,1.0,5
majority,17807,17809,8.51,x,,g,f,a,,w,8.35,14.19,,,w,,,f,f,,d,a,e,p,1.0,7
majority,24772,24774,7.71,x,s,k,f,a,c,w,5.05,17.47,,,w,,,f,f,,d,u,e,p,1.0,5
majority,46501,46503,4.44,f,,y,f,x,c,w,6.2,3.51,,,w,,,f,f,,d,u,e,p,1.0,6
majority,11560,11561,1.22,c,g,n,f,a,,w,4.7,1.34,,,g,,,f,f,,d,a,e,p,1.0,6
majority,49049,49051,11.87,x,h,n,t,p,,y,11.26,23.47,,,n,,,f,f,,d,u,e,p,1.0,6
majority,1953,1953,6.5,x,,w,f,e,,w,5.79,13.27,b,,y,u,w,t,g,,d,u,e,p,1.0,4
majority,11750,11751,1.01,c,g,n,t,a,,p,6.05,0.98,,,n,,,f,f,,h,u,e,p,1.0,6
majority,18214,18216,6.81,f,s,n,f,s,c,w,6.43,10.48,b,i,w,,,f,f,,l,u,e,p,1.0,3
majority,15219,15221,7.52,f,y,n,f,,,w,6.58,24.52,b,,n,,w,t,e,,d,w,e,p,1.0,5
majority,55775,55777,7.11,s,,n,f,,,w,2.65,16.33,,,n,,,f,f,,d,a,e,p,1.0,8
majority,3265,3265,15.93,x,e,n,t,e,,w,10.42,16.91,,,w,,,t,,,d,u,e,p,1.0,7
majority,52841,52843,8.17,x,h,n,t,p,,n,6.0,15.87,,,n,,w,t,p,,d,u,e,p,1.0,5
majority,48889,48891,8.93,x,t,n,t,p,,y,9.27,23.65,,,n,,,f,f,,d,u,e,p,1.0,6
majority,48816,48818,11.62,x,h,n,t,p,,y,9.62,23.92,,,n,,,f,f,,d,u,e,p,1.0,6
majority,14210,14212,7.12,x,t,g,f,a,d,n,6.67,5.83,,t,g,,,t,l,,d,a,e,p,1.0,4
majority,5961,5961,11.65,f,e,n,f,d,c,w,7.62,24.0,s,,w,,,f,f,,l,a,e,p,1.0,4
majority,2688,2688,6.51,x,t,n,f,e,,w,12.46,12.04,,s,w,u,w,f,f,,d,a,e,p,1.0,3
majority,53167,53169,9.68,x,t,n,f,p,d,y,8.24,13.2,,s,n,,,f,f,,d,a,e,p,1.0,4
majority,21251,21253,3.82,x,t,n,f,d,,o,6.19,7.68,,t,o,,,f,f,,d,a,e,p,1.0,5
majority,54829,54831,3.22,s,,y,f,f,f,f,6.36,8.19,,,o,,,f,f,,d,a,e,p,1.0,6
majority,12589,12590,1.56,x,t,y,f,d,,w,6.47,1.69,,t,y,,,f,f,,d,u,e,p,1.0,5
majority,31397,31399,8.35,x,s,n,f,e,c,w,8.21,10.58,,i,w,,,f,f,p,d,s,e,p,1.0,3
majority,45544,45546,0.96,b,g,g,f,,,g,3.08,1.53,,,w,,,f,f,,d,u,e,p,1.0,7
majority,24818,24820,7.04,x,s,k,f,a,c,w,4.32,16.01,,,w,,,f,f,,d,u,e,p,1.0,5
majority,2827,2827,16.67,f,y,n,f,,,w,23.63,19.32,s,,n,,,t,m,,d,u,e,p,1.0,6
majority,9205,9205,3.58,b,g,n,f,x,d,w,4.36,3.34,,,y,,,f,f,,g,u,e,p,1.0,5
majority,8795,8795,5.74,x,s,n,f,x,c,w,7.03,10.68,,s,n,,,f,f,,l,w,e,p,1.0,4
majority,33711,33713,6.72,s,l,w,f,d,,p,3.49,8.94,,,w,,,f,f,,d,a,e,p,1.0,6
majority,25140,25142,18.51,s,t,k,f,a,d,y,8.73,27.08,,,w,,,f,f,w,d,w,e,p,1.0,4
majority,7019,7019,4.46,x,,l,f,d,,r,6.44,7.73,,,l,,,f,f,,l,u,e,p,1.0,7
majority,21705,21707,7.61,f,,y,f,a,c,w,6.2,15.8,,,g,,,f,f,,d,u,e,p,1.0,6
majority,45354,45356,2.42,b,y,n,f,,c,n,5.99,2.56,,,w,,,f,f,,d,u,e,p,1.0,6
majority,15328,15330,7.57,x,y,y,f,,,w,6.39,24.11,b,,n,,w,t,e,,d,a,e,p,1.0,5
majority,3141,3141,15.57,f,y,w,f,,,w,19.12,18.04,s,,n,,,t,m,,m,a,e,p,1.0,6
majority,21329,21331,3.66,f,t,n,f,d,,o,6.0,8.18,,t,o,,,f,f,,d,a,e,p,1.0,5
majority,29892,29894,3.59,f,d,g,t,d,c,p,4.82,6.07,,,g,,,f,f,,d,a,e,p,1.0,5
majority,9183,9183,3.54,b,g,n,f,x,d,w,4.45,2.72,,,y,,,f,f,,g,u,e,p,1.0,5
majority,45226,45228,2.83,b,y,n,f,,c,k,6.51,2.83,,,w,,,f,f,,d,a,e,p,1.0,6
majority,3126,3126,19.08,p,y,w,f,,,w,27.83,22.15,s,,n,,,t,m,,d,a,e,p,1.0,6
majority,49355,49357,6.95,x,d,n,t,p,,r,5.96,13.31,,,e,,,f,f,,d,u,e,p,1.0,6
majority,15905,15907,5.3,f,h,k,f,s,d,g,4.62,10.04,,s,g,,,f,f,,d,u,e,p,1.0,4
majority,52622,52624,10.11,x,t,n,t,p,,n,9.53,19.41,,,n,,w,t,p,,d,u,e,p,1.0,5
majority,2652,2652,5.7,c,h,n,f,e,,w,12.86,13.14,,s,n,u,w,f,f,,d,a,e,p,1.0,3
majority,49249,49251,8.3,x,d,n,t,p,,r,5.63,11.86,,,y,,,f,f,,d,u,e,p,1.0,6
majority,14294,14296,5.05,x,h,n,f,a,d,n,5.49,4.44,,t,w,,,t,l,,d,u,e,p,1.0,4
majority,15448,15450,10.22,f,y,e,f,,,w,6.59,25.06,b,,n,,w,t,e,,d,w,e,p,1.0,5
majority,8661,8661,6.07,f,s,b,f,x,c,w,7.48,11.0,,s,n,,,f,f,,l,w,e,p,1.0,4
majority,53226,53228,7.87,x,t,n,f,p,d,y,7.03,12.84,,s,n,,,f,f,,g,a,e,p,1.0,4
majority,16773,16775,6.45,f,t,n,f,s,,n,8.32,11.33,,t,o,,,f,f,,d,a,e,p,1.0,5
majority,30567,30569,9.0,s,t,p,t,d,c,o,6.0,17.58,,,w,,,f,f,,d,u,e,p,1.0,5
majority,4946,4946,10.54,f,,u,f,s,c,b,8.54,21.17,,,u,,,f,f,,l,a,e,p,1.0,6
majority,11429,11430,1.36,c,g,n,f,a,,g,5.01,1.4,,,g,,,f,f,,l,u,e,p,1.0,6
majority,3460,3460,16.07,x,e,n,t,e,,w,8.87,15.99,,,w,,,t,,,g,u,e,p,1.0,7
majority,48576,48578,16.0,p,w,n,f,p,,w,17.39,67.66,,,n,,,f,f,,d,a,e,p,1.0,6
majority,48765,48767,11.12,x,t,n,t,p,,y,8.67,22.97,,,n,,,f,f,,d,a,e,p,1.0,6
majority,46272,46274,4.04,x,,w,f,x,c,w,6.26,4.01,,,w,,,f,f,,d,a,e,p,1.0,6
majority,24369,24371,8.6,x,e,l,f,x,c,w,5.77,14.02,,,w,,,f,f,,d,u,e,p,1.0,5
majority,12386,12387,1.58,x,s,y,f,d,,w,6.05,2.25,,t,y,,,f,f,,h,a,e,p,1.0,5
majority,43433,43435,8.28,x,y,n,t,e,,p,8.46,16.11,,y,w,,,t,l,,d,a,e,p,1.0,5
majority,53232,53234,9.32,x,t,n,f,p,d,y,10.09,14.15,,s,n,,,f,f,,g,u,e,p,1.0,4
majority,31766,31768,7.06,x,y,n,f,e,c,p,5.09,10.27,,y,n,,,f,f,,d,a,e,p,1.0,4
majority,26222,26224,10.78,f,s,u,f,x,,n,7.02,21.22,,,p,,,f,f,,d,w,e,p,1.0,6
majority,46623,46625,4.22,x,h,n,f,,c,n,6.58,6.92,,s,w,,w,f,f,k,d,u,e,p,1.0,3
majority,55153,55155,4.41,o,l,n,f,f,f,f,7.13,43.04,,,n,,,f,f,g,d,a,e,p,1.0,4
majority,16316,16318,5.42,f,y,g,f,s,,w,4.75,9.27,,,w,,,f,f,,d,a,e,p,1.0,6
majority,11690,11691,0.97,f,g,e,t,a,,w,5.43,1.06,,,n,,,f,f,,h,u,e,p,1.0,6
majority,52608,52610,9.27,x,t,n,t,p,,y,7.67,17.25,,,n,,w,t,p,,d,u,e,p,1.0,5
majority,18772,18774,3.15,x,s,w,f,d,d,w,3.1,5.81,,,w,,,f,f,,g,w,e,p,1.0,5
majority,4753,4753,1.56,x,,b,f,,d,w,6.46,4.27,,,w,,,f,f,,d,a,e,p,1.0,7
majority,17677,17679,8.4,p,,n,f,a,,w,8.25,14.84,,,g,,,f,f,,g,u,e,p,1.0,7
majority,6468,6468,5.54,s,,n,f,d,c,w,4.58,8.51,,s,w,,,f,f,,d,a,e,p,1.0,5
majority,49337,49339,6.79,x,d,n,t,p,,y,5.9,12.94,,,e,,,f,f,,d,u,e,p,1.0,6
majority,11655,11656,0.99,c,g,e,t,a,,w,6.1,0.97,,,n,,,f,f,,h,u,e,p,1.0,6
majority,8687,8687,6.22,x,s,n,f,x,c,w,7.49,11.33,,s,n,,,f,f,,l,a,e,p,1.0,4
majority,5288,5288,10.68,f,,u,f,s,c,u,6.93,19.31,,,u,,,f,f,,l,w,e,p,1.0,6
majority,43845,43847,11.26,p,y,w,f,e,c,w,14.88,11.91,,s,w,,,t,e,,g,a,e,p,1.0,4
majority,53220,53222,7.73,x,t,n,f,p,d,y,7.74,13.72,,s,n,,,f,f,,g,a,e,p,1.0,4
majority,24672,24674,9.42,x,e,l,f,x,c,w,7.94,24.69,,,w,,,f,f,,d,u,e,p,1.0,5
majority,43607,43609,10.3,p,i,n,t,e,,p,8.37,16.19,,y,w,,,t,p,,d,a,e,p,1.0,5
majority,46329,46331,4.74,x,,n,f,x,c,u,7.2,4.31,,,w,,,f,f,,d,u,e,p,1.0,6
majority,54907,54909,4.43,s,,n,f,f,f,f,7.46,9.05,,,y,,,f,f,,d,a,e,p,1.0,6
majority,55688,55690,12.45,f,,g,f,d,c,y,2.58,16.15,,,w,,,f,f,,d,w,e,p,1.0,6
majority,52117,52119,6.29,x,,g,t,p,,g,11.51,23.57,,y,w,,,f,f,,d,u,e,p,1.0,6
majority,52937,52939,9.82,x,t,n,t,p,,n,7.9,17.92,,,n,,w,t,p,,d,a,e,p,1.0,5
majority,60549,60695,5.35,o,,g,f,f,f,f,4.09,19.08,,,n,,,f,f,,l,s,e,p,1.0,6
majority,58265,58411,49.57,o,y,y,f,p,,y,5.71,34.8,,k,k,,,f,f,,d,u,e,p,1.0,5
majority,3004,3004,14.54,f,y,w,f,,,w,26.38,19.49,s,,n,,,t,m,,d,u,e,p,1.0,6
majority,6844,6844,4.83,x,,w,f,a,,r,6.07,7.61,,,r,,,f,f,,d,u,e,p,1.0,7
majority,54368,54370,7.94,s,w,y,f,f,f,f,4.94,16.79,,,y,,,f,f,,d,a,e,p,1.0,5
majority,53072,53074,6.24,x,h,n,f,p,d,y,6.04,12.38,,s,n,,,f,f,,g,a,e,p,1.0,4
majority,49599,49601,7.43,x,d,y,t,p,,y,8.73,17.05,,,y,,,f,f,,d,u,e,p,1.0,6
majority,45596,45598,0.9,p,g,g,f,,,g,2.91,1.63,,,w,,,f,f,,d,u,e,p,1.0,7
majority,54581,54583,7.76,s,w,y,f,f,f,f,5.39,14.0,,,y,,,f,f,,d,u,e,p,1.0,5
majority,45412,45414,2.7,b,y,n,f,,c,n,6.38,2.64,,,w,,,f,f,,d,a,e,p,1.0,6
majority,22179,22181,3.37,x,,y,f,a,c,y,4.26,8.67,,,w,,,f,f,,d,u,e,p,1.0,6
majority,43627,43629,10.66,x,i,n,t,e,,p,9.67,18.66,,y,w,,,t,p,,l,a,e,p,1.0,5
majority,50633,50635,4.03,x,d,n,f,p,,n,5.58,11.99,,,n,,,f,f,,d,a,e,p,1.0,6
majority,49245,49247,8.82,x,d,e,t,p,,y,6.7,13.08,,,y,,,f,f,,d,u,e,p,1.0,6
majority,43531,43533,11.08,p,i,n,t,e,,p,8.91,17.79,,y,w,,,t,l,,l,a,e,p,1.0,5
majority,12684,12685,1.73,x,t,y,f,a,,w,7.13,2.06,,t,y,,,f,f,,g,a,e,p,1.0,5
majority,3283,3283,14.35,x,e,n,t,e,,w,9.38,17.26,,,w,,,t,,,d,a,e,p,1.0,7
majority,51304,51306,5.73,x,t,n,f,p,,n,6.02,13.24,,,n,,,f,f,,d,u,e,p,1.0,6
majority,12586,12587,1.47,x,g,y,f,d,,w,6.37,1.74,,t,y,,,f,f,,d,u,e,p,1.0,5
majority,24997,24999,5.75,f,s,u,f,a,c,w,4.0,14.24,,,w,,,f,f,,d,u,e,p,1.0,5
majority,30401,30403,8.67,s,t,p,t,d,c,o,6.81,17.28,,,w,,,f,f,,d,a,e,p,1.0,5
majority,4290,4290,2.39,s,y,n,f,d,d,p,6.93,3.12,,i,n,,,f,f,,h,u,e,p,1.0,4
majority,11447,11448,1.47,c,g,n,f,a,,w,4.93,1.28,,,g,,,f,f,,l,u,e,p,1.0,6
majority,51909,51911,7.11,x,,n,t,p,,g,9.63,24.4,,y,w,,,f,f,,d,a,e,p,1.0,6
majority,18272,18274,5.69,f,s,n,f,s,c,w,5.78,9.88,b,i,w,,,f,f,,d,u,e,p,1.0,3
majority,26841,26843,12.91,s,,w,t,d,c,p,6.57,26.7,,,w,,,f,f,,d,u,e,p,1.0,6
majority,48455,48457,23.94,p,t,n,f,p,,w,17.75,75.23,,,n,,,f,f,,d,a,e,p,1.0,6
majority,51855,51857,18.39,p,d,e,f,p,,n,16.61,35.27,s,y,w,,,f,f,,d,a,e,p,1.0,4
majority,10473,10474,4.91,f,g,n,f,a,d,g,7.36,4.73,,s,n,,,f,f,,d,w,e,p,1.0,4
majority,14805,14807,2.01,f,h,n,f,a,d,w,4.2,3.78,,s,n,,,f,f,,d,w,e,p,1.0,4
majority,48423,48425,18.2,x,t,n,f,p,,w,16.4,64.91,,,n,,,f,f,,d,u,e,p,1.0,6
majority,29842,29844,4.72,s,d,n,t,d,c,p,4.63,6.46,,,n,,,f,f,,d,u,e,p,1.0,5
majority,17475,17477,8.99,f,d,w,f,s,c,w,7.8,32.36,,,w,,,f,f,,m,u,e,p,1.0,5
majority,15443,15445,8.22,x,y,n,f,,,w,6.62,24.28,b,,n,,w,t,e,,d,w,e,p,1.0,5
majority,2571,2571,5.86,c,h,n,f,e,,w,11.21,11.48,,s,n,u,w,f,f,,d,a,e,p,1.0,3
majority,4760,4760,3.26,x,,b,f,,d,w,6.59,4.99,,,w,,,f,f,,d,w,e,p,1.0,7
majority,43033,43035,16.67,f,s,w,t,e,,n,11.82,18.74,s,,w,,,t,l,,m,a,e,p,1.0,5
majority,5726,5726,15.17,f,e,g,f,a,c,w,8.61,25.58,s,,w,,,f,f,,l,a,e,p,1.0,4
majority,9379,9379,3.13,b,g,n,f,x,d,w,4.35,3.35,,,y,,,f,f,,g,a,e,p,1.0,5
majority,1084,1084,8.12,x,,n,t,,,w,10.26,17.61,b,,w,u,w,t,g,,d,a,e,p,1.0,5
majority,54999,55001,3.77,s,,n,f,f,f,f,7.05,7.52,,,o,,,f,f,,d,a,e,p,1.0,6
majority,55190,55192,3.75,s,l,n,f,f,f,f,7.11,29.45,,,n,,,f,f,g,l,u,e,p,1.0,4
majority,4482,4482,2.96,f,y,n,f,a,d,p,8.22,4.02,,i,n,,,f,f,,l,a,e,p,1.0,4
majority,6533,6533,7.15,s,,n,f,d,c,w,5.45,8.67,,s,w,,,f,f,,d,a,e,p,1.0,5
majority,16227,16229,7.22,b,h,g,f,s,d,g,6.76,12.42,,s,g,,,f,f,,d,a,e,p,1.0,4
majority,5801,5801,17.54,x,e,g,f,d,c,w,10.68,28.1,s,,w,,,f,f,,d,w,e,p,1.0,4
majority,58387,58533,48.71,o,y,y,f,p,,y,5.33,18.75,,k,k,,,f,f,,d,s,e,p,1.0,5
majority,46476,46478,3.87,x,,w,f,x,c,n,5.92,3.47,,,w,,,f,f,,d,u,e,p,1.0,6
majority,22558,22560,5.73,x,h,y,t,x,c,y,7.51,15.03,,,w,,,f,f,,d,u,e,p,1.0,5
majority,6580,6580,6.09,s,,n,f,d,c,w,4.59,7.57,,s,w,,,f,f,,d,u,e,p,1.0,5
majority,20524,20526,2.53,x,d,e,f,a,c,o,3.21,5.68,,,o,,,f,f,,g,w,e,p,1.0,5
majority,46115,46117,1.75,f,w,g,f,,d,g,4.95,2.54,,,w,,,f,f,,g,s,e,p,1.0,6
majority,43757,43759,9.0,x,i,n,t,e,,p,8.53,14.75,,y,w,,,t,l,,d,a,e,p,1.0,5
majority,24340,24342,6.65,x,,p,f,x,c,w,5.78,19.64,,s,w,,,f,f,,d,a,e,p,1.0,5
majority,2075,2075,6.45,x,,w,f,e,,w,5.7,11.73,b,,w,u,y,t,g,,d,a,e,p,1.0,4
majority,16909,16911,8.82,f,s,o,f,s,,y,9.05,12.3,,t,o,,,f,f,,d,a,e,p,1.0,5
majority,52015,52017,6.59,x,,n,t,p,,g,9.93,24.05,,y,w,,,f,f,,d,u,e,p,1.0,6
majority,53289,53291,8.37,x,t,n,f,p,d,y,8.2,12.75,,s,n,,,f,f,,d,u,e,p,1.0,4
majority,18352,18354,6.43,f,s,n,f,s,c,w,6.21,9.88,b,i,n,,,f,f,,d,u,e,p,1.0,3
majority,45642,45644,1.05,p,g,g,f,,,g,3.58,1.84,,,w,,,f,f,,d,u,e,p,1.0,7
majority,35060,35062,4.01,x,,w,f,x,c,n,7.71,7.93,b,,w,,w,t,,,d,a,e,p,1.0,5
majority,56825,56855,9.81,f,e,b,f,,c,b,5.25,20.24,,,w,,,t,f,,d,a,e,p,1.0,6
majority,58313,58459,47.37,o,y,y,f,p,,y,6.57,39.83,,k,k,,,f,f,,d,s,e,p,1.0,5
majority,42970,42972,7.89,x,s,w,t,e,,g,10.61,16.93,s,,w,,,t,l,,m,u,e,p,1.0,5
majority,42793,42795,11.04,p,s,w,t,e,,n,8.74,17.68,s,,w,,,t,l,,m,a,e,p,1.0,5
majority,22274,22276,5.51,x,h,y,t,x,c,y,5.91,12.61,,,w,,,f,f,,d,u,e,p,1.0,5
majority,43768,43770,9.02,x,i,n,t,e,,p,9.24,18.29,,y,w,,,t,p,,l,a,e,p,1.0,5
majority,6649,6649,6.4,s,,n,f,d,c,w,5.12,8.14,,s,w,,,f,f,,l,a,e,p,1.0,5
majority,48444,48446,14.25,x,t,n,f,p,,w,13.66,65.7,,,n,,,f,f,,d,u,e,p,1.0,6
majority,51682,51684,15.97,p,d,o,f,p,,w,14.24,32.9,s,y,w,,,f,f,,d,u,e,p,1.0,4
majority,1818,1818,4.9,x,,w,f,e,,w,5.76,12.55,b,,y,u,y,t,g,,d,a,e,p,1.0,4
majority,49178,49180,6.82,x,d,y,t,p,,y,5.77,11.83,,,e,,,f,f,,d,a,e,p,1.0,6
majority,49661,49663,6.5,x,d,y,t,p,,y,7.92,18.07,,,y,,,f,f,,d,a,e,p,1.0,6
majority,49006,49008,11.35,x,t,n,t,p,,y,7.74,21.91,,,n,,,f,f,,d,a,e,p,1.0,6
majority,14190,14192,5.47,x,t,n,f,a,d,n,5.56,4.95,,t,g,,,t,l,,d,w,e,p,1.0,4
majority,14329,14331,5.52,x,h,n,f,a,d,n,5.33,3.5,,t,w,,,t,l,,d,w,e,p,1.0,4
majority,43685,43687,8.92,p,y,n,t,e,,p,8.79,16.79,,y,w,,,t,l,,d,a,e,p,1.0,5
majority,10543,10544,4.4,b,g,n,f,a,d,g,5.67,2.96,,s,g,,,f,f,,d,s,e,p,1.0,4
majority,8632,8632,5.81,f,s,b,f,x,c,w,7.93,11.3,,s,n,,,f,f,,l,w,e,p,1.0,4
majority,26937,26939,12.18,s,,w,t,d,c,w,5.16,26.23,,,w,,,f,f,,d,u,e,p,1.0,6
majority,44122,44124,8.68,f,y,w,f,e,c,k,16.44,12.14,,s,w,,,t,e,,u,w,e,p,1.0,4
majority,42900,42902,14.66,x,s,n,t,e,,g,9.93,17.19,s,,w,,,t,l,,m,a,e,p,1.0,5
majority,49529,49531,8.35,x,d,n,t,p,,y,9.25,16.74,,,y,,,f,f,,d,u,e,p,1.0,6
majority,4584,4584,2.53,f,y,n,f,a,d,p,6.34,3.41,,i,n,,,f,f,,h,a,e,p,1.0,4
majority,1248,1248,10.18,f,,n,t,,,w,13.18,18.83,b,,w,u,w,t,g,,d,u,e,p,1.0,5
majority,8706,8706,5.82,f,s,b,f,x,c,w,7.51,9.95,,s,n,,,f,f,,l,w,e,p,1.0,4
majority,24429,24431,9.26,x,e,l,f,x,c,w,6.65,20.69,,,w,,,f,f,,d,u,e,p,1.0,5
majority,11469,11470,1.48,c,g,n,f,a,,g,4.67,1.45,,,g,,,f,f,,l,a,e,p,1.0,6
majority,42327,42329,4.87,x,y,w,f,e,c,k,5.68,12.55,,,w,,w,t,e,,g,a,e,p,1.0,4
majority,52914,52916,8.47,x,t,n,t,p,,n,7.59,18.73,,,n,,w,t,p,,d,a,e,p,1.0,5
majority,52688,52690,9.0,x,h,n,t,p,,y,7.39,18.2,,,n,,w,t,p,,d,a,e,p,1.0,5
majority,15119,15121,9.66,f,s,y,f,d,d,w,9.48,15.45,,i,n,,,t,,w,d,w,e,p,1.0,4
majority,20226,20228,5.31,f,s,o,f,d,d,b,5.39,11.23,,,w,,,f,f,,m,a,e,p,1.0,5
majority,6640,6640,5.11,s,,n,f,d,c,w,4.6,7.28,,s,w,,,f,f,,h,a,e,p,1.0,5
majority,24324,24326,7.2,x,,n,f,x,c,w,6.54,17.55,,s,w,,,f,f,,d,u,e,p,1.0,5
majority,51443,51445,5.09,x,s,o,f,p,,n,5.48,11.38,,,e,,,f,f,,d,u,e,p,1.0,6
majority,49310,49312,6.77,x,d,e,t,p,,r,4.85,11.38,,,y,,,f,f,,d,u,e,p,1.0,6
majority,4243,4243,2.38,s,y,n,f,d,d,p,6.73,3.75,,i,n,,,f,f,,l,u,e,p,1.0,4
majority,6822,6822,3.59,x,,l,f,d,,r,6.4,8.52,,,l,,,f,f,,l,a,e,p,1.0,7
majority,24463,24465,9.15,x,e,l,f,x,c,w,7.86,22.59,,,w,,,f,f,,d,u,e,p,1.0,5
majority,20471,20473,5.54,s,d,b,f,d,d,o,6.7,12.0,,,w,,,f,f,,d,w,e,p,1.0,5
majority,54689,54691,6.12,s,w,y,f,f,f,f,4.78,13.19,,,y,,,f,f,,d,u,e,p,1.0,5
majority,14132,14134,6.04,x,t,g,f,a,d,n,5.81,5.27,,t,w,,,t,l,,d,u,e,p,1.0,4
majority,42148,42150,6.84,p,y,w,f,e,c,k,5.25,12.35,,,w,,w,t,e,,m,a,e,p,1.0,4
majority,5191,5191,10.82,f,,g,f,s,c,b,7.8,20.3,,,u,,,f,f,,d,w,e,p,1.0,6
majority,1176,1176,12.44,x,,n,t,,,w,13.1,18.59,b,,w,u,w,t,g,,d,u,e,p,1.0,5
majority,43866,43868,9.18,p,s,w,f,e,c,w,12.66,10.74,,s,w,,,t,e,,g,w,e,p,1.0,4
majority,58396,58542,52.12,o,y,y,f,p,,y,7.31,46.21,,k,k,,,f,f,,d,u,e,p,1.0,5
majority,15474,15476,11.37,f,y,e,f,,,w,8.41,27.75,b,,n,,w,t,e,,d,w,e,p,1.0,5
majority,31562,31564,5.78,x,y,n,f,e,c,p,5.74,10.16,,y,n,,,f,f,,d,u,e,p,1.0,4
majority,21957,21959,4.93,x,,y,f,a,c,y,4.51,10.72,,,w,,,f,f,,d,a,e,p,1.0,6
majority,20682,20684,3.48,x,h,p,f,a,c,e,4.19,6.09,,,e,,,f,f,,m,a,e,p,1.0,5
majority,8729,8729,6.51,f,s,n,f,x,c,w,7.95,11.67,,s,n,,,f,f,,l,w,e,p,1.0,4
majority,30479,30481,7.05,s,t,o,t,d,c,o,5.58,17.06,,,w,,,f,f,,d,u,e,p,1.0,5
majority,51844,51846,22.38,x,d,n,f,p,,w,16.78,35.96,s,y,w,,,f,f,,d,u,e,p,1.0,4
majority,24723,24725,5.39,f,s,k,f,a,c,w,3.43,11.39,,,w,,,f,f,,d,a,e,p,1.0,5
majority,1786,1786,5.75,x,,w,f,e,,w,5.83,11.98,b,,w,u,y,t,g,,d,u,e,p,1.0,4
majority,43923,43925,11.58,f,s,w,f,e,c,p,22.49,13.5,,s,w,,,t,e,,d,u,e,p,1.0,4
majority,22102,22104,3.24,x,,y,f,a,c,y,3.43,8.81,,,w,,,f,f,,d,u,e,p,1.0,6
majority,15438,15440,10.91,f,y,n,f,,,w,7.55,24.38,b,,n,,w,t,e,,d,w,e,p,1.0,5
majority,4363,4363,2.78,s,y,n,f,a,d,p,8.84,4.53,,i,n,,,f,f,,h,a,e,p,1.0,4
majority,1816,1816,5.65,x,,y,f,e,,w,6.05,12.19,b,,w,u,w,t,g,,d,a,e,p,1.0,4
majority,49379,49381,7.43,x,d,y,t,p,,y,5.83,11.85,,,y,,,f,f,,d,a,e,p,1.0,6
majority,45576,45578,1.01,p,g,w,f,,,g,3.18,1.7,,,w,,,f,f,,d,w,e,p,1.0,7
majority,60409,60555,5.82,o,,n,f,f,f,f,4.65,20.0,,,n,,,f,f,,l,s,e,p,1.0,6
majority,16438,16440,5.06,x,y,g,f,s,,g,4.47,7.34,,,w,,,f,f,,d,a,e,p,1.0,6
majority,53023,53025,8.99,x,h,n,f,p,d,y,8.65,13.3,,s,n,,,f,f,,d,u,e,p,1.0,4
majority,22266,22268,6.83,x,t,y,t,x,c,y,7.17,15.22,,,w,,,f,f,,d,u,e,p,1.0,5
majority,56025,56027,8.45,s,,n,f,,,w,5.5,22.35,,,n,,,f,f,,d,a,e,p,1.0,8
majority,56806,56836,9.41,f,e,b,f,,c,b,4.77,18.96,,,w,,,t,f,,d,a,e,p,1.0,6
majority,10471,10472,4.18,b,g,g,f,a,d,g,6.03,3.97,,s,g,,,f,f,,d,s,e,p,1.0,4
majority,21929,21931,3.88,x,,y,f,a,c,y,4.98,9.81,,,w,,,f,f,,d,u,e,p,1.0,6
majority,24886,24888,9.16,x,s,u,f,a,c,w,4.13,14.08,,,w,,,f,f,,d,u,e,p,1.0,5
majority,14674,14676,4.63,f,h,o,f,a,d,w,6.56,4.81,,s,n,,,f,f,,d,w,e,p,1.0,4
majority,2625,2625,7.76,x,t,n,f,e,,w,13.27,13.51,,s,n,u,w,f,f,,d,u,e,p,1.0,3
majority,58139,58285,52.61,o,y,y,f,p,,y,7.67,43.42,,k,k,,,f,f,,d,s,e,p,1.0,5
majority,42103,42105,7.98,p,y,w,f,e,c,p,5.1,12.66,,,w,,w,t,e,,m,u,e,p,1.0,4
majority,48674,48676,22.2,x,t,n,f,p,,y,15.47,82.94,,,n,,,f,f,,d,u,e,p,1.0,6
majority,4899,4899,2.32,x,,b,f,,d,u,5.77,4.02,,,w,,,f,f,,d,a,e,p,1.0,7
majority,55985,55987,9.07,s,,n,f,,,w,4.83,23.5,,,n,,,f,f,,d,a,e,p,1.0,8
majority,26253,26255,7.61,x,s,n,f,x,,n,4.17,14.5,,,n,,,f,f,,d,u,e,p,1.0,6
majority,2824,2824,13.87,f,y,n,f,,,w,19.78,19.85,s,,n,,,t,m,,m,a,e,p,1.0,6
majority,24825,24827,8.29,f,s,u,f,a,c,w,4.5,16.33,,,w,,,f,f,,d,a,e,p,1.0,5
majority,49145,49147,7.72,x,d,y,t,p,,r,5.5,12.2,,,e,,,f,f,,d,u,e,p,1.0,6
majority,15249,15251,8.63,x,y,y,f,,,w,5.89,22.81,b,,n,,w,t,e,,d,w,e,p,1.0,5
majority,26422,26424,11.96,f,s,r,f,x,,n,8.6,26.58,,,n,,,f,f,,d,w,e,p,1.0,6
majority,49682,49684,7.78,x,d,y,t,p,,y,7.45,13.18,,,y,,,f,f,,d,a,e,p,1.0,6
majority,60219,60365,4.83,c,,n,f,f,f,f,5.43,19.48,,,n,,,f,f,,d,s,e,p,1.0,6
majority,16060,16062,4.91,f,h,g,f,s,d,w,4.16,9.02,,s,g,,,f,f,,d,a,e,p,1.0,4
majority,42650,42652,5.44,x,i,n,f,e,c,n,3.43,10.1,,,w,,,t,r,,w,a,e,p,1.0,5
majority,14892,14894,10.66,f,s,n,f,d,d,w,9.03,13.9,,i,n,,,t,,w,d,a,e,p,1.0,4
majority,46616,46618,3.85,f,h,n,f,,c,k,6.29,6.43,,s,w,,w,f,f,k,d,u,e,p,1.0,3
majority,43736,43738,9.72,p,i,n,t,e,,p,9.05,17.97,,y,w,,,t,l,,d,a,e,p,1.0,5
majority,16109,16111,6.02,f,h,k,f,s,d,g,4.47,9.43,,s,g,,,f,f,,d,u,e,p,1.0,4
majority,22022,22024,4.12,x,,y,f,a,c,y,4.33,10.04,,,w,,,f,f,,d,a,e,p,1.0,6
majority,1999,1999,6.95,x,,y,f,e,,w,6.25,13.53,b,,y,u,w,t,g,,d,u,e,p,1.0,4
majority,15137,15139,8.11,x,s,y,f,a,d,w,8.73,13.58,,i,n,,,t,,w,d,u,e,p,1.0,4
majority,51344,51346,4.0,x,t,o,f,p,,n,4.81,9.85,,,e,,,f,f,,d,a,e,p,1.0,6
majority,45803,45805,1.32,b,g,g,f,,,g,3.76,1.85,,,w,,,f,f,,d,a,e,p,1.0,7
majority,50646,50648,4.68,x,k,n,f,p,,e,4.3,9.71,,,n,,,f,f,,d,a,e,p,1.0,6
majority,43725,43727,9.04,x,y,n,t,e,,p,9.27,17.99,,y,w,,,t,p,,d,a,e,p,1.0,5
majority,15457,15459,6.97,f,y,y,f,,,w,7.13,26.84,b,,n,,w,t,e,,d,w,e,p,1.0,5
majority,48998,49000,10.45,x,t,n,t,p,,y,9.96,23.56,,,n,,,f,f,,d,a,e,p,1.0,6
majority,4587,4587,2.92,s,y,n,f,a,d,p,5.71,3.22,,i,n,,,f,f,,l,a,e,p,1.0,4
majority,17994,17996,7.49,p,,g,f,a,,w,8.72,13.89,,,g,,,f,f,,g,u,e,p,1.0,7
majority,17944,17946,7.87,p,,g,f,a,,w,7.12,14.85,,,g,,,f,f,,g,u,e,p,1.0,7
majority,31066,31068,9.58,x,s,n,f,e,c,p,7.23,9.86,,i,n,,,f,f,p,d,w,e,p,1.0,3
majority,17502,17504,8.32,f,s,w,f,s,c,w,5.7,24.07,,,w,,,f,f,,m,s,e,p,1.0,5
majority,43019,43021,11.27,f,s,w,t,e,,n,9.95,18.11,s,,w,,,t,l,,m,u,e,p,1.0,5
majority,5298,5298,9.3,f,,g,f,s,c,p,6.87,20.92,b,,u,,,f,f,,d,a,e,p,1.0,5
majority,55071,55073,6.59,s,l,n,f,f,f,f,7.39,58.44,,,n,,,f,f,g,d,w,e,p,1.0,4
majority,6615,6615,6.06,s,,n,f,d,c,w,4.82,8.08,,s,w,,,f,f,,d,u,e,p,1.0,5
majority,34986,34988,3.45,x,,n,f,x,c,n,7.89,10.01,b,,n,,w,t,,,g,a,e,p,1.0,5
majority,46362,46364,4.55,f,,n,f,x,c,w,5.99,3.9,,,w,,,f,f,,d,u,e,p,1.0,6
majority,60259,60405,5.04,p,,n,f,f,f,f,5.98,20.85,,,n,,,f,f,,d,s,e,p,1.0,6
majority,16424,16426,4.17,x,y,n,f,s,,y,3.89,5.85,,,w,,,f,f,,d,a,e,p,1.0,6
majority,18958,18960,3.29,x,s,w,f,d,d,w,3.75,5.95,,,w,,,f,f,,g,w,e,p,1.0,5
majority,49385,49387,8.61,x,d,e,t,p,,r,6.25,12.59,,,y,,,f,f,,d,u,e,p,1.0,6
majority,46894,46896,3.08,x,h,n,f,,c,k,5.24,6.39,,s,w,,w,f,f,k,d,a,e,p,1.0,3
majority,46779,46781,2.88,f,h,n,f,,c,n,5.98,6.59,,s,w,,w,f,f,k,d,a,e,p,1.0,3
majority,27056,27058,12.39,s,,w,t,d,c,p,6.06,23.97,,,w,,,f,f,,d,a,e,p,1.0,6
majority,16141,16143,6.17,b,h,g,f,s,d,g,4.84,9.05,,s,g,,,f,f,,d,a,e,p,1.0,4
majority,52330,52332,5.17,x,t,y,f,p,,y,6.33,14.34,,,y,,y,t,,,d,a,e,p,1.0,6
majority,21712,21714,8.27,f,,y,f,a,c,w,5.71,15.96,,,g,,,f,f,,d,u,e,p,1.0,6
majority,20775,20777,3.18,x,h,p,f,a,c,e,4.63,6.8,,,o,,,f,f,,g,u,e,p,1.0,5
majority,24734,24736,8.24,f,s,k,f,a,c,w,4.02,13.78,,,w,,,f,f,,d,u,e,p,1.0,5
majority,24631,24633,9.61,x,e,y,f,x,c,w,7.83,22.94,,,w,,,f,f,,d,a,e,p,1.0,5
majority,42091,42093,8.02,p,y,w,f,e,c,p,4.92,12.71,,,w,,w,t,e,,g,u,e,p,1.0,4
majority,1204,1204,7.86,x,,n,t,,,w,10.99,15.84,b,,w,u,w,t,g,,d,u,e,p,1.0,5
majority,29873,29875,3.19,s,d,u,t,d,c,p,4.45,5.73,,,n,,,f,f,,d,a,e,p,1.0,5
majority,6673,6673,6.74,s,,n,f,d,c,w,5.58,9.01,,s,w,,,f,f,,h,a,e,p,1.0,5
majority,42020,42022,4.78,x,s,w,f,e,c,n,4.6,12.57,,,w,,w,t,e,,g,u,e,p,1.0,4
majority,14918,14920,7.94,f,s,e,f,a,d,w,9.32,16.24,,i,n,,,t,,w,d,a,e,p,1.0,4
majority,29971,29973,4.11,s,d,g,t,d,c,p,5.14,6.39,,,g,,,f,f,,d,u,e,p,1.0,5
majority,60242,60388,6.47,c,,g,f,f,f,f,5.96,19.07,,,n,,,f,f,,l,s,e,p,1.0,6
majority,43934,43936,8.13,f,s,w,f,e,c,p,19.6,12.3,,s,w,,,t,e,,u,a,e,p,1.0,4
majority,6966,6966,5.3,x,,w,f,a,,r,6.44,7.67,,,r,,,f,f,,d,a,e,p,1.0,7
majority,58393,58539,51.27,o,y,y,f,p,,y,6.91,36.83,,k,k,,,f,f,,d,u,e,p,1.0,5
majority,52409,52411,8.21,x,h,y,f,p,,y,6.35,13.87,,,y,,y,t,,,d,a,e,p,1.0,6
majority,45601,45603,1.01,p,g,g,f,,,g,2.55,1.32,,,w,,,f,f,,d,s,e,p,1.0,7
majority,42490,42492,8.7,f,i,n,f,e,c,n,4.81,13.25,,,w,,,t,l,,w,a,e,p,1.0,5
majority,55896,55898,7.24,o,,n,f,,,w,4.39,20.15,,,n,,,f,f,,d,a,e,p,1.0,8
majority,9442,9442,4.43,b,g,w,f,x,d,w,5.12,3.5,,,y,,,f,f,,g,a,e,p,1.0,5
majority,42431,42433,7.66,x,y,n,f,e,c,p,4.72,13.82,,,w,,,t,r,,w,a,e,p,1.0,5
majority,22090,22092,3.44,x,,y,f,a,c,y,3.54,8.56,,,w,,,f,f,,d,a,e,p,1.0,6
majority,55254,55256,5.55,o,l,n,f,f,f,f,8.59,63.0,,,n,,,f,f,g,d,u,e,p,1.0,4
majority,26831,26833,10.64,s,,w,t,d,c,p,6.58,26.33,,,w,,,f,f,,d,a,e,p,1.0,6
majority,53004,53006,5.8,x,t,n,f,p,d,y,6.97,11.74,,s,n,,,f,f,,g,u,e,p,1.0,4
majority,2854,2854,21.83,p,y,n,f,,,w,29.52,22.0,s,,n,,,t,m,,d,u,e,p,1.0,6
majority,4313,4313,3.26,s,y,n,f,d,d,p,6.38,3.54,,i,n,,,f,f,,h,a,e,p,1.0,4
majority,42580,42582,6.22,f,y,n,f,e,c,n,4.27,13.33,,,w,,,t,l,,w,a,e,p,1.0,5
majority,16345,16347,5.42,x,y,g,f,s,,y,5.32,8.26,,,w,,,f,f,,d,u,e,p,1.0,6
majority,46034,46036,1.37,f,w,g,f,,d,g,4.83,2.52,,,w,,,f,f,,d,a,e,p,1.0,6
majority,48905,48907,10.01,x,h,n,t,p,,y,6.87,22.28,,,n,,,f,f,,d,u,e,p,1.0,6
majority,52495,52497,6.69,x,h,y,f,p,,y,5.62,12.13,,,y,,y,t,,,d,a,e,p,1.0,6
majority,49257,49259,8.17,x,d,n,t,p,,r,5.93,12.62,,,y,,,f,f,,d,a,e,p,1.0,6
majority,42950,42952,14.86,x,s,n,t,e,,n,10.96,17.97,s,,w,,,t,r,,m,a,e,p,1.0,5
majority,20331,20333,9.4,x,d,b,f,d,d,o,6.89,13.36,,,w,,,f,f,,d,a,e,p,1.0,5
majority,31188,31190,9.4,x,s,n,f,e,c,w,6.62,10.02,,i,w,,,f,f,p,d,a,e,p,1.0,3
majority,43954,43956,12.27,f,y,w,f,e,c,k,18.89,12.24,,s,w,,,t,e,,g,s,e,p,1.0,4
majority,51818,51820,16.52,p,d,e,f,p,,n,14.65,35.4,s,y,w,,,f,f,,d,a,e,p,1.0,4
majority,18258,18260,7.98,f,s,n,f,s,c,w,6.08,11.35,b,i,n,,,f,f,,l,a,e,p,1.0,3
majority,44063,44065,12.32,f,s,w,f,e,c,p,17.35,11.97,,s,w,,,t,e,,g,u,e,p,1.0,4
majority,4778,4778,2.42,x,,u,f,,d,w,6.82,5.18,,,w,,,f,f,,d,u,e,p,1.0,7
majority,22278,22280,8.28,x,h,y,t,x,c,y,8.01,15.8,,,w,,,f,f,,d,a,e,p,1.0,5
majority,25282,25284,22.32,s,s,k,f,a,d,k,9.23,22.97,,,w,,,f,f,w,d,a,e,p,1.0,4
majority,5763,5763,18.54,x,e,n,f,d,c,w,9.71,26.6,s,,w,,,f,f,,l,w,e,p,1.0,4
majority,52315,52317,8.12,x,h,y,f,p,,y,8.03,16.3,,,y,,y,t,,,d,a,e,p,1.0,6
majority,14897,14899,7.26,x,s,y,f,d,d,w,8.17,13.8,,i,n,,,t,,w,d,u,e,p,1.0,4
majority,24905,24907,8.03,f,s,u,f,a,c,w,4.38,14.51,,,w,,,f,f,,d,u,e,p,1.0,5
majority,31445,31447,8.4,x,y,n,f,e,c,w,7.82,10.85,,y,n,,,f,f,,d,u,e,p,1.0,4
majority,29732,29734,2.14,s,d,p,t,d,c,p,4.09,6.55,,,n,,,f,f,,d,a,e,p,1.0,5
majority,42703,42705,6.13,f,y,n,f,e,c,n,3.74,10.68,,,w,,,t,r,,w,a,e,p,1.0,5
majority,51323,51325,4.84,x,t,n,f,p,,n,6.46,14.54,,,n,,,f,f,,d,a,e,p,1.0,6
majority,31165,31167,7.04,x,s,n,f,e,c,p,6.4,9.92,,i,n,,,f,f,p,d,s,e,p,1.0,3
majority,51257,51259,3.97,x,s,o,f,p,,n,5.36,12.59,,,e,,,f,f,,d,a,e,p,1.0,6
majority,50660,50662,3.49,x,d,n,f,p,,e,4.26,9.46,,,y,,,f,f,,d,a,e,p,1.0,6
majority,54739,54741,3.17,s,,n,f,f,f,f,5.57,7.43,,,y,,,f,f,,d,a,e,p,1.0,6
majority,57107,57137,11.1,f,e,b,f,,c,b,5.04,20.73,,,w,,,t,f,,d,a,e,p,1.0,6
majority,4326,4326,2.37,s,y,n,f,a,d,p,6.15,3.14,,i,n,,,f,f,,l,a,e,p,1.0,4
majority,8780,8780,4.94,f,s,n,f,x,c,w,7.03,9.66,,s,n,,,f,f,,l,a,e,p,1.0,4
majority,33568,33570,8.53,s,l,w,f,d,,p,3.5,8.83,,,w,,,f,f,,d,a,e,p,1.0,6
majority,24375,24377,9.78,x,e,y,f,x,c,w,6.34,19.28,,,w,,,f,f,,d,a,e,p,1.0,5
majority,24935,24937,9.99,f,s,k,f,a,c,w,4.16,14.89,,,w,,,f,f,,d,a,e,p,1.0,5
majority,17654,17656,7.8,p,,n,f,a,,w,7.73,13.34,,,g,,,f,f,,d,a,e,p,1.0,7
majority,15138,15140,9.73,f,s,y,f,d,d,w,10.22,17.81,,i,n,,,t,,w,d,w,e,p,1.0,4
majority,11498,11499,1.85,c,g,n,f,a,,g,4.97,1.62,,,g,,,f,f,,d,u,e,p,1.0,6
majority,51526,51528,4.3,x,t,n,f,p,,n,5.43,12.5,,,n,,,f,f,,d,u,e,p,1.0,6
majority,25243,25245,13.16,s,s,k,f,a,d,k,8.02,21.42,,,w,,,f,f,w,d,a,e,p,1.0,4
majority,20641,20643,3.0,x,s,o,f,a,c,o,4.35,6.69,,,e,,,f,f,,g,w,e,p,1.0,5
majority,49436,49438,8.45,x,d,y,t,p,,y,7.66,18.17,,,y,,,f,f,,d,a,e,p,1.0,6
majority,10536,10537,3.57,b,g,g,f,a,d,g,4.87,3.42,,s,n,,,f,f,,d,s,e,p,1.0,4
majority,4766,4766,2.37,x,,b,f,,d,u,6.14,4.78,,,w,,,f,f,,d,w,e,p,1.0,7
majority,35085,35087,4.37,x,,n,f,x,c,n,7.74,7.93,b,,w,,w,t,,,g,u,e,p,1.0,5
majority,17988,17990,8.09,p,,g,f,a,,w,6.63,13.75,,,g,,,f,f,,d,a,e,p,1.0,7
majority,46417,46419,4.3,x,,y,f,x,c,n,6.92,4.06,,,w,,,f,f,,d,a,e,p,1.0,6
majority,52121,52123,7.97,x,,n,t,p,,g,14.01,26.73,,y,w,,,f,f,,d,a,e,p,1.0,6
majority,60505,60651,3.91,o,,n,f,f,f,f,4.57,15.82,,,n,,,f,f,,d,s,e,p,1.0,6
majority,24598,24600,11.22,x,e,y,f,x,c,w,8.4,23.88,,,w,,,f,f,,d,u,e,p,1.0,5
majority,42770,42772,14.49,x,s,n,t,e,,n,9.0,16.03,s,,w,,,t,r,,m,u,e,p,1.0,5
majority,1218,1218,10.21,f,,n,t,,,w,11.34,18.47,b,,w,u,w,t,g,,d,u,e,p,1.0,5
majority,60506,60652,5.6,p,,n,f,f,f,f,5.35,21.23,,,n,,,f,f,,l,s,e,p,1.0,6
majority,45273,45275,3.21,b,y,n,f,,c,n,7.01,3.36,,,w,,,f,f,,d,s,e,p,1.0,6
majority,36248,36250,5.47,x,h,n,f,x,c,w,4.69,5.47,,y,n,,,t,r,,d,a,e,p,1.0,4
majority,48839,48841,10.69,x,t,n,t,p,,y,9.68,22.09,,,n,,,f,f,,d,a,e,p,1.0,6
majority,2533,2533,6.61,x,h,n,f,e,,w,12.94,12.81,,s,w,u,w,f,f,,d,u,e,p,1.0,3
majority,17307,17309,8.4,x,s,w,f,s,c,w,7.56,31.41,,,w,,,f,f,,m,s,e,p,1.0,5
majority,45368,45370,3.01,b,y,n,f,,c,k,7.0,3.48,,,w,,,f,f,,d,s,e,p,1.0,6
majority,46192,46194,1.59,f,w,g,f,,d,k,4.99,2.6,,,w,,,f,f,,d,u,e,p,1.0,6
majority,5299,5299,9.62,x,,g,f,s,c,g,8.81,22.43,b,,u,,,f,f,,g,a,e,p,1.0,5
majority,33821,33823,6.72,s,l,w,f,d,,w,3.26,6.55,,,w,,,f,f,,d,a,e,p,1.0,6
majority,36061,36063,5.15,x,h,n,f,x,c,w,5.15,5.77,,s,n,,,t,r,,d,s,e,p,1.0,4
majority,49652,49654,5.64,x,d,n,t,p,,y,6.51,13.91,,,y,,,f,f,,d,u,e,p,1.0,6
majority,26432,26434,9.51,s,s,n,f,x,,n,6.31,19.6,,,w,,,f,f,,d,a,e,p,1.0,6
majority,6841,6841,4.66,x,,l,f,d,,r,7.03,7.67,,,w,,,f,f,,l,u,e,p,1.0,7
majority,51363,51365,3.74,x,t,o,f,p,,n,5.61,11.44,,,e,,,f,f,,d,a,e,p,1.0,6
majority,3500,3500,13.47,x,e,n,t,e,,w,8.64,15.47,,,w,,,t,,,g,a,e,p,1.0,7
majority,56016,56018,8.06,s,,n,f,,,w,4.88,22.44,,,n,,,f,f,,d,u,e,p,1.0,8
majority,52640,52642,8.76,x,h,n,t,p,,n,7.64,18.93,,,n,,w,t,p,,d,u,e,p,1.0,5
majority,20588,20590,3.0,x,d,o,f,a,c,e,4.25,6.49,,,o,,,f,f,,m,a,e,p,1.0,5
majority,54747,54749,3.36,s,,n,f,f,f,f,6.48,6.54,,,y,,,f,f,,d,a,e,p,1.0,6
majority,5538,5538,6.56,f,,n,f,s,c,p,8.43,22.67,b,,u,,,f,f,,d,w,e,p,1.0,5
majority,21800,21802,6.63,x,,y,f,a,c,w,6.41,16.0,,,w,,,f,f,,d,u,e,p,1.0,6
majority,49562,49564,4.35,x,d,n,t,p,,y,5.33,13.1,,,y,,,f,f,,d,a,e,p,1.0,6
majority,19006,19008,3.21,x,s,w,f,d,d,w,3.27,5.43,,,w,,,f,f,,g,a,e,p,1.0,5
majority,60544,60690,3.56,c,,g,f,f,f,f,3.17,17.56,,,n,,,f,f,,d,s,e,p,1.0,6
majority,24272,24274,7.4,x,,n,f,x,c,w,7.1,16.45,,s,w,,,f,f,,d,u,e,p,1.0,5
majority,51590,51592,15.66,x,d,o,f,p,,w,15.39,33.03,s,y,w,,,f,f,,d,a,e,p,1.0,4
majority,46754,46756,4.06,x,h,n,f,,c,n,6.38,7.33,,s,w,,w,f,f,k,d,a,e,p,1.0,3
majority,53021,53023,8.53,x,h,n,f,p,d,y,6.77,11.9,,s,n,,,f,f,,h,a,e,p,1.0,4
majority,2901,2901,18.95,p,y,n,f,,,w,22.98,18.71,s,,n,,,t,m,,m,a,e,p,1.0,6
majority,21240,21242,4.1,f,t,n,f,d,,o,5.77,7.52,,t,w,,,f,f,,d,w,e,p,1.0,5
majority,46884,46886,4.24,x,h,n,f,,c,n,5.99,6.22,,s,w,,w,f,f,k,d,u,e,p,1.0,3
majority,54992,54994,3.91,s,,n,f,f,f,f,7.07,8.23,,,y,,,f,f,,d,a,e,p,1.0,6
majority,36356,36358,4.54,x,h,n,f,x,c,w,4.19,5.25,,s,n,,,t,r,,d,u,e,p,1.0,4
majority,53011,53013,7.24,x,h,n,f,p,d,y,7.73,12.57,,s,n,,,f,f,,h,a,e,p,1.0,4
majority,52373,52375,9.72,x,h,y,f,p,,y,7.66,14.39,,,y,,y,t,,,d,u,e,p,1.0,6
majority,42702,42704,5.52,x,i,n,f,e,c,n,4.08,11.25,,,w,,,t,r,,w,a,e,p,1.0,5
majority,33602,33604,7.69,s,l,w,f,d,,w,3.42,9.58,,,w,,,f,f,,g,u,e,p,1.0,6
majority,2825,2825,18.38,p,y,w,f,,,w,22.73,17.63,s,,n,,,t,m,,m,a,e,p,1.0,6
majority,18306,18308,7.22,f,s,n,f,s,c,w,6.57,9.99,b,i,w,,,f,f,,d,u,e,p,1.0,3
majority,42719,42721,12.01,f,s,n,t,e,,g,9.76,17.37,s,,w,,,t,r,,m,u,e,p,1.0,5
majority,20239,20241,5.79,x,d,b,f,d,d,o,7.11,13.5,,,w,,,f,f,,m,w,e,p,1.0,5
majority,54958,54960,3.41,s,,y,f,f,f,f,6.11,7.71,,,o,,,f,f,,d,a,e,p,1.0,6
majority,12525,12526,1.34,x,t,y,f,a,,w,6.07,2.03,,t,y,,,f,f,,d,a,e,p,1.0,5
majority,29920,29922,3.2,s,d,u,t,d,c,p,4.45,5.38,,,n,,,f,f,,d,u,e,p,1.0,5
majority,22350,22352,8.72,x,h,y,t,x,c,y,7.74,16.44,,,w,,,f,f,,d,u,e,p,1.0,5
majority,55820,55822,7.61,s,,n,f,,,w,4.83,22.84,,,n,,,f,f,,d,a,e,p,1.0,8
majority,31368,31370,7.45,x,s,n,f,e,c,p,5.94,9.16,,i,w,,,f,f,p,d,a,e,p,1.0,3
majority,52120,52122,7.51,x,,n,t,p,,g,12.4,26.1,,y,w,,,f,f,,d,u,e,p,1.0,6
majority,11542,11543,1.4,c,g,n,f,a,,g,4.71,1.23,,,g,,,f,f,,l,u,e,p,1.0,6
majority,29848,29850,3.79,f,d,p,t,d,c,p,3.52,5.61,,,g,,,f,f,,d,a,e,p,1.0,5
majority,42876,42878,14.04,f,s,w,t,e,,n,7.6,16.98,s,,w,,,t,l,,m,u,e,p,1.0,5
majority,10430,10431,4.87,f,g,n,f,a,d,g,6.88,3.85,,s,g,,,f,f,,d,w,e,p,1.0,4
majority,22036,22038,2.75,x,,y,f,a,c,y,3.71,8.71,,,w,,,f,f,,d,u,e,p,1.0,6
majority,42473,42475,6.18,x,y,n,f,e,c,p,4.47,12.12,,,w,,,t,l,,w,a,e,p,1.0,5
majority,46556,46558,4.94,x,,w,f,x,c,u,7.06,3.96,,,w,,,f,f,,d,u,e,p,1.0,6
majority,49128,49130,6.18,x,d,y,t,p,,r,5.8,11.78,,,y,,,f,f,,d,u,e,p,1.0,6
majority,4269,4269,2.4,f,y,n,f,d,d,p,4.99,2.77,,i,n,,,f,f,,h,u,e,p,1.0,4
majority,5315,5315,9.56,x,,g,f,s,c,g,6.89,19.34,b,,u,,,f,f,,d,w,e,p,1.0,5
majority,42131,42133,7.39,f,y,w,f,e,c,p,5.62,12.61,,,w,,w,t,e,,m,u,e,p,1.0,4
majority,57084,57114,10.45,f,e,b,f,,c,b,4.78,19.31,,,w,,,t,f,,d,a,e,p,1.0,6
majority,16124,16126,6.07,b,h,g,f,s,d,g,4.69,9.22,,s,g,,,f,f,,d,u,e,p,1.0,4
majority,1119,1119,7.01,f,,n,t,,,w,9.76,13.35,b,,w,u,w,t,g,,d,a,e,p,1.0,5
majority,18162,18164,7.26,f,s,n,f,s,c,w,6.04,10.45,b,i,n,,,f,f,,l,u,e,p,1.0,3
majority,11462,11463,1.54,c,g,n,f,a,,w,5.0,1.4,,,g,,,f,f,,d,a,e,p,1.0,6
majority,20217,20219,6.7,f,d,b,f,d,d,b,6.28,12.76,,,w,,,f,f,,d,w,e,p,1.0,5
majority,11757,11758,0.96,c,g,e,t,a,,w,5.29,0.98,,,n,,,f,f,,d,a,e,p,1.0,6
majority,26988,26990,12.39,s,,w,t,d,c,y,6.5,24.92,,,w,,,f,f,,d,a,e,p,1.0,6
majority,15421,15423,9.76,f,y,e,f,,,w,5.07,21.19,b,,n,,w,t,e,,d,a,e,p,1.0,5
majority,1411,1411,10.6,f,,n,t,,,w,9.2,14.5,b,,w,u,w,t,g,,d,a,e,p,1.0,5
majority,30618,30620,10.87,s,t,w,t,d,c,o,6.71,18.42,,,w,,,f,f,,d,u,e,p,1.0,5
majority,11310,11311,1.52,c,g,n,f,a,,g,4.95,1.58,,,g,,,f,f,,d,a,e,p,1.0,6
majority,11592,11593,1.39,c,g,n,f,a,,g,4.52,1.45,,,g,,,f,f,,d,u,e,p,1.0,6
majority,60374,60520,5.14,c,,n,f,f,f,f,3.82,19.23,,,n,,,f,f,,d,s,e,p,1.0,6
majority,52790,52792,9.66,x,s,n,t,p,,n,7.77,17.51,,,n,,w,t,p,,d,u,e,p,1.0,5
majority,4263,4263,2.22,f,y,n,f,a,d,p,5.57,3.87,,i,n,,,f,f,,h,u,e,p,1.0,4
majority,45689,45691,0.84,b,g,w,f,,,g,2.81,1.36,,,w,,,f,f,,d,s,e,p,1.0,7
majority,12521,12522,1.45,x,s,n,f,a,,w,6.08,2.04,,t,y,,,f,f,,h,a,e,p,1.0,5
majority,14352,14354,5.17,x,t,g,f,a,d,n,5.55,4.43,,t,w,,,t,l,,d,w,e,p,1.0,4
majority,14645,14647,4.85,x,h,n,f,a,d,y,7.78,6.98,,s,o,,,f,f,,d,w,e,p,1.0,4
majority,15341,15343,7.81,x,y,y,f,,,w,6.91,25.85,b,,n,,w,t,e,,d,a,e,p,1.0,5
majority,11926,11927,1.34,c,g,e,t,a,,w,6.2,1.07,,,n,,,f,f,,h,u,e,p,1.0,6
majority,49419,49421,5.23,x,d,n,t,p,,y,6.56,13.91,,,y,,,f,f,,d,u,e,p,1.0,6
majority,55772,55774,8.6,o,,n,f,,,w,4.07,23.89,,,n,,,f,f,,d,a,e,p,1.0,8
majority,7037,7037,4.93,x,,w,f,a,,r,5.96,7.18,,,w,,,f,f,,d,u,e,p,1.0,7
majority,22106,22108,3.92,x,,y,f,a,c,o,4.59,10.83,,,w,,,f,f,,d,a,e,p,1.0,6
majority,5947,5947,14.75,x,e,g,f,d,c,w,7.44,24.26,s,,w,,,f,f,,d,w,e,p,1.0,4
majority,52270,52272,7.22,x,h,y,f,p,,y,6.47,13.27,,,y,,y,t,,,d,u,e,p,1.0,6
majority,50553,50555,3.97,x,k,n,f,p,,y,5.07,10.16,,,n,,,f,f,,d,a,e,p,1.0,6
majority,5827,5827,13.99,x,e,g,f,d,c,w,10.39,28.66,s,,w,,,f,f,,d,w,e,p,1.0,4
majority,3528,3528,15.22,x,y,n,t,e,,w,10.22,17.55,,,w,,,t,,,g,u,e,p,1.0,7
majority,17941,17943,8.49,x,,n,f,a,,w,7.34,12.96,,,g,,,f,f,,d,u,e,p,1.0,7
majority,49357,49359,7.74,x,d,n,t,p,,y,6.17,12.99,,,y,,,f,f,,d,a,e,p,1.0,6
majority,43431,43433,9.5,x,i,n,t,e,,p,8.96,17.41,,y,w,,,t,p,,d,a,e,p,1.0,5
majority,10502,10503,3.95,b,g,g,f,a,d,g,4.7,3.38,,s,g,,,f,f,,d,u,e,p,1.0,4
majority,54794,54796,4.21,s,,y,f,f,f,f,6.44,7.91,,,y,,,f,f,,d,a,e,p,1.0,6
majority,55010,55012,3.86,s,,n,f,f,f,f,7.14,7.4,,,y,,,f,f,,d,a,e,p,1.0,6
majority,3311,3311,15.81,x,y,n,t,e,,w,10.48,17.28,,,w,,,t,,,d,a,e,p,1.0,7
majority,45464,45466,2.86,b,y,n,f,,c,n,6.93,3.02,,,w,,,f,f,,d,u,e,p,1.0,6
majority,5687,5687,14.7,x,e,n,f,d,c,w,9.25,26.91,s,,w,,,f,f,,d,w,e,p,1.0,4
majority,25165,25167,16.66,f,s,w,f,a,d,y,7.52,23.53,,,w,,,f,f,w,d,u,e,p,1.0,4
majority,5890,5890,16.29,x,e,n,f,a,c,w,9.04,24.55,s,,w,,,f,f,,l,a,e,p,1.0,4
majority,22109,22111,3.61,x,,y,f,a,c,y,2.77,7.13,,,w,,,f,f,,d,a,e,p,1.0,6
majority,52830,52832,8.16,x,s,n,t,p,,y,6.69,17.3,,,n,,w,t,p,,d,a,e,p,1.0,5
majority,30659,30661,8.46,s,t,p,t,d,c,o,6.35,18.24,,,w,,,f,f,,d,u,e,p,1.0,5
majority,2558,2558,5.42,x,h,n,f,e,,w,12.44,12.27,,s,w,u,w,f,f,,d,u,e,p,1.0,3
majority,9259,9259,3.08,b,g,w,f,x,d,w,4.21,2.98,,,y,,,f,f,,g,a,e,p,1.0,5
majority,52233,52235,6.63,x,,g,t,p,,g,11.09,22.92,,y,w,,,f,f,,d,u,e,p,1.0,6
majority,6588,6588,5.72,s,,n,f,d,c,w,5.1,8.34,,s,w,,,f,f,,l,a,e,p,1.0,5
majority,16425,16427,5.76,f,y,g,f,s,,g,4.28,7.31,,,w,,,f,f,,d,a,e,p,1.0,6
majority,16899,16901,8.06,f,g,o,f,s,,n,9.07,12.77,,i,n,,,f,f,,d,a,e,p,1.0,5
majority,20681,20683,3.4,x,s,o,f,a,c,o,4.58,6.62,,,e,,,f,f,,g,w,e,p,1.0,5
majority,43502,43504,10.23,x,i,n,t,e,,p,9.06,16.92,,y,w,,,t,l,,d,a,e,p,1.0,5
majority,57094,57124,9.33,f,e,b,f,,c,b,4.56,20.64,,,w,,,t,f,,d,a,e,p,1.0,6
majority,31158,31160,9.81,x,s,n,f,e,c,w,7.86,10.51,,i,w,,,f,f,p,d,a,e,p,1.0,3
majority,31728,31730,7.2,x,y,n,f,e,c,w,5.88,9.87,,y,n,,,f,f,,d,u,e,p,1.0,4
majority,45417,45419,3.14,b,y,n,f,,c,k,6.75,2.6,,,w,,,f,f,,d,u,e,p,1.0,6
majority,60483,60629,6.1,c,,n,f,f,f,f,5.41,20.63,,,n,,,f,f,,l,s,e,p,1.0,6
majority,5131,5131,11.4,s,,g,f,s,c,u,7.17,18.65,,,b,,,f,f,,l,w,e,p,1.0,6
majority,56108,56110,8.62,o,,n,f,,,w,4.88,22.26,,,n,,,f,f,,d,u,e,p,1.0,8
majority,4950,4950,12.51,s,,l,f,s,c,b,8.0,20.5,,,u,,,f,f,,d,a,e,p,1.0,6
majority,26192,26194,13.31,f,s,u,f,x,,n,7.19,25.38,,,p,,,f,f,,d,a,e,p,1.0,6
majority,54541,54543,5.5,f,w,y,f,f,f,f,5.35,13.54,,,y,,,f,f,,d,u,e,p,1.0,5
majority,21487,21489,3.38,x,t,n,f,d,,o,5.73,6.62,,t,w,,,f,f,,d,w,e,p,1.0,5
majority,10298,10299,4.5,b,g,g,f,a,d,g,5.72,3.86,,s,n,,,f,f,,d,a,e,p,1.0,4
majority,21790,21792,7.43,f,,y,f,a,c,w,6.23,15.16,,,g,,,f,f,,d,u,e,p,1.0,6
majority,18707,18709,3.03,x,s,w,f,d,d,w,2.62,5.16,,,w,,,f,f,,m,w,e,p,1.0,5
majority,14920,14922,8.83,f,s,y,f,d,d,w,10.2,18.11,,i,n,,,t,,w,d,a,e,p,1.0,4
majority,18330,18332,8.15,f,s,n,f,s,c,w,5.94,10.87,b,i,w,,,f,f,,d,a,e,p,1.0,3
majority,15383,15385,13.16,f,y,y,f,,,w,8.37,27.83,b,,n,,w,t,e,,d,w,e,p,1.0,5
majority,3189,3189,13.79,x,e,n,t,e,,w,9.68,16.96,,,w,,,t,,,d,a,e,p,1.0,7
majority,18959,18961,3.42,f,s,w,f,d,d,w,3.72,6.08,,,w,,,f,f,,m,a,e,p,1.0,5
majority,54707,54709,4.54,f,w,y,f,f,f,f,2.71,9.69,,,y,,,f,f,,d,a,e,p,1.0,5
majority,60280,60426,4.42,p,,g,f,f,f,f,5.06,19.83,,,n,,,f,f,,d,s,e,p,1.0,6
majority,35053,35055,5.04,x,,w,f,x,c,w,8.03,9.44,b,,w,,w,t,,,d,u,e,p,1.0,5
majority,14406,14408,6.68,x,t,g,f,a,d,n,6.38,5.39,,t,w,,,t,l,,d,a,e,p,1.0,4
majority,8596,8596,6.69,f,s,n,f,x,c,w,7.48,11.27,,s,n,,,f,f,,l,a,e,p,1.0,4
majority,33662,33664,3.83,x,l,w,f,d,,p,3.19,6.1,,,w,,,f,f,,g,u,e,p,1.0,6
majority,21888,21890,4.36,x,,y,f,a,c,y,3.91,7.92,,,w,,,f,f,,d,a,e,p,1.0,6
majority,52354,52356,8.22,x,t,y,f,p,,y,8.46,15.62,,,y,,y,t,,,d,u,e,p,1.0,6
majority,45671,45673,1.2,p,g,g,f,,,g,3.69,1.66,,,w,,,f,f,,d,u,e,p,1.0,7
majority,42026,42028,8.84,p,s,w,f,e,c,k,5.99,13.99,,,w,,w,t,e,,m,u,e,p,1.0,4
majority,5819,5819,12.48,s,e,n,f,a,c,w,6.34,22.85,s,,w,,,f,f,,l,a,e,p,1.0,4
majority,43635,43637,9.85,x,y,n,t,e,,p,8.61,16.5,,y,w,,,t,l,,d,a,e,p,1.0,5
majority,49737,49739,8.14,x,d,n,t,p,,y,7.85,15.06,,,y,,,f,f,,d,u,e,p,1.0,6
majority,42312,42314,6.98,f,s,w,f,e,c,n,4.95,12.88,,,w,,w,t,e,,g,a,e,p,1.0,4
majority,3048,3048,16.28,f,y,w,f,,,w,26.25,21.1,s,,n,,,t,m,,d,a,e,p,1.0,6
majority,22002,22004,2.72,x,,y,f,a,c,y,3.69,7.1,,,w,,,f,f,,d,a,e,p,1.0,6
majority,17986,17988,7.69,x,,n,f,a,,w,6.85,15.12,,,w,,,f,f,,g,a,e,p,1.0,7
majority,6957,6957,4.48,x,,l,f,d,,r,5.65,7.71,,,w,,,f,f,,d,u,e,p,1.0,7
majority,51927,51929,7.24,x,,g,t,p,,g,11.22,23.11,,y,w,,,f,f,,d,u,e,p,1.0,6
majority,24095,24097,7.55,x,,n,f,x,c,w,7.07,16.96,,s,w,,,f,f,,d,a,e,p,1.0,5
majority,29743,29745,3.53,f,d,p,t,d,c,p,5.21,6.5,,,n,,,f,f,,d,u,e,p,1.0,5
majority,10398,10399,5.33,f,g,g,f,a,d,g,5.74,3.19,,s,n,,,f,f,,d,w,e,p,1.0,4
majority,2657,2657,7.05,c,h,n,f,e,,w,12.86,12.49,,s,n,u,w,f,f,,d,a,e,p,1.0,3
majority,55729,55731,8.64,f,,w,f,d,c,y,2.56,17.09,,,w,,,f,f,,d,w,e,p,1.0,6
majority,21399,21401,4.44,f,t,n,f,d,,o,6.69,9.96,,t,o,,,f,f,,d,a,e,p,1.0,5
majority,45590,45592,0.97,p,g,g,f,,,g,3.28,1.59,,,w,,,f,f,,d,a,e,p,1.0,7
majority,51866,51868,20.91,p,d,n,f,p,,w,14.57,33.62,s,y,w,,,f,f,,d,a,e,p,1.0,4
majority,1136,1136,9.36,x,,n,t,,,w,12.27,19.99,b,,w,u,w,t,g,,d,a,e,p,1.0,5
majority,1297,1297,6.79,f,,n,t,,,w,9.43,13.0,b,,w,u,w,t,g,,d,u,e,p,1.0,5
majority,11334,11335,1.38,c,g,n,f,a,,w,4.7,1.61,,,g,,,f,f,,l,u,e,p,1.0,6
majority,25358,25360,15.68,x,s,k,f,a,d,k,8.62,25.66,,,w,,,f,f,w,d,a,e,p,1.0,4
majority,20636,20638,2.86,x,d,e,f,a,c,o,3.4,5.93,,,e,,,f,f,,m,a,e,p,1.0,5
majority,52862,52864,9.44,x,h,n,t,p,,y,7.63,17.04,,,n,,w,t,p,,d,a,e,p,1.0,5
majority,12618,12619,1.16,x,s,y,f,d,,w,5.76,1.47,,t,y,,,f,f,,h,a,e,p,1.0,5
majority,6654,6654,6.59,s,,n,f,d,c,w,5.74,8.43,,s,w,,,f,f,,d,u,e,p,1.0,5
majority,31506,31508,7.58,x,y,n,f,e,c,w,5.93,10.51,,y,n,,,f,f,,d,a,e,p,1.0,4
majority,52134,52136,6.89,x,,g,t,p,,g,11.06,23.14,,y,w,,,f,f,,d,u,e,p,1.0,6
majority,31105,31107,11.23,x,s,n,f,e,c,p,9.06,11.28,,i,w,,,f,f,p,d,w,e,p,1.0,3
majority,24971,24973,8.21,f,s,u,f,a,c,w,4.13,14.46,,,w,,,f,f,,d,u,e,p,1.0,5
majority,6932,6932,4.98,x,,w,f,a,,r,7.45,8.43,,,r,,,f,f,,d,a,e,p,1.0,7
majority,18337,18339,7.14,f,s,n,f,s,c,w,6.18,9.57,b,i,w,,,f,f,,g,u,e,p,1.0,3
majority,8774,8774,5.52,f,s,n,f,x,c,w,7.38,10.25,,s,n,,,f,f,,l,w,e,p,1.0,4
majority,20140,20142,8.39,s,d,b,f,d,d,o,6.19,12.73,,,w,,,f,f,,g,w,e,p,1.0,5
majority,55796,55798,10.22,s,,n,f,,,w,5.97,23.69,,,n,,,f,f,,d,a,e,p,1.0,8
majority,1293,1293,7.48,x,,n,t,,,w,9.8,14.99,b,,w,u,w,t,g,,d,a,e,p,1.0,5
majority,21989,21991,3.63,x,,y,f,a,c,y,3.73,8.68,,,w,,,f,f,,d,a,e,p,1.0,6
majority,31631,31633,5.68,x,y,n,f,e,c,w,4.18,9.21,,y,n,,,f,f,,d,u,e,p,1.0,4
majority,2619,2619,5.57,c,h,n,f,e,,w,11.77,11.61,,s,w,u,w,f,f,,d,a,e,p,1.0,3
majority,16197,16199,7.17,b,h,g,f,s,d,w,4.72,9.96,,s,g,,,f,f,,d,u,e,p,1.0,4
majority,33860,33862,5.59,s,l,w,f,d,,p,3.41,9.14,,,w,,,f,f,,g,a,e,p,1.0,6
majority,16439,16441,4.44,x,y,g,f,s,,w,3.9,7.16,,,w,,,f,f,,d,a,e,p,1.0,6
majority,45206,45208,2.75,b,y,n,f,,c,n,5.64,2.79,,,w,,,f,f,,d,w,e,p,1.0,6
majority,44015,44017,12.28,f,y,w,f,e,c,k,19.84,13.76,,s,w,,,t,e,,g,a,e,p,1.0,4
majority,24966,24968,10.53,x,s,k,f,a,c,w,5.02,15.64,,,w,,,f,f,,d,u,e,p,1.0,5
majority,6488,6488,7.47,s,,n,f,d,c,w,6.64,8.98,,s,w,,,f,f,,l,u,e,p,1.0,5
majority,58319,58465,54.73,o,y,y,f,p,,y,7.67,50.93,,k,n,,,f,f,,d,u,e,p,1.0,5
majority,53177,53179,8.1,x,t,n,f,p,d,y,6.68,12.72,,s,n,,,f,f,,h,u,e,p,1.0,4
majority,43711,43713,11.16,p,y,n,t,e,,p,8.84,19.03,,y,w,,,t,p,,l,a,e,p,1.0,5
majority,24113,24115,8.65,f,,p,f,x,c,w,8.5,22.14,,s,w,,,f,f,,d,u,e,p,1.0,5
majority,30431,30433,10.22,s,t,w,t,d,c,o,6.87,16.87,,,w,,,f,f,,d,a,e,p,1.0,5
majority,16090,16092,5.77,b,h,k,f,s,d,g,5.1,9.82,,s,g,,,f,f,,d,u,e,p,1.0,4
majority,26345,26347,12.95,s,s,u,f,x,,n,8.39,23.97,,,w,,,f,f,,d,u,e,p,1.0,6
majority,43474,43476,9.5,p,y,n,t,e,,p,8.99,16.52,,y,w,,,t,l,,l,a,e,p,1.0,5
majority,52746,52748,6.81,x,t,n,t,p,,y,6.0,15.98,,,n,,w,t,p,,d,a,e,p,1.0,5
majority,35238,35240,3.41,x,,w,f,x,c,n,7.61,9.26,b,,n,,w,t,,,d,s,e,p,1.0,5
majority,56059,56061,6.0,o,,n,f,,,w,4.04,20.22,,,n,,,f,f,,d,u,e,p,1.0,8
majority,8765,8765,5.98,x,s,b,f,x,c,w,6.55,9.55,,s,n,,,f,f,,l,a,e,p,1.0,4
majority,48959,48961,9.94,x,t,n,t,p,,y,7.29,20.51,,,n,,,f,f,,d,u,e,p,1.0,6
majority,31255,31257,7.91,x,s,n,f,e,c,p,6.16,10.08,,i,n,,,f,f,p,d,u,e,p,1.0,3
majority,31144,31146,9.34,x,s,n,f,e,c,p,7.54,9.55,,i,w,,,f,f,p,d,s,e,p,1.0,3
majority,54821,54823,3.41,s,,n,f,f,f,f,7.29,8.65,,,y,,,f,f,,d,a,e,p,1.0,6
majority,58268,58414,56.14,o,y,y,f,p,,y,8.13,41.23,,k,n,,,f,f,,d,s,e,p,1.0,5
majority,50544,50546,2.91,x,k,n,f,p,,y,4.27,8.76,,,y,,,f,f,,d,a,e,p,1.0,6
majority,52886,52888,10.2,x,h,n,t,p,,y,8.33,18.77,,,n,,w,t,p,,d,u,e,p,1.0,5
majority,11558,11559,1.45,c,g,n,f,a,,w,5.24,1.55,,,g,,,f,f,,d,u,e,p,1.0,6
majority,53195,53197,7.66,x,h,n,f,p,d,y,8.19,12.5,,s,n,,,f,f,,d,a,e,p,1.0,4
majority,16296,16298,4.74,x,y,g,f,s,,y,3.93,7.75,,,w,,,f,f,,d,a,e,p,1.0,6
majority,20740,20742,2.74,x,s,e,f,a,c,o,4.41,6.99,,,o,,,f,f,,m,u,e,p,1.0,5
majority,6621,6621,6.04,s,,n,f,d,c,w,4.75,7.91,,s,w,,,f,f,,d,u,e,p,1.0,5
majority,26380,26382,10.86,s,s,r,f,x,,n,6.57,19.25,,,n,,,f,f,,d,w,e,p,1.0,6
majority,2031,2031,7.24,x,,w,f,e,,w,5.7,12.19,b,,y,u,w,t,g,,d,u,e,p,1.0,4
majority,10237,10238,4.11,b,g,n,f,a,d,g,5.27,3.45,,s,n,,,f,f,,d,s,e,p,1.0,4
majority,9393,9393,2.94,b,g,w,f,x,d,w,4.5,2.67,,,y,,,f,f,,g,u,e,p,1.0,5
majority,46406,46408,3.81,f,,w,f,x,c,n,5.93,3.49,,,w,,,f,f,,d,u,e,p,1.0,6
majority,3325,3325,14.37,x,y,n,t,e,,w,9.81,18.0,,,w,,,t,,,g,a,e,p,1.0,7
majority,46148,46150,1.49,x,w,g,f,,d,k,5.19,2.64,,,w,,,f,f,,d,s,e,p,1.0,6
majority,18881,18883,3.77,f,s,w,f,d,d,w,3.11,4.8,,,w,,,f,f,,g,a,e,p,1.0,5
majority,42788,42790,18.0,x,s,n,t,e,,g,11.46,18.79,s,,w,,,t,r,,m,a,e,p,1.0,5
majority,55226,55228,5.44,s,l,n,f,f,f,f,6.95,58.49,,,n,,,f,f,g,d,a,e,p,1.0,4
majority,24840,24842,6.13,f,s,k,f,a,c,w,4.04,15.23,,,w,,,f,f,,d,u,e,p,1.0,5
majority,46013,46015,1.58,x,w,g,f,,d,k,5.05,2.56,,,w,,,f,f,,g,u,e,p,1.0,6
majority,24928,24930,7.85,x,s,k,f,a,c,w,5.22,16.91,,,w,,,f,f,,d,a,e,p,1.0,5
majority,14140,14142,5.58,x,t,n,f,a,d,n,5.49,4.91,,t,g,,,t,l,,d,a,e,p,1.0,4
majority,5022,5022,13.69,f,,n,f,s,c,b,8.09,21.18,,,u,,,f,f,,d,a,e,p,1.0,6
majority,17601,17603,6.5,x,d,w,f,s,c,w,5.89,27.73,,,w,,,f,f,,d,s,e,p,1.0,5
majority,54509,54511,8.18,x,w,y,f,f,f,f,5.94,16.09,,,y,,,f,f,,d,a,e,p,1.0,5
majority,14669,14671,3.84,x,t,n,f,a,d,w,4.6,5.26,,k,o,,,f,f,,d,a,e,p,1.0,4
majority,35112,35114,4.5,x,,w,f,x,c,w,8.52,10.5,b,,n,,w,t,,,d,u,e,p,1.0,5
majority,42363,42365,7.72,f,y,n,f,e,c,p,4.27,12.73,,,w,,,t,l,,w,u,e,p,1.0,5
majority,3061,3061,14.71,f,y,w,f,,,w,23.22,18.92,s,,n,,,t,m,,d,u,e,p,1.0,6
majority,16123,16125,6.66,f,h,k,f,s,d,w,5.92,10.33,,s,g,,,f,f,,d,a,e,p,1.0,4
majority,6996,6996,3.96,x,,r,f,a,,r,5.94,7.83,,,w,,,f,f,,d,a,e,p,1.0,7
majority,25350,25352,18.62,f,t,n,f,a,d,k,6.87,24.7,,,w,,,f,f,w,d,w,e,p,1.0,4
majority,10265,10266,3.09,b,g,n,f,a,d,g,6.11,3.77,,s,g,,,f,f,,d,a,e,p,1.0,4
majority,22524,22526,7.64,x,h,y,t,x,c,y,8.32,14.76,,,w,,,f,f,,d,u,e,p,1.0,5
majority,3081,3081,19.14,f,y,w,f,,,w,20.65,19.01,s,,n,,,t,m,,d,a,e,p,1.0,6
majority,45833,45835,1.01,p,g,g,f,,,g,2.98,1.59,,,w,,,f,f,,d,u,e,p,1.0,7
majority,14843,14845,10.63,f,s,e,f,d,d,w,8.98,15.25,,i,n,,,t,,w,d,w,e,p,1.0,4
majority,24847,24849,7.35,f,s,k,f,a,c,w,4.47,15.39,,,w,,,f,f,,d,a,e,p,1.0,5
majority,6767,6767,4.95,x,,w,f,d,,r,5.82,6.85,,,w,,,f,f,,d,u,e,p,1.0,7
majority,15407,15409,11.17,x,y,y,f,,,w,7.85,27.87,b,,n,,w,t,e,,d,w,e,p,1.0,5
majority,25262,25264,17.19,x,t,n,f,a,d,y,6.77,21.58,,,w,,,f,f,w,d,w,e,p,1.0,4
majority,8676,8676,5.94,x,s,n,f,x,c,w,7.0,10.78,,s,n,,,f,f,,l,a,e,p,1.0,4
majority,43464,43466,9.31,p,y,n,t,e,,p,8.96,16.27,,y,w,,,t,p,,d,a,e,p,1.0,5
majority,21389,21391,4.23,x,t,n,f,d,,o,6.23,7.25,,t,w,,,f,f,,d,w,e,p,1.0,5
majority,43808,43810,9.26,p,s,w,f,e,c,w,14.76,12.05,,s,w,,,t,e,,d,s,e,p,1.0,4
majority,60551,60697,5.88,c,,g,f,f,f,f,4.81,18.47,,,n,,,f,f,,d,s,e,p,1.0,6
majority,17454,17456,9.36,f,s,w,f,s,c,w,7.23,32.45,,,w,,,f,f,,d,u,e,p,1.0,5
majority,52429,52431,8.33,x,t,y,f,p,,y,7.19,14.84,,,y,,y,t,,,d,u,e,p,1.0,6
majority,45903,45905,1.42,f,w,g,f,,d,k,4.91,2.39,,,w,,,f,f,,g,a,e,p,1.0,6
majority,14845,14847,9.43,x,s,n,f,a,d,w,7.73,13.44,,i,n,,,t,,w,d,a,e,p,1.0,4
majority,9506,9506,2.69,b,g,n,f,x,d,w,4.25,2.8,,,y,,,f,f,,g,a,e,p,1.0,5
majority,4855,4855,2.07,x,,u,f,,d,u,5.51,3.87,,,w,,,f,f,,d,u,e,p,1.0,7
majority,24622,24624,11.86,x,e,l,f,x,c,w,7.7,19.43,,,w,,,f,f,,d,a,e,p,1.0,5
majority,48580,48582,20.91,x,w,n,f,p,,w,21.45,75.11,,,n,,,f,f,,d,a,e,p,1.0,6
majority,43860,43862,10.72,p,y,w,f,e,c,w,18.82,12.29,,s,w,,,t,e,,u,a,e,p,1.0,4
majority,10531,10532,4.41,b,g,n,f,a,d,g,6.9,4.03,,s,g,,,f,f,,d,w,e,p,1.0,4
majority,5879,5879,12.31,x,e,g,f,d,c,w,8.1,26.12,s,,w,,,f,f,,l,w,e,p,1.0,4
majority,53122,53124,7.88,x,t,n,f,p,d,y,6.65,11.96,,s,n,,,f,f,,g,u,e,p,1.0,4
majority,57111,57141,10.05,f,e,b,f,,c,b,4.73,20.27,,,w,,,t,f,,d,a,e,p,1.0,6
majority,14123,14125,6.35,x,t,g,f,a,d,n,7.35,6.04,,t,g,,,t,l,,d,w,e,p,1.0,4
majority,52137,52139,6.45,x,,g,t,p,,g,8.29,22.91,,y,w,,,f,f,,d,a,e,p,1.0,6
majority,18983,18985,4.01,f,s,w,f,d,d,w,3.3,5.55,,,w,,,f,f,,m,w,e,p,1.0,5
majority,14602,14604,4.64,f,t,o,f,a,d,w,6.29,4.23,,k,n,,,f,f,,d,w,e,p,1.0,4
majority,10250,10251,3.98,f,g,n,f,a,d,g,6.83,4.1,,s,n,,,f,f,,d,w,e,p,1.0,4
majority,57104,57134,8.17,f,e,b,f,,c,b,5.0,20.59,,,w,,,t,f,,d,a,e,p,1.0,6
majority,42275,42277,6.12,x,y,w,f,e,c,k,5.48,12.96,,,w,,w,t,e,,g,a,e,p,1.0,4
majority,11660,11661,1.1,c,g,n,t,a,,w,5.69,1.07,,,n,,,f,f,,h,u,e,p,1.0,6
majority,42985,42987,12.07,x,s,n,t,e,,n,8.86,16.72,s,,w,,,t,r,,m,u,e,p,1.0,5
majority,2635,2635,4.66,x,h,n,f,e,,w,11.22,11.06,,s,n,u,w,f,f,,d,u,e,p,1.0,3
majority,55252,55254,4.4,s,l,n,f,f,f,f,6.73,46.14,,,n,,,f,f,g,l,w,e,p,1.0,4
majority,2936,2936,17.96,f,y,w,f,,,w,29.97,22.13,s,,n,,,t,m,,d,u,e,p,1.0,6
majority,3390,3390,14.89,x,e,n,t,e,,w,9.11,15.37,,,w,,,t,,,d,a,e,p,1.0,7
majority,18819,18821,4.1,f,s,w,f,d,d,w,3.94,6.32,,,w,,,f,f,,g,w,e,p,1.0,5
majority,55886,55888,9.57,s,,n,f,,,w,5.44,25.85,,,n,,,f,f,,d,u,e,p,1.0,8
majority,21765,21767,7.66,s,,y,f,a,c,w,5.56,14.43,,,g,,,f,f,,d,a,e,p,1.0,6
majority,54724,54726,3.41,s,,n,f,f,f,f,6.75,8.9,,,o,,,f,f,,d,a,e,p,1.0,6
majority,5362,5362,8.39,x,,g,f,s,c,p,7.81,21.05,b,,u,,,f,f,,g,a,e,p,1.0,5
majority,1099,1099,11.34,f,,n,t,,,w,11.66,18.23,b,,w,u,w,t,g,,d,a,e,p,1.0,5
majority,35237,35239,4.6,x,,w,f,x,c,n,7.98,8.29,b,,n,,w,t,,,g,s,e,p,1.0,5
majority,51744,51746,20.16,p,d,o,f,p,,n,15.61,34.92,s,y,w,,,f,f,,d,a,e,p,1.0,4
majority,48695,48697,12.21,p,w,n,f,p,,w,14.75,63.29,,,n,,,f,f,,d,a,e,p,1.0,6
majority,33847,33849,6.51,s,l,w,f,d,,p,3.57,8.97,,,w,,,f,f,,d,a,e,p,1.0,6
majority,18883,18885,3.84,f,s,w,f,d,d,w,2.92,6.18,,,w,,,f,f,,g,w,e,p,1.0,5
majority,43510,43512,10.58,p,y,n,t,e,,p,9.3,18.0,,y,w,,,t,l,,l,a,e,p,1.0,5
majority,21440,21442,3.88,f,t,n,f,d,,o,6.17,7.51,,t,w,,,f,f,,d,a,e,p,1.0,5
majority,45361,45363,2.61,b,y,n,f,,c,n,6.52,3.17,,,w,,,f,f,,d,a,e,p,1.0,6
majority,24365,24367,10.15,x,e,l,f,x,c,w,5.97,18.29,,,w,,,f,f,,d,a,e,p,1.0,5
majority,25215,25217,18.96,f,s,w,f,a,d,y,7.72,25.27,,,w,,,f,f,w,d,u,e,p,1.0,4
majority,29857,29859,3.74,s,d,u,t,d,c,p,4.41,6.16,,,n,,,f,f,,d,a,e,p,1.0,5
majority,21233,21235,3.69,f,t,n,f,d,,o,5.99,6.63,,t,o,,,f,f,,d,w,e,p,1.0,5
majority,18061,18063,6.88,f,s,n,f,s,c,w,6.07,10.21,b,i,w,,,f,f,,d,a,e,p,1.0,3
majority,17966,17968,8.9,p,,g,f,a,,w,8.44,14.93,,,w,,,f,f,,d,a,e,p,1.0,7
majority,42140,42142,6.64,p,s,w,f,e,c,p,5.31,12.5,,,w,,w,t,e,,m,u,e,p,1.0,4
majority,21236,21238,3.64,x,t,n,f,d,,o,5.94,7.47,,t,o,,,f,f,,d,a,e,p,1.0,5
majority,11486,11487,1.47,c,g,n,f,a,,w,4.92,1.39,,,g,,,f,f,,d,a,e,p,1.0,6
majority,20756,20758,3.54,x,h,p,f,a,c,e,4.19,6.69,,,e,,,f,f,,m,a,e,p,1.0,5
majority,1252,1252,8.65,f,,n,t,,,w,12.27,18.77,b,,w,u,w,t,g,,d,u,e,p,1.0,5
majority,52667,52669,8.37,x,s,n,t,p,,n,5.94,16.34,,,n,,w,t,p,,d,a,e,p,1.0,5
majority,20731,20733,3.84,x,d,p,f,a,c,e,4.92,6.1,,,e,,,f,f,,m,w,e,p,1.0,5
majority,4402,4402,2.7,f,y,n,f,d,d,p,5.75,3.7,,i,n,,,f,f,,l,a,e,p,1.0,4
majority,24379,24381,10.68,x,e,y,f,x,c,w,8.59,19.41,,,w,,,f,f,,d,u,e,p,1.0,5
majority,22495,22497,9.1,x,t,y,t,x,c,y,8.47,16.7,,,w,,,f,f,,d,a,e,p,1.0,5
majority,3118,3118,17.89,f,y,n,f,,,w,25.55,18.66,s,,n,,,t,m,,d,a,e,p,1.0,6
majority,42373,42375,6.78,x,i,n,f,e,c,p,4.14,11.62,,,w,,,t,r,,w,u,e,p,1.0,5
majority,42672,42674,6.16,x,y,n,f,e,c,p,3.91,12.1,,,w,,,t,l,,w,u,e,p,1.0,5
majority,21363,21365,4.02,f,t,n,f,d,,o,6.21,7.47,,t,o,,,f,f,,d,a,e,p,1.0,5
majority,5699,5699,15.5,s,e,n,f,a,c,w,9.28,25.43,s,,w,,,f,f,,l,a,e,p,1.0,4
majority,52753,52755,8.69,x,t,n,t,p,,y,7.35,17.64,,,n,,w,t,p,,d,u,e,p,1.0,5
majority,20170,20172,8.18,f,d,b,f,d,d,b,6.66,13.43,,,w,,,f,f,,d,w,e,p,1.0,5
majority,51627,51629,18.49,x,d,e,f,p,,n,14.71,34.58,s,y,w,,,f,f,,d,u,e,p,1.0,4
majority,21876,21878,7.27,s,,y,f,a,c,w,6.53,17.65,,,g,,,f,f,,d,a,e,p,1.0,6
majority,43547,43549,10.03,p,i,n,t,e,,p,8.59,16.67,,y,w,,,t,l,,d,a,e,p,1.0,5
majority,49018,49020,9.16,x,h,n,t,p,,y,7.97,22.91,,,n,,,f,f,,d,u,e,p,1.0,6
majority,57136,57166,10.89,f,e,b,f,,c,b,4.74,20.32,,,w,,,t,f,,d,a,e,p,1.0,6
majority,51961,51963,7.24,x,,n,t,p,,g,11.25,25.79,,y,w,,,f,f,,d,u,e,p,1.0,6
majority,35007,35009,4.57,x,,w,f,x,c,n,8.75,9.4,b,,w,,w,t,,,d,a,e,p,1.0,5
majority,58254,58400,47.68,o,y,y,f,p,,y,6.06,26.19,,k,n,,,f,f,,d,u,e,p,1.0,5
majority,5460,5460,7.7,f,,g,f,s,c,p,6.91,19.53,b,,u,,,f,f,,d,a,e,p,1.0,5
majority,1804,1804,6.86,x,,w,f,e,,w,6.19,12.9,b,,w,u,y,t,g,,d,a,e,p,1.0,4
majority,1353,1353,6.66,f,,n,t,,,w,9.62,14.57,b,,w,u,w,t,g,,d,a,e,p,1.0,5
majority,24242,24244,7.65,f,,e,f,x,c,w,7.97,18.67,,s,w,,,f,f,,d,u,e,p,1.0,5
majority,1294,1294,12.06,x,,n,t,,,w,11.5,20.42,b,,w,u,w,t,g,,d,u,e,p,1.0,5
majority,33859,33861,6.43,x,l,w,f,d,,w,3.63,9.98,,,w,,,f,f,,d,a,e,p,1.0,6
majority,48757,48759,12.31,x,h,n,t,p,,y,9.75,23.12,,,n,,,f,f,,d,a,e,p,1.0,6
majority,33683,33685,8.41,s,l,w,f,d,,p,3.53,8.81,,,w,,,f,f,,d,a,e,p,1.0,6
majority,5279,5279,10.48,s,,l,f,s,c,b,7.92,20.01,,,b,,,f,f,,d,a,e,p,1.0,6
majority,24634,24636,9.32,x,e,l,f,x,c,w,7.23,20.12,,,w,,,f,f,,d,a,e,p,1.0,5
majority,18120,18122,5.43,f,s,n,f,s,c,w,4.52,8.43,b,i,n,,,f,f,,m,u,e,p,1.0,3
majority,33730,33732,7.22,x,l,w,f,d,,w,3.6,9.59,,,w,,,f,f,,d,a,e,p,1.0,6
majority,24764,24766,11.0,f,s,u,f,a,c,w,4.62,14.66,,,w,,,f,f,,d,a,e,p,1.0,5
majority,4498,4498,2.35,s,y,n,f,d,d,p,7.97,3.49,,i,n,,,f,f,,l,a,e,p,1.0,4
majority,48480,48482,11.75,x,w,n,f,p,,y,14.1,68.48,,,n,,,f,f,,d,u,e,p,1.0,6
majority,17416,17418,7.1,f,d,w,f,s,c,w,5.98,25.39,,,w,,,f,f,,d,u,e,p,1.0,5
majority,11759,11760,1.08,f,g,n,t,a,,p,4.94,0.93,,,n,,,f,f,,h,u,e,p,1.0,6
majority,52737,52739,10.07,x,s,n,t,p,,n,8.28,18.19,,,n,,w,t,p,,d,u,e,p,1.0,5
majority,4763,4763,2.18,x,,u,f,,d,u,5.18,4.49,,,w,,,f,f,,d,a,e,p,1.0,7
majority,15423,15425,10.83,f,y,e,f,,,w,5.75,24.01,b,,n,,w,t,e,,d,a,e,p,1.0,5
majority,26347,26349,10.72,x,s,y,f,x,,n,7.57,20.23,,,n,,,f,f,,d,u,e,p,1.0,6
majority,17676,17678,7.26,x,,n,f,a,,w,7.37,13.83,,,g,,,f,f,,d,u,e,p,1.0,7
majority,35043,35045,4.98,x,,w,f,x,c,w,8.27,9.71,b,,n,,w,t,,,g,u,e,p,1.0,5
majority,36038,36040,5.74,x,h,n,f,x,c,n,5.09,5.41,,y,n,,,t,r,,d,u,e,p,1.0,4
majority,25042,25044,6.24,x,s,k,f,a,c,w,3.71,14.39,,,w,,,f,f,,d,a,e,p,1.0,5
majority,17571,17573,10.33,f,d,w,f,s,c,w,8.03,32.62,,,w,,,f,f,,d,u,e,p,1.0,5
majority,7036,7036,4.65,x,,r,f,d,,r,6.12,7.8,,,r,,,f,f,,l,a,e,p,1.0,7
majority,15038,15040,9.45,x,s,e,f,a,d,w,8.88,14.7,,i,n,,,t,,w,d,a,e,p,1.0,4
majority,1951,1951,8.58,x,,y,f,e,,w,6.38,14.36,b,,w,u,y,t,g,,d,u,e,p,1.0,4
majority,11475,11476,1.43,c,g,n,f,a,,g,5.22,1.52,,,g,,,f,f,,l,u,e,p,1.0,6
majority,55599,55601,9.87,f,,b,f,d,c,y,2.46,16.26,,,w,,,f,f,,d,w,e,p,1.0,6
majority,54557,54559,6.25,s,w,y,f,f,f,f,5.22,12.55,,,y,,,f,f,,d,a,e,p,1.0,5
majority,3498,3498,14.18,x,e,n,t,e,,w,10.59,19.19,,,w,,,t,,,g,a,e,p,1.0,7
majority,52619,52621,11.77,x,s,n,t,p,,n,8.49,17.54,,,n,,w,t,p,,d,a,e,p,1.0,5
majority,24978,24980,9.73,x,s,k,f,a,c,w,5.29,16.36,,,w,,,f,f,,d,u,e,p,1.0,5
majority,19048,19050,3.62,f,s,w,f,d,d,w,3.21,6.33,,,w,,,f,f,,m,a,e,p,1.0,5
majority,10290,10291,4.4,f,g,g,f,a,d,g,7.5,4.09,,s,n,,,f,f,,d,w,e,p,1.0,4
majority,24892,24894,5.97,x,s,k,f,a,c,w,4.67,16.33,,,w,,,f,f,,d,a,e,p,1.0,5
majority,3394,3394,14.49,x,y,n,t,e,,w,10.49,16.5,,,w,,,t,,,g,u,e,p,1.0,7
majority,15382,15384,8.75,x,y,e,f,,,w,7.48,23.82,b,,n,,w,t,e,,d,a,e,p,1.0,5
majority,42721,42723,11.29,p,s,w,t,e,,n,8.36,18.1,s,,w,,,t,l,,m,u,e,p,1.0,5
majority,3145,3145,19.53,p,y,n,f,,,w,21.42,20.81,s,,n,,,t,m,,m,a,e,p,1.0,6
majority,24521,24523,8.95,x,e,l,f,x,c,w,8.0,19.09,,,w,,,f,f,,d,u,e,p,1.0,5
majority,12493,12494,1.47,x,g,y,f,d,,w,5.79,1.81,,t,y,,,f,f,,d,a,e,p,1.0,5
majority,18124,18126,8.73,f,s,n,f,s,c,w,6.27,9.66,b,i,w,,,f,f,,g,u,e,p,1.0,3
majority,46520,46522,4.62,x,,w,f,x,c,g,6.4,4.2,,,w,,,f,f,,d,a,e,p,1.0,6
majority,16532,16534,5.86,x,y,g,f,s,,y,4.72,8.32,,,w,,,f,f,,d,a,e,p,1.0,6
majority,4728,4728,2.49,x,,u,f,,d,w,5.63,4.36,,,w,,,f,f,,d,u,e,p,1.0,7
majority,36029,36031,5.09,x,h,n,f,x,c,n,4.61,5.84,,s,n,,,t,r,,d,a,e,p,1.0,4
majority,54614,54616,5.33,x,w,y,f,f,f,f,2.99,11.74,,,y,,,f,f,,d,a,e,p,1.0,5
majority,15522,15524,9.43,x,y,n,f,,,w,8.45,23.08,b,,n,,w,t,e,,d,a,e,p,1.0,5
majority,44038,44040,7.43,f,y,w,f,e,c,p,10.03,10.69,,s,w,,,t,e,,u,a,e,p,1.0,4
majority,25212,25214,17.09,f,s,k,f,a,d,y,6.31,21.92,,,w,,,f,f,w,d,u,e,p,1.0,4
majority,42133,42135,6.86,x,s,w,f,e,c,p,4.88,12.47,,,w,,w,t,e,,m,u,e,p,1.0,4
majority,55730,55732,12.12,f,,l,f,d,c,y,2.42,15.42,,,w,,,f,f,,d,a,e,p,1.0,6
majority,46128,46130,1.41,f,w,n,f,,d,g,5.14,2.61,,,w,,,f,f,,d,w,e,p,1.0,6
majority,45353,45355,3.12,b,y,n,f,,c,k,6.75,3.1,,,w,,,f,f,,d,w,e,p,1.0,6
majority,22049,22051,4.6,x,,y,f,a,c,o,4.62,10.86,,,w,,,f,f,,d,u,e,p,1.0,6
majority,25259,25261,18.34,f,t,w,f,a,d,y,7.02,21.15,,,w,,,f,f,w,d,u,e,p,1.0,4
majority,5845,5845,17.15,s,e,n,f,a,c,w,9.21,25.02,s,,w,,,f,f,,l,a,e,p,1.0,4
majority,52312,52314,8.86,x,t,y,f,p,,y,8.42,15.7,,,y,,y,t,,,d,a,e,p,1.0,6
majority,45660,45662,1.12,p,g,w,f,,,g,3.1,1.77,,,w,,,f,f,,d,w,e,p,1.0,7
majority,46068,46070,1.57,f,w,n,f,,d,k,5.09,2.71,,,w,,,f,f,,d,w,e,p,1.0,6
majority,12384,12385,1.32,x,t,y,f,a,,w,5.87,2.17,,t,y,,,f,f,,h,u,e,p,1.0,5
majority,4535,4535,2.59,s,y,n,f,d,d,p,6.34,3.53,,i,n,,,f,f,,h,u,e,p,1.0,4
majority,9424,9424,2.95,b,g,n,f,x,d,w,4.88,3.23,,,y,,,f,f,,g,u,e,p,1.0,5
majority,8519,8519,6.41,f,s,n,f,x,c,w,6.8,9.9,,s,n,,,f,f,,l,w,e,p,1.0,4
majority,20202,20204,6.63,s,d,o,f,d,d,o,6.2,13.75,,,w,,,f,f,,g,a,e,p,1.0,5
majority,18738,18740,3.68,f,s,w,f,d,d,w,3.98,5.82,,,w,,,f,f,,m,a,e,p,1.0,5
majority,21571,21573,8.46,x,,y,f,a,c,w,6.89,18.11,,,w,,,f,f,,d,a,e,p,1.0,6
majority,12560,12561,1.45,x,t,y,f,d,,w,6.06,1.8,,t,y,,,f,f,,d,a,e,p,1.0,5
majority,35245,35247,3.8,x,,n,f,x,c,n,7.6,7.61,b,,w,,w,t,,,d,a,e,p,1.0,5
majority,46598,46600,3.36,f,h,n,f,,c,k,5.91,6.69,,s,w,,w,f,f,k,d,a,e,p,1.0,3
majority,24323,24325,7.71,f,,p,f,x,c,w,6.94,16.99,,s,w,,,f,f,,d,u,e,p,1.0,5
majority,4575,4575,2.2,f,y,n,f,d,d,p,5.81,3.31,,i,n,,,f,f,,l,a,e,p,1.0,4
majority,60547,60693,5.65,c,,g,f,f,f,f,6.04,20.79,,,n,,,f,f,,l,s,e,p,1.0,6
majority,4898,4898,2.12,x,,b,f,,d,u,5.47,4.27,,,w,,,f,f,,d,a,e,p,1.0,7
majority,16473,16475,5.62,f,y,g,f,s,,y,4.82,7.71,,,w,,,f,f,,d,u,e,p,1.0,6
majority,48559,48561,9.43,p,w,n,f,p,,w,12.24,52.42,,,n,,,f,f,,d,u,e,p,1.0,6
majority,1887,1887,5.69,x,,y,f,e,,w,6.09,12.7,b,,y,u,y,t,g,,d,a,e,p,1.0,4
majority,46547,46549,4.38,x,,w,f,x,c,g,6.53,4.02,,,w,,,f,f,,d,a,e,p,1.0,6
majority,48468,48470,16.95,p,w,n,f,p,,w,12.08,52.35,,,n,,,f,f,,d,u,e,p,1.0,6
majority,16229,16231,5.33,b,h,k,f,s,d,w,4.22,9.1,,s,g,,,f,f,,d,u,e,p,1.0,4
majority,48827,48829,10.98,x,h,n,t,p,,y,8.9,22.93,,,n,,,f,f,,d,a,e,p,1.0,6
majority,42055,42057,6.23,p,s,w,f,e,c,p,5.66,12.88,,,w,,w,t,e,,g,u,e,p,1.0,4
majority,6912,6912,4.01,x,,w,f,d,,r,6.76,8.15,,,w,,,f,f,,d,a,e,p,1.0,7
majority,24149,24151,7.79,f,,p,f,x,c,w,7.6,18.69,,s,w,,,f,f,,d,a,e,p,1.0,5
majority,3284,3284,14.91,x,y,n,t,e,,w,9.47,17.43,,,w,,,t,,,d,u,e,p,1.0,7
majority,60462,60608,4.29,c,,g,f,f,f,f,5.17,16.37,,,n,,,f,f,,l,s,e,p,1.0,6
majority,49001,49003,10.75,x,h,n,t,p,,y,8.6,22.21,,,n,,,f,f,,d,a,e,p,1.0,6
majority,50752,50754,3.53,x,k,n,f,p,,e,5.03,10.74,,,y,,,f,f,,d,a,e,p,1.0,6
majority,33645,33647,7.86,x,l,w,f,d,,w,3.74,11.49,,,w,,,f,f,,g,a,e,p,1.0,6
majority,55187,55189,5.51,o,l,n,f,f,f,f,7.94,51.44,,,n,,,f,f,g,l,w,e,p,1.0,4
majority,20713,20715,4.23,x,h,p,f,a,c,e,4.8,6.49,,,o,,,f,f,,m,w,e,p,1.0,5
majority,52682,52684,9.65,x,s,n,t,p,,y,7.52,16.99,,,n,,w,t,p,,d,u,e,p,1.0,5
majority,16394,16396,5.68,f,y,n,f,s,,y,4.1,6.35,,,w,,,f,f,,d,a,e,p,1.0,6
majority,48799,48801,9.5,x,t,n,t,p,,y,7.92,22.09,,,n,,,f,f,,d,a,e,p,1.0,6
majority,18990,18992,3.33,f,s,w,f,d,d,w,3.31,6.02,,,w,,,f,f,,g,w,e,p,1.0,5
majority,44120,44122,9.39,f,y,w,f,e,c,w,13.97,10.95,,s,w,,,t,e,,g,a,e,p,1.0,4
majority,52299,52301,9.94,x,h,y,f,p,,y,8.4,16.44,,,y,,y,t,,,d,a,e,p,1.0,6
majority,6540,6540,6.87,s,,n,f,d,c,w,4.53,7.97,,s,w,,,f,f,,d,u,e,p,1.0,5
majority,5234,5234,10.64,f,,l,f,s,c,b,8.33,20.53,,,u,,,f,f,,d,w,e,p,1.0,6
majority,48988,48990,9.52,x,t,n,t,p,,y,7.92,22.41,,,n,,,f,f,,d,a,e,p,1.0,6
majority,26322,26324,10.59,x,s,u,f,x,,n,6.09,21.06,,,n,,,f,f,,d,u,e,p,1.0,6
majority,55553,55555,13.21,f,,g,f,d,c,w,2.28,14.21,,,w,,,f,f,,d,a,e,p,1.0,6
majority,3411,3411,15.96,x,e,n,t,e,,w,10.22,18.31,,,w,,,t,,,g,a,e,p,1.0,7
majority,48503,48505,23.66,p,w,n,f,p,,w,18.37,78.72,,,n,,,f,f,,d,u,e,p,1.0,6
majority,10258,10259,4.45,f,g,n,f,a,d,g,6.05,4.36,,s,g,,,f,f,,d,s,e,p,1.0,4
majority,55770,55772,13.02,f,,g,f,d,c,y,2.46,15.23,,,w,,,f,f,,d,w,e,p,1.0,6
majority,17738,17740,7.87,p,,n,f,a,,w,7.62,14.4,,,w,,,f,f,,d,a,e,p,1.0,7
majority,25093,25095,11.84,x,s,w,f,a,d,k,5.35,17.06,,,w,,,f,f,w,d,a,e,p,1.0,4
majority,21231,21233,3.93,x,t,n,f,d,,o,5.92,8.67,,t,w,,,f,f,,d,w,e,p,1.0,5
majority,42417,42419,4.72,x,i,n,f,e,c,p,4.24,11.99,,,w,,,t,r,,w,a,e,p,1.0,5
majority,36286,36288,4.7,x,h,n,f,x,c,w,4.69,5.39,,y,n,,,t,r,,d,w,e,p,1.0,4
majority,10330,10331,4.19,b,g,n,f,a,d,g,5.82,3.76,,s,g,,,f,f,,d,a,e,p,1.0,4
majority,27073,27075,12.1,s,,w,t,d,c,p,6.19,25.2,,,w,,,f,f,,d,u,e,p,1.0,6
majority,51247,51249,4.13,x,s,o,f,p,,n,5.69,10.78,,,n,,,f,f,,d,u,e,p,1.0,6
majority,55449,55451,12.78,f,,l,f,d,c,y,2.54,15.8,,,w,,,f,f,,d,a,e,p,1.0,6
majority,51607,51609,18.78,p,d,n,f,p,,w,15.27,35.01,s,y,w,,,f,f,,d,a,e,p,1.0,4
majority,3193,3193,15.72,x,y,n,t,e,,w,10.21,18.23,,,w,,,t,,,g,u,e,p,1.0,7
majority,46096,46098,1.48,f,w,n,f,,d,k,5.02,2.45,,,w,,,f,f,,g,s,e,p,1.0,6
majority,26266,26268,11.05,x,s,r,f,x,,n,7.02,19.85,,,p,,,f,f,,d,u,e,p,1.0,6
majority,6385,6385,5.69,s,,n,f,d,c,w,4.41,7.87,,s,w,,,f,f,,d,u,e,p,1.0,5
majority,48527,48529,22.19,p,t,n,f,p,,y,20.05,77.94,,,n,,,f,f,,d,u,e,p,1.0,6
majority,10345,10346,2.58,b,g,g,f,a,d,g,3.95,2.79,,s,g,,,f,f,,d,w,e,p,1.0,4
majority,60260,60406,6.87,p,,n,f,f,f,f,6.71,20.09,,,n,,,f,f,,d,s,e,p,1.0,6
majority,49501,49503,5.41,x,d,y,t,p,,y,6.75,13.93,,,y,,,f,f,,d,a,e,p,1.0,6
majority,33636,33638,7.17,s,l,w,f,d,,p,3.58,9.42,,,w,,,f,f,,d,a,e,p,1.0,6
majority,33692,33694,7.33,s,l,w,f,d,,w,3.7,9.28,,,w,,,f,f,,d,u,e,p,1.0,6
majority,16502,16504,5.35,x,y,n,f,s,,g,4.03,6.77,,,w,,,f,f,,d,u,e,p,1.0,6
majority,22151,22153,3.64,x,,y,f,a,c,y,3.98,9.81,,,w,,,f,f,,d,u,e,p,1.0,6
majority,57095,57125,11.11,f,e,b,f,,c,b,5.11,19.93,,,w,,,t,f,,d,a,e,p,1.0,6
majority,30537,30539,7.43,s,t,p,t,d,c,o,4.8,16.43,,,w,,,f,f,,d,a,e,p,1.0,5
majority,26860,26862,12.61,s,,w,t,d,c,w,6.25,27.43,,,w,,,f,f,,d,a,e,p,1.0,6
majority,24588,24590,8.27,x,e,y,f,x,c,w,6.87,16.11,,,w,,,f,f,,d,a,e,p,1.0,5
majority,45629,45631,1.2,b,g,w,f,,,g,3.28,1.88,,,w,,,f,f,,d,w,e,p,1.0,7
majority,45438,45440,3.05,b,y,n,f,,c,k,6.95,3.86,,,w,,,f,f,,d,s,e,p,1.0,6
majority,3527,3527,13.71,x,y,n,t,e,,w,9.52,16.86,,,w,,,t,,,d,a,e,p,1.0,7
majority,33800,33802,6.74,x,l,w,f,d,,w,3.42,8.66,,,w,,,f,f,,d,a,e,p,1.0,6
majority,16380,16382,4.94,x,y,n,f,s,,w,4.72,8.21,,,w,,,f,f,,d,a,e,p,1.0,6
majority,54780,54782,3.99,s,,n,f,f,f,f,7.68,8.59,,,y,,,f,f,,d,a,e,p,1.0,6
majority,29729,29731,3.43,s,d,g,t,d,c,p,4.9,6.64,,,g,,,f,f,,d,u,e,p,1.0,5
majority,35096,35098,3.84,x,,n,f,x,c,n,7.79,8.21,b,,w,,w,t,,,g,a,e,p,1.0,5
majority,4827,4827,2.36,x,,u,f,,d,u,6.54,4.73,,,w,,,f,f,,d,w,e,p,1.0,7
majority,42782,42784,11.5,x,s,w,t,e,,g,10.95,17.8,s,,w,,,t,r,,m,u,e,p,1.0,5
majority,9317,9317,3.51,b,g,w,f,x,d,w,4.74,2.84,,,y,,,f,f,,g,u,e,p,1.0,5
majority,14929,14931,8.67,x,s,n,f,d,d,w,8.79,15.63,,i,n,,,t,,w,d,a,e,p,1.0,4
majority,14795,14797,4.89,f,h,o,f,a,d,y,7.6,5.82,,k,o,,,f,f,,d,w,e,p,1.0,4
majority,2739,2739,6.49,c,h,n,f,e,,w,12.76,13.57,,s,n,u,w,f,f,,d,u,e,p,1.0,3
majority,46200,46202,1.76,x,w,n,f,,d,k,4.76,2.53,,,w,,,f,f,,g,s,e,p,1.0,6
majority,9499,9499,3.86,b,g,w,f,x,d,w,5.09,3.26,,,y,,,f,f,,g,u,e,p,1.0,5
majority,48404,48406,21.35,x,w,n,f,p,,y,19.99,84.12,,,n,,,f,f,,d,u,e,p,1.0,6
majority,14404,14406,5.62,x,t,n,f,a,d,n,5.88,5.53,,t,w,,,t,l,,d,w,e,p,1.0,4
majority,35207,35209,4.3,x,,w,f,x,c,n,8.08,8.85,b,,w,,w,t,,,d,s,e,p,1.0,5
majority,2823,2823,5.99,x,h,n,f,e,,w,12.05,11.99,,s,n,u,w,f,f,,d,a,e,p,1.0,3
majority,4671,4671,3.27,x,,b,f,,d,u,6.5,4.92,,,w,,,f,f,,d,a,e,p,1.0,7
majority,48472,48474,13.43,x,w,n,f,p,,w,13.8,66.18,,,n,,,f,f,,d,u,e,p,1.0,6
majority,12690,12691,1.31,x,t,n,f,a,,w,5.52,1.67,,t,y,,,f,f,,g,a,e,p,1.0,5
majority,2881,2881,19.99,f,y,n,f,,,w,32.85,21.15,s,,n,,,t,m,,d,u,e,p,1.0,6
majority,50582,50584,3.55,x,k,n,f,p,,e,5.08,10.51,,,n,,,f,f,,d,a,e,p,1.0,6
majority,30369,30371,6.55,s,t,w,t,d,c,o,4.26,16.6,,,w,,,f,f,,d,u,e,p,1.0,5
majority,5182,5182,9.43,f,,g,f,s,c,b,7.02,18.39,,,b,,,f,f,,d,a,e,p,1.0,6
majority,45317,45319,2.94,b,y,n,f,,c,k,5.71,2.42,,,w,,,f,f,,d,a,e,p,1.0,6
majority,43854,43856,11.61,p,y,w,f,e,c,w,18.95,12.68,,s,w,,,t,e,,d,a,e,p,1.0,4
majority,21481,21483,4.05,x,t,n,f,d,,o,6.33,7.44,,t,w,,,f,f,,d,w,e,p,1.0,5
majority,56939,56969,10.84,f,e,b,f,,c,b,5.3,21.1,,,w,,,t,f,,d,a,e,p,1.0,6
majority,31136,31138,8.49,x,s,n,f,e,c,w,7.82,10.45,,i,n,,,f,f,p,d,s,e,p,1.0,3
majority,5771,5771,14.35,f,e,n,f,a,c,w,8.76,26.06,s,,w,,,f,f,,l,a,e,p,1.0,4
majority,33627,33629,7.35,x,l,w,f,d,,w,3.38,7.79,,,w,,,f,f,,g,u,e,p,1.0,6
majority,51356,51358,4.78,x,s,o,f,p,,n,7.57,14.04,,,n,,,f,f,,d,a,e,p,1.0,6
majority,4327,4327,3.43,f,y,n,f,d,d,p,7.23,3.56,,i,n,,,f,f,,h,a,e,p,1.0,4
majority,20291,20293,7.81,f,s,o,f,d,d,o,6.42,12.97,,,w,,,f,f,,d,a,e,p,1.0,5
majority,46134,46136,1.49,f,w,g,f,,d,g,4.67,2.4,,,w,,,f,f,,g,u,e,p,1.0,6
majority,49477,49479,5.61,x,d,y,t,p,,y,6.33,14.44,,,y,,,f,f,,d,u,e,p,1.0,6
majority,50717,50719,3.07,x,k,n,f,p,,e,4.69,9.88,,,y,,,f,f,,d,a,e,p,1.0,6
majority,42905,42907,8.11,x,s,n,t,e,,n,9.02,18.26,s,,w,,,t,l,,m,a,e,p,1.0,5
majority,52657,52659,9.65,x,t,n,t,p,,y,8.98,18.21,,,n,,w,t,p,,d,a,e,p,1.0,5
majority,51954,51956,7.52,x,,g,t,p,,g,11.62,24.45,,y,w,,,f,f,,d,a,e,p,1.0,6
majority,14957,14959,8.42,f,s,n,f,d,d,w,8.21,16.2,,i,n,,,t,,w,d,a,e,p,1.0,4
majority,53206,53208,8.46,x,h,n,f,p,d,y,6.48,12.58,,s,n,,,f,f,,h,u,e,p,1.0,4
majority,56928,56958,10.72,f,e,b,f,,c,b,5.28,21.48,,,w,,,t,f,,d,a,e,p,1.0,6
majority,29808,29810,2.76,f,d,n,t,d,c,p,5.05,5.66,,,n,,,f,f,,d,a,e,p,1.0,5
majority,46810,46812,3.63,f,h,n,f,,c,k,6.09,6.02,,s,w,,w,f,f,k,d,a,e,p,1.0,3
majority,43641,43643,9.64,p,i,n,t,e,,p,8.49,15.33,,y,w,,,t,l,,d,a,e,p,1.0,5
majority,45929,45931,1.64,x,w,g,f,,d,g,5.45,2.74,,,w,,,f,f,,g,u,e,p,1.0,6
majority,5413,5413,8.4,x,,n,f,s,c,g,7.37,23.43,b,,u,,,f,f,,g,w,e,p,1.0,5
majority,49300,49302,8.69,x,d,y,t,p,,y,5.74,13.79,,,e,,,f,f,,d,a,e,p,1.0,6
majority,21403,21405,3.87,x,t,n,f,d,,o,5.97,7.06,,t,o,,,f,f,,d,a,e,p,1.0,5
majority,51492,51494,3.49,x,s,n,f,p,,n,4.44,11.33,,,n,,,f,f,,d,u,e,p,1.0,6
majority,14828,14830,11.59,x,s,n,f,a,d,w,8.69,14.92,,i,n,,,t,,w,d,u,e,p,1.0,4
majority,24360,24362,13.8,x,e,l,f,x,c,w,7.99,22.31,,,w,,,f,f,,d,a,e,p,1.0,5
majority,24884,24886,8.65,f,s,k,f,a,c,w,4.45,16.3,,,w,,,f,f,,d,u,e,p,1.0,5
majority,51680,51682,19.82,x,d,n,f,p,,n,16.97,36.55,s,y,w,,,f,f,,d,u,e,p,1.0,4
majority,11330,11331,1.37,c,g,n,f,a,,w,4.8,1.5,,,g,,,f,f,,d,a,e,p,1.0,6
majority,20626,20628,3.25,x,s,e,f,a,c,o,3.83,5.59,,,e,,,f,f,,g,u,e,p,1.0,5
majority,6991,6991,5.49,x,,w,f,a,,r,7.76,8.47,,,r,,,f,f,,d,a,e,p,1.0,7
majority,2934,2934,15.78,f,y,w,f,,,w,21.82,19.33,s,,n,,,t,m,,m,u,e,p,1.0,6
majority,21919,21921,4.06,x,,y,f,a,c,o,4.7,10.88,,,w,,,f,f,,d,a,e,p,1.0,6
majority,4429,4429,1.67,f,y,n,f,d,d,p,4.47,2.61,,i,n,,,f,f,,h,a,e,p,1.0,4
majority,5971,5971,16.73,f,e,g,f,d,c,w,9.05,26.23,s,,w,,,f,f,,l,w,e,p,1.0,4
majority,21237,21239,4.12,x,t,n,f,d,,o,5.98,7.28,,t,w,,,f,f,,d,w,e,p,1.0,5
majority,45887,45889,1.02,b,g,w,f,,,g,2.99,1.49,,,w,,,f,f,,d,w,e,p,1.0,7
majority,53229,53231,7.29,x,h,n,f,p,d,y,5.71,11.94,,s,n,,,f,f,,h,a,e,p,1.0,4
majority,14278,14280,5.5,x,t,g,f,a,d,n,6.24,4.74,,t,w,,,t,l,,d,u,e,p,1.0,4
majority,15030,15032,10.26,x,s,n,f,d,d,w,10.06,14.29,,i,n,,,t,,w,d,w,e,p,1.0,4
majority,45415,45417,3.67,b,y,n,f,,c,k,6.04,2.97,,,w,,,f,f,,d,w,e,p,1.0,6
majority,12513,12514,1.38,x,t,y,f,a,,w,5.16,1.53,,t,y,,,f,f,,d,u,e,p,1.0,5
majority,10270,10271,3.71,f,g,g,f,a,d,g,5.59,3.63,,s,g,,,f,f,,d,s,e,p,1.0,4
majority,14743,14745,4.07,x,h,n,f,a,d,y,2.78,3.81,,s,o,,,f,f,,d,w,e,p,1.0,4
majority,43586,43588,9.62,x,i,n,t,e,,p,9.31,18.39,,y,w,,,t,p,,d,a,e,p,1.0,5
majority,26271,26273,14.53,s,s,n,f,x,,n,8.54,27.96,,,p,,,f,f,,d,a,e,p,1.0,6
majority,14563,14565,5.24,f,h,n,f,a,d,w,8.01,6.96,,k,o,,,f,f,,d,s,e,p,1.0,4
majority,3316,3316,14.51,x,y,n,t,e,,w,10.0,17.12,,,w,,,t,,,d,a,e,p,1.0,7
majority,22129,22131,4.84,x,,y,f,a,c,y,3.59,10.04,,,w,,,f,f,,d,a,e,p,1.0,6
majority,11827,11828,1.0,c,g,n,t,a,,p,5.38,0.91,,,n,,,f,f,,h,a,e,p,1.0,6
majority,58100,58246,47.97,o,y,y,f,p,,y,6.13,32.72,,k,n,,,f,f,,d,s,e,p,1.0,5
majority,54397,54399,7.8,x,w,y,f,f,f,f,4.59,14.05,,,y,,,f,f,,d,a,e,p,1.0,5
majority,16608,16610,5.93,f,s,n,f,s,,n,8.27,11.43,,t,n,,,f,f,,d,a,e,p,1.0,5
majority,11997,11998,1.11,f,g,n,t,a,,p,5.08,0.99,,,n,,,f,f,,h,u,e,p,1.0,6
majority,46027,46029,1.49,f,w,g,f,,d,g,5.26,2.64,,,w,,,f,f,,g,w,e,p,1.0,6
majority,42514,42516,5.39,f,i,n,f,e,c,n,3.82,11.93,,,w,,,t,l,,w,a,e,p,1.0,5
majority,45667,45669,1.23,b,g,g,f,,,g,3.2,1.92,,,w,,,f,f,,d,w,e,p,1.0,7
majority,55299,55301,5.11,s,l,n,f,f,f,f,5.13,37.59,,,n,,,f,f,g,d,w,e,p,1.0,4
majority,16506,16508,5.73,x,y,g,f,s,,y,4.07,7.05,,,w,,,f,f,,d,u,e,p,1.0,6
majority,49336,49338,7.07,x,d,y,t,p,,y,5.39,11.8,,,e,,,f,f,,d,u,e,p,1.0,6
majority,17597,17599,9.34,x,d,w,f,s,c,w,6.89,28.68,,,w,,,f,f,,d,s,e,p,1.0,5
majority,5634,5634,9.09,f,,g,f,s,c,g,5.7,19.2,b,,u,,,f,f,,g,w,e,p,1.0,5
majority,52888,52890,9.02,x,t,n,t,p,,n,7.65,17.16,,,n,,w,t,p,,d,u,e,p,1.0,5
majority,1224,1224,12.08,x,,n,t,,,w,12.7,19.07,b,,w,u,w,t,g,,d,u,e,p,1.0,5
majority,51709,51711,17.54,p,d,o,f,p,,w,16.44,34.25,s,y,w,,,f,f,,d,u,e,p,1.0,4
majority,29863,29865,3.95,s,d,n,t,d,c,p,4.87,6.1,,,g,,,f,f,,d,a,e,p,1.0,5
majority,26914,26916,12.77,s,,w,t,d,c,w,6.54,26.91,,,w,,,f,f,,d,u,e,p,1.0,6
majority,14960,14962,10.28,f,s,e,f,d,d,w,8.36,11.95,,i,n,,,t,,w,d,a,e,p,1.0,4
majority,26878,26880,13.36,s,,w,t,d,c,p,6.54,25.84,,,w,,,f,f,,d,u,e,p,1.0,6
majority,5977,5977,17.65,f,e,n,f,a,c,w,8.74,25.14,s,,w,,,f,f,,d,a,e,p,1.0,4
majority,42545,42547,8.45,f,y,n,f,e,c,p,5.24,14.77,,,w,,,t,r,,w,u,e,p,1.0,5
majority,2482,2482,6.24,c,h,n,f,e,,w,13.17,13.18,,s,w,u,w,f,f,,d,a,e,p,1.0,3
majority,9326,9326,3.37,b,g,w,f,x,d,w,3.76,3.18,,,y,,,f,f,,g,u,e,p,1.0,5
majority,14160,14162,5.67,x,h,n,f,a,d,n,6.06,4.8,,t,w,,,t,l,,d,u,e,p,1.0,4
majority,6674,6674,6.56,s,,n,f,d,c,w,5.18,7.83,,s,w,,,f,f,,l,u,e,p,1.0,5
majority,22565,22567,6.4,x,t,y,t,x,c,y,7.08,12.67,,,w,,,f,f,,d,a,e,p,1.0,5
majority,16452,16454,4.46,f,y,n,f,s,,g,4.86,6.7,,,w,,,f,f,,d,a,e,p,1.0,6
majority,29650,29652,3.39,s,d,u,t,d,c,p,4.31,5.25,,,g,,,f,f,,d,a,e,p,1.0,5
majority,53051,53053,10.59,x,h,n,f,p,d,y,7.55,13.55,,s,n,,,f,f,,d,a,e,p,1.0,4
majority,46303,46305,4.33,x,,n,f,x,c,w,6.55,3.77,,,w,,,f,f,,d,a,e,p,1.0,6
majority,2101,2101,5.41,x,,y,f,e,,w,6.2,12.15,b,,y,u,y,t,g,,d,a,e,p,1.0,4
majority,31634,31636,6.63,x,y,n,f,e,c,w,4.42,10.45,,y,n,,,f,f,,d,a,e,p,1.0,4
majority,33741,33743,8.9,x,l,w,f,d,,p,3.75,9.29,,,w,,,f,f,,g,u,e,p,1.0,6
majority,14327,14329,5.79,x,h,g,f,a,d,n,6.09,4.55,,t,w,,,t,l,,d,a,e,p,1.0,4
majority,46233,46235,1.83,x,w,g,f,,d,k,5.09,2.47,,,w,,,f,f,,d,w,e,p,1.0,6
majority,46927,46929,3.74,x,h,n,f,,c,k,6.14,6.72,,s,w,,w,f,f,k,d,a,e,p,1.0,3
majority,24593,24595,8.4,x,e,l,f,x,c,w,7.95,19.51,,,w,,,f,f,,d,a,e,p,1.0,5
majority,31571,31573,6.28,x,y,n,f,e,c,w,5.81,10.02,,y,n,,,f,f,,d,u,e,p,1.0,4
