unique_row,shuffled_target,prediction,probability_p
59699,1,0,0.4993364081025193
617,0,1,0.7081108703741695
30345,1,1,0.537125074879235
49026,0,1,0.5590374630974746
10036,0,1,0.5096238413667565
45518,0,1,0.5054647257487596
51993,1,1,0.5886147038917653
43585,0,1,0.673778239696873
22758,1,1,0.5371138953147527
40725,1,1,0.580441708746901
10953,1,1,0.5701545146341903
36414,1,0,0.38077065017135453
45862,0,0,0.42359732877454276
17905,0,1,0.6318676132022848
26425,0,1,0.6271256764613637
17114,1,1,0.5602759937549786
33671,0,1,0.6813778977274331
42457,0,1,0.5544210511765697
4962,1,1,0.6062461018304649
36138,0,1,0.6461255354959866
24111,0,1,0.5533142613919148
43766,0,1,0.7696807548380417
24756,0,1,0.5216865637057421
26466,0,1,0.6162582793948537
44343,1,1,0.6418278208337973
53762,1,0,0.47664551585777687
714,1,1,0.5635994517137635
25075,1,1,0.6237621228411818
46263,1,1,0.5175510457991694
55554,0,1,0.643713860722074
45323,0,1,0.6354959333940684
53439,1,1,0.5172418722048941
50288,0,1,0.5538045430861195
41807,1,1,0.5929530661783335
10622,0,1,0.561366666533584
44769,1,1,0.5555879280874593
47097,1,0,0.4774117182483003
56535,0,0,0.49982216864090195
52904,0,1,0.6631802828312422
17969,1,1,0.6083116924632117
21625,1,1,0.5644713931941348
1002,1,1,0.5566575453748317
49518,0,1,0.5209546813837564
58182,0,1,0.7332603474698842
21166,0,1,0.5042944129121263
5942,0,0,0.3088053186126476
28850,0,1,0.6405540699789811
6914,0,1,0.5346724446637111
52902,1,1,0.5330387524548265
6695,1,1,0.5908282029579297
34596,0,1,0.5792962579760056
39512,1,1,0.5177402925649374
6958,1,1,0.5446309708843611
7882,1,1,0.6211381041647662
39299,1,1,0.5269134331407939
41549,0,1,0.6844444077830393
53097,0,1,0.5931304914437786
33459,1,0,0.4989199364858512
46231,1,1,0.6454108647905069
51491,1,1,0.5140423885037233
40035,1,1,0.6496442466190802
54428,1,1,0.5438043844348478
18317,1,1,0.6322617760317396
51391,1,1,0.5941474932981206
27668,0,1,0.5324934807234726
8995,0,1,0.6501291793102889
55670,1,1,0.5553114319290181
53458,0,1,0.5685943695165966
45618,1,1,0.507173302312188
15164,0,0,0.3699602944771123
46857,0,1,0.6740968914842531
38263,0,1,0.6300635161639998
48742,1,1,0.6389239354009808
26276,0,0,0.4885990349318561
6807,1,1,0.5568645426577521
49847,0,0,0.4458327937205523
33258,0,1,0.5079286861902969
23400,1,1,0.5456718856519186
3084,0,1,0.5497020990668738
24613,1,1,0.5214530220086502
20324,0,1,0.5842303244072009
45203,1,1,0.6324124630250405
24692,1,0,0.48951392185221265
6258,0,1,0.6131052694296361
20102,0,1,0.5193113018100505
39803,1,1,0.6126978434921889
51748,0,1,0.6902179429812049
5924,0,1,0.5074026476711164
35230,1,0,0.4780241796121462
14540,0,1,0.6238165693543115
7380,1,0,0.4714936477516338
32736,0,1,0.5397128854356625
51368,1,1,0.6489683627928567
6257,0,1,0.619805067318495
30670,1,1,0.6267431975124278
25407,1,1,0.5098911441507492
51827,1,1,0.7056839237957804
11370,1,1,0.6036948293644167
56705,1,1,0.5434864342788983
51930,1,1,0.5638119732009788
6568,1,1,0.6270168684897156
30134,1,1,0.5043328186167273
21834,1,1,0.5432929791866704
13974,1,1,0.5720267301933958
11600,1,0,0.4678349489727383
50735,1,1,0.6194130085357196
10126,0,1,0.5614695877009261
2588,1,1,0.5900519693337298
38549,0,1,0.5779184137940375
46387,1,1,0.5560853415706472
20675,0,1,0.6227320769704666
33160,0,1,0.5718539092651695
59057,1,1,0.585368562147615
26212,1,1,0.6327956623122816
56106,1,1,0.5363657081308704
14003,0,1,0.6679322742259278
16966,1,0,0.47901128397857456
45451,0,1,0.5828148012200264
38998,1,1,0.5942012889679882
42059,0,1,0.5748395658119284
19511,0,1,0.6391189700624739
56192,1,1,0.6659198236033785
16982,0,1,0.5578692201719765
11574,1,1,0.5972586219404387
35163,0,0,0.398113873650247
32300,0,1,0.6053642999194717
27082,0,0,0.4470320297299928
23957,1,1,0.5197230670133342
7923,0,1,0.5914980200841762
18050,1,0,0.3390829274158764
33510,1,1,0.5486295997688336
58399,0,1,0.650284171850055
60290,1,0,0.4865564843125468
58483,1,0,0.48899303167983155
25874,1,1,0.5795732591332938
26806,0,1,0.5661214371836985
20704,0,1,0.5849498693464497
2099,0,1,0.7377096979905757
35153,0,1,0.5414219223162012
44707,0,0,0.423114567510704
17534,1,1,0.6640588164514023
47280,0,1,0.5434347471907804
30681,1,1,0.5197249174559416
13695,0,0,0.46656616045651833
41876,0,0,0.3982964299679829
2275,0,1,0.5279900849795525
38394,0,1,0.5136871117572815
29262,1,1,0.6479688668682936
9882,0,0,0.4350165584266686
30116,0,1,0.5993762374586642
26023,1,0,0.47893886846584066
52720,1,1,0.523186955175343
37290,1,0,0.4956806235444805
30125,1,1,0.6626086490243535
22184,1,1,0.5525702964843678
38817,1,1,0.5078248451853208
26992,1,0,0.43570966661434524
55473,1,1,0.577181832695061
17123,0,0,0.4889946201718312
13407,1,1,0.6728576435600735
15107,1,1,0.5904422239956049
15690,0,0,0.4727720194440577
18485,1,0,0.3573620987312019
37974,1,0,0.4765344560300481
12853,0,1,0.624767483131715
47806,1,1,0.6224586443115845
53829,0,1,0.6190459426218538
42079,0,1,0.531872826903107
25698,0,1,0.6536953636120322
22384,0,0,0.47543460188073255
1914,1,1,0.5065330267485438
7566,0,1,0.6033517745369754
25471,0,1,0.5046393761159371
26639,1,1,0.588144966484738
5321,1,0,0.4733447849900881
15479,1,1,0.6439233395899281
44327,1,0,0.47349106125764956
40238,1,1,0.5607888708763271
55253,0,1,0.5611492726984746
8642,1,0,0.4430622566436708
42019,0,1,0.5531623411993423
52115,0,0,0.38700279430526335
53618,1,1,0.51376710655775
53450,1,0,0.4972875854270676
54042,0,1,0.5644558301183628
8374,1,0,0.4739728541215935
57443,1,1,0.6840464400754814
60292,0,1,0.5646341581991549
38503,1,0,0.47163465259842413
48249,1,1,0.7937371007060561
26637,0,1,0.57940543494805
52076,1,1,0.6527572503006823
48737,1,1,0.568646877593531
34826,0,1,0.527217032673628
10526,1,1,0.6135641789012812
22547,0,0,0.4829006051447092
9337,1,1,0.5395611848507018
44667,0,0,0.4545106251300435
49400,0,1,0.6713610104913472
698,1,1,0.7569137933571072
25046,0,1,0.5415321532203611
52302,0,1,0.5076319652586132
1713,0,1,0.574215347786104
5552,0,1,0.6341051438659161
8846,0,1,0.5584721536462982
59197,0,1,0.6030680322453692
32721,1,1,0.5491202630938505
16851,0,1,0.5828389096270626
25886,0,1,0.6563219801446588
19240,0,1,0.5058871792003736
25883,0,1,0.5471639011694552
13903,0,0,0.41971540300224464
39895,0,1,0.6041474793914078
57117,1,1,0.5656981539971287
11268,1,0,0.48765384525794914
57175,1,1,0.5929665598823857
40302,0,1,0.5141808897985185
45622,1,0,0.4623461476356656
49384,1,1,0.5279457954637261
32676,0,1,0.6640573963600588
44264,0,1,0.5094073128777663
26020,1,1,0.5746283754331639
10311,1,0,0.37974752340339685
36631,1,0,0.46104536354575126
17403,1,0,0.4667652847772164
2682,1,0,0.3825060689242714
8320,0,1,0.5221104627270052
12866,1,0,0.4327195921845148
41241,0,1,0.5576206079871133
36718,1,1,0.5102333438826766
3942,0,0,0.47503096972883385
12764,1,1,0.6138801194572207
19886,0,0,0.44906666741833634
60293,1,1,0.5284489919467255
52598,1,1,0.5029359931257662
39095,1,1,0.5355147579455736
32320,0,1,0.5303830051211075
17697,0,1,0.5443559497603975
57591,0,1,0.7527481238564316
6938,1,1,0.5557873200202778
39260,1,1,0.6758029246273335
49972,1,1,0.5456615534020839
55835,0,1,0.5180486109036729
4377,0,0,0.3721535476075058
29088,1,1,0.5763270311297799
13671,1,0,0.40533654696770716
35792,1,0,0.4838593176348227
46808,0,0,0.47172576551889833
35355,1,1,0.5834525156275432
4431,0,1,0.534120608745258
3600,0,0,0.496697446826166
47577,1,1,0.689458727949539
21648,1,1,0.528300879988119
30677,0,1,0.5290605873803343
43774,0,1,0.5843238049233733
1200,0,1,0.5959317225141116
57278,1,0,0.43489624167028645
22572,0,0,0.47069754737595315
26554,1,1,0.5643836935274
6204,1,1,0.6349280555798785
57852,1,1,0.8292391861836343
13780,0,1,0.5753601307465639
20475,0,0,0.4975817938952799
33903,1,1,0.6012636500976895
27093,0,1,0.5392367830701359
17564,0,1,0.6012185985047492
44379,0,0,0.3376749022932746
41872,0,0,0.43709562595522916
55406,1,0,0.45607069794944904
35348,0,1,0.6198603706067722
13166,1,1,0.5342177550597804
33435,1,1,0.5573666449498146
21005,0,0,0.4980166603130322
22302,0,1,0.5004613111133697
15374,0,0,0.4916798184494413
14870,1,1,0.540795829087847
10625,0,0,0.4367616317702022
4608,0,1,0.5601337194477353
52899,1,1,0.7377974011127848
15027,1,1,0.6161690710551757
12762,1,0,0.46939227670117506
59200,0,1,0.6361728048885658
28753,1,1,0.5180963213367561
57989,0,1,0.5362407754158134
55655,1,1,0.5548105944438203
8357,0,1,0.5216242699301671
20130,1,0,0.475985572409386
24980,1,0,0.4737877950603249
3702,1,1,0.5690796345798554
20690,1,1,0.6038314493857198
39008,1,1,0.5399766121539117
30710,0,1,0.6195899837110002
10416,0,1,0.5173761044364475
50883,0,1,0.5468912069774674
49274,1,1,0.6376453397431281
45157,0,0,0.45233426087568485
25054,0,1,0.5415215096957443
40367,1,0,0.48005174284745084
31148,0,0,0.4016041001243761
22442,0,1,0.5411946198558266
51380,1,1,0.6004263961206912
12993,1,1,0.5072668337263044
23800,1,1,0.6637162573543713
9079,0,1,0.5593709896375105
40654,1,1,0.5853999471191862
33751,0,1,0.6656650781457332
34948,1,0,0.33839701880019474
40537,0,0,0.4276063183394043
47046,0,1,0.5908984125443617
20882,0,1,0.597773499296283
56831,1,1,0.5709817744873393
34377,0,1,0.8109667842799334
48585,0,0,0.32020801247933767
43121,0,0,0.48185940321097365
14304,1,0,0.42762557853286304
34827,1,0,0.46591447494846633
34314,0,1,0.6129815179638561
16442,1,0,0.4633279728334265
49156,0,0,0.4684922230867501
4413,1,1,0.6174184743320961
43394,0,1,0.5816092607897282
21547,1,0,0.49092589993830693
47730,1,1,0.6409264364183503
6102,0,1,0.5590518863674097
47326,1,0,0.42731343695579577
13998,1,1,0.6038350041969447
2334,1,1,0.5613470590894692
29312,0,1,0.6771345278441265
18697,0,1,0.5370089889419744
35778,1,1,0.5106981529268668
21791,1,1,0.5302417594587688
43625,0,1,0.7550948339209852
31340,1,1,0.5176236035570583
26573,0,1,0.5626934986213525
51007,0,1,0.5006424128313541
41262,0,1,0.5067727642986811
1957,1,0,0.44974967747360983
43383,0,0,0.3805473555135738
14303,1,1,0.5261862203754532
56443,1,1,0.5600343556958548
1413,1,0,0.4442771902186668
55102,1,0,0.40546229699236974
17829,1,1,0.5415785538379418
35206,1,1,0.5282477246635383
4824,1,1,0.5778257338721932
19648,0,1,0.6548084946617867
55356,1,0,0.48613766205706527
30012,0,1,0.5841873735407457
45461,1,1,0.5300993708923464
15361,0,1,0.5221342002351335
6903,1,1,0.5663009242833417
18020,0,1,0.5857076156657519
48153,1,1,0.6234649808406075
9388,1,1,0.6004894546998384
36565,1,1,0.66832745332408
14180,1,1,0.5337557192920653
14575,1,0,0.47352181475555993
21980,1,1,0.5458009485420418
21111,0,1,0.5604166502792693
18838,1,1,0.521386554787494
40683,0,1,0.5129963434501137
39764,0,1,0.6717516257991255
23734,0,1,0.5661516683795934
2430,1,1,0.6286590688653032
34515,0,1,0.6421265873074095
38775,0,1,0.6898527485948864
36162,0,1,0.503349315710889
50170,1,1,0.6596446364213275
36502,0,1,0.6019414905071074
1141,0,1,0.5690802906368726
45591,0,1,0.6309006851235786
56855,1,1,0.6169490229622652
25655,0,1,0.6045273264104053
23914,0,1,0.6004116382640668
51149,1,1,0.5127272024031615
55237,1,0,0.31876069322838546
51850,0,1,0.7322877013857116
13034,1,0,0.45435516396848813
59187,0,0,0.4518953594317384
46649,1,1,0.5227574989786546
8243,0,1,0.5453512960915929
4701,1,1,0.5438092391440938
54257,1,1,0.5634013504581494
41379,0,0,0.3913284479117936
22153,1,0,0.440921279725951
36760,1,0,0.4863049442934134
36925,1,1,0.6110111423475326
56743,0,0,0.4442934655542685
29190,1,1,0.5776058953740698
5139,1,1,0.5905006054774884
12072,1,0,0.4564539530129633
40645,1,1,0.5261122343718404
49954,1,1,0.556772891798787
17839,0,1,0.6188334516793715
14665,1,1,0.5580635781727604
5644,1,0,0.42617553740318476
30059,1,0,0.4858827095619204
48747,0,1,0.5325739279443693
56926,1,1,0.5203460837485907
11842,1,1,0.6371598012556271
53881,1,1,0.6274606136230255
25026,0,1,0.6203623529584792
59095,1,1,0.708865870829255
44189,0,1,0.6214847165439573
13724,0,1,0.7054605201431627
43505,0,1,0.7209595056436429
637,1,1,0.6012754364080958
55846,1,1,0.5094811390303728
18303,0,0,0.4347185863356944
54324,0,0,0.48903039054447583
52649,0,1,0.5669026931284392
1083,0,0,0.44765409574348836
39039,1,1,0.6075989485030623
8567,1,1,0.5040375182194797
23191,0,1,0.6095303892955236
49444,1,1,0.5718025603935262
31989,1,1,0.6780569009172086
38718,1,0,0.4891319603761752
39873,1,1,0.5806125190373145
45847,0,0,0.4236967902193342
15156,0,1,0.5881662421490637
21516,1,0,0.49361125531551264
54041,1,1,0.5834021241869938
23681,1,1,0.6883950457946826
46069,1,0,0.48074968408574875
54168,0,1,0.5291764254032517
49472,0,1,0.5503487995916894
13264,0,0,0.49812457515155784
33369,0,0,0.43577128874316634
7209,1,0,0.4213691206635779
31705,1,1,0.5841153715321653
4057,0,1,0.5439093164751874
21728,0,1,0.5572258767603089
44367,0,1,0.568582032045627
33572,1,1,0.5643424075322886
16509,0,0,0.48783809335861067
50692,1,0,0.4462304279774042
60035,1,0,0.4855909273773244
57023,0,1,0.5133398158728336
43157,1,0,0.4079418405335028
21421,1,1,0.6014733244613788
36895,1,1,0.5719711749333294
45919,1,1,0.6566680349909955
46566,0,1,0.5223242140119343
60550,0,1,0.5716434621908121
20153,1,1,0.593836756443298
50126,1,1,0.5176936718794275
6638,0,0,0.4728260578569138
10824,1,1,0.6199729594867344
57552,0,0,0.4641940225710443
5454,1,1,0.6641070334720861
26705,1,1,0.5460526772751088
5583,1,1,0.556494813622216
48487,1,0,0.4347109847198014
37502,1,1,0.5652782213128689
14319,0,0,0.30775584206490364
43814,0,0,0.46358196695774156
34077,1,1,0.580898712832252
3599,0,1,0.57661314009285
46019,0,1,0.5319110840415274
17079,0,1,0.5429257113122331
18635,1,1,0.6499218769310078
54607,1,0,0.47638474595579966
19222,1,1,0.5329046409861143
58520,1,1,0.5533068114487804
20559,1,1,0.6074038568019752
19883,0,0,0.44185434936524026
24437,1,1,0.5714561516509369
38006,1,1,0.5565338076795823
58683,1,1,0.5108100469549626
21781,0,1,0.5680428075324215
629,1,1,0.5863245134745054
15500,1,0,0.4843267053987054
54741,1,1,0.6289861681032227
59714,1,1,0.5202436397951673
17011,0,1,0.5779832826031349
51314,0,1,0.5262742781247397
9318,0,0,0.409123907205271
23845,1,1,0.586012706238513
54705,1,0,0.41930494766957627
12507,1,1,0.5874180878271804
42075,1,1,0.6167629471836186
47812,1,1,0.5196983725127053
29714,1,1,0.6341130159072904
26185,0,1,0.6023626449741996
11112,1,1,0.5482807552700825
33150,1,1,0.7167245445218673
25658,1,1,0.6576868335003878
10038,1,1,0.5207708034825624
60651,0,1,0.5780809285912163
53392,0,1,0.5203867945864336
20943,0,1,0.5577848384021289
26629,1,1,0.5637879713927558
213,0,1,0.5088886162989679
58243,0,1,0.748580633053667
27397,0,0,0.49999258294703175
36320,0,1,0.5922624206828091
55740,0,0,0.4871129832835247
23918,1,1,0.5698244480817265
58590,1,0,0.4330766235400244
60261,1,1,0.6540467568747207
24096,0,1,0.5604211292480195
46367,1,1,0.5953072087549792
5851,1,1,0.671621858228076
44646,1,0,0.4647215886258585
16665,1,1,0.6865107556740615
30613,1,0,0.4910074352933386
17989,1,1,0.5457891627748194
57721,1,1,0.8256831512350493
1752,1,1,0.5349346333039104
57498,1,1,0.5516884709164459
44204,0,0,0.45072910937042243
42411,1,1,0.5314210703999371
30188,1,1,0.5311196375922812
38385,1,1,0.5295689893166833
22489,0,1,0.5634030448518285
14878,1,1,0.5555956969125092
16187,0,0,0.4326431637282046
53609,0,1,0.5325960823260028
31468,0,1,0.5616957561450955
45593,0,1,0.5355386964309531
3729,0,1,0.6061363805483037
19421,1,1,0.5588897200070541
13404,1,1,0.5032836430607347
58508,0,1,0.5488532468442797
38748,0,1,0.6216845716945147
13745,0,1,0.6878899761073229
14950,1,1,0.5921537870227204
4171,0,0,0.45801817677180034
5171,0,1,0.545909181736361
19110,0,1,0.5635011871304578
2961,1,1,0.5689933838655623
58942,1,1,0.5418169921312171
29311,0,1,0.672348299723111
356,0,1,0.6169678909266928
42393,1,1,0.5768407641349576
41024,0,0,0.401630333224688
26599,0,1,0.5335620499093194
2853,1,1,0.5906261888015402
16237,0,1,0.5625559533769344
47270,0,1,0.6092907265484963
49427,0,1,0.5256743093745267
24712,0,1,0.5817999888976416
47119,1,1,0.6399726488416674
60243,0,0,0.45625096272284343
33469,0,1,0.6518974021994779
22573,1,1,0.6132609990314171
43970,0,1,0.5416443065050998
22069,1,1,0.5567077330356028
32712,0,0,0.3641743466161887
4419,1,1,0.653267612926206
55478,1,1,0.5902240389305533
5733,0,1,0.7123716821073746
2274,0,1,0.6158281001939152
46373,0,1,0.6575463437358787
46532,0,1,0.590351077978033
27309,1,1,0.5972975549306416
49271,1,1,0.5293745967069065
43577,1,1,0.7804965053595124
53967,0,0,0.4976659469059603
36584,0,0,0.34416120635973035
4647,1,1,0.5042826258464757
56759,0,0,0.35813617190236857
7077,1,1,0.6356084800523975
10045,0,0,0.40430258320556184
13140,0,0,0.32646314307154983
53900,0,1,0.6405287722705828
11713,1,1,0.5406086335126625
37255,1,1,0.7094771500462715
43183,0,1,0.7208383606181142
26521,1,1,0.5454019549263
50156,0,1,0.5556266762541121
31510,1,1,0.6402530773461114
45899,1,1,0.6034340780052887
40927,0,1,0.5890237707522172
46999,0,1,0.5993425882013349
51296,1,1,0.5522508228900339
7056,1,1,0.651126144918707
10623,1,0,0.4308594835535304
39467,1,1,0.5761049113353591
49157,0,1,0.5399337063177271
47465,1,1,0.6826650916386265
2357,1,0,0.29313489227900563
10527,0,1,0.5157817717344322
13749,0,1,0.5918825920421572
6550,1,0,0.4562590426004094
33487,1,1,0.539329875319512
3146,0,1,0.6991345992736163
36444,0,0,0.4811005160743468
55396,1,1,0.6520229542832147
6735,0,1,0.6427954176120382
27721,0,1,0.6412114024634081
42567,1,1,0.5213179530208554
42399,1,0,0.3939091438014832
11951,0,1,0.6372792061725885
31376,0,1,0.5651642816253603
39784,1,1,0.576302852674225
59823,0,1,0.60073739501958
572,1,0,0.4399218816716838
27014,0,1,0.571397181268171
50599,0,0,0.48034782281478017
49846,0,1,0.5767124828928699
4323,0,1,0.6020982402836692
6231,0,1,0.593780297461118
42365,1,1,0.6151092880449744
38637,0,0,0.4904655595537295
16779,1,0,0.3686280477138019
23622,1,1,0.5043789931181982
35557,1,1,0.5793422007547735
47746,0,1,0.5056771180983584
24619,1,1,0.5637600152140135
46977,0,1,0.6230074659649636
40059,0,0,0.46948935539037484
33593,0,1,0.6794484441554383
24294,1,0,0.4781527595225137
7500,1,0,0.42390768675299156
2352,0,0,0.40730566943542584
4186,1,0,0.4993209433844281
13136,1,1,0.5084579084848911
30031,0,0,0.3662684186653169
57527,1,0,0.3993255973184555
47424,1,1,0.6102905375307165
9237,1,1,0.5253582715421352
46097,1,0,0.377787426668054
30162,1,1,0.568899987381802
56875,1,0,0.4456462226207863
40015,0,1,0.600022672600389
51021,0,1,0.5215945461392335
16121,1,1,0.6307282502026896
5465,1,1,0.6022615451735669
24697,1,1,0.5190025970921632
16650,1,1,0.5224372999542254
55285,1,1,0.5189274274706943
56617,0,1,0.7600902290447524
2199,1,0,0.377757217051865
2719,0,0,0.36293621361806916
37390,1,1,0.6028355104186967
6326,1,1,0.6737265045233517
22591,0,1,0.5284614518059486
39717,1,1,0.6444699649195441
22638,1,1,0.5656351091663621
60757,0,1,0.5984353232653311
54693,0,1,0.569505271888382
33788,1,1,0.6047350162827272
42025,1,1,0.5639278749271844
16450,1,0,0.44802493364112167
14022,0,1,0.6207385702319331
54778,0,0,0.4428689546088333
50622,1,1,0.5943112806506508
43727,0,1,0.519477363774805
46929,0,0,0.43455214373596684
25485,0,1,0.5315441321053194
22905,1,1,0.5994987973341641
10018,1,1,0.6057848673609061
24287,1,1,0.5889821687233767
46340,1,1,0.5910451311291264
53357,1,0,0.4413484276318341
6275,1,1,0.6330978793211998
49662,1,1,0.5394761075764882
22420,1,1,0.5404079730671664
38160,0,1,0.5726499389349978
3986,1,0,0.4356748097400893
39725,0,1,0.6448380550809248
37147,1,1,0.5813519417188485
9167,1,1,0.6420598064258465
58073,1,0,0.42117568623858054
46582,1,1,0.5903800955294334
33441,1,1,0.5068233313699652
45212,1,0,0.46256214544581226
3601,1,1,0.5206730390263732
21763,1,1,0.5153179481809772
15895,0,1,0.5214699173646974
13676,1,1,0.699461099529767
53033,1,1,0.5863247560812078
50707,1,1,0.5567130732048245
16134,0,0,0.48127450329012705
35216,0,1,0.599064090769019
22731,1,1,0.5834747787392398
4960,1,1,0.5041837742456313
23922,1,1,0.5477992574973454
33407,0,1,0.5104329728138807
26720,0,1,0.5317105177730564
21506,0,1,0.5725650315052357
35798,1,0,0.37478953236521895
40934,1,1,0.6034050052446119
14773,0,1,0.5187052547207884
39151,0,1,0.631152002794476
54125,0,0,0.4769732346179842
43200,1,0,0.4216811739356368
27088,1,1,0.5901543322848525
38730,1,1,0.6129647821030539
55474,1,1,0.5818635145614115
14486,0,1,0.6747656673936373
44927,1,0,0.4951055389362496
43084,0,0,0.3863797162117208
20499,1,0,0.4352724366770944
13048,1,0,0.4672700970003282
58769,0,0,0.39946483490722184
32015,1,1,0.5592218746390376
39588,0,1,0.5744450386062167
28367,1,1,0.6222222503358806
11693,1,1,0.5295918586772121
47548,1,1,0.5908814043874913
60518,0,1,0.5967277817684495
28859,1,1,0.6619773036595074
28659,1,0,0.42864682083440203
1148,0,1,0.6014520696603985
15210,1,0,0.40976367592673574
12125,1,1,0.5516695015901006
32743,1,1,0.5405305481768412
29482,1,1,0.6235053668457066
46620,1,1,0.5519632321189719
58606,0,0,0.4888999208121325
19468,1,0,0.48299049118545206
21299,0,1,0.5581778270384571
2626,0,1,0.5375906735260233
2459,0,1,0.7225233259265026
22173,1,0,0.44056826135324756
32527,1,0,0.4570941012323722
47042,0,1,0.5646678088711592
5557,1,1,0.5042001303618987
46568,1,1,0.5340830242914705
26363,1,1,0.5065384498685681
33775,1,1,0.595803808044892
23364,1,0,0.3677406639724917
7440,1,1,0.592165825964358
17840,1,1,0.5564006412281818
55863,0,0,0.45057471514466435
36953,0,1,0.6562705600179314
30317,1,0,0.47770830118379143
39446,0,1,0.6268248002659585
4339,0,1,0.5540000732611527
23315,1,1,0.5001143224191097
2421,0,1,0.5387361464400161
4037,1,1,0.5830609238691836
31471,1,0,0.4922873666963503
6318,1,1,0.5133343737621855
30973,0,0,0.49829212684436414
9007,1,1,0.5711130667883084
19099,1,1,0.6026474859634856
11907,0,1,0.665041354239392
47862,1,1,0.5605341582927678
24946,1,1,0.5357656947788747
25789,0,1,0.5613840562252475
28911,1,0,0.4921828235988363
27579,1,1,0.6154382660422449
57052,0,1,0.5251812469629181
8426,1,1,0.6209902499325066
4451,1,1,0.5846895045387693
31470,1,1,0.5750414302194216
55660,1,0,0.46053040464650286
1607,1,1,0.5930353423131204
31316,1,0,0.46856902602693884
30148,0,0,0.4810147324856526
27685,1,1,0.5859939580397995
39795,1,1,0.5702184849985797
4515,0,1,0.7318527010256219
20015,1,1,0.5680005460758667
2073,0,1,0.5385128286750763
37011,0,1,0.5345223437287118
39660,0,1,0.5896532231647462
36635,1,1,0.6267922035214446
48714,1,1,0.6260445171711821
33022,0,1,0.6014323278990493
16988,1,1,0.5578819295406521
28865,1,1,0.5696433774984914
6300,0,1,0.618406920213298
56054,1,1,0.5013194589887425
48312,0,1,0.6801203783773428
21023,0,0,0.4838292094894149
7598,0,1,0.5264656073240281
58181,0,1,0.5880096799805604
48147,0,1,0.5936583068174855
40168,1,1,0.5105379420150148
52169,1,1,0.5817766377873127
20932,0,1,0.6297937271612727
6028,1,1,0.6060658746269393
47318,1,0,0.43034352729752645
5475,1,1,0.6502518332462836
8044,1,1,0.6051322332257505
679,1,1,0.5287504925001959
16213,0,1,0.5162729193334372
1456,1,1,0.6729745643429601
6049,1,1,0.5802483154639503
59316,1,1,0.7067728929294306
9848,0,1,0.6023763682301149
50199,1,1,0.6330259841181685
40575,1,1,0.5273863311318807
13118,0,1,0.5784889723634442
43569,1,1,0.6466356458715474
33956,1,0,0.4991525433233582
8548,0,1,0.5662806305454071
17008,1,0,0.34795461071464834
26655,0,1,0.5834269821267477
11347,0,1,0.5465924281602228
4162,0,0,0.4824426785445701
58306,0,1,0.631232015672899
43969,0,1,0.5011496083020159
25765,0,0,0.4423233003629275
51138,1,1,0.6895303039748751
34232,0,1,0.6030559977335669
39741,1,1,0.6288032657364406
8929,0,1,0.5477274985299456
26916,1,0,0.47968722045673745
17278,0,1,0.5423573826082219
47631,0,1,0.5676912347943041
21339,1,1,0.5751866604712705
24863,0,0,0.4660084682515764
45085,1,1,0.5164132965617112
40738,1,0,0.43320425038320853
48554,1,0,0.3871470287623853
46920,1,1,0.5181847100864616
53178,0,0,0.48955509107719797
18349,1,1,0.5213749449415764
10232,1,1,0.581770944513517
18058,0,1,0.6222254588866251
2304,0,1,0.6743876366245601
43368,1,1,0.5980186239846055
44226,1,1,0.5719899630960263
4081,0,0,0.4982053518357332
52331,1,1,0.50647170181206
34806,1,1,0.5114069223451717
25114,0,1,0.5968357548663944
52277,1,1,0.5131347221259849
49797,1,1,0.5594237969314745
4567,1,0,0.3582059072107795
19083,1,1,0.6130775618574629
3552,1,1,0.6302770424226966
16267,1,0,0.4873156285629248
9784,1,1,0.5646634000137887
32163,1,1,0.5695541322286545
8886,0,1,0.6317529711732254
32286,0,1,0.5770660651798227
33432,1,1,0.5820356250175173
33424,0,1,0.5541627521320315
39850,1,1,0.5741630465258155
17909,1,0,0.48721099215183755
56978,1,1,0.5954005489242683
34136,1,1,0.5875386251524073
13587,1,0,0.4413407798969967
59331,1,1,0.5925941206370609
43723,0,1,0.5923674273744655
29390,0,1,0.6181602142871614
17605,1,1,0.6322397061879174
23472,1,0,0.4792828080002928
10794,1,0,0.3660474858893895
60671,1,1,0.5066418377081414
42132,1,1,0.5004735214860009
9204,0,0,0.45204673669080786
50650,1,0,0.49677895202929173
31037,0,0,0.4368274129362426
894,1,1,0.5553945424048664
20567,0,1,0.5143718559484745
20957,1,1,0.6028393497421042
9322,0,0,0.43842317097581485
21656,1,1,0.5633954989928731
10709,0,1,0.6762862253125683
51241,0,1,0.532897862601709
42474,1,1,0.6618430569109676
33748,0,1,0.5940472389380717
46831,0,1,0.556451530983856
31593,0,1,0.5071642754091026
9925,1,1,0.5653433555312269
17575,1,1,0.5627833032533228
35926,0,1,0.6465763442415067
53385,1,1,0.5408001821440238
6254,1,1,0.5710561862993085
13775,0,1,0.5452140691056947
28310,1,1,0.5912288593678985
55317,1,0,0.3564215976661349
30156,1,1,0.6408415931019604
25905,1,1,0.5927398078519502
345,0,1,0.5222188653048885
5257,1,1,0.5572682270735219
6507,0,0,0.4379635152584199
23289,1,1,0.509935891153464
53481,1,0,0.47705385494506886
19000,1,0,0.4923677164960314
20222,1,1,0.6303181513244878
6551,1,1,0.5312541033432914
33880,0,1,0.5314185867131325
56918,0,0,0.45261155645437684
23122,0,1,0.5197697470707685
53522,0,0,0.4696916878954209
12209,1,1,0.7119471270109264
27821,1,1,0.5385256873372722
26435,1,1,0.687917767330121
46251,0,1,0.5645573569519375
17625,1,0,0.4926938296380736
6332,1,1,0.6041481339144572
50643,0,0,0.4892369108182039
41064,1,1,0.55766166575572
44072,1,0,0.43169525680036963
24499,1,0,0.46274591080929556
57794,0,0,0.41188484653824625
59528,0,0,0.46233342240914443
9501,0,1,0.609147502698438
21927,1,1,0.5561440683948329
47835,1,1,0.7100024437527648
44523,1,1,0.5640105780511585
55757,0,1,0.546243023661986
27193,1,1,0.5695608855585187
52684,0,1,0.5754024253793926
38788,1,1,0.5247842657334578
20602,0,0,0.4976332644437757
18450,0,1,0.5702483323268478
56620,0,1,0.6574466892495906
50396,1,0,0.49406183868650055
36415,1,1,0.5662427107881596
56427,1,0,0.47503493304905786
31435,1,1,0.5778494196122013
45093,1,1,0.6414804792806033
14560,1,1,0.6290199171978145
13232,0,1,0.7861058820834431
40851,0,0,0.4728425008704289
12038,1,1,0.5432935451357664
34645,0,0,0.45568696627221267
41121,0,0,0.4653547443801845
53526,0,1,0.5476079400887499
25064,1,1,0.5738900751730802
25102,0,1,0.5932674758913644
5749,0,0,0.4225968204381701
37787,1,1,0.6027777307357206
14807,1,1,0.5855249508261164
17249,1,1,0.5550870673570654
12482,1,1,0.6846833606545927
59856,1,0,0.4499230677230189
50665,1,0,0.4300458427354926
17973,1,1,0.5838582719798621
21939,1,0,0.4666926106184039
39560,1,1,0.5061433572748973
46558,1,1,0.6664604549406483
38564,0,1,0.7037006319535785
40609,1,1,0.5592904658670573
24879,0,1,0.5064132785750768
1470,0,1,0.5300555263119863
54583,0,1,0.5276190806362916
4370,1,0,0.4557200919849984
33507,1,1,0.5507778504124066
30941,0,1,0.5077633561422936
6794,0,1,0.5694001573662867
25269,1,1,0.6989820279688653
38761,0,1,0.5647692151022581
53219,1,1,0.5545938484556452
24390,1,1,0.565417488976223
19226,1,1,0.5562999690706832
54895,1,1,0.5964487638031924
50571,1,1,0.5865383752423511
36103,1,1,0.5148903515351081
41787,0,0,0.43808354265069305
3668,1,0,0.47733033298406236
14616,0,1,0.653765313694014
10851,1,0,0.48548263473165565
47466,0,1,0.5560559059561845
29373,0,1,0.5773273807293557
51612,1,0,0.4908873445114173
25582,0,0,0.46619100430951754
34951,1,1,0.5899850234849707
13435,1,0,0.48632995018395325
22816,1,1,0.5306176597782306
23045,1,1,0.6017275430699748
9738,1,1,0.6136102447865599
56564,1,0,0.4170008523023898
4973,0,1,0.5638905975578465
11738,1,1,0.5735406597428931
59563,1,0,0.4873955605987462
6688,0,1,0.5481227373063136
26284,1,1,0.5280033361157623
39839,0,1,0.583602082916583
45184,1,1,0.5243150317020363
47323,0,1,0.5954789806023683
60690,0,1,0.6299061915584426
31895,1,1,0.609042317485569
47723,1,1,0.5746014710903959
49901,1,1,0.5944597243620852
55792,1,1,0.5766174854735169
2869,0,1,0.758689518005612
1164,0,1,0.5190726604500118
26938,1,1,0.672034097477274
56960,1,1,0.5004818995196478
50850,1,1,0.6789177361115196
1254,1,1,0.5351991166936341
60490,1,1,0.5500340476564797
15146,0,0,0.4506580385012049
22541,1,1,0.523644426679279
22236,1,1,0.510935901531803
51945,0,0,0.4291787471030299
45004,0,1,0.5331056936941169
44693,0,0,0.4779073225290626
26503,1,1,0.5307142481830781
15324,0,1,0.6600201348446271
10833,1,1,0.5003719139850022
27395,0,1,0.6389538446341289
58660,0,1,0.6054467525773503
50379,1,1,0.5663261182527122
14409,0,1,0.5026906600275955
29738,0,1,0.6237428523403985
4695,0,1,0.536137725308602
44916,1,1,0.5057772667182152
52091,0,1,0.5755317484301853
38625,1,1,0.513320078846267
41735,1,0,0.4150687244910315
20631,0,0,0.4978807272851354
20477,1,1,0.5014736199655146
6453,0,0,0.4900705905959878
37479,0,0,0.4584572256823598
58536,0,0,0.485387655948448
18026,1,0,0.4945838008639813
59443,0,1,0.5604803395862064
41648,0,0,0.41391554004390924
40714,0,1,0.541716629998944
22310,0,1,0.5080593704637087
32340,0,1,0.664573814166101
20400,1,0,0.4924383483635337
38950,0,1,0.5633374016050912
11204,0,1,0.5596859738019759
23105,1,1,0.5993650996081694
28357,0,1,0.6519683349014092
19822,0,1,0.5372183308755433
7579,0,1,0.5947625305411607
27945,0,1,0.5308919215379257
10418,1,0,0.4187440956632701
5707,0,1,0.523498499860604
22206,0,1,0.5460627804213078
45450,0,1,0.658779489027395
37818,0,0,0.4527379012951194
56887,0,0,0.4429765463455352
52291,1,1,0.6391564113822163
38266,1,1,0.5135609702685879
34239,0,1,0.5364264949980229
4385,1,1,0.5636713344446564
57068,1,1,0.5539464748364579
45067,1,1,0.6173456788215426
21682,0,1,0.5328827380934871
14736,1,1,0.678616932482788
28796,1,1,0.5615050540213865
39395,0,1,0.5484286456414655
48824,1,1,0.611927438847781
31305,0,1,0.5501863218278185
55210,0,0,0.4547809292306344
30191,1,1,0.6771207958676451
18739,0,1,0.5337237747419828
4922,0,1,0.6161947906843057
4195,0,0,0.44697268493028747
34218,0,1,0.5320102249297418
57225,0,1,0.5035789375364338
39413,1,1,0.5493086551269742
17931,0,1,0.5821498146646829
48668,1,1,0.5036731634528355
25929,1,1,0.5261331174065343
58584,1,0,0.42971414823606446
40271,0,1,0.5755893543675769
60014,1,1,0.620211379398938
30566,1,1,0.5540556966771664
41188,1,1,0.5672231176850877
47407,0,1,0.5288044313602306
26160,0,1,0.6581298501401943
48039,1,1,0.5440315646103262
53557,0,1,0.5938866992800101
15963,0,1,0.5125155431432296
49470,1,1,0.5213045831170192
33146,0,1,0.7202676217626763
58788,1,1,0.5568135068884242
30526,1,1,0.5835087293499821
52505,1,1,0.6557459339877522
21617,1,1,0.5543612521697697
16455,1,1,0.5340272872297266
52406,1,1,0.5629395560392443
20360,0,1,0.6152160401960395
59114,0,1,0.6397601654565995
49448,1,1,0.5537212903658224
5651,1,1,0.5713922274662534
40348,0,0,0.4606573304417834
12799,1,1,0.5053123274848719
25192,0,0,0.4185329845434908
7907,1,1,0.6419644895859524
9358,0,0,0.4582167380871731
43594,1,0,0.36185911127950143
28288,1,0,0.496135613797157
23634,1,0,0.45455660903371986
15638,0,1,0.6443164253380546
29528,0,1,0.5465853785207423
8342,1,0,0.4736177089090733
11699,1,1,0.660256101802145
1184,0,1,0.6260170235345166
45835,0,0,0.4805926702322177
17243,1,1,0.5475002999049279
16432,0,1,0.5637826932860215
54819,1,0,0.4497667133384097
20522,1,1,0.5888687235996848
50201,1,1,0.539994196945871
24333,0,0,0.4816950384297597
59524,1,1,0.5397084111958332
30619,1,1,0.5636667707615699
35561,1,1,0.5823006518669263
782,0,0,0.4872311849845866
7589,1,0,0.47389464965929706
23330,0,0,0.48991685267612617
9657,1,1,0.674795577762413
15563,1,1,0.5833392544345277
27488,0,0,0.40102417653546013
51564,1,1,0.7586297141064478
6555,1,1,0.578617776657225
34352,0,1,0.5958320499262029
2,0,0,0.35731929361653797
41772,1,1,0.6107099648089682
58080,0,0,0.3626742306044792
57722,0,0,0.4832796890548795
30889,0,1,0.6632088102091365
50325,0,1,0.6020437576596893
13405,1,0,0.38617963208757744
33978,1,1,0.580981957882021
11645,1,1,0.5276607069225819
58318,1,1,0.7354418381649839
52801,1,1,0.631815220728072
50594,1,1,0.604834935009604
7966,1,1,0.5717679895823659
56735,1,1,0.6237401685417061
53859,1,1,0.5446100789586016
13532,1,1,0.6003812431066726
6783,0,1,0.5421409661335185
28915,0,1,0.5745317116086732
37542,1,1,0.6896312573284773
47960,0,1,0.6404798350996174
38403,1,0,0.45012445917054467
19286,0,0,0.40718354218560976
9231,1,1,0.6229068014554793
41074,0,1,0.5270477775595085
24678,1,1,0.5658711479133877
55718,0,1,0.6054380304249057
45685,0,1,0.5693187924885786
28037,0,1,0.5439824968018174
46777,0,1,0.5734125045345807
58928,0,1,0.6316681158462727
28620,0,1,0.5527899460239651
6327,1,1,0.6032682061186225
43086,1,1,0.6984792096914231
12975,0,0,0.4394414912741459
9443,1,1,0.5254197730990771
25775,1,1,0.5788762474283421
25393,0,0,0.4810342466233049
41028,0,1,0.5430864501144813
9849,0,1,0.6540971512079882
27776,1,1,0.528584835186562
36023,0,1,0.5644807507730755
16636,1,1,0.6288788381975664
35575,1,1,0.5736803998767326
53058,1,1,0.5241302446718689
37824,0,1,0.647416503951315
41251,1,1,0.5147017196439154
20277,1,0,0.4075295686794595
17000,0,0,0.46703202987179376
28183,1,1,0.5340408951392726
54286,1,1,0.6535515972235434
50961,0,1,0.6736299465896494
13625,0,0,0.3849745500377592
23826,0,1,0.5458342324766267
54367,1,0,0.49810821342425987
45178,1,1,0.6533131280419162
613,1,1,0.7084583159249348
35782,0,1,0.5887337668779011
6652,0,1,0.6087593097809774
22870,1,1,0.5225956243102344
44770,0,0,0.4196775101977053
54340,1,1,0.5164813924304752
35095,1,1,0.6316572210553657
42277,1,1,0.6382067571744621
20633,1,1,0.568973119089809
20315,0,1,0.5352219333717367
46084,0,1,0.5652845832830099
10995,1,1,0.585517858922022
13548,1,1,0.6398483492416421
21025,1,1,0.5696923169011822
58539,1,1,0.7056288623158102
23014,0,1,0.5926352218797364
21258,0,0,0.4621952444459872
9114,1,1,0.5372036001913171
30817,1,0,0.43635046907689257
30725,1,1,0.5883225533979896
5606,1,0,0.47635029914740523
9905,0,1,0.7130602305971293
44033,1,1,0.6735830143931634
37436,0,1,0.6797390407873689
25174,1,1,0.5776158235400992
58051,0,1,0.5472174765590436
41129,1,1,0.5095569157464015
41746,0,0,0.47749410617278626
26687,1,1,0.5558449383027733
26804,0,1,0.5647688247087285
36179,1,1,0.5326801160901562
12953,1,1,0.632265034341645
51,0,1,0.5614950974934697
39923,0,1,0.6247613260462327
21357,0,0,0.4801118516137084
30999,1,1,0.5165052984362153
47737,1,1,0.5182947369567134
49215,1,1,0.5380301231618738
15193,1,0,0.47935069458341995
5839,1,1,0.7008890432895677
55630,1,1,0.5992611286614536
25958,1,1,0.5932689516615475
645,1,1,0.601483484918547
10849,0,0,0.38031359825381045
32140,1,1,0.608967755860842
51050,1,0,0.48586450107928086
2380,1,1,0.5411244867012959
8456,1,0,0.47198166453959445
59806,1,1,0.5396909233328177
53910,1,0,0.4961950324588358
23916,1,1,0.6096145620182825
31134,1,1,0.5714027250195713
16044,0,1,0.5935711167388821
54631,0,1,0.750647373173818
6298,1,1,0.6261143957510157
28022,0,0,0.4440069259175731
18343,0,1,0.5457593713562622
5723,0,1,0.6153646117027499
9239,0,1,0.5429417996309971
9444,0,1,0.5714715489657494
21268,1,1,0.5483829648217726
24389,0,1,0.5709119457638223
46600,0,1,0.7183587504519702
49685,0,1,0.5688153293391426
26395,0,1,0.5788511991245647
25915,0,0,0.47163427836874594
25623,1,1,0.603521054022235
29713,0,1,0.7075711790440361
12178,0,0,0.4952799441187697
30376,0,1,0.5622395257801039
54185,0,1,0.5508053255551378
37800,1,1,0.6178787742045652
60081,1,1,0.5267920928099261
45821,0,0,0.4774353654046486
17390,1,1,0.6811848495644247
45681,1,1,0.5736723348942943
36582,1,1,0.5978901153718733
29400,1,0,0.43382193785124257
11120,1,1,0.638578080646384
21147,1,1,0.6001056388211787
41323,1,0,0.4749065256056007
30591,0,1,0.5858236341625643
27861,0,1,0.5610218209720323
12814,0,1,0.604802116190425
39889,1,1,0.5371140826280021
54211,0,1,0.6148692318951179
24459,1,1,0.5172736204501776
9590,0,1,0.6413849170918224
24060,1,1,0.5925686863040058
32945,0,0,0.4552417614915905
42437,1,0,0.4166806865724613
20564,1,1,0.5465590657336817
47017,1,1,0.7139822244777055
17745,1,1,0.5305440136533409
52099,1,1,0.5482809220550868
24513,1,1,0.5157399764970138
39162,0,1,0.5371482904355744
14930,0,0,0.448683104429196
9975,1,1,0.6236475600903
487,1,1,0.5576179899923832
15934,0,1,0.5751204249253563
33949,0,0,0.4005640907168525
42162,0,1,0.6399054853990627
36814,0,0,0.47548668312873366
54246,1,1,0.5056969079534772
16834,0,1,0.6419345577532145
48286,0,0,0.37603155066035443
40999,0,1,0.5426724043894999
23746,0,1,0.5567063129067328
15775,1,1,0.7039611441596416
16352,0,0,0.47228460135046796
14770,1,1,0.6063754593151206
36086,0,1,0.5648368768527321
35410,0,1,0.6172380802591146
55589,1,1,0.5612081077757743
26825,0,1,0.5954129074666651
8196,1,1,0.5489023738086444
55903,0,1,0.5003499781521272
24235,0,1,0.5685662679754776
14275,1,0,0.47036384571014717
31759,1,1,0.5449187887975997
59921,1,1,0.5425979510942218
22903,0,1,0.5842898356333436
44165,1,1,0.7044831478032431
50311,1,1,0.6261706425166896
28579,1,1,0.6157372736646531
10570,0,0,0.47167387689720836
485,1,1,0.6124424378727329
52548,0,0,0.4564462990729469
56149,1,1,0.5914028641658865
1831,1,0,0.41828935873169826
53393,1,1,0.5233085759309428
42746,0,0,0.35319619049682693
48638,0,1,0.6932127034332862
60768,1,1,0.5176000955319682
51877,1,1,0.5259725250781009
2486,1,0,0.3101243134333249
50606,0,1,0.5032870559961847
59956,1,0,0.3705644889031202
3969,1,1,0.6042056776723547
3608,1,0,0.4380132196896107
9993,1,1,0.5459074965935031
27632,1,1,0.5195664854998888
10179,1,0,0.4748741781560875
58259,1,1,0.7298599788515051
32677,0,0,0.43727343595049684
45444,1,1,0.6145063436806509
57831,1,1,0.7945305620130166
40303,1,1,0.5164733129841494
11552,1,0,0.4538593126248035
43792,0,1,0.6361313061212894
41045,1,1,0.6042795196242025
3282,0,0,0.43870870591893163
43555,0,1,0.5471827861914264
10369,0,1,0.5805133893708951
13958,1,0,0.43231228801815064
9879,0,0,0.44767133563151984
37342,1,1,0.5068333584377677
41557,1,0,0.44909153762075277
17993,1,1,0.5220077600019589
11510,0,0,0.36757995627968015
17647,0,1,0.6507311357220577
46804,1,1,0.6200456030724447
10602,1,1,0.6459826509997433
12984,0,1,0.6333586409357421
2188,1,1,0.6370453676915041
22993,0,1,0.558660096881551
47867,1,0,0.42016403863155205
53629,1,1,0.5058743893815325
60650,0,0,0.49562843826737096
50281,0,1,0.5823521405107428
166,0,0,0.4957726054624272
26731,0,1,0.5365123525823614
46273,0,1,0.5646493223254466
38993,0,1,0.6208363728267771
16619,0,1,0.6350166290060097
33042,1,1,0.6799601804300995
41622,0,0,0.48029566562674736
57610,0,1,0.7129125413103229
31832,1,1,0.6272635827276968
47507,0,1,0.5424344581180052
3578,1,1,0.5779071138767047
23016,1,1,0.5830670925568887
19390,1,0,0.49290874694044634
2412,1,1,0.5218555203524309
16289,0,0,0.43378060076021646
5623,1,0,0.41799248087872803
11105,0,1,0.6042175559970548
2097,1,0,0.4679141344192226
19387,1,1,0.531530605404312
17600,1,1,0.518052009740756
60230,1,1,0.6168174550610173
49968,1,1,0.5388896420648135
25076,1,1,0.6348241915775372
5422,1,1,0.6181407059960996
2882,0,0,0.456277966452976
28963,1,0,0.4663305860392826
41705,1,0,0.4038840618445231
38955,0,1,0.5282682061800262
25693,1,1,0.6151682848855123
900,0,1,0.5747381097612922
50016,1,1,0.5878162107663387
50228,1,1,0.5350342361750529
21442,0,1,0.5070056151089222
26623,1,1,0.5028903696879445
6466,1,1,0.5716412957501107
7337,1,1,0.5396544218194805
57076,1,1,0.5317231778731122
59373,0,1,0.7661895054266442
8759,0,1,0.5461536844745871
26442,0,1,0.5172909219312295
31651,0,1,0.6068976767175345
15087,1,1,0.5646762944261097
9948,1,0,0.46859980492771897
41713,1,0,0.44991791812210397
57913,0,1,0.5707299693093102
48968,1,1,0.5505238271212126
42215,1,1,0.6234713992515623
28481,0,1,0.5219697062492132
13514,0,1,0.549900584592249
52655,0,1,0.6750425901046094
38846,0,1,0.5841379033699833
41806,1,1,0.5847251282081353
39309,1,1,0.6058724503900669
14310,0,0,0.37634692449022694
46617,1,0,0.406644796127492
15244,0,0,0.4969127000240354
44103,0,1,0.5637112718297291
40562,1,1,0.5247912721957738
57998,1,1,0.7559422808897043
46697,1,1,0.5146679970493667
7327,0,1,0.587503642519105
36314,1,1,0.6868139254421101
43789,1,1,0.5008104119958963
55126,1,0,0.4497708130831908
14047,0,1,0.5815270379413292
58021,1,0,0.33573008504203644
57269,1,1,0.6193844459522032
9545,0,1,0.5734320603621964
4520,0,0,0.40231423994216114
55958,1,0,0.49496243305765253
45639,1,1,0.5477379245225527
55816,1,1,0.5904802933685412
42495,1,1,0.6839593248764004
29773,1,0,0.4987334000777255
34987,0,1,0.5200091115890304
59042,1,1,0.6717618878530034
49476,0,1,0.5544101618428532
5103,1,1,0.6562074122413607
58292,1,1,0.7253554113585123
26231,1,0,0.45836113506203774
9116,1,1,0.5190409303493849
37285,1,1,0.619520284400105
14565,1,1,0.5180924265860258
37246,0,1,0.5196341856046102
60519,0,1,0.557498785542293
4403,1,1,0.5174529014363626
25333,0,0,0.47541263761977215
15437,1,1,0.6087396576704119
33192,1,1,0.5733791485289806
9804,0,1,0.6287463784256228
47478,0,1,0.5635197184375289
17042,1,1,0.5836653860426299
23081,0,0,0.4474533533592304
8827,0,1,0.5938143709156538
7184,1,0,0.4561339963337651
3650,1,1,0.5247864809778127
20232,0,1,0.5967065740625943
52514,1,1,0.5770130349358986
31594,1,1,0.5674585864454074
22486,0,0,0.48052856733887994
34328,1,0,0.4959726542046062
28410,0,1,0.5143496860109984
575,1,1,0.6516014223198374
29415,0,1,0.5090391474031424
3672,0,0,0.46365863759784903
39411,1,0,0.44444913855931767
22648,1,0,0.48006413277423604
52679,1,0,0.4950718194680352
11686,0,1,0.7064829148271166
13398,1,1,0.8063940008500293
6190,0,1,0.5905309397297828
42045,1,1,0.6222848300909962
4401,0,1,0.5119309800358061
761,1,0,0.4760914704792578
31670,1,1,0.6140382727643076
2396,1,1,0.5573645441516337
41727,1,1,0.5625233642481877
42510,1,0,0.4879212007573631
48555,0,0,0.45789699944569157
40315,0,1,0.5856361456051716
10861,0,1,0.5086929350448122
47473,1,0,0.46366190898073817
32731,1,1,0.6108029680924403
55818,0,1,0.5556634480774886
39357,1,0,0.4918593149825899
30280,1,1,0.5335244049666996
36318,0,1,0.581103116560368
51387,0,1,0.548485795515074
54416,1,1,0.759740492594355
30469,1,1,0.5623350612950552
18518,1,1,0.6481114139656114
35322,1,1,0.6116127441120807
34271,1,1,0.6066373573536914
21751,1,1,0.6078800857107868
12012,0,0,0.46515563416226596
60294,0,0,0.4972770224781435
20768,1,1,0.6382684434988001
53158,1,1,0.6085319034927941
51378,0,1,0.5501265013910087
12931,0,1,0.7251905917229758
51738,1,1,0.5109541265668497
41077,1,1,0.5085451292040155
4911,0,1,0.6704297696370787
57016,0,0,0.4636163648724219
39680,1,1,0.6249371121083465
177,1,1,0.616049484886282
45679,1,1,0.5853049975192137
28912,0,0,0.39460649956758237
25788,1,1,0.5870488742442348
50028,1,1,0.7386776229121041
35098,1,1,0.5788503632958731
55395,1,0,0.4740021837905045
60615,1,1,0.5214704439735531
58857,0,0,0.4764353669655284
23510,0,1,0.5721813152297974
47551,0,0,0.41186232343760987
29217,1,1,0.5069299316501138
47401,1,1,0.7364380457317286
3447,1,1,0.643050475618025
56110,1,1,0.5058666021484489
15375,0,1,0.6747047654346935
23060,0,1,0.63253717012675
42076,0,1,0.6330346002544087
36533,0,1,0.6525583454899864
14229,0,1,0.5793317997434244
38220,0,1,0.5263761454518635
29405,1,1,0.5535196073493658
54617,1,1,0.7092554585641825
27191,1,1,0.5887817616178154
59979,0,0,0.46062869075855295
55411,1,1,0.5789608661915198
12582,0,0,0.4840208957686184
48144,1,0,0.48845479430547406
49615,1,1,0.5562139747679374
27545,0,1,0.5732331067800146
9144,1,1,0.5094544101111089
57392,1,1,0.527224925518851
42604,1,1,0.6478570760631115
7930,0,1,0.5323376823566945
5844,0,1,0.6578905881196014
59271,1,1,0.5104810151428104
56350,0,1,0.6355487235202731
246,1,1,0.5986832950525455
56109,0,1,0.5153509060887485
53702,1,0,0.46669501683179476
5813,0,1,0.5120650710120259
34817,0,1,0.6267800381316182
33391,1,1,0.5410050423251194
52180,1,1,0.5502515163044386
59241,1,1,0.5429062513271876
24144,1,1,0.5263032704167242
18779,1,1,0.5635183405489728
59010,1,0,0.3869503423497991
13095,1,1,0.7231263451193785
18107,1,1,0.5626465253030503
40611,1,1,0.6416337531954878
54773,0,1,0.5330602725578499
52452,0,1,0.6383124988711764
14480,1,1,0.6142551039125693
29418,0,1,0.6715073376907144
10224,1,0,0.4726826899164866
143,0,1,0.5815771832883644
23803,1,1,0.5764116444787238
30877,0,0,0.4979698285186299
16718,0,1,0.6893742935870706
47935,1,1,0.6061575602401578
28499,1,1,0.5771688633670887
34445,0,1,0.7823844059908882
30196,0,1,0.5704184886607834
39347,1,1,0.5342966443708694
57058,1,1,0.5056291116322885
18416,0,1,0.5022686947545385
39263,1,1,0.5177786446573369
34553,0,1,0.5155652856583811
22064,1,1,0.530195361725153
19562,1,1,0.6361720869719355
20086,1,0,0.47144221912467643
35468,0,1,0.5573052078435146
52664,1,1,0.7027945493009204
35685,1,1,0.6706654384788514
14531,0,1,0.6158660926080871
19484,0,1,0.5488623753627535
21796,0,0,0.4523146767320384
59216,1,1,0.6014630972301606
54854,0,1,0.5995577409350292
24930,1,1,0.6014990636126326
6717,1,1,0.5841402982728519
44753,0,1,0.6404464776608343
6237,0,1,0.5211768939459102
37232,0,1,0.5298578486048842
38473,0,0,0.49387626072609586
30853,1,1,0.5999841291054835
35998,0,1,0.5930415133458616
32680,1,1,0.6360444974416912
59228,0,0,0.4950214417163396
43092,1,1,0.5204360197309958
5543,1,0,0.44486868536511304
39887,1,1,0.6150729805889654
39906,0,1,0.5215790013283023
7797,0,1,0.7514983632528452
3089,1,1,0.7070389952336567
7322,0,1,0.5704149093277846
52977,0,1,0.690070363677103
28127,0,0,0.43926160824479915
12543,0,1,0.5811126023430115
14502,0,1,0.607813158557132
22986,1,1,0.6000854750191066
9041,0,1,0.5491346923138116
56863,0,1,0.539406259215356
16977,1,0,0.4370031911637369
7315,1,1,0.6178388354914497
16807,0,1,0.5686596448972235
14774,1,1,0.5761974107103522
9471,0,1,0.6974554903684482
30525,0,1,0.5066494178580344
3570,0,0,0.46307991723433956
56482,0,0,0.4580589427499542
45072,1,1,0.6086173161224009
57240,1,1,0.5254394771412234
59307,1,1,0.560010674934849
33090,1,1,0.5187092335915348
22415,0,0,0.4717681157975921
41306,1,1,0.620466632162152
43223,0,0,0.25375166387763615
15630,1,1,0.7153912535462623
2581,0,1,0.6247717825671422
43560,0,1,0.6516728856665105
38294,0,0,0.4548896421793913
53985,0,1,0.5720219233900157
13367,1,1,0.5052433442334422
44600,1,0,0.45294177093303584
15763,0,1,0.5158905370308395
40925,0,1,0.5219016163308234
34632,1,0,0.4657796255016939
49220,1,1,0.5855366716518363
28780,1,1,0.5131774230362476
25689,0,1,0.7005942720730594
49405,1,0,0.46054010755282726
55185,1,1,0.6307173293396722
34702,1,0,0.43963646184985194
23718,1,1,0.6114713046882042
26993,1,1,0.631773979468532
31014,0,1,0.5886160881764784
4233,0,0,0.3758225692923147
38735,1,1,0.5747326877897834
1530,1,1,0.7112548669562903
10348,1,0,0.4678174934849683
59808,0,1,0.541563178665764
50636,0,1,0.5406522744755907
47818,1,1,0.5609061468147051
33139,1,0,0.48065995954719015
48505,0,0,0.4954794318403606
33328,1,1,0.5195127260705301
53606,0,0,0.39332800604031193
51518,1,1,0.5107797778360149
30294,1,1,0.5936255638236397
31906,1,0,0.48377970058688907
47657,1,0,0.4782655424793829
32673,1,1,0.7054744886163458
39190,1,1,0.5704120651366594
45761,1,0,0.4934128016782307
49453,1,1,0.5372648771850076
26004,0,1,0.6759705509470264
58625,1,1,0.642514468838415
60234,1,1,0.5524191538511003
26428,1,1,0.5518149170903083
5987,0,1,0.7314472641587608
20581,0,1,0.505151406556454
11299,1,0,0.46162705573467205
33076,1,1,0.6899976999795129
40224,0,0,0.39136568109851977
19368,1,1,0.5371816003952513
72,1,1,0.53698078446663
11435,1,1,0.6286458979488736
54852,0,0,0.4197945259571434
52265,0,0,0.43369908557448744
21642,1,1,0.5601324478642506
9794,0,1,0.544336930321623
30756,0,1,0.5876858398903808
54914,0,0,0.35972278606436725
39429,1,1,0.6240000547658294
56726,1,1,0.5411031006649316
16823,1,1,0.5383374910686592
56182,0,1,0.5686389563182592
14775,1,1,0.5664389163814285
868,1,1,0.5930157625542221
20262,0,1,0.5274402999875941
60392,1,1,0.5469718908503127
42116,1,1,0.5592532213336429
18302,1,1,0.725475996808374
46512,1,1,0.5943237096235339
59439,1,1,0.6183001509079679
13525,1,0,0.4318389341366295
59356,1,0,0.41230570116341186
58437,0,1,0.6128110262056579
51853,0,1,0.6259548164181837
9522,0,0,0.47252881397366964
12840,0,1,0.5572712961367433
9958,1,0,0.4714411863083512
59878,0,0,0.36398078691172997
27445,1,1,0.6573836817336353
32561,0,1,0.6923741115763549
54478,0,1,0.5344982906105592
27574,0,1,0.5256645913850572
21013,1,0,0.4604413543091762
32846,1,1,0.6219446768421057
39102,1,0,0.47543478258864547
6730,1,1,0.6886948274431383
35140,1,1,0.5343279461318517
13361,0,1,0.5597875792844823
40987,1,1,0.5580281829074859
1614,1,1,0.6587692393054418
60684,0,1,0.6024396874793869
8379,0,1,0.7054472024059999
41351,0,1,0.7370174461392217
20620,1,1,0.5407352245062989
1197,1,0,0.442363008648426
24552,0,0,0.4368370418938751
1554,0,1,0.5368471368293611
19376,0,1,0.5005475049652712
6642,0,1,0.5662455280398461
14233,1,1,0.5109453968432647
27859,1,1,0.655483455690951
48197,1,0,0.4687344115099371
56041,1,1,0.519038777091447
48097,0,0,0.43102415754301193
54144,0,1,0.612760003291466
57274,1,1,0.6142431889828415
41132,0,1,0.6695967994412553
23749,0,1,0.5712520179050404
40472,0,1,0.5262049743675467
21425,1,1,0.5896181420965543
54234,1,0,0.4299799759661227
28856,1,0,0.4995972747397945
38211,1,0,0.449267694603865
2046,0,0,0.4948199810269856
28009,1,1,0.5982917417424918
32576,0,0,0.4652841657330918
34809,1,1,0.5665524490034531
48142,0,0,0.37299752993859026
10896,0,1,0.5060378500940781
2720,1,1,0.5891832613143003
42028,0,1,0.6273616716182567
13379,1,1,0.5403538965317897
1926,1,1,0.6430341459748767
59986,0,1,0.5754664371427057
9731,1,0,0.48080981491899955
14387,0,1,0.5150058928468648
56486,1,0,0.4506357018924198
32231,1,0,0.4665145074258667
44797,0,0,0.42169993684900753
6375,1,1,0.5005495583989573
41724,1,0,0.41069516340438716
43868,0,1,0.6317904966884413
57724,0,0,0.3985693660204362
51534,1,1,0.5571601664472288
46214,0,0,0.42757895968430193
59244,0,1,0.5501271163814611
10426,0,1,0.5047231819361556
50312,0,1,0.5227380950999406
2026,0,1,0.5471353513414023
28709,1,1,0.5072959427616225
23051,1,1,0.5962297285873449
36309,1,1,0.5847658199614089
50674,1,1,0.5552710748182096
60031,1,0,0.4738566981807106
23578,1,1,0.5289008142799076
51215,1,1,0.599450640975491
52096,0,1,0.5469093931274034
22061,1,1,0.5007716552161513
54085,1,1,0.5810183295407642
49714,1,1,0.5398569756082527
45266,1,0,0.4549323721293992
59088,0,1,0.5182179279483541
49990,0,0,0.4324403641751666
41171,1,1,0.585250573847457
19335,0,1,0.5711216473797055
6103,0,1,0.6370987583733966
53527,0,1,0.6622794219941605
46202,0,1,0.5415749513598146
34833,0,0,0.47404836305631926
19165,1,1,0.5920078407975421
37519,1,1,0.6647466601850864
3461,1,1,0.6530653907338687
41462,0,0,0.49608072699451955
23722,1,1,0.6737326297464196
13490,1,1,0.5863022763402312
58132,1,0,0.4447482719592965
32334,0,1,0.548357151754436
3303,0,0,0.4539045981513024
39504,1,0,0.43844735901620796
3515,0,1,0.5525174993516798
20975,1,1,0.5746304238031804
46323,1,1,0.6282680940174394
5438,1,1,0.6234748318206648
36510,0,1,0.6457898804252535
41903,1,0,0.4836718529333843
650,1,1,0.5531704465147435
32886,0,1,0.6667687593311635
23571,1,0,0.4393068345179747
36640,1,1,0.5796696171165207
55984,1,1,0.6001669365914623
46217,0,1,0.5847419988410664
54254,1,1,0.5385065037340966
36192,0,1,0.5794875126418171
13519,1,0,0.3378176026431889
2890,0,0,0.48053313740485915
55628,0,1,0.5000646308457102
25299,1,0,0.35486993017559415
172,1,0,0.38282903634380633
35092,0,0,0.28023862965478435
51667,0,1,0.6364630650089355
59521,0,0,0.49366196370084936
32655,1,1,0.6216634625441904
34525,0,1,0.6259255699540184
60271,0,1,0.5262667557406668
37326,0,1,0.6245692426351098
20933,1,0,0.4688139621463216
31226,0,0,0.48920496484006676
35753,1,1,0.5378592540301665
21174,1,0,0.49497843909063044
145,1,0,0.27723400525065983
1070,1,1,0.7338275814793852
6849,1,1,0.5164500402264312
5894,0,1,0.6888966824397511
54560,0,1,0.6448866181436779
42331,0,0,0.4685755831083195
4273,0,0,0.4876456982875277
49242,0,0,0.4666406417399116
9670,0,1,0.5887178682049489
8006,1,0,0.42035755747400166
44950,1,1,0.5005267128477607
860,1,1,0.5447255682633814
32843,1,1,0.5987221766484992
9961,1,1,0.5517024569241079
33338,0,1,0.5814945474555472
21564,0,1,0.5641970436566471
52228,0,1,0.5521742734218589
38497,1,1,0.628779008212494
43673,1,1,0.6058470365043194
19816,0,0,0.44097371127800783
11776,1,1,0.637894812717483
10200,1,0,0.44473499312383086
56359,1,1,0.532980676742044
54319,0,1,0.6233744487599508
39154,1,1,0.5747856387338794
18293,0,0,0.4955034798681504
59946,0,0,0.3470262874566829
8939,1,1,0.6484583135525176
14439,1,1,0.5786953983393839
52568,0,1,0.5849390591672938
44391,1,1,0.5001967220547839
26553,1,1,0.5700713416547417
32864,1,1,0.6387500033927364
43621,0,0,0.3764267466492467
60666,0,0,0.4847760695830167
57589,1,1,0.7920340313466484
11445,1,1,0.507104230000581
32281,0,0,0.4796838933077852
48838,0,1,0.5465977755515457
57080,1,1,0.5004090831242576
49967,0,1,0.6533043620411214
16584,1,1,0.5283185302650869
55872,1,1,0.5339279008713729
7752,0,0,0.44619699898188914
4391,1,0,0.4656089590626075
43251,1,1,0.563364413384951
47024,1,1,0.6966865568656351
16694,1,1,0.5144493544402448
49657,0,1,0.5201749053881961
40677,0,1,0.5676020123135874
15836,0,1,0.6142018624035647
44431,0,0,0.43833916960953073
33893,1,1,0.7253042294608314
47775,1,0,0.46519794142963894
37340,0,0,0.44245655177500554
3168,1,1,0.7801275754788357
36589,1,1,0.7049974218370394
20437,0,1,0.5722470786277474
41340,1,0,0.4406209068110394
7565,1,0,0.4686028042257678
17323,1,1,0.6140792999365009
35750,1,1,0.5630167850939901
132,1,1,0.6895625649722278
20556,0,0,0.483496143876703
55550,0,0,0.49254625379205086
4083,1,1,0.5660117950963632
41570,1,1,0.655968542337033
19598,1,1,0.5340928751439684
25446,1,1,0.5654555607125851
38460,1,1,0.5306887006815818
24717,0,1,0.5415904078984104
26035,0,1,0.5680585195748821
54202,1,0,0.4828725309412683
5323,0,1,0.5695372722787959
26332,1,1,0.6251971655734453
40480,0,1,0.5246919285208159
12059,0,1,0.5774631009876887
27491,1,1,0.5602993988422486
49492,0,1,0.5365235231636002
56215,1,1,0.5755237389213053
22009,1,1,0.5540750236175851
35077,1,0,0.4965545293242126
54271,1,1,0.519540881990264
42119,1,0,0.492811382029357
28901,1,0,0.4270739500732392
9989,1,0,0.33801312663330974
17247,0,0,0.45659123030741816
46529,0,1,0.5750684914698035
50516,1,1,0.5891964512743442
8110,1,1,0.6385492466354028
1341,1,1,0.577901992474614
20294,0,1,0.5291936398433427
40135,0,1,0.635075959570272
5001,0,1,0.5651076342989441
24908,0,1,0.5422723469485945
58840,0,1,0.6782329995549456
60136,0,1,0.5256888101400811
32494,0,1,0.7387663374522624
23888,1,1,0.5581182254517094
45735,1,1,0.509378096571099
54142,1,1,0.5809666657023176
19767,1,1,0.5143120105345198
9750,0,1,0.5534905269474323
41373,0,1,0.5939919968266262
33336,1,0,0.4534224757960172
42919,0,1,0.5886950873907191
44863,1,1,0.5111664005731715
10346,1,1,0.6168895565837592
54071,1,1,0.5000986732390156
43872,1,1,0.5836695192932106
32442,0,1,0.6023286098836966
12666,1,1,0.6481944837505992
48031,1,1,0.6431976365083045
15386,1,1,0.6062639576673956
59152,1,1,0.6991846566683699
55582,0,1,0.5032640492182798
8560,0,0,0.44052550168398447
52280,1,1,0.5044521098968044
21238,1,1,0.6078283667057143
48268,1,0,0.4839015559539112
18119,0,0,0.4324190584223722
16666,0,1,0.5875718869439215
23986,1,1,0.6036679638275129
9462,1,0,0.48323691111859707
20264,1,1,0.5232138633052749
203,0,0,0.4429038293093702
10333,1,1,0.5290969817052644
1777,1,1,0.6293526536855296
21139,1,0,0.476656206276647
24038,0,1,0.540623941110076
39845,0,1,0.5064333922278276
6631,0,0,0.4760494675980192
50935,1,1,0.7939909722252076
37018,0,1,0.6914365080377819
43398,0,0,0.2921269120948085
30851,1,0,0.4643102008779369
15003,1,0,0.4896317598359458
21911,0,1,0.5241922400976438
25474,0,1,0.6117095630903082
42142,0,1,0.585226442254566
26404,1,1,0.5773854074915206
60356,1,1,0.556739722147928
14485,1,1,0.5142262173467677
43158,0,0,0.4771391902010255
22347,1,1,0.5132278078729071
4170,0,0,0.42407711210370896
57051,1,1,0.5385349190296479
30682,0,1,0.5766189543718869
20160,1,0,0.4100295686794595
3507,0,1,0.6133560238609225
3395,1,1,0.6603503522778935
11432,0,0,0.4370855963636832
33024,1,1,0.730136273015366
912,1,1,0.5035788576932149
57867,1,0,0.34039313392338244
473,1,1,0.6191700497708177
8727,1,0,0.4921747913430234
54076,1,0,0.4336793356055336
44746,1,1,0.5681089083257597
7976,0,0,0.4860382333304392
58808,1,1,0.5010460400148408
44475,1,1,0.5334371865192967
54264,1,1,0.5647533340962336
41936,0,1,0.5777160864608814
37973,0,0,0.49418633855496447
3354,0,1,0.6444247282691391
7937,0,1,0.6862225540400745
21714,0,1,0.5706826914411112
39356,0,1,0.6520693635083744
25363,1,0,0.3572676041676563
48893,0,0,0.487554862826946
35573,1,1,0.7032091096587854
47881,0,0,0.4916800615913908
43049,0,1,0.7013411185696785
40975,0,0,0.4831975336274187
18202,1,1,0.6005411381460113
10704,1,1,0.5207245841510487
25769,1,1,0.6474056920058392
52681,0,1,0.7297534566295412
29085,1,1,0.5994787822148163
7511,0,1,0.6417506136488177
55942,0,1,0.5739710188719725
54522,1,0,0.4510932084729379
51406,1,1,0.518948753305524
60350,1,0,0.49558655108066785
27883,0,1,0.5888447485552788
60108,1,1,0.5374446425074587
53794,1,0,0.4973491062101425
56298,1,1,0.5526871363588173
22186,0,1,0.5282314423470953
50390,1,1,0.5924766612323588
4749,0,1,0.6165406159074912
43570,1,0,0.49169024262384525
3321,1,1,0.5022838419115762
58825,0,1,0.5677049255642637
52342,1,1,0.5635182514753485
10391,1,1,0.5051160897300535
58122,0,0,0.4966431536973966
38871,1,1,0.6062045618723356
47660,0,0,0.3736480873735774
14926,1,1,0.5080740516269442
7714,0,0,0.4343729278149122
18488,0,1,0.5995983404715591
22124,0,1,0.5226633614775896
49549,1,1,0.5384316963644258
18878,1,1,0.6366322796511403
47381,1,1,0.5342789175717281
43385,1,1,0.6749306002717316
49354,0,1,0.5407504328326312
31089,0,1,0.7014664984611385
23150,1,1,0.5008230263816477
30382,1,1,0.5245693361937329
6380,0,1,0.6477212576011074
29515,1,1,0.662091471020816
17052,1,0,0.3842771477621493
20541,1,0,0.4989790568430737
57405,0,1,0.6330203545717095
893,0,1,0.5832188213882609
41261,1,1,0.5742087600570942
57265,1,1,0.5701995936628662
44145,0,0,0.4995962148145721
18513,0,0,0.4738012142718302
56239,1,1,0.5175596570701615
29067,1,0,0.4927429674463618
12609,0,1,0.5905907011724414
40555,1,1,0.5486407490081427
7671,1,1,0.5876975330596469
56286,0,1,0.5791803758391986
19945,1,1,0.5058846994308887
23280,1,1,0.6091239100915974
11881,0,1,0.6149910074550451
2932,1,0,0.4337500738887678
7878,1,1,0.6947407133134672
38431,1,0,0.4684620631337307
26462,1,1,0.6655761163510323
53187,0,1,0.537755051036984
57216,1,1,0.5318749598805974
31123,0,0,0.49361501399968316
26813,1,1,0.5882212628768472
53170,1,1,0.6068100903053988
18184,1,0,0.38916389131583023
50320,0,1,0.7298280717131707
22841,1,1,0.596048110963822
35070,1,1,0.5499825134447639
20333,0,1,0.5339024727968287
28824,1,1,0.5814598589956259
25798,1,1,0.5368137608759855
40690,1,1,0.5767612879504805
22807,1,1,0.5609373869998011
33155,0,1,0.6281294346002313
58315,0,1,0.7370247750875832
26590,1,1,0.5851533145386462
5061,1,0,0.4842089848642338
8847,0,1,0.6292914239511819
24007,0,1,0.5501967464948173
27498,0,1,0.5739246341484878
19728,0,1,0.6338782044047883
3597,1,1,0.5806220816306973
47228,1,1,0.5927523975328092
13864,1,1,0.6569980288037933
31943,0,1,0.6107450363385226
10080,1,1,0.564681459754589
60829,0,0,0.2955828646644992
16446,0,1,0.5835019566691242
40779,1,1,0.585753905920005
51162,0,1,0.6644351587329494
21131,1,1,0.5746294222507314
37534,0,1,0.5890983101342867
46579,1,1,0.5338051927728139
54419,1,1,0.6591285397324022
57030,1,1,0.6373832837247402
53478,1,0,0.4126098108052254
17034,1,0,0.4927082974486546
26917,0,0,0.3181952768839662
15831,0,1,0.6495675031347716
1017,1,0,0.44436255882236464
9130,0,1,0.514856794423994
32898,0,1,0.5961595092055423
6572,1,1,0.553240826273823
26181,0,1,0.5709783288659125
34903,1,0,0.4931505175555894
20782,0,1,0.6001718046787958
38905,1,1,0.5229348728466929
15596,1,1,0.6836380904727192
55937,1,0,0.4871221223233115
47152,0,0,0.3913264673981886
29385,1,0,0.4338154296436405
9658,0,1,0.6231176498245552
12143,1,1,0.5329093678017912
48625,1,1,0.5520248449963334
42404,0,1,0.5588102496683469
9906,0,1,0.6966425063912582
9931,0,1,0.6323958284653883
6303,1,1,0.6435621035135746
178,1,0,0.4396696250300666
25365,0,1,0.5190304924976654
39499,0,0,0.48326449421656753
31874,1,0,0.3915192561804488
22205,1,0,0.4977132285874679
58637,1,1,0.5676210844982178
18208,0,1,0.5115338961907918
39922,0,1,0.5264112718667111
35919,0,1,0.6551258021302928
33344,1,1,0.5609073955264724
8442,1,1,0.6032469875032451
16514,1,1,0.5038786689923616
2428,1,1,0.6067393902465495
47330,1,1,0.5978859308414927
2382,0,1,0.5347704596911211
16646,0,1,0.6192932227616484
44437,0,1,0.5487629418038051
14982,0,1,0.5314598856130531
40858,1,1,0.6067470645908305
15838,1,1,0.5510539129393065
34180,1,1,0.508807242849113
36904,1,1,0.5687527100691147
27403,1,1,0.6596324463291623
43978,1,1,0.5929536719967242
29629,1,1,0.613751274838506
22677,0,1,0.6228610972715479
35350,1,1,0.5434898471387566
1653,0,1,0.6577930962898277
12615,0,0,0.4315622127744816
30688,0,0,0.39837074005157447
622,1,1,0.6326974105675425
12830,1,1,0.6596783729104218
41120,0,1,0.5190791758285591
41127,1,1,0.5665230626991022
53062,1,1,0.6043021536807098
57179,0,0,0.44488927569084014
16753,1,0,0.4881417992099124
24582,0,1,0.5635868730683162
29075,1,1,0.5795096077317436
9998,1,1,0.5572629872000854
23487,0,1,0.5241480134327696
38692,1,0,0.4980241902264027
28737,1,0,0.4963575429807077
8261,1,1,0.6200308824124743
27251,1,1,0.6706239723502102
12469,0,1,0.5117944457099654
41244,1,0,0.43317802373966346
14587,1,1,0.5859052842019608
21189,1,1,0.6209920351073983
11850,0,1,0.7143192740669853
8701,1,1,0.5553509047382931
19742,1,1,0.5845605128517558
40116,1,1,0.6029575357691577
27908,1,1,0.5286371105552975
51644,0,1,0.5477396005951763
50978,0,1,0.7183219802665555
15695,1,0,0.41069185870583974
45913,0,1,0.5188703724474242
54414,0,1,0.5027210406916993
32421,0,1,0.5780707266595811
38265,0,0,0.40564854096434905
6565,1,1,0.5439138542186991
35398,1,1,0.5604372074940197
15456,1,1,0.5589336388555263
41707,1,0,0.4240220101373898
56145,1,1,0.6002908883457363
5385,1,1,0.5328731001769873
31972,1,1,0.5106475070630476
14994,1,1,0.5711538470976775
36448,0,1,0.7247928491002437
35357,0,1,0.5906347315081405
50852,0,1,0.6538425487295508
6346,1,1,0.7202418337648395
10103,0,1,0.6473217606544341
50593,1,1,0.5882132205242813
48063,0,1,0.5439098577698466
7699,0,1,0.5780649898245305
59414,1,1,0.6380183818924057
14220,1,1,0.5002984807441353
54496,0,1,0.5641945665752569
4464,1,1,0.6105225388042748
49817,1,1,0.6078435247806767
14848,0,1,0.5722224081185956
27079,0,1,0.592819989183982
25322,0,1,0.5120563988080162
2321,1,0,0.3431224793760783
59064,1,1,0.6290897265851497
38683,0,1,0.5648509360246363
18663,1,0,0.47982994453715094
40386,0,1,0.5751248755006345
33521,1,0,0.4755474448710201
60141,0,1,0.6371049424528337
49073,1,1,0.5673307001192051
20698,0,1,0.5214745484877341
50437,0,0,0.44087801496586765
15121,0,1,0.6596267038790061
45183,0,1,0.5372954652029507
4407,0,1,0.5150853784571704
42401,0,0,0.3792118520565269
40789,1,1,0.5153758290426638
21949,0,1,0.5578419448351188
46797,0,1,0.6124198310448657
55922,0,1,0.5289013412509815
18594,1,1,0.6191728899256312
16429,1,0,0.3638488830805853
58940,1,1,0.654909995654382
52321,0,1,0.5187327522989638
53927,0,1,0.5920287133419276
9704,0,1,0.5898558381353898
5911,0,1,0.5204748063830613
27103,0,0,0.4947777221896429
32474,1,1,0.5819629589065175
50447,1,1,0.5165134410570886
37401,1,1,0.6100371529546732
43863,0,0,0.4414820263888942
34405,0,1,0.6642983075607668
49949,0,1,0.6978678098133885
48652,1,0,0.29109539440703314
54601,1,0,0.43446996835754115
8084,0,1,0.6349582620425717
7198,1,1,0.5201071921924042
12572,0,1,0.6313523881176273
18371,1,1,0.5627996793035169
4152,1,1,0.6495795594339229
42358,0,1,0.6102364744536781
7370,0,0,0.4733037067052665
44254,1,1,0.5015506973098139
30379,0,1,0.5053914086237564
45529,1,0,0.46438051947459036
41944,1,1,0.5333570805483929
20483,0,0,0.49660063455250897
1938,0,0,0.4849476243281709
24450,1,1,0.5591238774357179
51894,0,1,0.531171885468611
53377,0,1,0.6722132288400995
36671,1,1,0.5806458745394114
34489,0,1,0.7567733791753688
51096,0,1,0.523128258436046
34482,0,1,0.7138121144566305
53413,1,0,0.4854113469773452
48274,1,1,0.5410721342811154
15059,0,1,0.5447492635882539
34648,1,0,0.49756213337612865
30221,0,1,0.5834253750480718
6249,0,1,0.5105440204883024
38847,1,1,0.665459845223266
13572,0,0,0.48894710723564244
48327,0,0,0.46639552998925843
56655,0,1,0.5473658251054896
56854,1,1,0.6324292947757778
33454,0,1,0.5291677673097458
29082,1,1,0.5298615933804854
35292,1,1,0.6158707574435452
104,1,0,0.4819682124691614
11509,0,1,0.504526077036607
56990,0,1,0.5206388362968541
40589,1,1,0.512005179570173
9216,1,1,0.5370739931916743
9736,0,0,0.49396393387104887
14922,1,1,0.711988076758392
11001,1,1,0.6146963123989188
37078,1,1,0.5390739212862342
51655,1,1,0.6394256842012621
52800,1,1,0.5678185497385896
1328,1,1,0.5931989467451515
16250,0,1,0.5237830827313438
7926,0,1,0.5393289765948952
17638,0,1,0.6434160885654073
54803,1,0,0.4247008241317172
50024,1,1,0.6399315489685101
20911,1,1,0.5512039028931849
7747,0,1,0.6356611739787393
52545,0,1,0.586854435391436
5391,1,0,0.46432859245935687
20667,1,0,0.4672827135299515
30854,0,1,0.6343091342139069
48704,1,0,0.3836844904182839
60921,0,0,0.37940504740913156
52828,1,1,0.5019110965460224
54537,0,1,0.6251782102478591
40838,1,1,0.5484630732627169
42080,1,1,0.5341393225195631
46865,1,1,0.5027621004233316
5271,1,1,0.6831614421007776
37760,0,0,0.4892588099121406
11476,1,0,0.4970766348778433
22571,0,1,0.5242708223305038
42966,1,0,0.35092844424437675
58133,1,1,0.6082123834851513
7219,0,1,0.5228075913648303
57739,0,1,0.715350679346766
29708,0,1,0.544326441776175
43946,1,1,0.5237339844646312
34992,1,0,0.36097896801671675
26270,1,1,0.506343779337542
4574,0,0,0.4918145534936293
47938,1,0,0.43320835724221746
3905,0,0,0.47663906143745066
53332,0,1,0.5697440591778793
55230,1,1,0.687777473342366
49021,0,1,0.6073171552804273
5480,1,1,0.5993170045995408
47941,1,1,0.6018900370628664
42374,0,1,0.5459181768722504
46984,0,1,0.670080236435628
51545,0,1,0.6405348349921587
26156,0,1,0.587623166259843
29742,0,1,0.5594082263208658
53197,0,1,0.5863253284176557
39780,0,1,0.625969163763807
30429,1,1,0.5131353426984276
6454,0,1,0.5570937562116017
4630,1,1,0.5443039378519086
1360,1,1,0.6392907633395759
3212,0,1,0.6724669400187718
33540,1,1,0.5890606660741079
7795,1,1,0.6753459200812134
26500,1,1,0.5640259316335272
8952,0,1,0.6551133097202947
7194,0,1,0.6152676094687632
46490,1,1,0.5602714087140936
2111,1,1,0.6496974443725029
4904,1,1,0.6019442279459984
37139,0,1,0.6480332348374531
28278,0,1,0.5570580384187042
4629,1,1,0.6224641730108672
1586,1,1,0.6756437208607629
9520,0,1,0.5763319375933025
6525,1,1,0.5629366811119038
55192,1,0,0.4033136169755939
40305,0,0,0.4733848188027318
17241,1,0,0.4623858021626155
22872,0,1,0.597145738473902
16833,1,1,0.5902850109912953
50286,0,1,0.5833073276540215
610,1,1,0.6258582378015517
48447,0,0,0.33447441217422713
51962,1,1,0.5276406080933072
31243,0,0,0.49171281100740344
56181,0,1,0.5691675123208192
44867,1,1,0.6469196350196441
21027,1,1,0.5202414197983706
13700,0,1,0.6192474858839853
8263,1,1,0.581557406065761
17128,1,1,0.5616058182085341
41984,1,0,0.4796120944802334
3885,1,0,0.4870130793147651
7358,0,0,0.4354724950514963
43928,1,1,0.6363420394454727
52197,0,1,0.6805667882601389
8386,0,1,0.5038615055212992
48156,1,0,0.3167065827337325
22256,1,1,0.5762741791257191
58491,1,1,0.591681239119589
6342,0,1,0.6566068584829925
60413,0,0,0.48496460650964535
56680,1,1,0.510422685652704
28019,1,1,0.6122102539435328
52747,1,1,0.5388023363526009
38124,1,1,0.6541681087204726
60320,0,1,0.5500232500624813
34745,0,1,0.5410913945443783
46601,0,1,0.5241479217915604
43107,0,1,0.5719715609075989
2549,1,1,0.6524909304739274
22427,1,1,0.584831963349811
32752,0,1,0.5863371998408211
60155,0,0,0.39847474531337673
11845,1,1,0.7752369613261656
38525,1,1,0.6331518034245411
8987,1,1,0.577057447679984
51207,1,1,0.5147825204917099
56954,1,1,0.6192302161515689
54025,1,1,0.607246874208952
2335,0,1,0.5529727970575727
4568,1,0,0.4131737107059127
42575,0,1,0.6192514324605992
47569,0,1,0.6857302113479044
20795,1,0,0.46208538562024964
56471,1,1,0.6058698311668538
31792,1,1,0.6812734639974327
46968,1,1,0.6410528158472065
15285,1,0,0.44426899209210874
17284,0,1,0.5582603495874833
12399,0,1,0.5707038140576941
14175,1,1,0.5781496375998694
5456,0,0,0.49737315476182303
45075,0,1,0.5693938617301396
36997,0,0,0.4938085123981739
24518,0,1,0.5656107422236452
40428,1,1,0.604134592298614
3841,0,0,0.48125192852974585
22689,0,0,0.49041578145577136
47257,1,1,0.721907497246999
25993,1,1,0.5863035733833134
15534,1,0,0.4746649947681847
46461,1,1,0.5573559667927644
23618,0,0,0.39313695838298535
50968,0,1,0.5662978344085413
32422,0,1,0.5880621458999402
6933,1,1,0.5557941099054302
57450,1,1,0.5355601836171657
41338,0,1,0.6031263378268763
47635,1,0,0.4466966898159863
52427,1,1,0.5649478626685834
57812,1,0,0.23101007928348216
49621,1,1,0.5876091864695924
22725,0,1,0.6034861896293854
17580,1,1,0.715056193457629
5491,1,1,0.5962054410494944
24466,1,0,0.4794447098198603
52256,1,1,0.5312036954621441
36463,0,1,0.7541673705838257
35677,0,0,0.3876957763214848
52799,1,1,0.6806372223382389
56184,0,1,0.6626051105580337
7811,1,1,0.5644698969282111
60503,1,1,0.5292680313803403
52560,1,1,0.5983585437345217
39456,1,0,0.4428328984854453
9595,1,0,0.48195158653170866
7942,1,1,0.6995443353320125
32475,1,1,0.6249071218411291
21729,0,1,0.577917678703789
13177,0,0,0.43304291969036535
40123,1,1,0.5429094945058359
38941,0,1,0.691239879849924
6970,1,1,0.5471079652871439
19896,1,1,0.5755592200350934
40200,0,1,0.5639388497919562
25061,1,0,0.37479389374494154
34687,0,1,0.5414391323552856
55681,1,1,0.603881851223131
533,1,1,0.5472890413512144
36946,0,0,0.45580256959661775
2916,0,1,0.5771441941180977
46211,0,0,0.4662093625077265
16829,0,1,0.5749156020704558
12447,1,1,0.5873827808989688
32125,0,0,0.4982074040215492
32796,0,1,0.6263240116750287
54154,1,0,0.39499283684502984
54939,0,1,0.6306353681843389
48419,0,1,0.5002112150500095
26845,1,1,0.5663992475126763
58913,1,1,0.7150362104861009
42508,1,0,0.4821230892316261
49812,1,0,0.48418370680417133
41871,1,1,0.5072451654826932
4176,0,1,0.5995240412007196
28351,1,1,0.6450607948463362
34572,0,1,0.7251885257705695
7770,0,1,0.7104972037559175
23298,1,1,0.5354765031775174
23976,1,1,0.5134957519677761
32719,1,0,0.413048979787088
49057,0,0,0.4600113906389074
47672,1,0,0.43862733922858127
27894,1,0,0.4970481302231179
49887,1,1,0.6318671255990502
12865,0,1,0.5830847039079101
1588,1,1,0.6551128780560984
40722,0,0,0.4961000788776797
50740,1,1,0.5419060064709162
21218,0,1,0.5721200083139308
29158,1,1,0.5689333996925307
23840,1,1,0.51662490980485
9676,0,1,0.5895627182504047
2965,1,1,0.6496859152806965
35087,0,0,0.3504549475750513
55618,0,1,0.5664903500429368
59225,1,0,0.39133783617815543
28622,1,1,0.6721459115729952
56723,1,1,0.6801585496585076
4867,0,1,0.6571866467438785
10627,1,1,0.5910607552426961
10252,1,0,0.43351607021638777
32006,0,1,0.6606659009961794
50666,0,1,0.521741171985929
57566,1,1,0.6715457112737393
47620,1,1,0.6202645705847921
25099,1,1,0.577629421261825
35018,0,1,0.6674459183919865
5166,1,1,0.5145338254777921
32705,1,1,0.6502394930852019
15600,0,1,0.5134434301643478
51972,1,0,0.47328065310615264
20606,1,1,0.5459826190813538
59870,1,1,0.6246565214029913
46083,0,1,0.5149981610708586
19623,1,1,0.5496526384608833
26451,1,1,0.5874367158671272
51631,0,1,0.6254105557517612
23532,0,1,0.5618404379875205
29120,0,1,0.5814704400046367
12118,0,1,0.6425625351173526
8594,1,1,0.6208283058267505
37331,1,1,0.5551235734805706
52543,1,0,0.3980532758910024
1015,1,0,0.4849376073514995
5340,1,0,0.4362897274787167
43830,0,1,0.7116542845345616
22874,0,1,0.5315632377036215
10368,0,0,0.4098211263814245
6589,1,1,0.5450235993317274
52732,0,1,0.6809245058520901
20985,1,0,0.4288077878967662
55014,0,0,0.43760922608652364
56053,0,1,0.5661070396930219
39076,1,1,0.5615340689533954
20408,0,1,0.6837493839116751
25128,1,1,0.5643880888725645
16722,1,1,0.6161239671845146
4882,0,1,0.5682133370655812
4576,0,0,0.44037490990644257
56111,0,1,0.5566404490544498
39562,1,1,0.539269493273841
32942,0,1,0.5385675161786637
18475,1,0,0.44598039456963023
28693,0,1,0.5273634450861278
40018,1,1,0.5215702154528536
17205,1,0,0.45573335898077244
43350,1,1,0.6646187461140447
40849,1,0,0.453942898944998
33084,1,1,0.7383189857943161
49684,1,1,0.5361758981124037
12188,0,1,0.66414212018079
25048,1,1,0.5703809489568491
26868,1,0,0.4925614512518358
60429,1,1,0.5423180088137347
16887,1,1,0.6018888594373528
30115,1,1,0.5295811100893902
49829,0,1,0.6434586869390231
44593,0,1,0.671132163686655
6451,1,1,0.5012370400717383
7139,0,0,0.45820995626155875
56957,0,1,0.5495016583224044
48682,1,0,0.4966145379338481
56354,0,1,0.7166265685915412
40601,1,0,0.48393879823049624
58773,0,1,0.580282595019082
9598,0,1,0.5556069278748026
22628,0,1,0.5972915998002175
30719,1,1,0.6152732110619129
5860,1,0,0.472933505172201
55593,1,1,0.6150590300304777
51290,1,1,0.7216177515210467
17329,1,1,0.6463303056421382
33500,1,1,0.6116736221744474
30279,1,1,0.6106758649334381
13595,0,1,0.5665179426712539
34081,0,1,0.5172656867041087
56389,1,1,0.5226097571043169
21408,0,1,0.5383837027370363
23406,1,1,0.5357420920588875
40526,0,1,0.6021557329737425
3744,1,1,0.5163446244739422
678,0,1,0.5286261742993371
56568,0,1,0.5607438996330455
34988,1,0,0.43957835719076144
59083,1,1,0.7846166381749937
43117,0,0,0.41417290837422116
50259,0,1,0.5352902760283641
59450,0,0,0.4792522007833917
31085,0,1,0.506002346596305
7842,1,1,0.6471748397711511
54183,1,0,0.46069151001677944
31815,0,1,0.650760776761842
42143,0,1,0.5798835781573076
8779,0,1,0.5383819751490312
11410,1,1,0.5307016802911491
13099,0,1,0.7797841616199916
44002,1,1,0.6255631026199132
46055,1,1,0.6227449389950238
48677,1,0,0.43983278303894274
22105,0,0,0.49952388881916804
56096,1,1,0.5255156687656479
42134,0,1,0.7133077906774985
29744,0,1,0.5628702972131527
6227,0,1,0.5999354875722827
36393,1,0,0.46809752181542336
50567,1,0,0.4795994777945856
53186,1,1,0.578412675203454
12991,1,0,0.39149027584940727
48469,0,0,0.454749454207204
32275,1,1,0.5630656919304378
53188,1,1,0.5486621694528441
1683,1,1,0.6437796303028578
14847,1,1,0.5947667334108214
3443,0,1,0.5155467198024041
26048,1,1,0.5146915669359168
34726,0,0,0.4750073926047906
36261,0,1,0.5758172020382694
37837,0,1,0.5794416828110145
17548,1,1,0.6253455145976562
54769,0,1,0.585692469070387
31407,1,1,0.6989296919579074
18508,0,1,0.5900286022825781
12045,0,1,0.6315202831650671
14044,1,0,0.4427087042454736
58720,1,1,0.6033151584543224
48446,0,0,0.45327014390213416
60582,1,1,0.6282278735999559
35501,0,1,0.576300759914258
6349,1,1,0.5866453124381948
26318,0,1,0.5728125964025327
25940,0,1,0.6483273280561002
18234,0,1,0.5553108501551169
10472,1,0,0.4898495450313976
41726,1,1,0.513602274714707
7948,1,1,0.6625310830313899
18996,1,0,0.4262431097191229
12823,1,0,0.38491658316041366
27714,1,1,0.5005553863152418
32491,1,1,0.6384010153654424
39995,1,1,0.63090117584179
38960,1,0,0.4847078973220848
47520,0,1,0.5083268873697188
42679,1,0,0.4375217905075059
44553,0,0,0.46458002167963997
57382,1,1,0.5836381980296671
3662,1,1,0.5863203440473989
9662,1,0,0.4728622520541969
14786,0,1,0.5163580229793926
24419,1,0,0.4749424926830445
47646,0,1,0.5932190228796451
55968,1,1,0.5366440192059423
21343,1,0,0.4808246461417889
58344,1,1,0.6974832470008375
5070,1,1,0.5590253771489035
57618,0,0,0.1819435623049058
43437,1,0,0.4899799749719032
27817,0,1,0.5933573771707737
30314,1,1,0.654680166533764
43254,0,1,0.5316232363717979
59129,1,0,0.46467543364280756
12292,0,1,0.6162801275363663
37689,1,1,0.7292833692520599
60783,0,0,0.38909186718947536
28141,0,1,0.5530577250188409
40088,1,1,0.6259953044898025
2846,1,0,0.4597850938088807
48845,1,1,0.5822068747674226
7577,0,0,0.4914457906689891
48492,0,1,0.5314090222460601
35058,1,0,0.3354543501945708
43268,1,1,0.7003709634844811
44977,1,0,0.4487718010288452
23899,1,1,0.630900991813839
9286,0,1,0.6705486661770427
21072,0,0,0.4580783332641598
11342,1,1,0.6129776085774662
58260,0,0,0.4254554093645046
58689,1,0,0.4436560849469654
26789,1,1,0.5834639133488697
46643,1,1,0.512590663009966
41249,1,1,0.5220902466156319
7443,0,0,0.42627211410958055
3726,1,1,0.5471016800215424
32437,1,1,0.5752090883978057
4476,0,0,0.37853104802877025
59115,0,0,0.39137690635029104
25968,0,1,0.5318705367371432
24467,1,0,0.4626820360262881
48094,0,1,0.5604762197019768
30145,1,0,0.477899085698264
20798,1,1,0.6536881053733221
54734,0,1,0.5048838157511575
60816,0,1,0.503220303489973
59364,0,1,0.6779469602001091
52696,0,1,0.6938638116146099
3289,1,0,0.48448106087338016
39191,0,1,0.5980381830677804
21670,1,1,0.563385346461356
22956,1,1,0.5798940634690579
11791,0,1,0.5655519496244328
2620,1,0,0.4464967246739746
27847,0,1,0.5683569843786027
4334,0,0,0.4765311015544275
34753,1,0,0.49809453976144263
44784,1,1,0.5885697355069581
49395,1,1,0.501986218155542
50245,0,1,0.5538872293599132
26905,1,0,0.4778472240240256
32800,0,1,0.5093806805800948
31196,1,1,0.5575919886181796
41755,0,0,0.38197478275396113
33066,1,1,0.6513602255259161
9173,0,1,0.6463841882125577
46732,0,0,0.3972523438805816
26550,1,1,0.5586086304239323
50215,0,1,0.5537767392836968
2452,1,1,0.5289158300168821
10685,1,1,0.640410965747389
31395,1,1,0.5032137437969126
42398,0,1,0.5056061470487041
32004,1,1,0.6754709080650286
29205,0,1,0.584605283854248
13949,0,1,0.6186378596446059
37392,0,1,0.501522746052063
38695,1,1,0.5140334501548097
37927,0,1,0.5687918819961832
15290,1,1,0.6091813459725819
28536,1,1,0.6154419614231693
15461,0,1,0.6497403518507879
9387,1,1,0.6545350560479081
34207,0,0,0.4507630007556417
783,0,1,0.5083930147227522
56361,1,1,0.5922205349942988
7371,1,1,0.578272335234435
15307,1,0,0.4989302895726941
57793,1,1,0.5661612688244343
18618,0,0,0.4883028324556634
26379,0,1,0.518008066967385
48305,0,0,0.19483449352905105
2040,0,1,0.5336317662703014
1900,0,1,0.7286833851239943
43655,1,0,0.48878124783610183
44152,1,1,0.5167969412506374
8048,1,1,0.616818995660159
28112,1,1,0.6215941983665288
40985,1,1,0.5328294814253847
54786,0,1,0.506843144258001
38810,1,0,0.4995389743216024
53932,0,0,0.3779277435933945
4097,1,0,0.4535379710849994
46130,0,1,0.6749667021499317
35249,0,1,0.7206385304273231
37135,0,1,0.6010529355679634
48166,0,1,0.5707509465359842
11102,0,0,0.4667036374373048
53007,1,1,0.5290178144118296
8731,0,0,0.43817029908429844
46495,0,1,0.6244829613494793
59394,0,0,0.46907722822296066
1774,1,1,0.5731053273701522
17991,1,1,0.6080582192894916
22059,1,1,0.5204386621406702
4457,1,1,0.519741073971927
27305,1,1,0.5767242753055078
51364,1,1,0.5102032211521252
37517,1,0,0.475104284960885
55296,1,1,0.602542918749421
48496,1,1,0.5884266888172487
13365,0,1,0.6417819073829689
18439,0,1,0.5324525487923588
29103,1,1,0.5817259625045059
14646,1,0,0.4628231149443347
47930,1,1,0.5827076584656711
31553,0,1,0.5529817644573172
39028,0,0,0.46617513391904325
22231,0,1,0.5401744305598866
38727,0,1,0.6299533219422336
46077,0,1,0.5730002064778323
51796,1,1,0.5846910057006522
42832,0,0,0.30741588748519466
53449,1,1,0.5595707698802217
11238,1,1,0.6217311313033863
9316,0,1,0.5836434944240726
31129,1,0,0.37685878522963745
4798,0,1,0.5524084267004575
48412,1,0,0.4539308153600979
3225,0,1,0.6131412205003444
41079,1,0,0.4921360581225128
11774,1,1,0.6895167232597668
49755,0,1,0.5656493564839495
12142,0,1,0.5150454573555376
9529,1,1,0.590441298391848
28924,0,1,0.5925934830125176
49004,1,1,0.6109750105738828
12841,1,1,0.5810671059595759
57014,1,0,0.49039525335603307
52445,0,0,0.44745517372506394
49813,0,1,0.5383849634673932
16392,0,1,0.5984029610975417
45423,0,1,0.5146107349479976
56307,1,1,0.5461125717080901
25542,0,1,0.5701355632376347
12933,1,1,0.5776157748187023
20719,0,0,0.3222420785301418
54600,1,0,0.43304221270656595
23629,1,1,0.5057509486408798
11755,1,0,0.463519741082605
7623,1,1,0.5641148318787199
22580,1,1,0.5522335474262544
8068,0,0,0.49382178202265237
13400,0,1,0.7564201420809826
7981,1,1,0.707041000443105
16904,1,1,0.5686940252743803
23415,1,0,0.4439272813705004
57383,1,1,0.5012068582925127
8980,1,1,0.6490539669370023
9878,1,0,0.45897193166901085
9430,0,1,0.582626192886489
5114,0,1,0.532161574094394
9570,1,1,0.6314099065849961
14713,1,0,0.48529367975173854
28860,0,1,0.5003462751098334
23530,0,0,0.47355306212210513
32337,0,1,0.5462617064595696
31852,1,0,0.4504184887400749
39112,1,1,0.6479683787803762
53236,1,1,0.6094038032415078
30153,1,0,0.2679639949298807
60491,1,1,0.506836897895542
58670,1,1,0.554329721252697
8123,1,1,0.5918881224295539
21710,0,1,0.5662869566731539
31317,0,1,0.521105519102505
37957,1,1,0.6751775395339342
6075,1,1,0.5975810206505067
7452,1,1,0.5571127101322003
1260,0,1,0.57968181480239
52623,1,1,0.5251028992895991
50521,0,1,0.5664364216990557
5206,0,1,0.5475390236272757
25479,0,1,0.5569165414756359
2634,1,0,0.4803885757702156
11694,1,1,0.6729135611818989
50970,1,1,0.6009468044377975
23684,1,1,0.5619428043528351
52060,1,0,0.49642078885473334
22563,0,1,0.5005407692020001
45570,0,1,0.5376275857259235
46054,1,1,0.6892785491136005
45938,0,0,0.4129712201705512
21406,1,1,0.5503351778269358
49237,1,1,0.5332173026585135
44802,0,1,0.5404727626501853
51613,1,1,0.5064321041274321
32943,0,1,0.5187013318563076
26297,1,1,0.521931533961798
16381,0,1,0.5020135241308986
53165,1,1,0.5203401851261875
872,1,1,0.5228247109159624
38751,1,1,0.5031423901086959
25925,1,1,0.5063186346616554
54051,0,0,0.49737288582082945
45695,0,1,0.7045299540137947
28964,0,1,0.5649008585324533
33943,1,0,0.4197427400665317
33113,0,1,0.7693766706765587
40488,0,0,0.47023885477604715
4713,1,1,0.6538170737727291
48222,0,1,0.6466169892140315
49080,1,1,0.5478133876736081
50709,1,1,0.5271137743899462
49617,0,1,0.5049114502632794
27775,1,1,0.5477782329093754
40263,1,0,0.4720710909861257
2592,0,1,0.6177460978650748
60431,1,1,0.5478471660836043
13702,0,0,0.3954720520634978
58849,1,1,0.5684544317634649
42369,0,0,0.48975902951083616
25631,0,1,0.5261023183134449
35093,0,1,0.646876825750882
26090,1,1,0.6895707118535648
2899,0,1,0.5385927952476449
10387,1,0,0.40664822100180203
25126,1,1,0.6383966221882205
10767,0,1,0.5882378058609232
3154,0,0,0.35124612055646615
46635,0,1,0.5017109730921786
58117,0,1,0.6294428078673523
58049,1,1,0.7306927252600223
3069,0,1,0.5707668360481307
10946,0,1,0.7128100772459578
41568,1,0,0.4557389809635054
46527,0,1,0.5652117112303024
9435,1,1,0.6259205906876925
25724,0,1,0.6515702290108585
51488,1,1,0.6544286925151682
16592,0,1,0.536252006508907
48157,1,1,0.722327493850629
26351,0,1,0.5275612052832377
39275,1,1,0.5770614588039042
43133,1,0,0.4593827637667892
10629,1,1,0.6350963707517335
25429,1,1,0.5748941490499027
39322,1,0,0.4013280931931416
21584,1,0,0.4616657957735235
7032,1,0,0.4848146034927799
2687,1,1,0.6786535483662435
137,0,1,0.5156313791330763
15158,1,0,0.4736667049474772
26479,1,1,0.5853797679808833
57021,1,0,0.4946069942890191
19570,0,1,0.6401380131030661
30713,1,1,0.6549313774365821
35761,1,0,0.48917990798032646
28381,0,1,0.5443644766768867
28086,1,1,0.5919318253564475
10378,0,1,0.5300210649434954
43163,0,0,0.30707866159623587
44149,0,1,0.6034765921434313
59458,1,1,0.5092540353841829
20024,0,0,0.44785420093272177
43129,0,1,0.7394918469764851
15533,0,1,0.5776810816784063
37238,0,1,0.5038958032475859
348,0,0,0.4705579791501416
15190,0,0,0.4355488262929956
41017,0,1,0.5114316027308213
36710,0,0,0.48598121127307214
40408,1,0,0.41799317433553895
38764,0,1,0.5027897794101633
22627,1,1,0.5638114529431753
51425,1,0,0.4798029291091261
33005,0,1,0.808525036732659
20671,1,0,0.4830387826645685
59085,1,1,0.6271273930936488
54856,1,0,0.46599005426756857
31446,0,1,0.5451185028706456
11258,0,1,0.5560315804463729
34559,1,0,0.4839278260402003
46522,1,1,0.5787007611565211
2902,1,0,0.40092710680460636
31315,1,0,0.4995271839620559
5915,1,0,0.43066031382013953
59028,1,1,0.5156206223737483
10122,0,1,0.6243352841722618
36067,1,1,0.6681813027597184
16797,1,1,0.5103716811117881
55141,1,1,0.6510168151189599
58902,1,1,0.6132167289687591
2700,1,0,0.44166138866735116
35424,0,1,0.5541255699532431
39628,0,1,0.6970717812952358
28413,1,1,0.6456698757029433
47271,0,1,0.5643197205253332
40834,0,0,0.38725977917247323
34708,1,1,0.6619811320417774
55748,0,1,0.5732608582157088
41247,1,1,0.5588074479881794
41232,0,1,0.5404734770043853
36644,0,0,0.3891810302368613
55540,0,1,0.584839799215944
53014,0,1,0.654783832338895
33117,1,1,0.6262040829543553
17816,0,1,0.5038718800631784
4441,1,1,0.5666472976779051
58358,0,1,0.691958011588913
4853,0,1,0.5504131008722005
53753,0,1,0.5102106766826711
38707,0,1,0.5456686789012641
15688,0,1,0.5471127437523665
12648,0,1,0.5706175459452973
40114,0,1,0.5482011600883363
30215,1,0,0.48690161914715113
40871,0,1,0.506607748823756
32619,1,1,0.5953974073693353
16629,1,1,0.5644401588461933
22315,0,1,0.5484005417729491
50166,1,1,0.5513253223073273
31112,1,1,0.6124532832479123
18911,0,0,0.45259652482933577
15634,0,1,0.502947273860369
53288,0,1,0.586921789099216
3401,1,0,0.4769559261973011
52881,1,1,0.7178774201016007
23915,1,1,0.5199690174179902
8582,1,1,0.6473080574410767
35393,0,1,0.5381343159941059
9630,0,1,0.6697184222337417
539,0,1,0.6703234303841272
51732,0,1,0.5799682769314876
34247,0,1,0.5088339517388195
35970,1,1,0.6020511748746984
50884,1,0,0.493865433848678
56417,0,1,0.5786330464249935
49863,0,1,0.7191578956728254
37580,0,1,0.6961129376639786
21899,1,1,0.5416735838265874
5446,1,0,0.429914750934685
15283,0,0,0.43815845328675257
12241,0,0,0.42911808745158736
43413,0,1,0.713246959909489
60649,0,1,0.5635750662624653
34878,1,0,0.47283438279363565
41646,1,0,0.4904274617087222
39619,0,1,0.5216926811776552
21545,1,1,0.5848447877784542
51797,0,1,0.6161605238289422
4494,0,0,0.41352858385974595
43613,1,1,0.6543592304973299
23691,0,1,0.5852710880082013
51452,1,1,0.535624414901506
13827,1,1,0.6497975856087482
20436,1,1,0.5950815764215673
14407,1,1,0.6748121014785491
25492,0,1,0.7184226307507897
44913,1,1,0.6933791822161993
24151,0,1,0.6378919251646274
6338,0,1,0.6558832195262788
14846,1,1,0.5244817725095927
28949,1,1,0.5987174146238643
26814,0,1,0.5917594849358019
25352,0,1,0.5716407867405071
34428,1,1,0.6653824451066714
55129,0,1,0.5571232669098017
30911,1,1,0.5987351104474556
56798,1,1,0.5157147643466287
53869,0,1,0.6474196977043586
55316,0,0,0.41781862750151366
12396,1,1,0.5193722166962702
48116,0,1,0.6692426024059843
23360,1,1,0.5576901533277915
46696,0,1,0.545214313463998
8236,1,1,0.5199346121454347
22864,1,1,0.5764161316757236
45966,0,0,0.42286606803758287
3106,1,1,0.8305830049329979
2546,1,1,0.5419711764000232
40782,1,1,0.5423885292588301
8536,1,0,0.4986600917002212
18496,1,1,0.5715613980941343
44756,1,1,0.5714646123881589
31137,0,1,0.5241759838028515
30602,1,1,0.5268855872652156
3526,0,1,0.5096946803748398
20370,1,1,0.5555574683451738
51087,1,1,0.5936384500219892
59958,0,0,0.39269488969486444
51384,1,1,0.571403917710297
3005,0,1,0.6516358622628029
58325,0,1,0.6586672852555374
57600,1,1,0.751799873630279
39055,1,1,0.6100283195416089
34497,1,1,0.5502072593817321
35751,1,1,0.5631372706757272
3861,1,1,0.6932950239226734
16757,0,1,0.6156492702019392
53028,1,1,0.7814377049687208
24254,1,1,0.6143985988882625
20913,0,0,0.42100724378755777
39968,0,1,0.5200174456809759
17391,0,1,0.5751759345819366
5228,0,1,0.5470600299609468
26230,0,0,0.43413983065525386
59022,0,1,0.6811657499799948
4732,0,1,0.5753743592737969
12412,1,0,0.4643627412975689
18156,0,1,0.6007748068846258
7195,0,0,0.4389693234684207
40676,1,1,0.5357999633322773
31693,0,1,0.599289531221713
31811,0,1,0.612605080810481
7646,1,1,0.5047792130517395
31678,1,1,0.5416976723932817
47626,1,1,0.6046118978480286
43217,1,1,0.6276837612047733
27374,0,1,0.566646650282408
15804,0,1,0.5791943932007592
36868,0,1,0.6474257319969732
2867,0,0,0.2457889490719645
44301,0,1,0.5752006915982782
24298,0,1,0.5628255694239326
19879,0,1,0.6086776378113259
47366,1,1,0.7154808139237505
36046,1,1,0.6544019534339661
32046,0,1,0.7650115655604098
5662,1,0,0.48018266034874046
21117,1,1,0.550951585307892
54941,0,1,0.5708726710155384
46014,0,0,0.4438917347336339
8814,1,1,0.6747058813266
9558,1,0,0.45416129917670894
59181,1,0,0.490326069417508
4008,1,0,0.4784225157440379
46733,1,1,0.5415091525469711
4225,0,1,0.6871812990703046
30816,1,1,0.5297655103725433
31679,1,1,0.5490972154610376
48347,0,1,0.6682381508777123
26218,0,1,0.5268530496099693
2897,1,1,0.7102591328890191
39791,0,1,0.5486154390199496
28240,0,1,0.6564787702051464
58580,0,1,0.6194367299123072
60900,0,1,0.511120473664105
30690,0,0,0.4898050410897645
14408,0,0,0.326842962149004
6022,1,1,0.6155738290530404
27294,1,0,0.4929596239137414
31820,0,1,0.5448062198372021
19427,0,1,0.5866717072589245
4459,0,1,0.7659657612944872
14886,0,1,0.5706837763538469
34097,1,1,0.6724998043499174
11423,1,0,0.43492371413575165
60352,1,1,0.6482288827748378
38033,1,1,0.502559749154292
56033,0,1,0.511531966808665
5777,1,0,0.4866842282206416
44931,1,1,0.5816703354425733
34374,1,1,0.5703265301013386
46347,0,1,0.5961306742015184
35669,1,1,0.5378875222835463
25852,0,1,0.6627229888363475
34880,0,1,0.5399644318225306
16819,1,1,0.522099293401548
4352,1,1,0.7566375242971543
451,0,1,0.7212584355704083
18222,1,0,0.4887150645821092
38858,0,0,0.4959023922827447
28504,1,1,0.5726982540562705
12123,0,0,0.46491859056568535
41540,0,0,0.37731241051043946
16928,1,1,0.6119546498676945
20010,1,1,0.6422099364349181
12697,0,1,0.5195042036280985
32483,1,1,0.7496614076857476
34440,0,1,0.6121635713505156
47204,1,0,0.48283645690564775
28677,0,1,0.554185622708135
2057,0,1,0.599105006476253
13539,0,1,0.506982176032454
39844,1,1,0.6415459273007678
12649,1,0,0.45017707757374703
59466,0,1,0.5136606708106507
41527,1,1,0.6140392632284144
35084,0,1,0.6977078646859399
18494,1,1,0.6873914993928668
3044,1,0,0.3571876579717303
57809,1,1,0.6849326656837359
60432,0,0,0.49362284909569676
43438,0,1,0.6054451449176452
12443,1,1,0.5423306848033624
22380,1,1,0.5586801923607061
14252,1,0,0.48714796595467486
31604,1,1,0.6662976696537561
49248,0,1,0.5121300041061025
4849,1,1,0.5949000329838988
32433,0,1,0.5999189508881922
44457,0,1,0.5692760363861616
55167,1,1,0.6465999131151337
25320,1,1,0.715179013075915
9871,0,0,0.4941055059414646
58042,1,1,0.5543949581218413
8485,1,1,0.5630637800319037
23953,1,1,0.5363789480444063
49451,0,1,0.5227554992889094
113,0,1,0.6738288181480513
18546,1,1,0.5338672262150017
15482,0,0,0.4968428114471295
26802,1,1,0.6162228805037856
6811,1,1,0.6137451052151746
14054,1,1,0.6171283933490905
16546,1,0,0.47121946925550345
44257,1,1,0.5501985520052923
33334,1,1,0.5313121029488744
18254,0,1,0.6938998845291109
11889,0,1,0.7351050284693454
48473,1,1,0.5044058289078103
56017,0,1,0.6060756541402086
27192,0,1,0.5950509738692318
55034,0,1,0.6272037419094161
11752,0,1,0.5009308427128216
52776,1,0,0.47337628099909024
57271,0,1,0.6441457941289727
31522,0,1,0.5932955900707519
49702,0,0,0.45022629942060005
44785,1,0,0.42688400215635824
88,0,0,0.43795311387750246
9258,0,1,0.5287017097550522
35594,0,1,0.5305884140489384
1716,1,1,0.5321965736552301
50758,0,1,0.5398775315155682
59797,1,1,0.5353552089333735
1156,0,1,0.5718096349075636
27094,0,1,0.5430239610690883
14769,1,1,0.5587500159730131
43951,1,0,0.4741265738765218
14978,1,0,0.47687828710947455
18737,1,1,0.5132792393448858
13489,0,1,0.5381391608642612
24354,1,0,0.4348311694718621
48861,1,1,0.5352337843039072
14821,0,0,0.49926495546579935
34398,0,1,0.6193729521614655
57572,1,0,0.445703679244928
21992,0,0,0.49414032016369774
37016,1,0,0.474912971205774
26415,1,1,0.5465863527907296
14257,0,0,0.27736666281647454
4961,1,0,0.47202425795269365
59192,1,1,0.7513051931182098
10986,0,1,0.6221068050312458
28121,0,1,0.6191279864216996
59391,1,1,0.627122055406376
54214,1,1,0.5883622580695103
37874,1,1,0.5870709178800242
29523,1,1,0.6277364250514111
17898,0,1,0.5406777729273263
49834,0,1,0.5751034379615144
13483,0,0,0.36413005525722975
3855,0,1,0.6093078702497524
35584,1,1,0.533113831125066
29491,0,1,0.6122747325395537
44268,1,1,0.5963938239948148
16110,0,0,0.4226336751356941
41200,0,0,0.4854867107130776
35196,1,0,0.46456094164401335
53250,0,0,0.49720413469697633
21942,1,0,0.49359050100465146
52614,1,1,0.8362720763022865
15007,1,0,0.4345518022374896
20484,1,0,0.43290061416470416
52094,1,1,0.554774766717979
48529,1,1,0.5185324675288412
29569,1,1,0.638724644324171
23577,1,0,0.4520033070552897
54610,0,1,0.6173884643145926
24653,1,0,0.4325428536117156
48264,1,1,0.738118151442505
57788,1,1,0.7752020914305102
29139,1,0,0.443976979316603
14717,0,1,0.5755412878709137
46175,0,1,0.5258502980949751
18572,1,1,0.5581385278924971
54366,0,1,0.5521901110949805
46056,0,1,0.5392181988951067
51239,0,1,0.5281862618250711
22513,1,1,0.5356244836675572
46576,0,1,0.5846545167726078
10883,0,0,0.4541385751236577
9369,1,1,0.5869251621059024
46374,1,1,0.5496047172185068
11644,1,1,0.5177795167956618
34601,0,1,0.506222428602072
48558,1,0,0.3440525150789923
22283,0,0,0.4481732704762489
10110,1,1,0.5676475716927686
49643,0,1,0.557271940651363
21030,0,1,0.545968786207511
14833,1,1,0.6862992418507534
29718,0,1,0.5480495014625006
55725,0,1,0.5431396675579104
31515,0,1,0.6074851840870004
49435,1,1,0.5664896367547811
46284,1,0,0.4673612896059624
933,0,1,0.5740644230284399
56008,0,0,0.4978765507490908
52996,1,1,0.5488963936788367
48693,0,0,0.48678484240248465
16943,1,0,0.4182737517752897
43205,1,1,0.6374085055533333
18968,0,0,0.444797877794402
33805,0,1,0.628828396091373
23007,0,1,0.5940420385445226
34140,1,1,0.6403451251183987
7578,1,1,0.6037787795123516
35621,1,1,0.6123536611340445
46658,1,1,0.6074860011512082
39423,1,0,0.4560201802090447
38593,1,1,0.5700993091318826
6759,1,1,0.52437818188472
30919,1,1,0.6206183488883962
22704,0,1,0.5642354549104528
514,0,1,0.5159598457111155
133,1,1,0.6585679460125788
30922,0,1,0.5091851940403654
13028,1,0,0.496219444736451
19932,1,1,0.5381010147813248
34989,1,1,0.5443429147052332
46451,0,1,0.5668312603706083
22901,0,0,0.45371729259462457
59388,0,0,0.4448334056829346
10759,0,1,0.6056951407460239
58981,0,1,0.6727014642657092
54619,0,1,0.5952619441606771
11031,0,1,0.5597558964975409
6066,0,1,0.6228643148562452
3393,1,1,0.6543033216901903
53832,0,1,0.537436345237905
28166,0,1,0.6415010964894691
45956,1,1,0.6319347435488826
33725,0,1,0.5618126650734374
21904,0,0,0.4358769075490796
55954,0,1,0.5249006684323161
18734,1,0,0.4902647335151641
29562,1,1,0.545414699031028
8162,0,1,0.5146159448769331
18693,0,0,0.35143387761360295
37711,1,1,0.6303986321294258
25306,1,0,0.4618652734078728
8487,0,0,0.48637334764739143
60020,0,0,0.40897837578452845
60733,1,1,0.6202925554915786
23815,1,1,0.5544929180296759
52971,0,1,0.7000271637870157
50120,1,1,0.6303926356245932
28629,0,1,0.5729663798912912
52740,0,0,0.41673231229481084
47252,0,1,0.5348149759394211
49458,1,0,0.49954271714394094
30861,1,1,0.5423047648894199
30857,1,1,0.5700087253563066
43073,1,1,0.6877939542316425
25879,1,0,0.4240412549377246
6392,0,0,0.49431046027409176
57528,0,0,0.35889415543540415
51421,1,1,0.583091433141262
32085,0,1,0.5419622349656456
34646,0,1,0.5260993970134717
55288,0,1,0.643633685479521
23822,0,0,0.49879193900001867
10292,1,1,0.5525386159891515
28548,0,1,0.5080997823092623
42835,1,0,0.44587720352167826
24475,1,1,0.6048064637239706
44677,1,1,0.6301338262676538
29728,1,1,0.5080089425452328
13380,1,1,0.7704353158360949
15753,0,1,0.6234616211030862
1704,1,0,0.4768427024553705
46681,1,1,0.7547294100184563
28394,0,1,0.5168029981990407
34244,1,1,0.6090294584866148
17772,0,0,0.4956208821008141
8802,0,1,0.5499795515069252
1274,1,1,0.5189738304777407
55745,1,1,0.5018533578968626
59367,1,1,0.6979314235513608
11490,0,1,0.6313216697883643
33644,1,0,0.49480704929107716
38972,1,0,0.4837159998883782
36279,1,1,0.6563402064586196
32566,0,1,0.6519579424042726
25593,1,1,0.7051998317530824
31398,0,1,0.5543442390668321
39646,1,0,0.4721988438865653
3889,0,1,0.6763590962466169
16351,0,0,0.4808917391727159
33598,1,1,0.6497800046181359
3909,1,1,0.6357857330828812
8839,0,1,0.6701612813918831
21677,1,1,0.55625925022119
56757,0,1,0.6260393155563269
29995,1,1,0.5405052585893179
46878,1,1,0.6651807363023491
57203,1,1,0.5655825487166689
25166,0,1,0.5908708446736771
9134,1,0,0.4643184949397604
51243,1,1,0.5167306610006621
33899,1,1,0.6825244343699406
18782,0,1,0.5728736822992588
25119,0,1,0.6236630960368635
46087,1,1,0.5849688452232368
32885,1,1,0.5934221746327457
33029,0,1,0.6116989337578539
24943,0,1,0.5109294842251777
57100,1,1,0.5721248215907112
30914,1,1,0.5379427716071292
7548,1,1,0.5204599887628674
25732,0,0,0.49239602017545697
47823,1,0,0.4817357426109838
23909,1,1,0.5234215069075403
59239,1,1,0.5970470311414608
42362,0,0,0.33216735052124946
35109,1,1,0.6722010690753842
819,1,0,0.48358059971669687
43644,0,0,0.49740699360544355
53049,1,1,0.5096463830347016
19787,1,1,0.5428445083703843
60064,0,1,0.5633502340477619
8593,0,1,0.6287290076055437
20013,1,0,0.4736814845990083
27157,1,1,0.5026993884709895
47088,0,1,0.5244442118572892
33433,0,1,0.6423290712167143
9887,1,1,0.5001265609486031
2041,1,1,0.6714564331062921
47966,1,1,0.5098526508189336
43228,1,1,0.6187970470157623
6962,1,0,0.46668603327443975
57682,0,0,0.3890762013070085
46571,1,1,0.5795482010169369
60590,1,1,0.5436350194811584
58811,0,1,0.599312357782093
39065,0,1,0.5897146585041129
2760,0,0,0.4139279995437298
8309,0,1,0.5729722855678272
47670,0,1,0.7360708187567804
46184,0,1,0.5102779876809891
5220,1,1,0.5153745437198707
52520,1,1,0.614429120703348
14214,1,0,0.48095788602375533
46028,0,1,0.6422615631984447
42261,1,1,0.669265225388401
44005,0,1,0.5487624085289431
38962,0,1,0.6730630959858808
28028,1,0,0.47691643877722323
56198,0,0,0.40139194241153475
59074,1,1,0.5728803929343484
8667,1,1,0.6737062130946615
35937,1,1,0.5086266450517276
3143,1,1,0.5524519571948618
26125,0,1,0.5540862388337342
46668,1,0,0.4212371280933085
31267,1,1,0.5314237114563953
7764,1,0,0.3708654016943153
46080,1,1,0.6274587155842353
56074,0,1,0.5516278721116756
21496,1,1,0.5502064068593872
21304,0,1,0.5572179554078359
24679,1,1,0.6448283800835023
29426,1,1,0.6004540930808738
2461,1,1,0.7698882638962598
35078,0,1,0.6201600664452489
31359,1,0,0.4300661590731744
537,0,1,0.5322185898766386
27646,0,0,0.4386566997722091
52390,1,1,0.7266368194202555
20458,0,1,0.5234032921489599
60008,0,1,0.6119801760599828
18111,0,0,0.4745683829723953
26087,0,1,0.6016744789940561
40492,0,1,0.6096241537260362
24100,1,1,0.6069908973390483
7298,1,0,0.4105005539818268
41963,0,0,0.4526529608571467
11536,0,0,0.43079607745986465
899,0,0,0.41476449920954184
21125,0,1,0.6272101913828357
58663,1,0,0.42467153558951615
20839,1,0,0.4581909132582775
18500,0,0,0.3947608565713539
27268,0,1,0.5505980855103371
29322,1,1,0.5434524209934384
55456,1,0,0.4667728482521289
45866,0,1,0.6743790918753523
31001,1,1,0.6374854442713868
5366,1,1,0.6187744836152231
8876,0,1,0.7790080318469331
2733,1,1,0.6104711643575186
40493,1,1,0.5028737464115803
48817,0,1,0.563703789594241
14888,1,1,0.5831097691741748
27863,1,1,0.5231755683718542
3747,1,0,0.45011504224240473
11626,1,1,0.611613522558808
19724,0,1,0.6698273360041322
30400,1,0,0.40548998671145425
30636,1,1,0.5056354674716355
1220,1,1,0.5046059049450278
57993,1,1,0.6219734597532023
54657,1,1,0.5178178840097987
51135,0,1,0.6252377783432608
9247,1,1,0.5404553079033327
20516,1,1,0.5688238149489393
24335,1,1,0.5380839785187872
21874,1,1,0.5991956565417387
47972,0,1,0.5913055015620329
32390,1,0,0.4717902210334237
22915,0,1,0.5378312949925997
11624,1,1,0.5385155168069695
58923,1,1,0.6782199837784656
642,1,1,0.5351915283360416
44983,0,0,0.4597667061863598
57824,0,1,0.616432970276928
29203,1,1,0.6044751071299993
11565,1,0,0.4283447625467206
51464,0,1,0.5477241547768026
31406,1,1,0.5016031948602625
43472,0,1,0.7881903163518723
25270,0,1,0.5643484514719116
40293,0,1,0.5631351556935378
47555,1,1,0.611494763408622
49711,1,1,0.5188974351194217
53761,1,0,0.4817862170868731
1941,1,1,0.6311036489448952
26716,1,1,0.5346463248673963
31653,1,1,0.5377090619800251
21265,1,1,0.5370515162863421
1916,0,1,0.599119498764986
7993,0,1,0.5243271486511206
50808,0,1,0.5088687808477684
45066,1,1,0.618309335835436
19234,0,1,0.5427965267167683
52507,1,1,0.5177961832599438
27530,0,1,0.5400800817168716
44997,1,0,0.49086248180343034
44092,0,1,0.6154277941412565
58679,0,1,0.6271971807740755
42429,1,0,0.45990390446615514
44989,0,1,0.6571209300279922
34676,0,1,0.5805650375131474
298,1,1,0.7328935802520488
46394,1,1,0.6083191704028432
41216,0,1,0.5985848190420132
6134,0,1,0.7286709951001029
20599,1,0,0.47077231073473025
57398,1,1,0.5902032329457204
1212,1,1,0.623100805291602
13893,0,0,0.43856814229853297
9262,1,1,0.5701578511015543
53612,1,1,0.678419460621263
54086,0,1,0.503202324095961
53700,0,1,0.5574150643710604
21351,1,1,0.5807035010371687
46494,0,1,0.6388655297162943
24830,1,0,0.48072633101902035
41508,0,1,0.709572885694141
42982,0,1,0.6539183356733069
54229,0,1,0.5952526306481435
13251,1,1,0.5278778612523332
6203,0,1,0.6486791142045297
25461,0,0,0.4961152813706898
27002,1,0,0.46766107347038927
52022,1,1,0.6110163814663884
5044,0,1,0.5856306553245577
41926,0,0,0.34833454061965524
35467,0,1,0.5394461615775094
9409,1,1,0.5167788421809237
31390,1,0,0.4465313641884524
13237,1,1,0.7574914958989792
52425,1,1,0.6204483251938803
8566,1,1,0.59203112911402
9446,1,0,0.4936771504633579
56556,0,0,0.49947406026097746
38520,1,0,0.4908113280443764
18704,1,1,0.5245326345973662
2979,1,0,0.40591401878619726
127,0,1,0.5784017645407183
41740,0,1,0.5404921123060128
32545,0,1,0.5417346478477182
46197,0,1,0.5291549894349615
38281,1,0,0.31940850402364346
41732,1,1,0.5399626404844037
53815,0,0,0.45753612865489596
24522,0,1,0.5655393802609854
57521,1,0,0.2755402742508422
43639,0,1,0.7931901986947467
30282,0,1,0.665459678736786
1317,0,0,0.49586066743867896
44420,1,0,0.452531792642677
41100,1,1,0.5190499475917036
13421,1,1,0.5469333980820655
26995,1,0,0.4003704342063981
55168,0,1,0.6166572531855692
58506,1,0,0.4910041810478446
40625,1,1,0.5549143894731631
49889,1,1,0.5862569076228229
44758,0,0,0.4695981261809814
45729,1,1,0.5476049048704897
5432,0,1,0.5578617794944284
57373,1,1,0.5180209480829294
286,1,1,0.7224899026745929
28440,0,1,0.551782997085456
47445,1,1,0.5647591345625337
29815,0,1,0.6133570364441299
705,0,1,0.5646134257326704
496,0,1,0.7022066723608608
34372,0,1,0.6010394262073547
33525,0,0,0.45701920931874446
45950,0,1,0.5514847780484754
52192,1,1,0.5954348461434761
43824,1,1,0.7141108649063043
39113,1,1,0.6889068706836408
15247,1,1,0.7052297822804457
17488,1,0,0.4485665543286192
51621,1,1,0.5580737609783504
25862,0,1,0.5253186370590575
18426,0,0,0.4046677861615474
28529,0,1,0.5239484199974973
30168,1,1,0.5938553185698756
59703,1,0,0.450214743399288
30572,1,0,0.44766828337529113
21177,1,1,0.5958411127228056
47003,1,0,0.4398646200321386
45647,1,1,0.5427324702977895
55499,1,1,0.5839347476128247
59565,1,1,0.5763705219843253
570,1,1,0.6060077501692362
60566,0,1,0.5050758898131397
35653,1,1,0.6478587974157913
28017,1,1,0.5574540381760277
57042,1,1,0.5177506353218648
42511,1,1,0.6020980943735295
57343,0,1,0.6048457043423582
32896,1,1,0.6573042622013736
16195,1,1,0.5979000556287756
39484,1,1,0.5791531837310245
13437,1,1,0.6950331404307951
20105,0,1,0.5547259828791241
44876,0,1,0.668853315403793
42350,0,1,0.5155357887950193
23132,0,1,0.5558492182148952
11109,1,1,0.6172882163703199
60787,0,1,0.6502789924682492
39596,0,0,0.4966496039628756
42822,1,1,0.6141863035818403
14991,1,1,0.5107707762822117
49285,1,1,0.506126057063678
37754,0,1,0.5818102100169955
24643,1,0,0.4866997221216229
35654,0,1,0.5155350336569897
3977,1,1,0.5618522418594591
53346,0,1,0.5927699491493044
10001,1,1,0.6240092245914338
39605,0,1,0.5974700335132339
17557,0,1,0.6228822139472255
2780,1,1,0.669727486387292
44628,0,0,0.49253732853868387
60055,1,0,0.37977067967312744
50105,0,0,0.4848352868440762
16277,1,0,0.4995870465859433
38758,0,1,0.547873906819625
7893,1,1,0.6479258404521333
31591,0,1,0.6187890987979369
22322,0,0,0.48882535372474606
56722,0,1,0.7585958610277254
3919,0,0,0.3735750394743015
43199,0,1,0.6129940659303746
37652,1,1,0.7336860754377761
56874,1,1,0.5294428976386437
51556,0,1,0.5461223487487515
42710,1,1,0.5424760415075215
15776,0,1,0.6814778313626034
13091,0,1,0.6615755304720955
8260,1,1,0.6903067300316252
33225,1,1,0.6623150203453355
15799,0,0,0.3812608432820398
1633,0,1,0.8377342394643551
19529,0,1,0.6535044697992753
57432,0,0,0.4517813382581602
33398,0,0,0.49245209459878275
32487,0,1,0.5460864761765135
21794,1,1,0.6107226341835846
40820,0,1,0.5184691246161425
9616,0,1,0.6024308094861844
35886,1,1,0.5411460993106773
10092,0,1,0.5655271521874304
16871,1,0,0.4631220126339272
14970,1,1,0.7053022009626136
41125,0,1,0.5502067450361053
22865,0,1,0.6126673439561092
14537,0,0,0.4880917570613307
11585,0,1,0.6168157862995174
18399,1,0,0.37756459023954725
41175,1,0,0.4937748943370706
54208,0,1,0.6355766795622118
11870,0,1,0.551116302685786
42962,1,0,0.48838269794211153
45625,0,0,0.4359122751701843
10910,1,1,0.7353766607126276
55739,1,1,0.570460747094057
20915,1,0,0.4458397941664578
32881,0,1,0.5102900957370519
14901,1,1,0.6247635083109987
44303,1,1,0.5163802618936603
45674,0,1,0.7524334875475881
52872,0,1,0.6370983324013646
35016,1,1,0.5128911523362041
56255,1,0,0.46078528246377026
6021,0,1,0.6680190769902593
58179,0,1,0.5350985049018318
53771,0,1,0.6371368526799333
57429,1,1,0.5024696859024546
12932,0,1,0.681985323799239
21720,1,1,0.5708985781003496
15368,1,1,0.6245056744853421
33650,1,1,0.6373181872469387
21208,1,1,0.5450401910563567
8274,1,1,0.5683351718534566
19890,0,1,0.5106626350516535
27592,1,0,0.4764741607089749
48781,1,1,0.6373005949353427
52034,0,1,0.641039575282644
49362,1,0,0.43157985238863056
49138,1,1,0.5265007178172167
58195,1,1,0.5309027849339426
44020,1,1,0.6158609144593866
52814,1,1,0.564225362651273
60460,1,0,0.47816388178017727
27966,1,0,0.4108887478812074
56729,0,1,0.5735553570872215
6207,0,1,0.6428150269221482
450,1,1,0.6713812316428267
25451,1,1,0.5927221225645123
10046,1,1,0.5165521579976126
53792,0,1,0.5055797275762447
4084,1,1,0.7071539993118491
49089,0,1,0.5103944124114858
36334,1,1,0.5522294752144579
57631,1,1,0.5477469079409419
15182,1,1,0.6229119344358663
15822,0,1,0.556815530088633
19455,1,0,0.4961671601931602
26525,0,1,0.5717643558097483
19582,0,1,0.5931250894869258
713,1,1,0.5307325768920653
3569,0,0,0.4654919209468755
35699,0,1,0.5590781720001887
11891,0,1,0.6964857959299405
49491,1,1,0.5478341251777136
7402,0,1,0.5707971006782493
43858,1,1,0.6660777504712543
39506,0,1,0.6123032990953997
55889,1,1,0.5578846009399043
59661,1,1,0.5900511994474976
60245,0,0,0.47465699132846295
3402,1,1,0.6017327646216599
22292,1,1,0.6389686607325518
54088,0,0,0.4431219959687381
57563,1,1,0.6666593463569827
53134,1,1,0.5676134531272802
33878,1,1,0.7101867742315671
30900,0,1,0.5145145206720155
26621,1,1,0.5657518487322732
50872,0,1,0.788964177049888
24815,1,0,0.4932432386340873
28103,1,1,0.6554233344363399
27015,0,1,0.5600141961868426
14349,1,1,0.6439868537943255
6511,1,0,0.42908093506921646
2622,0,0,0.4495829799518404
29659,0,0,0.4401901829756714
21563,1,1,0.5483503832382983
58908,0,1,0.6021335747443093
24249,0,0,0.45972237708998065
52104,0,0,0.4735259287382265
50427,1,1,0.5783198991296148
33275,0,1,0.6097591755175402
18238,0,1,0.764413555967519
44105,1,1,0.5560127416515069
7684,0,1,0.6352899049165318
3465,1,1,0.7100893189411305
40875,1,1,0.6282008845056086
58912,1,1,0.7769975905559461
105,0,1,0.6304466214457382
41875,0,1,0.6752180713075511
52454,1,1,0.5809855624084261
32071,1,0,0.43018848651513636
24455,1,0,0.4990184408878989
47513,1,0,0.442110689856375
32420,0,0,0.4874234320325418
59894,1,1,0.5745273778755445
8023,1,1,0.5997353430489565
46350,0,1,0.557071014406238
31529,1,1,0.5240914590739655
51279,1,1,0.57374570902661
40248,0,1,0.6136665858811032
39105,0,1,0.6415407557128714
17581,1,1,0.6704324768441371
51940,0,1,0.5835760597940701
3054,0,0,0.40730943612933856
10630,1,1,0.6915261562946682
49994,1,1,0.5549757859744909
3174,1,1,0.511875418497597
33677,0,1,0.5713469567844782
17641,1,1,0.5575450058040898
49754,1,1,0.5335319055242895
22935,1,1,0.5884765898322392
43461,0,0,0.48777604122449103
27487,1,1,0.5801825933176022
18429,1,1,0.5940852678639659
31518,1,1,0.647820295205383
52364,1,1,0.6465975947977338
49306,0,1,0.5258074121411055
12508,0,1,0.7214125846050736
6008,1,1,0.6278243803148037
28738,1,1,0.5960143365122955
7395,1,1,0.5703907372503764
38217,1,1,0.5512333309432922
1068,0,1,0.6213160388404836
30324,0,1,0.5534523848492404
60878,1,0,0.4853490976347982
51956,1,1,0.6002482073845031
15720,1,0,0.47770070231061196
5089,0,1,0.5328154583781661
10605,0,1,0.5464277513434836
43798,1,1,0.5015405484335964
4106,0,0,0.41020141398306975
18375,1,0,0.3516194022128576
1246,0,0,0.4168366821089559
12647,1,1,0.6699460329040455
55806,1,1,0.5871339310222208
3307,1,0,0.47635466500508694
23010,1,1,0.5777906030502817
11855,1,1,0.5228524523666305
34582,0,1,0.5620398888722105
14735,0,1,0.5983483711983044
50931,0,1,0.7185704341310364
21543,1,1,0.5054781750252433
26263,0,0,0.470858314512667
59435,1,1,0.8138745227847
45588,1,0,0.4808332384207701
3444,1,1,0.6094436686515163
23865,0,1,0.5675005318861998
15762,1,1,0.6405839259395679
36711,0,1,0.6194358880556388
57043,0,1,0.5582578402817093
57431,1,0,0.4722234247675507
59804,0,1,0.5487372218612114
42522,1,1,0.5616482210896578
23242,1,1,0.6536362317883154
26976,0,1,0.6201513075717245
16709,0,1,0.5784952235328991
57674,1,1,0.6200639219731717
34021,1,1,0.7079229381506168
14597,0,1,0.5396900832690251
17688,0,1,0.5494072222422459
37741,0,1,0.581686659445869
43698,1,0,0.3512839183413165
13888,1,1,0.5611935655105412
24629,1,1,0.553375236183569
2993,0,1,0.7444764534318206
6995,0,1,0.6452295033271401
50347,1,1,0.5830565418397566
7742,0,1,0.5012676269437962
49670,0,1,0.5872834660806595
20443,0,1,0.6418539282808052
35764,0,1,0.6662435392883586
14571,0,1,0.5256312565599999
4622,0,1,0.6441946930896768
5638,1,1,0.5173208970009381
30553,0,0,0.4071915003799493
27218,0,1,0.5103416609436285
24873,0,1,0.5458305849075553
39233,1,1,0.6255489282835099
37813,1,1,0.6992058119089185
33734,1,1,0.5776860816218892
11618,0,1,0.612923330894899
1261,0,1,0.5728512824567769
40824,1,1,0.6494285426755563
39891,1,1,0.5790758639391779
26494,1,1,0.5507396261887246
36696,1,1,0.5562924145260014
3246,1,1,0.5350594500652263
6424,1,1,0.547765216757912
55030,1,1,0.5611149302558017
58416,1,0,0.4789555935383468
25780,0,0,0.491994195426579
42105,1,1,0.6680234426153077
12809,0,1,0.5933154062530429
38359,1,1,0.5322785239445356
22873,1,1,0.5348937026353565
32662,1,1,0.5613847146231854
46632,0,1,0.6382404525031147
28451,0,0,0.4933719684516636
27805,1,1,0.5953034615699999
7308,0,1,0.5625710880980104
60427,1,0,0.46668629182275223
14688,0,0,0.44550128915833503
40902,1,1,0.5671757645563483
49433,1,1,0.5955895919370884
26909,1,1,0.5563968575757466
9166,1,1,0.6933037098737672
56049,0,0,0.4431316041532285
43797,0,1,0.6762369923432138
33781,1,0,0.4819730212496618
22413,1,1,0.5202248980734683
13187,0,1,0.564549504847107
35363,0,1,0.5123029875112095
36202,1,1,0.5891008531363694
56953,1,1,0.6901891361618046
60559,1,0,0.37784117439231335
47190,0,1,0.6872419026610096
22937,1,1,0.571257184827502
4664,1,1,0.5904565386412416
11320,0,1,0.6063152056370327
6070,1,1,0.6022631275642809
29248,1,1,0.5804403743363035
42885,1,1,0.592738944663651
24502,1,0,0.44730599371848634
31731,0,1,0.5648891851033215
38499,0,1,0.5289566556823637
39165,1,1,0.6296775429287866
47384,1,1,0.5865519313049586
12622,0,1,0.5943170910708745
59857,1,1,0.621081208044104
51947,0,1,0.5686822589089975
5435,0,0,0.4479145927630882
20577,1,0,0.48672537720564657
23673,1,1,0.5065115407221763
49162,1,1,0.6196097616092168
2062,0,0,0.39833665277545455
4688,0,0,0.44178910997392196
40125,0,1,0.5153428709141071
25399,0,0,0.38788274784147686
13098,0,0,0.4190509265779094
43598,1,1,0.5397457283318979
27913,1,1,0.6198041427708133
18829,1,0,0.43811753579433976
45865,1,1,0.5066256480025926
28424,0,1,0.5813261708043237
58900,1,1,0.5341313490711559
10456,1,0,0.3215496561707202
41747,1,1,0.618646696143233
27835,1,1,0.5211058871229702
37503,0,1,0.6539787173212531
36750,1,1,0.5107983904599486
15922,0,1,0.5394815336040591
35311,0,0,0.49475221450001433
53964,0,0,0.46154094473254864
58360,1,1,0.6495543663011467
54671,0,0,0.49002176457306895
42094,1,1,0.6397995452812542
15531,0,1,0.5719070136470149
4765,0,1,0.5185151933652707
40105,0,1,0.5990435803708078
58975,1,1,0.5422186999977299
3296,0,1,0.5651302487349144
1526,0,1,0.6577746676183821
23981,1,1,0.5392866955562298
29383,1,1,0.5097255936947124
49951,1,0,0.4277432889153141
41345,0,0,0.46662870411079105
50316,1,1,0.5048985256096575
21531,1,1,0.545096123702187
39753,1,0,0.4946918142252579
25292,1,1,0.661728327267955
9969,1,1,0.6077632281327322
55525,0,1,0.5536454778889647
47951,0,1,0.6250375796317023
37499,1,1,0.6695341610009935
15900,0,1,0.6511311297305692
22157,1,1,0.5619749793046764
50285,1,0,0.4684671532692179
5523,1,0,0.37883568711939547
39982,0,0,0.4876790366558318
24285,0,1,0.5061543888085605
47760,1,0,0.2689738255815777
32513,1,1,0.5669861215762221
28301,1,1,0.509587781488483
26932,1,1,0.5378404464819068
8101,1,1,0.5930061312592304
23103,0,0,0.41117187082163786
6626,1,1,0.5651677798132893
24871,0,1,0.560399934530117
49197,0,1,0.601774287687117
4027,1,0,0.46782855176610866
14170,0,0,0.33630517567338214
52704,1,0,0.46446972647056933
57606,0,1,0.5710188543469052
56942,1,1,0.5964959603597744
57599,1,0,0.3705035463805681
49878,0,1,0.5470601158099053
38869,1,1,0.5558196545030435
52581,0,0,0.4420564879388551
31479,1,1,0.5741369061531233
59243,1,0,0.4722499196988128
37875,0,1,0.6847451281107468
11076,1,1,0.6299739935454147
6690,1,1,0.5662399491246378
12503,1,0,0.3335321753416009
33966,0,1,0.647549245807518
42630,0,1,0.7208849126108019
57186,1,1,0.5892368706810059
12128,1,1,0.7001281390723775
59157,1,1,0.7714221937305493
41861,1,0,0.30236484285596016
22939,1,1,0.52037669166498
9365,1,1,0.5946173782263171
23065,0,1,0.557183369798096
42971,1,1,0.5097329567879174
44269,0,0,0.3613309054936964
26918,1,1,0.5349857532217444
21606,1,1,0.537037181319884
31623,0,1,0.5222956443802073
35659,0,1,0.7001385856553947
32569,1,1,0.5145521051239984
20630,1,1,0.514489904198142
56837,0,0,0.4732298120377967
25955,1,1,0.6608578906380979
27756,1,1,0.5193342767080763
23237,1,1,0.5008832502396531
48587,1,1,0.5396549946763082
42038,0,1,0.6431963741525475
48095,1,0,0.4603783686094561
58854,1,1,0.5575666112506444
11941,0,1,0.5234469895380819
5337,0,1,0.6525054237848995
50983,1,1,0.6449076329578858
60736,1,1,0.6156356845657306
39313,1,1,0.5088071633526164
10929,0,1,0.5105089322032318
53778,0,1,0.517918962762976
17630,1,1,0.6749638791942809
2236,1,1,0.8035785285681988
28090,1,0,0.4825454430262206
36220,0,1,0.5465546428268454
6001,1,1,0.6358746173209905
55345,0,1,0.6661776518202697
25197,1,1,0.5882523435779204
32631,1,1,0.643617190644828
17753,1,1,0.5721977305162167
41491,1,1,0.5049320738172003
9844,0,1,0.6198051781687725
18599,1,1,0.6258162250873991
42833,1,1,0.7461907404756422
12475,0,1,0.5472939796276812
16516,0,0,0.39754600174952404
36263,1,1,0.5709110673693815
36142,1,1,0.5440116678236311
47839,1,1,0.5627684484756492
57614,1,0,0.34393690750489353
18577,0,1,0.6059308644380694
7754,0,1,0.5893992886196225
17809,0,1,0.5685619045303835
36557,1,1,0.6114108373980582
34144,1,1,0.6083857225169951
57547,1,0,0.413139354874731
59509,1,0,0.48384349316287717
35660,1,1,0.5206971967214868
25336,1,1,0.6507433934985056
30937,1,1,0.5728460595451846
46032,0,1,0.6658520451061273
53631,0,0,0.4652109916580207
30267,1,1,0.7094449346408327
13685,1,1,0.6972317935311519
30784,0,1,0.6193578373662644
35710,0,1,0.5215858435948675
52314,0,1,0.5970058523967939
41454,1,1,0.5670665599217642
19791,0,0,0.404234825487787
23493,1,1,0.5224993698595494
43574,1,1,0.5067010486996045
42482,1,0,0.49262425107469204
43315,0,1,0.7722389332235713
46780,1,1,0.6235450229281457
40444,1,1,0.5827115450642657
5600,1,0,0.4691090248197593
34446,0,1,0.5938316953994648
52363,0,1,0.6414500921948739
2587,1,1,0.7013640706685592
1262,0,1,0.6009160399989536
8185,1,1,0.7451235224508614
15055,1,0,0.4972426292210051
11011,0,1,0.5478628385089312
26378,1,1,0.5164636836722069
19238,0,0,0.43762914203034703
227,0,1,0.5068684715056322
30353,0,1,0.558307073053403
47751,0,1,0.556235641427223
29476,1,1,0.6937260532457753
36856,1,1,0.564158127935425
13063,1,1,0.7641429952267267
14816,1,1,0.6240747409139158
60368,1,1,0.5784339724536433
20986,1,0,0.48354940985682526
56549,0,0,0.21093256912358016
2182,1,1,0.524496811625869
31843,0,1,0.6476481428153058
33992,1,1,0.6467065682994354
47059,1,1,0.7271131536737159
55280,1,1,0.6278327925130074
37194,1,1,0.5350462779832625
20733,1,1,0.5642071131815719
36938,1,0,0.46180296027904644
1245,1,1,0.5598248401356906
30742,1,1,0.6066332907211518
53803,1,1,0.5414216796394471
59279,1,1,0.561827077864738
29100,1,1,0.5044192667307189
11722,0,1,0.7277869765448
50959,0,1,0.5709009253822349
20537,1,1,0.5307917388775574
54976,1,1,0.6472689184837829
26894,0,1,0.5560219407612954
27540,0,0,0.47326130009686046
29402,0,0,0.4723360597432068
41923,1,1,0.6178473851994387
22826,0,0,0.47946118697920315
20498,1,0,0.47790245618197963
36594,0,1,0.5916742746784859
40509,0,1,0.5107862789896366
6714,0,1,0.5746413599633344
14528,1,1,0.6023495587352947
58969,0,1,0.6567538486398089
49269,0,1,0.5012177053748572
6460,1,1,0.5083370303224009
36803,0,0,0.42645488439515494
45283,1,1,0.5864334691050977
59397,0,1,0.52542103065157
50908,1,1,0.5203353266190361
37690,0,1,0.56706501966597
36066,0,0,0.41957987799804464
42270,0,1,0.6486605864257872
10532,0,0,0.4961383000660575
58546,1,1,0.519436335082621
15833,0,0,0.44449293150916885
14580,0,1,0.511512656354807
20895,1,0,0.36487754036845416
22441,0,1,0.6075728279686001
11415,0,1,0.6421019981596032
28797,1,1,0.5410901396543606
13720,1,0,0.44271523475222224
56495,1,0,0.4341353612744937
4675,1,1,0.5874862986788587
1263,1,1,0.5660657263203558
34270,1,1,0.6704921642741091
46464,1,1,0.5757002009400131
28493,0,1,0.6597773877150488
60090,0,1,0.7137622833999054
13305,1,1,0.7096707567826954
54200,0,0,0.42923861581312556
52223,1,0,0.44036499903463416
34850,1,0,0.4966599643665704
11793,1,1,0.6029953049906323
7415,1,0,0.3870074733206894
53541,1,1,0.5566241915514452
56748,0,0,0.21093256912358016
31200,0,1,0.6081368053277048
23616,1,0,0.3728952441622656
17794,1,0,0.4638713504618711
7368,0,0,0.42649321942176627
23964,1,1,0.5096947795425436
28883,1,0,0.468423077275433
12749,1,0,0.49130110736899146
12293,1,1,0.5120392655619694
1576,1,0,0.43167466018348305
39167,0,1,0.5115294686161663
45112,0,1,0.5805410665855447
50601,1,1,0.5776068538783342
30086,0,0,0.4192954537791412
47789,0,1,0.5895707739745049
13558,1,1,0.5041271894504427
45829,1,0,0.4845125599492345
36757,1,1,0.5120761504537706
1981,1,1,0.5734687655288551
57113,1,1,0.5341837428670669
48633,1,0,0.47146353769717814
18837,1,1,0.6697267979648518
14111,0,1,0.654436974505969
43239,0,0,0.47085095382456726
51824,1,1,0.6427319555555365
10201,1,1,0.6470680912980281
37247,0,1,0.6589074233490827
47677,0,1,0.591580518038768
40989,1,1,0.5381585615800939
50117,1,1,0.5356283737341548
28893,1,1,0.5870264428649882
22862,1,1,0.5718034999995025
42942,1,1,0.5531121199716781
22949,1,1,0.5524312749236447
835,1,0,0.4361771655438303
18211,0,0,0.49284786634894323
37644,0,0,0.39332628444318163
29739,0,1,0.511289294993726
27793,1,0,0.48822079757389103
54591,0,1,0.6521909852825191
16046,1,0,0.33730084491210066
13461,1,0,0.3176301988848447
43012,1,1,0.5745069678916053
22488,0,0,0.47910665075846337
16119,1,1,0.6371781958575077
1171,0,1,0.5428541182679786
51617,1,1,0.5792587618937839
14174,1,1,0.5087233624121749
21974,1,1,0.5602302479690822
42060,1,1,0.6975719670227675
744,1,1,0.6008626583761552
711,1,0,0.4106984652211143
30142,1,1,0.6545347218175185
26001,0,1,0.6580267657237878
30594,1,0,0.39115627046231205
13221,1,1,0.703276604383531
47238,1,1,0.631691875449319
38850,1,1,0.5318421729878009
58165,0,1,0.6984301565626693
29299,1,0,0.44929247538422074
2491,1,0,0.44859808537836593
40234,0,1,0.536164765300386
60196,1,1,0.5585787266119783
27789,0,1,0.6122019796110207
29998,0,0,0.49226951642395966
5068,0,1,0.5866668722243766
50421,1,0,0.44044678659224695
35585,1,0,0.49986914782105296
18066,1,1,0.5073084250446279
33818,0,0,0.4843230134678953
17033,0,1,0.6150066077038907
23862,1,1,0.548838115148445
31878,1,1,0.6308010637954942
47010,0,0,0.43744513341399194
21798,1,0,0.4592351507825757
2336,1,0,0.49833710986902324
21133,1,1,0.5104078049757956
55366,1,1,0.5325271848618841
55178,1,0,0.48607777644856903
30981,1,0,0.4781025496649265
52897,0,1,0.514953073937541
23650,1,1,0.5653788001665517
58368,0,0,0.4940947440095703
28889,0,1,0.5988015790670413
24147,0,1,0.5018406238502502
41343,1,1,0.5930116360378285
27533,1,1,0.5096166832643668
40848,1,1,0.5031496289429922
20908,0,1,0.5092562245546369
18070,1,1,0.5051110941800324
2325,1,1,0.5671716671441859
28398,0,0,0.46853002735397103
43841,1,0,0.4738222422527991
52469,0,1,0.6273260072514254
17180,1,1,0.5342411883421883
6663,1,0,0.47362741060243885
33657,0,1,0.6125401591123674
6027,0,1,0.622693398354823
42004,0,1,0.5169883982525593
29679,1,0,0.4770048216425278
27129,1,1,0.550410128882158
32709,0,1,0.6898145315515594
57768,1,0,0.4992033642227726
7355,0,0,0.37694080581908146
41900,1,0,0.3975417277018927
52002,0,1,0.6957221073311142
12102,1,1,0.5644783711883923
15616,0,1,0.6063196133092098
10030,1,1,0.5179292847759083
26244,0,1,0.5488650158525137
6187,0,1,0.575259652981268
17674,0,0,0.4209805146004449
48386,0,0,0.482552982495293
23787,1,1,0.5325811164667562
4043,1,1,0.6325395333876184
57624,1,0,0.44580653378456175
45140,1,1,0.5575910253794913
35478,0,1,0.557117270404901
59317,1,1,0.7705325014934279
59428,0,0,0.3607800119403541
10238,0,1,0.7126290068185507
15878,0,1,0.6516592226604669
20474,0,1,0.5304002524423869
6331,0,1,0.5299459404041353
34268,1,1,0.6496827555043346
36902,0,0,0.4636917589102661
6455,0,1,0.544961017793252
6931,0,1,0.6368400213245498
5605,1,1,0.5383610359997476
36082,1,0,0.4458044370136313
57478,1,1,0.5641983849006496
40411,1,1,0.508428795610385
17501,1,1,0.5471079092437201
25015,1,1,0.5402210525056941
54307,1,1,0.5581867169248729
48057,1,0,0.4593159014848211
4297,1,1,0.5744920451967626
8308,0,1,0.6871025045309267
55264,0,1,0.6358916772797975
3940,1,0,0.4986690622154613
14860,1,0,0.46792624753684775
22837,0,1,0.5538028040943916
51928,1,1,0.6203394602484561
16480,1,0,0.43391361160396563
30069,1,1,0.5676147436138862
32777,1,1,0.5154301796993146
18418,1,1,0.6565688544801668
20529,1,1,0.5344591964783482
44568,1,1,0.5539120192976852
38587,1,1,0.6036008605716263
55864,0,0,0.4668630120077518
58345,1,1,0.6522616709163408
50579,1,1,0.5527763474681558
34578,0,1,0.5665586042792615
56574,0,0,0.2933098515789128
48923,0,1,0.6147676460403599
60217,0,1,0.5657253668854116
54191,1,1,0.6309535571457723
13862,1,1,0.607752355706318
52832,0,0,0.36868651817590004
43404,1,0,0.39613821530757554
32933,0,0,0.3900440934673619
36245,1,1,0.5604553922856131
32228,0,0,0.45402546990399323
26120,1,0,0.49462060279913184
23494,1,1,0.518413567051425
5062,1,1,0.5413012833452447
55892,0,1,0.5087416040061524
51785,1,1,0.5842702110566954
35511,1,1,0.5746005547509855
58388,0,1,0.6169649165839981
16944,0,1,0.5695260249780043
1870,0,1,0.6122541790767317
38929,0,0,0.49473762982779057
49818,0,1,0.5374964859744731
32538,1,0,0.39882042795191913
46936,0,1,0.591380356672039
36145,1,1,0.5680658002540325
1195,0,0,0.46883168990353835
54983,1,1,0.5796198035642517
42269,0,1,0.5427419664483547
25583,1,1,0.647412248694989
42694,1,0,0.395209610151095
47802,1,0,0.43499859816878994
52736,1,1,0.6030652661455839
23284,0,0,0.46842232207066503
5334,1,1,0.5995726958297611
58727,1,1,0.6103513518667089
6215,0,1,0.6427692084591924
40818,0,1,0.530541790657199
14752,0,1,0.5690932971192698
21573,0,1,0.6038439613409595
26651,0,1,0.6264551721998546
40185,1,1,0.5927922442902838
49780,1,1,0.6230760810827273
28934,1,1,0.5047738817423802
51294,0,1,0.519091624204084
21048,1,1,0.5413409425487911
37352,0,0,0.45299171209206146
37322,0,1,0.5358944767817261
51174,0,1,0.5562717506816343
37313,0,0,0.49162475369210873
19749,1,1,0.5222423577297975
53280,0,1,0.5460247234191634
30243,1,1,0.6703720531744181
12879,1,1,0.6570910716374988
53067,0,1,0.5223142109797658
58839,0,1,0.7953309238892794
31521,0,1,0.6722110646548002
11273,1,1,0.616919210637091
15935,1,1,0.5573526505787781
26339,0,1,0.555821117430364
13924,1,1,0.6156919345308125
39258,1,1,0.6040147747915103
44865,0,1,0.6149220470554942
46782,1,1,0.7532710205761116
32256,1,1,0.6407639698097833
1717,1,1,0.6259588917458957
38219,0,1,0.7443088625201117
26968,0,1,0.579257351775591
32331,1,1,0.5700541322286545
46025,0,1,0.5690149883464757
27258,1,0,0.327913482527538
38233,1,0,0.3824092278172809
12196,0,0,0.4853875282447283
32023,1,1,0.6014561027445489
30094,0,1,0.6259462798919977
26071,0,1,0.5209218528813276
28593,0,0,0.49554759222297656
23036,1,1,0.5623232496866709
53104,1,1,0.6133898449438595
49411,1,0,0.47917894196762945
11443,0,1,0.5142551569114794
46833,0,1,0.7273122444069056
54577,1,1,0.6525697774169601
56944,1,1,0.5077019222249772
55193,1,0,0.48799254348095245
35582,0,1,0.6131660762948785
14138,1,1,0.5395296012305576
615,1,1,0.5530505857886857
49992,1,1,0.5979218484190187
31824,1,1,0.6346226682898313
24793,1,1,0.5272529511555379
5010,1,1,0.5545568937521445
33646,0,1,0.509562648071594
20434,0,0,0.42552236252909886
8046,1,1,0.6869018442622332
12591,0,1,0.5383810198318939
51036,1,1,0.670315145861462
39653,0,1,0.5281125339183366
40012,0,0,0.4883179268118411
4965,0,1,0.5840635954700923
42016,1,1,0.6518261677527986
31848,1,1,0.7162625571789963
38193,1,0,0.4754335615373868
51622,1,1,0.5546697367665115
2233,0,0,0.47894985685581
36251,0,1,0.6943150871484505
46761,1,1,0.5981887253218211
15168,0,1,0.5409507909792345
7616,1,0,0.4920797411383958
48231,1,0,0.4354944511098327
1744,1,1,0.621301495134546
44077,0,1,0.6465331795364639
20175,1,1,0.5458760308913702
11263,1,0,0.4485578158600546
29786,1,0,0.42093701155632085
20901,0,1,0.5438772259867695
46396,0,1,0.5834245276041677
50988,1,0,0.4848442605697538
4211,1,1,0.5320598940058519
33676,0,1,0.5209346556375619
58003,0,1,0.693399133877514
45815,1,1,0.5889755208558632
4661,1,1,0.665875296528807
13121,0,1,0.671232206044538
37447,1,1,0.6825139038475534
6065,1,1,0.530169121515884
51245,1,0,0.4973685572839394
12604,0,1,0.5118545795951266
15185,1,1,0.6187016866130214
27803,1,1,0.5093763532628339
54684,1,0,0.47239923224875935
41264,1,1,0.5409892734312971
3718,0,1,0.589502359019003
7965,0,0,0.4508657579744744
21674,1,1,0.5038283699139281
11139,1,1,0.5445509656178994
56906,1,1,0.5330400153146414
44242,0,0,0.4918483424661238
46361,0,1,0.5844752778977118
52779,0,1,0.6218126342528913
8361,1,1,0.5574046510691263
47460,0,0,0.4645390957678101
42993,1,1,0.5720083910466616
17673,0,1,0.5411686653973646
6377,1,1,0.5651156227918778
34937,1,1,0.5700525308920077
30419,1,1,0.577634776113468
34890,1,0,0.48104565432366214
44968,0,0,0.48540053554191914
35917,0,1,0.597174995321321
56789,1,1,0.7392272348943925
28925,0,1,0.536524026162668
56420,1,1,0.5224453886026935
21232,1,1,0.5822005204789311
27091,1,0,0.46663775400679347
7559,0,1,0.5334199373360992
52328,1,1,0.5482980986818444
60545,1,1,0.5360740528040996
26975,1,1,0.5154729390916704
10809,1,0,0.4532528706222843
11832,0,1,0.6736222182716303
52702,1,1,0.5864235424855619
50882,0,0,0.41527171436837695
8918,0,1,0.6026533984373883
11162,0,0,0.4532437412296524
51253,1,1,0.5713110285881164
2484,1,0,0.4150102084453755
59372,0,1,0.6795750772132331
29771,1,0,0.41705755721999005
53434,0,1,0.5185243431235509
36187,0,1,0.5461644804722052
1330,1,1,0.6529768736286775
55878,0,1,0.5667759082862728
35071,0,0,0.4837233416079257
21336,0,1,0.5783484650195745
6536,0,0,0.47549742057152755
14732,0,1,0.5878522728244231
29227,0,0,0.4826717634692381
19153,1,1,0.6008866750108812
32096,1,0,0.44983125977190935
31914,0,1,0.7553598139406854
3370,1,1,0.6031980693007829
43507,0,1,0.5242640992122943
44407,0,0,0.32313261213559735
17107,1,1,0.517303124579988
11094,1,0,0.45525469542354385
44791,0,0,0.4765224993109341
53198,1,1,0.5133120735389075
36990,0,1,0.5552038438777128
22647,1,1,0.5553668974312437
4245,1,0,0.29535032862027516
21607,0,1,0.6258045833095403
15664,1,1,0.5588779241126497
45362,0,1,0.5954494547878684
60907,1,0,0.46110197344223
20464,0,1,0.5718850266694738
59497,1,1,0.6265875212832698
58600,1,1,0.556522877104811
53305,0,1,0.502550903705
27255,0,1,0.5724645948700056
21199,1,0,0.45732047707993567
8096,1,1,0.6789417673231791
1972,0,1,0.6474844695985087
41625,0,1,0.5552997566245474
1505,0,1,0.6876261786712614
54035,1,1,0.5429084789245284
3973,1,0,0.4354402292122378
17354,1,1,0.6128609955129841
41863,0,1,0.7345176856613179
56073,1,1,0.5122050203429046
50869,0,1,0.6814128374567463
11710,0,1,0.6795774646150454
30699,1,1,0.5971844743738299
17980,1,1,0.5281034849308642
58144,0,1,0.8034730826977647
47306,0,1,0.6887609581103717
28271,1,0,0.48873547642406456
44185,1,1,0.5344768162299608
45565,1,1,0.5403097072525564
3294,0,1,0.6485320461347599
13838,1,1,0.6701800042725679
4485,1,1,0.6718754309451367
47683,0,1,0.614907832487149
18232,0,0,0.4660077348557504
39122,0,0,0.3320563202549634
26467,1,0,0.4637775640737493
25923,1,1,0.7002498611985536
8767,0,1,0.64929173705831
26413,1,0,0.4635036499666239
31893,0,0,0.38341031456234037
60909,1,0,0.4237429711052387
33561,0,1,0.5940133539555302
31713,1,1,0.594682534482879
3899,0,0,0.47410806005461237
37889,0,0,0.4910562089627486
2618,1,0,0.47383561496882015
47469,1,1,0.7240329150920581
22708,1,1,0.5934037660583219
39196,0,1,0.6342823395130202
26472,1,1,0.5097273870370477
57204,1,1,0.6312401495698627
39368,1,1,0.6302549954371311
21000,0,0,0.3999442672251359
36652,1,1,0.5609439736316453
17308,0,0,0.4454926102297957
41918,0,1,0.5682619202914355
52220,0,1,0.5398955451504449
23721,0,1,0.6211705672100519
18236,1,1,0.6912665342866547
21105,0,1,0.5750543856831721
35734,0,1,0.6545646442450554
13615,0,1,0.6192683220204208
27075,1,1,0.5842627457960333
33583,1,1,0.6051212925334313
56664,0,1,0.7203889912286547
57835,0,1,0.7471077776530376
48700,1,0,0.4191955181712943
28358,0,1,0.6764688116604088
9018,0,1,0.6129010920207976
12227,0,0,0.3781143200750938
51088,1,1,0.5480977239151678
17020,1,1,0.6229837831342215
28309,0,1,0.541263251498887
28592,1,1,0.6405081642624194
7615,1,0,0.4440281208962242
28696,0,1,0.5205642744474548
19319,1,0,0.3601338847320112
13929,0,0,0.4910557047991284
45753,0,0,0.35535557970552145
35403,0,1,0.6451893799278673
46626,1,1,0.6262589487944178
14538,0,1,0.5815579438131563
8345,1,1,0.5815407582183036
13830,0,1,0.5704824967569897
44313,0,1,0.5999412151918291
28,1,1,0.5202960473987059
46988,0,1,0.5997711596299063
6634,0,0,0.43553735349252565
55251,0,1,0.5763364631981623
13182,1,1,0.5111293871552431
30825,1,1,0.6141509307331995
15930,1,1,0.5313113673306117
13366,0,0,0.399691838160054
21001,1,0,0.4075734034601537
26126,1,1,0.5281929722981247
8743,0,1,0.5436899592249599
22038,0,1,0.5494714567757132
58109,0,1,0.5524205702182128
37991,1,0,0.4618544726973287
43918,1,0,0.4157547930875591
23227,0,1,0.6378243545716203
7186,1,1,0.5401070879943662
38072,0,1,0.5807830510533242
30955,1,0,0.4724149072541099
41235,0,1,0.5817064837577874
44533,1,1,0.6747631172944094
5574,1,1,0.7171503578322888
57457,1,1,0.5056847635309653
7277,1,0,0.48320417852392306
31332,1,0,0.47811748937720056
50894,1,1,0.6764297189198927
30679,0,0,0.445501228698366
1114,0,1,0.5433053690696208
27742,1,1,0.627417784652382
9346,1,1,0.5440590215125924
44793,1,0,0.47152016309510963
56593,1,1,0.5185779619107355
55517,1,0,0.4598339285429987
41178,1,0,0.48241524090430715
22962,1,1,0.622664193189629
28670,1,1,0.5295687153531553
46783,0,1,0.6758809163650968
36621,0,1,0.6068995053132433
4013,0,1,0.5920276211799271
45228,0,0,0.4885790229590798
36364,0,0,0.4127493906946771
55948,1,1,0.5756750885589191
14042,0,1,0.5231127087888816
58196,0,1,0.6139321535014144
4823,1,0,0.42285006095528466
41657,1,1,0.5671606254620586
39399,1,1,0.6160787979052366
35445,0,1,0.5372635273721825
20687,0,1,0.6279578566958618
34147,1,1,0.6698233136458732
57702,0,1,0.8341503249219068
20243,1,1,0.5196118520729013
25802,1,1,0.6920608197543633
16096,0,1,0.5860472975440544
60114,0,1,0.6353877223854242
5083,1,0,0.4880599906088245
34039,0,1,0.578085538203014
33031,1,1,0.7118355138010699
9716,1,1,0.5751117574691766
3782,0,1,0.6277336993881899
54977,0,0,0.3956994780909068
48848,1,1,0.5962180714400064
25316,0,1,0.522168199568174
27462,0,1,0.6549065481296421
47739,0,1,0.6346993796677085
57886,1,0,0.4003414415698216
27345,1,1,0.6669774386085632
11808,1,1,0.5685269186986803
59659,1,0,0.41202608322199097
48760,0,1,0.641785838425526
58575,0,0,0.3833324630703387
4187,0,1,0.6031797192170393
38887,1,1,0.5392515012998536
14205,1,0,0.3203392005945686
18137,1,1,0.5764640546529182
8599,0,0,0.4819626041257836
7504,1,1,0.5639354165494487
39919,0,1,0.535550392235268
25252,1,1,0.7275008947854833
36954,1,1,0.5221466413016764
1211,0,1,0.6022488182440354
33250,0,1,0.5665944583308182
23440,1,0,0.47930354780128226
28188,1,0,0.49016820414013973
28735,0,0,0.4612403623110521
42388,1,0,0.4392896950799073
15580,1,1,0.5622122341063476
21170,1,1,0.6541451208442272
22853,1,1,0.508548542612149
3392,0,1,0.6975740763349859
51648,0,1,0.5111044385525484
35534,1,1,0.5425551882297657
55842,1,1,0.5066030084429118
22890,1,1,0.5925206094367498
6420,0,0,0.4947829245170085
5081,1,1,0.6079213410914869
49873,1,1,0.6592273521326804
33998,1,1,0.5867377972405863
26751,1,1,0.6126905992290811
27808,1,1,0.5357982765129015
28354,0,1,0.5140989537318906
33811,1,0,0.49002945342547055
7633,1,1,0.6330503325871968
51377,1,1,0.5459037798609002
54323,0,1,0.5521987180764136
43602,0,1,0.515674419501454
54263,0,1,0.6662097665211513
11108,0,0,0.4674108433593234
6586,1,0,0.44594179884202007
52309,1,1,0.5662883218951906
31814,0,1,0.5189685610258876
2083,0,1,0.5522356411961301
19600,1,1,0.6641511506932232
18010,1,0,0.40468234040053486
48494,1,1,0.6905571973511286
56880,1,0,0.4711300381507584
46593,0,1,0.6179156472149233
51767,1,1,0.6731566977099561
29586,1,1,0.5053332203663218
21537,0,1,0.5914536230337114
53269,1,1,0.6711995903290954
59974,0,0,0.4954217148162438
864,0,1,0.6627071535160489
8321,1,0,0.36308757303048217
13439,0,0,0.4836229467194618
45981,1,1,0.6071408491261812
27750,1,1,0.5754033874108323
5695,1,0,0.44084465292017855
16292,1,1,0.5796171517745993
54445,1,1,0.686279956287382
14328,1,0,0.2652967093675675
49457,0,1,0.5611866913040016
5862,1,1,0.7005672149829587
54713,1,0,0.49167453478242673
60362,0,0,0.4380818296904072
4807,1,1,0.5108336393814333
15338,1,1,0.5767984521428364
45113,0,1,0.655796948300327
55118,0,0,0.4870782115259677
58400,0,1,0.7083784737784172
5738,1,1,0.5542715973940833
50108,0,1,0.5795938622928029
23761,1,1,0.5105892073944889
4369,1,0,0.47481024692951623
37085,1,1,0.6501383546552922
48927,0,1,0.6896682970489928
29965,0,1,0.6010262250519154
43849,0,1,0.5844022379539572
41113,1,0,0.41721976815158707
23810,1,1,0.5809780394088241
24332,1,1,0.5398849235066838
5258,1,1,0.5894906997826873
41618,1,0,0.4375294853185459
27182,0,1,0.5305639926284738
53852,1,0,0.4703934244921167
56844,0,1,0.5291565044502625
8410,0,1,0.6256307774271729
53772,1,1,0.5652721289165469
57297,1,1,0.6328693294247332
21101,1,1,0.5095790284370065
38943,1,1,0.5362000102006461
57349,0,0,0.43199161490887106
9999,1,1,0.5588038975444152
28265,1,1,0.5541565511597303
18391,1,1,0.5066680461520829
35165,0,0,0.357940135591072
49173,1,1,0.6017134716120819
16341,1,1,0.5047837328021128
6178,0,1,0.5067181826425557
2283,1,1,0.5933520000985525
43083,1,1,0.7612759820601999
32717,0,1,0.5472002195338885
31076,0,1,0.589452254461648
26658,1,1,0.5947420896081395
35688,1,1,0.587771747704859
59673,0,0,0.4562100767950598
1691,0,0,0.4768741847758675
13131,0,1,0.6299280315732968
15765,0,1,0.508265000810153
12885,1,1,0.5753312335609604
45398,1,1,0.6028762638335108
18893,0,0,0.48140870542786224
40549,1,1,0.6294366368993364
2778,0,1,0.554665492953143
483,1,1,0.5210114917366626
11669,1,1,0.6707128155748563
58371,1,0,0.45968759656663777
27394,1,1,0.6569697567437964
28366,0,1,0.5718029003077075
12524,1,1,0.5500679691206608
53462,1,1,0.555894965782835
51987,1,1,0.584981132652374
56195,1,1,0.6523413099418458
43289,1,0,0.4634478094834044
56658,0,1,0.5770830528859541
8290,0,1,0.5155762923775267
28586,0,0,0.49410152500045973
8606,0,0,0.4031621275124943
10025,0,0,0.35868203869238563
59579,1,1,0.6634452726192765
48501,0,0,0.42467174344719444
16167,1,1,0.6384954320255762
56489,1,1,0.7101603932727687
56709,0,0,0.4341353612744937
17088,1,0,0.42348636154496355
53905,0,1,0.5157407207084796
55570,1,1,0.6007205909538821
3844,1,1,0.6608410605040185
16443,1,1,0.5196690362174934
52533,0,1,0.5062674543483899
60478,1,1,0.6333454655545748
8232,1,1,0.5494423636786153
5188,1,1,0.6216038621466032
48618,1,1,0.5554064302562799
1776,1,0,0.4015945380541186
36875,1,1,0.5092923948690773
28675,1,1,0.6278061995041951
60334,0,1,0.5239210705759184
45395,1,0,0.4593628177426202
32622,1,1,0.5151702931834052
34307,1,1,0.65361049359341
23570,1,0,0.4223291019561471
18235,0,1,0.7839810162849793
2156,1,1,0.5099126469100418
59873,1,1,0.5812452809951371
11978,1,1,0.6442081845638054
20046,1,1,0.5320427196327909
10420,0,0,0.3249928010021476
49166,0,1,0.5235804934190892
12803,0,0,0.49395912296236993
6500,0,1,0.5567469602381281
13577,0,1,0.5809434181798594
58141,0,1,0.6103027018696882
3657,1,1,0.6935411500956001
30206,0,1,0.6495778228618991
35231,1,1,0.6206352309574574
26614,1,1,0.5738742835016172
13918,0,1,0.6257121921163162
7657,0,1,0.6466882365138116
17678,0,0,0.4818010134840086
52706,1,0,0.37434707380189786
20278,1,1,0.6031007936629514
49719,1,1,0.5048415001760926
42976,0,1,0.5971283941739712
25943,1,1,0.5491035979590317
58883,1,1,0.6552967233221575
25846,1,1,0.6940593040046056
22869,0,1,0.5544776999660995
6857,1,1,0.6557362474910506
34689,1,1,0.5754303047876735
10066,1,1,0.5126906371728607
55734,0,1,0.5698966284708775
49510,1,1,0.5224545912644684
10098,1,1,0.666081712566536
47606,1,1,0.6116575655182908
20820,1,0,0.4149470974321228
4995,0,0,0.4902250620902106
52592,1,0,0.4972926476679782
17516,1,1,0.5466799961111558
55801,1,1,0.5522124906399557
38980,0,1,0.5435895102964846
21597,0,1,0.542516454545375
47836,0,1,0.5302488455065069
37079,0,0,0.39054143292379073
9568,1,1,0.6781057661682843
15351,1,1,0.5264941931785241
29416,0,1,0.6539054045949624
49210,1,1,0.5241246126482786
52191,1,1,0.6459673516194284
60249,1,0,0.2915523826010249
29907,0,1,0.6361161949377333
425,1,1,0.5482246994913402
19668,1,1,0.5625605364785322
55204,1,0,0.47038156541247433
10119,0,1,0.5062409872023044
39359,0,1,0.5188266514764944
23463,1,1,0.605889616709272
29127,1,0,0.48716598177543624
45163,0,1,0.5654368152299196
14702,0,1,0.6341802599759627
259,0,1,0.7149276052503828
35958,1,1,0.5031304278127012
48260,0,1,0.713837466317466
37583,1,1,0.6032186211222588
41162,1,1,0.5707565389320038
15556,0,1,0.6116546933510154
21103,1,1,0.5764137304805272
19652,1,1,0.5205510401875519
52483,1,1,0.6283841087922589
19988,1,0,0.4974707663620592
2082,0,1,0.6667120490895758
28108,0,1,0.6052934440960802
2200,1,1,0.6673639019897649
45030,1,1,0.5916191045027904
34257,1,1,0.681555553621576
48691,0,1,0.7501993019285748
57158,1,1,0.6135632372674317
39807,1,1,0.6638683865065714
5282,0,1,0.6287313162753003
10632,0,1,0.5427592499016801
41036,1,1,0.5528175166287959
40684,0,1,0.6135361113166377
38840,0,1,0.585258533708181
23038,0,1,0.5878763652055422
59743,1,1,0.5067591660814054
52176,1,1,0.5995195611016327
21328,1,0,0.48971965775314713
14823,0,1,0.6270280324035471
21825,0,1,0.5353941183727307
24412,0,0,0.49437826403127433
59646,1,0,0.43300987450118567
26051,1,1,0.6089349249175589
44253,1,0,0.4355409166755622
29393,0,1,0.6388754643740407
12048,0,1,0.5151902498845273
20509,1,0,0.4117231227687108
8424,1,1,0.5344334970385652
6434,0,0,0.4399477824295433
57780,1,1,0.7519650240477722
17812,1,0,0.49260216485003744
1904,1,1,0.7353489777942861
20710,1,1,0.5397986777536548
22418,0,1,0.5105585990689042
16824,0,1,0.5566702851516957
48915,1,1,0.6224096634024469
51540,0,1,0.6701162888066681
40998,1,0,0.47194017615345046
8045,1,1,0.6002436574092838
40548,0,0,0.41669160228269886
24803,0,1,0.5886393166440862
34386,1,1,0.5201194154276569
7242,1,0,0.44174287229329073
4564,1,0,0.4137988424420289
56400,0,1,0.6079528784261775
16677,1,1,0.5422364695768094
16158,0,0,0.4906699749653435
9808,0,1,0.7241475740942834
26884,1,1,0.6464162115631388
26668,0,1,0.5680457246335431
41958,0,1,0.7664610287032168
59628,0,0,0.34296922933488233
33700,1,1,0.5761279212164394
19610,0,1,0.6148657078357632
33813,0,1,0.5780883712166638
50078,1,1,0.6278533455983205
24693,1,0,0.4545956612473811
60836,0,1,0.6060518686093073
767,1,1,0.527966030724649
37870,1,1,0.6787279271308334
53951,0,1,0.5730227805206912
27875,0,1,0.5915168920807743
27995,0,1,0.5610850945225894
45467,0,1,0.6034439183830375
11439,1,1,0.7100859380563317
21549,1,1,0.5687194901201054
45491,1,1,0.6432662619702156
49332,1,1,0.5404666745212877
20990,0,0,0.4880413743426969
30599,0,0,0.44910873230586956
22493,1,1,0.615731918248643
42894,1,1,0.7559926001009862
32232,0,1,0.57271843228241
49612,1,1,0.5105280631197892
38700,1,1,0.6151260702138941
54582,1,1,0.6988021294613265
22367,1,1,0.5376494973488096
31291,1,1,0.6275543706302876
60638,0,1,0.6744133195124832
27637,1,1,0.6443009145735423
6469,1,1,0.5907597073172586
10639,1,0,0.3166877616354807
50764,0,1,0.589448081008095
6043,0,1,0.6794284327512196
11675,0,1,0.5380780730358421
39904,1,0,0.4277111149967359
45711,1,1,0.5619762603157783
49047,0,1,0.5118303294159999
42481,1,0,0.4984976705732766
40807,0,1,0.6157525200031176
31790,1,0,0.44755253638432807
57902,0,0,0.4758254393162263
40156,1,1,0.5236240377242776
13346,0,1,0.6411128344538082
5885,0,0,0.30670081890316836
36333,1,1,0.5117026216741608
14346,0,0,0.33679997526750155
28216,1,1,0.5211790393826992
49312,1,1,0.5877541548317123
43120,1,1,0.73601767786901
31061,1,1,0.5162418074464363
22100,1,1,0.5276013292856335
876,1,1,0.5936712746041862
51150,0,1,0.7228203265736233
2121,1,0,0.45268597654464493
38322,1,1,0.6577350035605207
34816,0,1,0.5204226212499771
52032,0,1,0.5838237202214926
19838,0,1,0.5885163610115176
52447,1,0,0.44881842961579743
52440,0,1,0.562076426152083
56310,0,1,0.5041487847870761
35429,1,1,0.5862916196316893
57321,1,1,0.5611232284070471
3966,0,0,0.3791910301780927
40767,0,1,0.5653068219237253
29427,1,1,0.6002378118829718
46587,0,1,0.5401730115770423
57575,0,1,0.6951995997886767
52337,1,1,0.5313422645887446
46976,0,1,0.5418083863653539
3588,1,0,0.49146165871856945
28891,0,0,0.479507254966978
964,1,0,0.4568079764479559
36970,1,1,0.5368441177026481
40860,1,1,0.5518865114682976
54973,0,0,0.48254666654391165
8696,1,1,0.581603469398809
46116,0,1,0.6169352235534116
32584,1,1,0.5411082190048684
48100,0,1,0.7203907769312778
12636,0,1,0.5286518580305972
34279,0,1,0.6589552199077433
32068,0,1,0.583551685933746
34634,1,1,0.5280073091005224
25559,0,1,0.6833238750010385
3017,0,0,0.4993161260869712
48267,0,1,0.8049962582152136
36272,0,0,0.4511299327467367
21579,0,1,0.528684767960808
19131,0,1,0.6652163205621962
45244,0,0,0.48183075342879195
42336,0,1,0.6073918120331947
55990,0,1,0.512957084918765
40338,0,1,0.5287830759670546
33219,1,1,0.5112773696062135
52874,0,1,0.582930699810052
23861,1,1,0.5868194413831429
35601,1,0,0.49821430109402376
16111,1,0,0.4913897538398071
16101,1,0,0.38172303853824213
60917,0,1,0.5224448041343476
33224,0,1,0.6039211709938065
60807,1,0,0.418349148988311
37727,1,1,0.5243375346782564
49316,0,1,0.6102145502104775
44462,0,0,0.4742062531366847
39021,1,0,0.45143741478192934
7737,1,0,0.47195389336226334
30293,0,0,0.4758582465594268
53934,1,1,0.5716276774660717
54443,1,1,0.5529081430110621
5361,0,1,0.6406949551981279
48653,1,1,0.5058254855933221
49784,1,1,0.6040983799520285
24188,1,1,0.5336283141312196
21926,0,1,0.565470050879084
6791,1,1,0.6601087687003444
47893,1,1,0.5576854679181853
53836,0,1,0.5794769659871478
53455,0,1,0.5582351197293286
16714,0,1,0.5833326253671264
41104,0,0,0.49508513021000683
34004,0,1,0.760625697546363
27845,0,1,0.524632621652015
13666,1,1,0.5447367587088238
57071,0,1,0.6321075854665286
53693,1,1,0.6453516503845038
50645,1,0,0.4545975098552056
53652,0,1,0.533132517232873
20508,1,0,0.49134739917831033
11991,0,1,0.5707839086118078
55851,0,1,0.5500250153032494
55975,1,0,0.49920458959362796
16190,1,1,0.5446761570217983
23679,1,1,0.536943730924806
25030,1,1,0.5665764796622507
12629,1,0,0.49000423434914064
43651,1,1,0.6062646853553463
9420,1,1,0.6068001476585233
59872,1,1,0.5491468398658674
14378,0,1,0.5215000274577072
6106,1,1,0.615475341291959
12871,0,1,0.5340954073475523
58131,0,1,0.7808888285892793
1249,0,1,0.503015540122576
27739,0,1,0.5476396436923756
29599,0,1,0.6366253653228663
14734,1,1,0.5810050670147276
2765,1,0,0.3741039960234398
27136,1,1,0.6065290403290361
50798,1,1,0.5568909940176089
18283,1,1,0.5147126892199089
29697,1,1,0.5169931174430709
52668,1,1,0.6140102144446589
56405,0,1,0.6419814640890529
23312,0,1,0.5506923420968944
47697,1,1,0.5420386502758455
3065,1,0,0.44408434191270774
24230,1,1,0.5622387796058963
19581,0,1,0.5435077679796398
55927,1,1,0.6074193014714059
28294,1,1,0.5679705159584437
47370,0,1,0.6066181607133269
48005,0,0,0.36048520716828203
3804,0,1,0.5303559108965356
19539,0,0,0.42930228694507555
15075,1,1,0.5424910822927925
18590,1,1,0.6222538577724517
2399,1,1,0.6340613752151122
58812,0,0,0.4616836331026444
23708,0,1,0.5007901324241951
16672,1,1,0.6277932954359567
19036,1,1,0.5511700853542078
32656,1,1,0.6156349978180203
56209,1,0,0.4917779907405192
39815,0,1,0.630606966848494
29030,0,1,0.5421660429721881
37544,1,1,0.6632872732750869
1266,1,0,0.3074411961163177
20846,0,1,0.556692004170475
25675,1,1,0.603481440186217
20905,1,0,0.4972763038316684
36408,0,1,0.5399670159159229
22012,0,1,0.5046299357535479
19192,0,1,0.6225279371178307
44511,1,1,0.5108910143471871
27809,0,1,0.5451951553040052
5649,0,0,0.4790396226355326
16884,1,1,0.6483057749635001
57506,0,1,0.5286056518225857
8479,1,1,0.7166364611447922
10711,1,0,0.47711665012295307
15109,1,1,0.6732535328216135
23824,1,1,0.5741299633108679
30064,0,1,0.5579901010853873
53118,0,1,0.5498952283493987
8965,0,1,0.5257825828611561
54459,0,1,0.6364446414474818
45350,0,1,0.5817513552202032
32007,0,0,0.464122126745995
58155,0,1,0.6515433445912002
2044,0,1,0.5406365422402967
22788,1,1,0.5479771708403828
27813,0,1,0.6390175510988132
36526,1,1,0.6990515603743802
24422,1,1,0.5093569537835109
38581,0,1,0.5514311995154654
42289,1,1,0.6177333548799102
23142,1,1,0.5325053388182289
10397,1,0,0.3806633278136541
37179,0,1,0.5373075320752501
44346,0,1,0.5820801048611804
30897,1,1,0.5128301308934995
35543,0,1,0.6630699059109689
53977,0,1,0.594864934678157
34544,0,1,0.6955008702227812
26260,1,0,0.4613237012744031
18621,0,1,0.5609516215144632
34658,0,1,0.522459105762588
12259,1,0,0.4988317707759135
15980,0,1,0.6530747105813406
37361,1,1,0.5557383699891587
35499,1,1,0.5710041773559655
5906,0,1,0.6592460693620699
3982,0,1,0.6269430668211348
29260,1,0,0.4900432954458359
18965,1,0,0.46274924470121903
54863,1,0,0.42380308016054535
13429,0,1,0.6318094902104137
54936,1,0,0.4365379282540554
41768,0,1,0.7439638136050012
20580,1,0,0.464394456724391
2684,0,1,0.5078800904834947
42137,1,1,0.559773761077778
25843,0,1,0.564686761282502
56696,1,1,0.6424466892495906
40284,1,0,0.49954254877711235
7250,0,1,0.662719959443571
6959,1,1,0.5323467652295542
2384,1,0,0.3866011120618564
28484,0,0,0.41246319728886705
46448,1,1,0.5214029091665926
59640,1,1,0.5947682609784908
22510,0,1,0.5469769415136736
41574,1,0,0.4452744620261253
1185,1,1,0.543500660668233
21632,1,1,0.5876175144783047
685,0,1,0.6351474883630143
56611,1,1,0.7426170683520472
57849,0,1,0.5323806471108271
12301,1,1,0.5460075025958026
23934,0,1,0.5887426661956896
43308,0,0,0.4315671741438254
19532,1,1,0.5837090659803953
8938,1,0,0.4366782024088009
14915,1,0,0.4191753715989291
52107,0,1,0.5337425984440429
41194,0,1,0.5250523927518426
23423,1,0,0.45947612071992533
55289,1,1,0.6734599340503956
48854,1,1,0.5190879388981198
17457,1,1,0.6097798925114116
20611,0,1,0.5088807801031072
58824,1,1,0.582481816339356
6328,1,1,0.5435208370401835
32840,0,1,0.6489636267781533
17726,1,1,0.577740455214843
24787,1,1,0.6397651978653607
53954,0,1,0.5297747556227972
58538,1,0,0.4905406770760412
29316,0,1,0.5201291218295263
42663,1,1,0.6832956339811028
9251,1,1,0.5120634510281001
16976,0,1,0.5791184962037476
29784,1,1,0.694607545771097
39769,1,1,0.5734369301896216
16403,1,0,0.47712357988426723
32829,1,1,0.6547743360576729
22164,0,1,0.5033940582177729
57323,0,1,0.6683353020600373
9188,0,1,0.5552146775131149
33386,1,1,0.5844488973850158
3560,1,1,0.5894074773640817
9035,1,1,0.7602914190896445
2610,1,0,0.48045635241590323
5039,1,1,0.5460088536522478
37900,0,0,0.4686272152477276
17191,1,0,0.38611679515939407
56365,0,1,0.5330396212119917
40134,0,1,0.5206544412413776
12249,0,1,0.6133510877190934
22714,1,1,0.5246125511052198
355,1,1,0.6195473727376062
32461,0,1,0.5563333422306266
26011,0,1,0.6244989289941107
38583,0,1,0.5288221540707817
19318,0,1,0.5243340757768992
31664,1,1,0.5987323816716024
36600,1,0,0.32458226167198573
17014,0,0,0.4909114190868992
24030,1,0,0.47140128116739133
33375,0,1,0.6266848667844274
36672,1,1,0.5390266284557139
51856,1,1,0.6184114837387417
29689,0,1,0.509781658663246
34754,0,0,0.44775199497111656
28067,1,1,0.647375754903872
52108,1,0,0.49527518089038325
42161,1,0,0.4980524303495259
11040,0,1,0.5498752209264094
41257,1,1,0.6054450240284168
38357,1,0,0.4176139968147979
29280,0,1,0.5224927834699988
30617,1,1,0.5064862237020096
25880,0,1,0.6449017739829338
10878,1,1,0.6362912825046374
45698,1,1,0.5831082108167244
35739,0,1,0.5424430385672862
55383,1,1,0.5365915965091272
55893,1,1,0.5868373307110112
12536,0,0,0.45170818675565216
13474,1,1,0.6515547084618767
40457,0,1,0.5689997984942424
51569,1,0,0.4295951618277604
55661,1,0,0.4547944958314373
20888,1,0,0.4962459912531267
7873,0,1,0.7177025028230414
4663,1,0,0.44938166078795044
24638,0,0,0.47373313616636914
21026,0,0,0.49257636453279446
49377,0,0,0.46233716174593975
15968,1,0,0.35900640948349943
51375,1,1,0.5476948969655089
25154,0,0,0.45530665169903073
48385,0,1,0.6323985996250403
46036,1,1,0.5798021281562264
20417,0,1,0.6402269636498599
45177,1,1,0.611624768919772
47957,0,0,0.4201337942095957
17803,0,0,0.49883049443361493
36167,1,1,0.5425733332890705
18689,1,0,0.35910510349677177
1011,1,1,0.6648034834737357
34566,0,1,0.6019615417410377
12345,0,1,0.5299704501413722
47903,0,1,0.5490498434085008
41520,0,0,0.466858555676998
9625,1,1,0.6653615393978343
44734,0,1,0.6453452703481584
8227,0,1,0.5378205903147036
59827,0,1,0.6077841544728245
3410,1,1,0.5519862083393045
34338,0,1,0.7441557770674883
24538,1,1,0.6138900386228419
26994,0,1,0.5467472792285727
34419,1,1,0.7092134314093457
29201,0,1,0.6130338222387767
54695,0,1,0.5077448844562823
15672,1,1,0.6246346387725791
3792,0,1,0.5698682840356981
15501,0,1,0.7114058532834315
54538,1,0,0.4648121835517783
21469,0,1,0.5475194402343034
16822,1,1,0.6265374882141501
31897,1,1,0.5022624255387537
45009,1,1,0.5857372472805187
234,0,1,0.5818909029921552
46702,1,1,0.5590812975737957
1207,0,1,0.5040324646563843
33082,1,1,0.5863479123146338
11295,0,1,0.5051626256844223
58089,0,1,0.8017324672108472
10698,1,1,0.5777270209881089
43269,1,0,0.4654200281692543
58514,1,1,0.571387474930865
38025,0,1,0.6246179631900706
12064,1,0,0.492433216599727
9776,1,1,0.6477610602094915
33397,1,0,0.4598317678796831
52449,0,1,0.5488553650132398
9164,0,1,0.729417699855396
47462,0,0,0.4188369741169348
26272,1,1,0.6100596306752589
58384,1,1,0.780200876078196
30644,0,1,0.5101982714117572
21830,1,1,0.5356199075790627
40091,0,1,0.5222533697520404
30485,1,0,0.47179589914488596
11901,1,1,0.6179111139504654
24774,1,1,0.5251707654497162
24881,1,1,0.5972258003260571
40371,1,1,0.5209368186848298
19631,1,0,0.4683247715405041
19002,0,1,0.5294237380076136
29186,1,0,0.47872211405539994
14573,1,1,0.519537854030993
9201,1,1,0.569929834527327
41964,1,1,0.6506524534806295
58651,1,1,0.5587173272513014
37993,1,1,0.6906283258397462
57296,0,1,0.565686474524339
42810,0,0,0.36472605116579637
12801,0,1,0.630252853302118
13396,0,1,0.7719585466067279
30608,1,0,0.4227225868954978
18851,1,0,0.40153523488301446
40019,1,1,0.5973922731123635
57034,0,1,0.5276305006732983
58082,1,1,0.8022793869031662
5161,0,0,0.47523441703481323
45772,0,1,0.575916817673544
53598,0,1,0.5102357178301582
30090,0,0,0.4265670801494656
47981,0,1,0.6692110751261946
59980,1,0,0.41080254222823287
46151,0,1,0.5061144458947314
13343,0,0,0.4091406476277111
4801,0,1,0.5194360918021516
46552,1,1,0.6218339267595028
36504,1,0,0.4809842700736609
17705,0,1,0.5439321561860282
36832,1,1,0.5148908743875336
19810,0,1,0.683262095362199
27837,0,1,0.5039609926412649
5525,1,1,0.5607314282780481
25147,1,0,0.38973821216581706
53141,0,0,0.4912859745840622
513,0,1,0.5509922850370456
21836,0,1,0.5734511142970941
44767,1,1,0.6331591959531713
25268,0,1,0.5568378753246417
8202,1,1,0.6776946703282718
45164,0,1,0.5259817560144701
1438,0,0,0.49100982555304595
57194,0,1,0.6011843022966437
33396,1,1,0.5896725930229235
57615,0,0,0.41188484653824625
48092,1,0,0.4507100714512162
60275,0,1,0.5231183556294199
5798,1,1,0.5364612484005342
56892,0,1,0.5202421015816249
5167,0,1,0.6360143234285127
21489,1,0,0.48839005515312445
59413,1,0,0.4484258997150974
27284,1,1,0.5369305240505878
15225,0,0,0.47201643316602504
13928,0,1,0.5524493591988121
1225,1,1,0.6336554072078415
59024,0,1,0.5911567292649703
33144,0,1,0.6836574368045483
47452,1,0,0.44138615464828546
33958,0,1,0.7360539768000447
6114,1,1,0.6796620251375921
52468,1,0,0.4927001778420886
3132,1,1,0.645635168815989
41554,0,1,0.5958748299872256
55332,0,1,0.6132269860387798
34263,0,1,0.5912782133689838
34455,1,1,0.6884838837288624
15295,1,1,0.5360586129524016
57228,1,1,0.6302209886144446
58836,0,1,0.5803386864233241
35678,1,1,0.5668252372113921
53244,0,0,0.4436835937447237
2534,1,1,0.5835963007867248
22281,1,1,0.5706152718723143
55376,1,1,0.5323458985222588
25796,1,0,0.4922356552365833
55931,0,1,0.5211045432378587
52490,1,0,0.4196360322711476
20012,1,0,0.43570453049451074
3686,0,1,0.5904479941806258
21099,1,1,0.6269889054548259
52453,0,0,0.4341960137014225
44056,1,1,0.6904920167429686
46890,1,1,0.6784041311745327
55989,1,0,0.4736727612803696
45408,0,1,0.5531554792375839
43993,0,1,0.5515005990663063
7419,0,1,0.5936220010260528
58056,1,1,0.5632556103349511
49403,0,0,0.4915570863588664
52079,1,1,0.5290948034798482
29840,1,1,0.5446105170825579
52460,1,1,0.7043872849284274
26113,1,1,0.6492506407330468
3036,1,0,0.4496450137645236
2102,1,1,0.7392045175930518
9867,0,0,0.45192159066582094
1112,1,1,0.5402152589144564
2647,1,0,0.4384357488550721
23434,0,1,0.5055900053974138
26613,1,1,0.6057189543086202
27130,0,1,0.6635812855959503
30000,0,0,0.44606327287047765
28153,0,1,0.5415711817013217
21323,1,1,0.6400374077450735
10483,0,0,0.41103614518615794
38726,0,1,0.6278136213009082
32798,0,0,0.4595375282514525
35450,0,1,0.5963051782241715
46418,1,1,0.5271554332336887
33332,1,1,0.5751508407289829
50996,0,1,0.5745624179099886
11457,1,1,0.5873444842778084
19020,1,1,0.5637149576132455
53131,0,1,0.623101358733768
7914,0,1,0.6536758665991046
52818,0,1,0.68714389857721
1969,1,1,0.5457091362910992
41448,0,0,0.49122318950271626
25551,0,1,0.6071464913899907
34822,0,1,0.628615663492767
3051,0,1,0.7616183584683509
7732,0,0,0.4885357285171282
24062,0,1,0.540569538348358
46133,1,1,0.5859676630293451
35224,1,0,0.45498769128293054
40412,1,0,0.49728721516043434
14753,1,1,0.6758678294970685
8873,0,1,0.7860000306811401
24041,0,1,0.6456314751445354
39358,1,1,0.5148572723687688
16652,1,0,0.4382470583030396
53500,0,1,0.5303758681886659
63,1,0,0.49095295965951435
17178,0,1,0.5823875632563957
16688,0,1,0.5124096295388257
44629,0,1,0.508861087939166
22919,1,1,0.5788382714906998
43671,0,0,0.4305304601617007
26018,0,1,0.6431998662467651
22467,0,1,0.5420927430445486
10239,1,0,0.4931414900240382
30967,0,0,0.49901774462159393
5346,1,1,0.5958674798696609
38417,0,0,0.4907872212174592
4099,1,0,0.46798389417823466
55326,0,1,0.609091521587718
59735,1,1,0.6492822681576825
42220,0,1,0.573793037795989
20113,0,1,0.5273033183222438
19393,0,0,0.4681861186290562
29590,1,1,0.5774229832455716
4610,0,1,0.662034823559756
15960,1,1,0.5409998975673888
12492,0,0,0.3879804152190189
8947,1,1,0.6508663004418854
39276,1,1,0.5436542496680336
54584,1,1,0.6208671262308688
43357,1,1,0.7462776031780999
48846,1,1,0.5428723119696973
47371,1,1,0.6533912544098724
20897,1,1,0.529870382508616
29289,1,1,0.6634843591521106
14209,1,0,0.459063473319343
31941,1,0,0.49624056966813584
16067,1,0,0.4994990706962267
6838,0,1,0.5925941866953489
25136,1,1,0.5657877527561478
55315,1,0,0.3354055105145368
56504,0,1,0.6645953728925833
29704,0,1,0.7427661701568756
9566,0,1,0.5333280126962852
14402,1,0,0.44793009730682987
54331,0,1,0.5796647846445613
50457,1,0,0.45305149326716615
3072,0,1,0.7151041507533538
32245,1,1,0.5254134377918543
23817,1,1,0.5282811586750698
30336,0,1,0.6617246314492307
1373,0,1,0.5804725078859744
40430,1,0,0.4975607704232779
27710,1,1,0.6718599787051904
18457,1,1,0.5629245007859083
53405,1,0,0.48960573260465506
22096,1,1,0.547534040894408
7125,1,0,0.4761290836724531
2858,1,1,0.7045516097569773
17262,1,1,0.5380844044117166
4925,1,1,0.5744525021961654
35382,1,1,0.5570378541601113
52005,0,1,0.5951381061035242
38122,1,1,0.5923942748605608
46605,1,1,0.5867286304121806
25587,1,0,0.4500133132127345
39618,1,0,0.43809845093994304
45123,0,1,0.6060272062856269
16106,1,1,0.5183443001128958
9308,1,1,0.5557769341213175
3432,0,1,0.6403776896634211
33181,1,1,0.649149753234773
47997,0,1,0.5444887434479303
38548,1,1,0.5320580747216667
18322,1,1,0.5757538222334064
30749,0,1,0.6194562688001933
28111,0,1,0.5177788992361959
3979,0,1,0.6299690723393888
4469,0,1,0.6856578156623965
40086,1,1,0.6971177780419615
45582,0,0,0.39916055361548586
39709,1,1,0.5548585900148706
54765,1,0,0.4836879579088949
18583,0,1,0.6526414408633799
33327,1,1,0.6657235655928245
8680,1,1,0.5645795775520486
34222,1,1,0.5770830761681703
17899,0,1,0.5271176593371729
22533,0,1,0.5694828377969682
2042,1,0,0.4091011827736821
22280,1,1,0.5410587031853143
42643,1,0,0.4948778933719133
52583,0,1,0.6590600657028098
27143,1,0,0.4283644732210236
39398,1,1,0.5130415582051753
40502,1,1,0.5057441952581643
9123,1,1,0.6446792040749356
57277,1,1,0.6154169172997729
11482,1,1,0.5727327539671425
27393,0,1,0.5363618753849266
18659,0,1,0.5678950828141803
34227,1,1,0.5347182718666389
43747,1,1,0.6933691214899963
49614,1,1,0.6023634002956143
28157,0,0,0.4368938892631305
58661,0,1,0.5969228327200387
57961,1,0,0.33418956333411054
51741,1,1,0.5783964915123773
58343,1,1,0.5254045667723001
46364,1,0,0.46998133286362287
60405,0,1,0.5100123954929208
15188,1,1,0.5494939917365457
38398,1,1,0.5047908656683696
53894,0,1,0.6102017988650347
37637,0,1,0.6309929421292066
53986,1,0,0.4807182673848677
45654,0,1,0.5438835044949261
3210,0,0,0.4263707078829968
58074,0,1,0.8330627155953991
58496,1,0,0.46613278597368124
58570,1,1,0.65336740664479
58170,1,1,0.6053175468160373
35989,1,1,0.6120985790912754
8043,1,1,0.6210794629241065
44702,0,0,0.47072746257979664
33857,1,1,0.5963624392482603
51729,1,1,0.5701641968832177
12052,1,1,0.5952878809792449
54134,0,1,0.5058653321017516
21067,0,1,0.6130066180867147
56510,0,0,0.39550255917138605
160,1,1,0.5303049904679781
51821,1,1,0.5351381790360292
53494,0,1,0.5451966137791733
19200,1,1,0.5233358961251678
38206,0,1,0.7276308980681844
51942,1,1,0.5781721246693409
55131,1,1,0.6642208116796806
34277,0,1,0.7085502104506127
305,1,0,0.44640647775579056
58438,0,1,0.5676133886680759
34083,0,1,0.6829593919171727
19311,1,0,0.4769124318156661
30775,0,1,0.5586432908901126
18344,1,1,0.6057946847952889
51359,1,1,0.5679464932276715
31482,0,1,0.5845140404629808
8533,0,0,0.49963335414616994
42940,1,1,0.6627338514829091
34466,1,1,0.5275395260333056
47348,1,1,0.5581434830376574
4025,1,0,0.4462759207264196
35365,1,0,0.4256397209886728
15717,0,1,0.6215806888135882
14705,1,1,0.5793864067796534
30564,1,1,0.5202477765905058
5511,0,1,0.6512961671500201
58205,0,1,0.5672179984073312
26109,1,1,0.5336407540889878
60144,0,1,0.5510329567595581
4366,1,1,0.6620088964387123
9516,1,0,0.4699407628101875
56500,1,1,0.6524466892495906
23359,0,0,0.4141028606472267
57438,1,1,0.563504943846896
57837,1,0,0.49935730585858873
13826,0,1,0.5649188514931676
21771,1,0,0.474016797350532
56497,0,0,0.3305083771475097
34506,0,1,0.6688140070633761
40369,1,0,0.46983896644567397
25396,1,0,0.48654562808620627
29860,1,0,0.38813225188208805
26859,0,1,0.5871977513468333
9110,1,1,0.5894391864552027
4856,0,1,0.6616263184087992
9779,1,1,0.7264412492218938
25027,0,1,0.5173774090610059
720,1,0,0.4464261399898462
15754,1,0,0.45628956971070267
56583,0,0,0.43543440319112114
16869,1,1,0.5216041617637244
31041,0,1,0.5583611810018124
39733,1,1,0.6253816608411494
22379,1,1,0.5627751580332339
51299,0,1,0.5734037247631502
7078,1,1,0.5141739807119013
6692,0,0,0.4489195694341065
9650,1,1,0.5464739413002271
28718,0,1,0.6147235355793578
46242,0,0,0.4786363267334039
56800,1,0,0.18826590245691352
42581,0,0,0.32842867919853874
53854,1,1,0.5701847517993786
33325,1,1,0.59112020734402
9811,1,1,0.6035774964252818
57138,0,1,0.5486967300653134
24229,1,0,0.4492100701823214
53865,0,1,0.5091390521407538
53791,0,1,0.5879391276876622
18535,0,1,0.6604347258147883
9919,1,0,0.4438923414126464
60509,1,0,0.46907579146025585
25050,1,1,0.5373469757883839
42308,0,1,0.6135951094936489
10870,1,1,0.6838949630688826
35780,0,0,0.48790729586934695
40715,0,1,0.6058200067705184
10534,1,0,0.4691440081428703
5775,0,1,0.5368730861726777
46001,0,1,0.5654684269474362
52072,0,1,0.5246224937267998
22408,0,1,0.5555201710455733
43147,1,1,0.6254629669514998
19030,0,1,0.5123930904266188
51837,1,1,0.5115247039493179
58871,0,1,0.7446761308412273
18814,0,0,0.4520261192850169
35451,0,1,0.5815494483165243
38932,1,1,0.5229587209275856
15731,1,0,0.46403491742334
44783,0,1,0.5875765601735592
15679,1,1,0.5458774637804237
55041,0,0,0.4254016645235791
57730,1,0,0.3818026923273048
20177,0,1,0.5234320318574512
2905,0,1,0.5749068948636062
26405,0,1,0.5964511138012932
17844,0,1,0.6230677611351156
50851,1,0,0.4966793518627376
40793,1,1,0.5790917394091963
14184,1,1,0.5379900042064465
51901,1,1,0.5347290839124049
56916,0,1,0.5421238584672261
29033,1,1,0.5649322585307424
49235,0,1,0.6065757845178693
40364,0,1,0.5559956159102608
21039,0,0,0.40307708576011464
50196,1,1,0.6758593708104078
49378,1,1,0.5135606221014851
19001,1,1,0.5945718214138741
4640,1,1,0.6131406593540145
7160,0,1,0.5137909302000285
47294,1,1,0.6082627920767804
26299,0,0,0.4906281394569878
42969,0,0,0.3483395386028162
59752,1,0,0.4763943284842613
37448,1,1,0.5607649768009534
27208,1,0,0.47645248814518226
18495,0,1,0.6517592411780267
31695,1,0,0.49320952562184495
46455,1,1,0.6666451770829167
9200,1,1,0.6338944211925491
31827,1,0,0.486659127866809
26196,0,1,0.7219564096657329
16544,0,0,0.46686726622332897
3077,1,1,0.7657275270775196
6407,1,1,0.5902890207231766
59146,0,1,0.5794114694757506
35143,1,0,0.49314138614168174
51156,1,1,0.5250702613937869
35873,0,1,0.6167568952209956
21176,0,0,0.4589995687181313
45538,1,1,0.5141909372520277
45676,0,1,0.6089758035596655
14474,0,1,0.5207435887756441
44057,1,1,0.5722192943283175
45091,0,1,0.6163034235483709
52783,0,1,0.5637613329455745
25555,1,1,0.6900228837011346
28404,1,1,0.547692069430556
38830,1,1,0.6474277988008501
14745,0,0,0.4485091744209063
32899,0,1,0.6864271825279681
12537,1,1,0.6017651376950147
14948,0,0,0.4368638281845966
47906,1,0,0.3932833004651132
38933,0,1,0.5730099173691136
18935,0,0,0.47065502016776145
8302,1,1,0.6027222536819058
56040,0,1,0.6121302368398234
50596,1,1,0.6496246222947585
21718,0,1,0.5817407329974301
27031,1,1,0.7108871051353194
49830,1,1,0.5416198625978499
23531,1,1,0.5783419796892063
45965,0,1,0.5027313103411953
846,0,0,0.4048034331401303
46343,1,1,0.6137867550574178
49441,1,1,0.5555032257131094
11779,1,1,0.6842794990316172
44507,0,1,0.6147523305897626
43466,1,1,0.5204039690513743
18487,1,0,0.38323589666620383
15814,0,1,0.5485098493735573
33896,0,1,0.5930114971447018
52837,1,1,0.7169960893101631
6388,0,1,0.5677478203507127
24516,1,0,0.4587125601445318
17394,0,1,0.6129113227569944
8446,1,0,0.4329664700305984
37582,1,1,0.6477563280899775
31954,1,1,0.6500263537089767
11633,1,1,0.6010787578570984
2315,0,1,0.5270307725456178
46960,1,1,0.7313923112057337
58011,1,1,0.821360850612436
60375,0,1,0.5851633899954792
20423,1,1,0.6549359047141973
27377,1,1,0.5283896512448125
46713,0,1,0.5536508842568246
11867,1,1,0.7796729914119832
20367,1,0,0.4524842416752321
33916,1,1,0.5654228934279011
2870,1,1,0.6960768216952705
53022,0,1,0.6258462974548435
47756,1,1,0.62755685089512
18534,0,0,0.36909176441648556
50928,0,0,0.44615169844913427
55685,1,0,0.4946780819988269
29249,1,1,0.5783209029947773
48321,1,0,0.3319799357850504
47840,1,1,0.6895700248918508
34280,1,1,0.5589780893392878
47439,1,1,0.5733608815318599
30274,0,1,0.7030570131239522
50563,1,1,0.615253429940632
11906,1,1,0.6603926363925222
13260,0,1,0.6392350734128064
55090,0,0,0.4474485192880398
20914,0,1,0.5343292792117971
18438,1,1,0.6027487621690634
1853,0,1,0.5602801819922826
38824,1,1,0.6289858396779326
2624,0,0,0.44121961586600583
26328,1,0,0.4894504514937425
29711,1,1,0.5118266603476842
41902,1,1,0.6655799856577811
46787,1,1,0.6262854390261807
32968,0,0,0.4882886532875385
5209,1,1,0.6140116714227167
48429,1,0,0.49612113026635174
16872,1,1,0.5416899262811511
50929,1,1,0.6867587832850865
28244,1,1,0.6483248671735212
5545,1,1,0.5122232935666182
25624,0,1,0.5847429932805287
15525,1,0,0.39973347939166787
41788,0,0,0.35755127725361224
12239,1,1,0.5645077002735954
60552,1,1,0.593374401730308
397,1,1,0.7286977424961354
56127,0,1,0.6967533295120987
42906,1,0,0.4648200806884573
24239,1,1,0.5679337154915537
41640,1,1,0.5839580397254291
29661,0,0,0.49201355705168964
32769,1,0,0.476486302119247
55301,0,0,0.41514332500486817
41798,1,1,0.5379407285213493
18389,1,1,0.656381472337814
22827,0,1,0.5124926030869887
27006,1,1,0.5669097189051849
56823,1,1,0.5855736200371998
48127,0,1,0.7696243470285498
48448,0,0,0.4799249329726672
7154,1,1,0.6071255224011816
29061,1,1,0.5871250121841795
55533,0,1,0.5843506490602137
2694,0,0,0.4786752194204614
52141,0,0,0.49082664653448943
38222,0,1,0.5532370840140729
4939,1,1,0.5910436980902828
23701,0,1,0.5288548621403926
22669,1,1,0.5929580380659946
46167,0,1,0.5824907362112715
20460,1,1,0.5799440358170957
50319,0,1,0.6133180798917742
31920,0,1,0.628277194581017
48528,1,0,0.4167132177223415
45463,1,1,0.5683776559493402
42776,1,1,0.5795486233809763
21407,0,0,0.49191444415060437
46979,1,1,0.525428566634165
31780,1,0,0.45077536104475024
2466,1,1,0.552567975901921
58672,1,1,0.5439525477140187
976,1,0,0.4688269806938826
42583,1,0,0.4391411250822285
39958,0,1,0.6646035359524793
43451,1,1,0.6476389907237501
51282,1,1,0.5647284265632925
26566,1,1,0.557513782621202
36880,1,1,0.5963387554152316
58809,1,1,0.689057143161778
5992,0,1,0.6999963690651583
8662,1,1,0.731203111966285
15308,1,1,0.5850282660090127
14465,0,1,0.7188593031683752
35858,0,0,0.3779494652971072
27518,0,1,0.6077674367951373
41493,0,0,0.33911318519261735
6224,0,1,0.6045318426799892
33277,0,1,0.6187892453077954
18057,1,0,0.3351843213371962
29108,0,1,0.5793706757282372
53907,1,0,0.48595582171370405
13706,0,1,0.6014937551219404
38565,0,1,0.6118503334595956
55583,1,1,0.6189246241540592
39012,0,0,0.42734135260276196
39283,1,1,0.600179546484274
28539,1,0,0.4992178246781277
56710,1,1,0.5165069608061542
32597,0,1,0.509681072669335
34555,1,0,0.49491808044404756
30956,0,1,0.6268739286205713
58163,0,0,0.471589336843684
24384,1,1,0.523013854650047
58684,1,0,0.48778198599384687
57362,1,1,0.5912414795070393
37438,0,1,0.6463804913195544
49802,1,1,0.6100943733493529
50432,1,1,0.5578643040043009
22248,1,0,0.4918635259999061
55950,1,0,0.47032305646163136
21373,1,1,0.5671991992358495
43352,1,1,0.6369344853141441
59591,0,0,0.4860580305531035
6842,0,1,0.5615293589223311
35520,1,1,0.6068634665993722
56937,0,1,0.5098971250557812
10657,0,0,0.36736900812978296
34469,0,1,0.5006789145996293
31475,0,1,0.5841917645857789
51596,0,0,0.4686166569465538
51984,1,1,0.5420615839030372
35909,0,1,0.6230154657910184
60652,0,0,0.4393049730481284
49849,0,0,0.4895228120263136
33868,0,1,0.5184883176214728
27538,0,1,0.6220231800582938
42152,1,1,0.6724221156565209
2005,0,1,0.81340392622225
8688,0,1,0.5541979791792698
40041,1,1,0.5668179002440487
52266,1,0,0.49794349893883966
21660,1,1,0.539803744142925
58,1,1,0.5815956868098877
30107,1,1,0.6408760510385569
22436,0,1,0.5583040147171334
54492,1,0,0.45152412521550594
1433,0,1,0.5192205589991982
3071,0,1,0.7003806516183605
54855,1,0,0.3475863058756903
48751,0,1,0.581944934680506
8898,0,1,0.5754056387043621
30707,1,1,0.5304706983717855
54920,0,0,0.37058821173790013
6141,0,1,0.745435702294617
20196,1,1,0.5582991259939055
3639,0,1,0.5525792678637171
33226,0,1,0.5368248700372131
32220,0,1,0.5021200051572169
7268,0,0,0.4869625855527373
32287,1,1,0.576734142065406
46429,1,1,0.640532196382961
4209,1,1,0.5799103982728294
18046,0,1,0.5611605707368128
12994,1,1,0.6033647451539786
34173,1,1,0.7187017984443745
57092,0,1,0.5985263272414604
52817,0,1,0.6344756841302082
45325,0,1,0.5023156030549514
51562,1,1,0.6482617089558259
59759,0,0,0.3986626115480465
10680,1,1,0.6492998051348644
19391,1,1,0.5387064688064566
50420,1,1,0.5162984031533822
55916,0,1,0.5323044610493918
57987,0,1,0.5973848882833388
5696,0,1,0.6505641280538454
27717,1,1,0.6223938611312898
59153,1,0,0.37855044282284245
20398,1,0,0.4950468648247017
21420,1,1,0.5061290161294347
48340,0,0,0.47641445170107216
51319,1,1,0.5939098519911694
9526,1,1,0.6727376989088595
56998,1,1,0.5949688814318657
16362,0,1,0.5110330076678502
22432,0,0,0.4877839679184164
28551,1,1,0.6104857297504492
43212,0,0,0.3956952702066138
28396,1,0,0.44884812859024414
14954,1,1,0.6284876705986195
16290,0,1,0.5406895847969327
38067,0,1,0.6535723486324055
47457,0,1,0.56133149757275
36808,1,1,0.5022311663716099
10954,0,1,0.5364959504674934
5443,1,1,0.6293550155684108
1573,0,1,0.6888946794445268
14312,0,1,0.5040364905501643
19485,0,1,0.5348196431705087
41638,0,1,0.6701516402728955
29073,0,1,0.5628960700457151
53493,1,1,0.5197987454795023
39794,0,1,0.6977103856750639
59309,1,1,0.6835847192517857
6562,0,1,0.6002729177796726
1901,1,1,0.5107903767760512
10138,1,1,0.6027477987131494
49639,1,1,0.5755833464922404
33485,1,0,0.4753137777462914
8422,1,1,0.5732014138158633
7214,0,1,0.632794975751464
4294,0,1,0.6121710067906007
34182,0,1,0.6048585257069041
8066,0,1,0.5050256114686674
11252,0,1,0.5574094932008447
6751,1,1,0.5620901609342125
4378,0,1,0.5660988345044384
11078,1,0,0.4918490484314585
36660,0,1,0.6627039294766487
20836,1,1,0.676945004006043
6833,1,1,0.5687252397777958
58963,0,1,0.5947452984315011
60680,0,1,0.5613652736362862
15582,1,1,0.54733709680176
31116,1,1,0.5297019493306515
49574,0,1,0.5065284276644841
1603,1,1,0.6727520973208087
45240,1,1,0.549221919918174
30140,0,1,0.5986573098553856
52834,0,1,0.7002964718822866
39701,1,1,0.7430061104455932
52376,1,1,0.6644723826215307
2532,0,0,0.45962797880087647
54706,1,1,0.5007130532884991
1335,1,1,0.5960045956781701
7305,1,0,0.4972293890390363
52709,0,1,0.6300630863505681
13985,0,1,0.5404891057622937
19714,0,1,0.5901436205638485
58114,0,1,0.7157455136366961
34066,0,1,0.601603644053043
43958,0,1,0.672466125465081
49963,1,1,0.5226681071716134
47331,0,0,0.46599890063687477
24252,0,1,0.5888484345649061
3711,0,0,0.4134988072648443
35883,0,1,0.5100992233929741
60404,1,1,0.5384278869474071
60158,1,0,0.3964936857605419
41794,0,1,0.5808847378573055
5342,0,1,0.5014784928409018
37330,1,0,0.49858346721424174
39091,1,1,0.639390074044188
44157,1,1,0.5213597912351748
16247,1,1,0.5238953196980608
38789,1,1,0.6268059637980007
47518,0,1,0.6205021042348656
40128,0,1,0.6029619147815086
41959,0,1,0.6492286688924171
50451,1,1,0.6490143471569532
15697,0,1,0.583253031987501
56259,0,1,0.5581620345631871
42831,1,0,0.47707044660733344
12372,1,1,0.5695575958067756
14029,0,1,0.5913805817976749
1019,0,1,0.5944246973907332
35083,0,0,0.3288705722241789
54309,0,1,0.5425140468450322
52503,1,0,0.4928433546457553
8728,1,0,0.492310204948708
30884,1,1,0.5320195362307786
17747,0,1,0.6857279558948689
43242,1,0,0.4699005074771588
36328,0,0,0.465138746088671
35981,1,1,0.5461316484283862
2536,1,1,0.507437925961322
8670,1,1,0.6017586149228756
55802,1,1,0.5480819483658912
31873,1,1,0.5829428829892925
55291,0,1,0.5146443980938042
59507,1,1,0.5637457379515303
34872,1,0,0.4867306492358609
34194,0,1,0.6316484926980429
52938,0,1,0.5090046040241564
47390,1,0,0.4723783858160912
58630,1,1,0.6088917626474933
24027,1,1,0.5316688288301545
37102,0,1,0.5317266569097191
40080,0,1,0.5750414180267256
34543,0,1,0.5958618000518557
25595,1,0,0.4436063636003815
50948,1,0,0.49988883988103383
37051,1,0,0.4929800608049386
57708,1,1,0.5276079671934116
24792,1,0,0.4871334110102719
20096,0,1,0.5089873879619933
24404,1,1,0.5574127281261356
33638,1,1,0.6465375867729055
57063,1,1,0.5489545389827157
46436,0,1,0.5372773540506938
50729,1,1,0.5162742975070352
56210,0,1,0.5694314887368132
58752,0,1,0.6224739637678435
28879,1,1,0.536957499904785
16684,0,1,0.5663955676752828
23694,0,1,0.5190624817682107
59488,0,1,0.5419263578277872
58847,0,0,0.48550502473395085
55022,1,0,0.48352214463938425
37621,0,0,0.49191564709735347
8673,0,1,0.6498781510916639
60854,0,1,0.5785645790627758
59573,0,1,0.5077757708741805
20507,1,1,0.5827379214497662
19045,0,1,0.5551058929759176
56818,1,1,0.5009079234483902
28885,1,0,0.4655082464095324
54213,1,0,0.41599257473372186
23077,1,1,0.5432731394815421
38550,0,0,0.4062878777144325
12127,0,1,0.5275122341596551
5608,0,1,0.6837722271688013
22856,0,1,0.5614594498265846
42686,1,0,0.4097907030331329
56187,1,1,0.617988403309063
58621,0,0,0.4981339149510673
1681,0,1,0.6736181111081367
13510,1,1,0.5784374080076985
51417,1,1,0.5938557479877838
55180,0,1,0.5677638664896907
31281,0,1,0.5274457589182782
39720,1,1,0.6032012530543327
51558,1,0,0.4861931163709422
30934,0,1,0.6206305781607224
22771,0,1,0.5471480555225569
9226,0,1,0.5039086927288146
14883,1,1,0.5873112098250656
24550,0,1,0.5919254956132366
26161,0,1,0.5342381480720418
25586,1,1,0.5613958960669924
18537,1,0,0.48249875546421817
47215,0,1,0.7387704758438257
47001,0,0,0.48767583960946664
34870,0,1,0.5632156576613215
52357,1,1,0.6128806283254101
36052,1,1,0.5496254835125763
10579,0,1,0.5145917072100199
9176,0,1,0.5834104387526238
29766,0,1,0.5984642509657402
8459,0,1,0.550986673596793
52890,0,0,0.41061099186465455
27672,0,0,0.43909527100745444
58395,1,0,0.4948643378740191
26302,0,1,0.5935337855362203
1285,1,1,0.5647825852056999
46493,0,1,0.5708719499944435
16376,0,0,0.43469807303143393
6955,0,1,0.5282791238817537
14707,0,1,0.58196105753749
260,0,0,0.3451990522024191
44040,1,1,0.5962084649820354
35490,1,1,0.5974778195996071
21998,0,1,0.5668834837578052
43795,0,0,0.42268358918069643
59177,0,0,0.40533045378270477
45788,1,1,0.5373833793142827
20610,1,1,0.5579537292015586
49013,1,1,0.6197836849072125
27290,1,1,0.7194249576335678
25898,0,1,0.6552088849065636
27063,0,1,0.5368879223954478
39616,0,1,0.63924421606964
39418,1,0,0.44772410146797803
59937,1,0,0.44477817390032476
52785,1,0,0.3249792437095397
42420,0,0,0.4470325058440342
337,1,1,0.5104414287896469
31290,1,1,0.590933254125964
57612,1,1,0.808905616883767
34028,1,0,0.46591150503636547
995,1,1,0.5913196324581048
11797,1,1,0.6236464523244353
55902,0,0,0.47076282358125354
39129,0,1,0.5665922123016851
12264,0,0,0.4085067711436941
8887,1,1,0.6221905828987739
40961,0,0,0.4999847264077795
7692,1,1,0.5824111924516115
7314,0,1,0.6138112489729253
14125,1,1,0.5029944831103811
46827,1,1,0.5890359213352591
38470,1,1,0.7755436503497894
37236,0,1,0.6803142516609985
56183,1,1,0.5636596224853089
51275,0,1,0.5736608308983303
18764,0,0,0.40431558996339056
60173,0,0,0.4824327408052976
56763,1,0,0.475769656030459
60454,0,1,0.5004324097441842
50868,1,0,0.47247806171869294
53390,0,1,0.5186493358754327
35819,0,1,0.584674500988052
12365,1,0,0.35302692064344493
19616,1,1,0.6422857257682429
11590,1,1,0.5940043152502931
11183,1,1,0.523573255344399
57903,1,0,0.3468234244652661
3314,1,0,0.4084536908448488
19645,1,1,0.6232730195762826
27001,1,1,0.5902482736977509
59801,1,1,0.5059930167220194
26510,0,1,0.5781141563994823
49759,0,1,0.5380100770658109
21010,0,1,0.5142108351685175
18506,1,1,0.5578006232426468
996,1,1,0.599143533519297
35155,0,1,0.5275324287612861
16900,0,1,0.587525985965543
34272,1,1,0.5677538639484337
52738,0,1,0.6424376007250825
52473,1,0,0.34776331296207014
28236,1,1,0.5629962011564263
34320,1,1,0.5486762403175516
47949,0,1,0.5701864243013824
40150,1,1,0.5430655446726078
18925,1,1,0.5268185509701013
46750,0,0,0.46552763005326625
48200,1,0,0.3761157726770486
12848,1,0,0.4336386708872992
10350,0,0,0.49968105803799945
38509,0,1,0.5988496550945653
13467,0,0,0.47198646660187893
17212,1,0,0.48768329374721325
5888,0,0,0.45850693800149434
37954,1,0,0.49076453398284303
41823,0,1,0.6632312357575472
60633,0,1,0.6549961385778963
48318,1,1,0.5637090091616471
19795,0,1,0.5311741923960337
53258,1,1,0.6686277711575602
10240,1,1,0.5656149163963402
43682,1,1,0.6038923237932756
37736,0,1,0.5104093340151077
11395,1,1,0.601128425923081
35042,1,1,0.5533821592765635
4940,1,0,0.4411956261288345
12812,1,1,0.601324563901665
58304,0,1,0.6051284317536774
18699,1,1,0.5556195501651306
50927,0,1,0.5357102790464393
32083,1,1,0.6676475073006327
47969,1,1,0.6120628284356076
42867,1,1,0.6264507245046349
25194,0,0,0.49127749867252063
34769,1,1,0.6336746586228623
21708,1,1,0.5881144933846134
9384,0,1,0.5557174139168438
11744,1,1,0.6696601205152238
38349,1,1,0.5772648351151048
50509,1,1,0.5453916394483964
51460,1,1,0.5864637474001787
18658,1,1,0.5855144208590763
4287,0,1,0.5364424670600055
57375,0,1,0.6212086512589383
21083,0,1,0.5137026223281965
56662,1,0,0.47769915843882294
54221,1,1,0.5160421287215525
9255,0,1,0.5572789256357431
28428,0,1,0.5147738372401687
21884,1,1,0.5359513934915374
51891,0,1,0.604200791002053
33980,0,1,0.5996599703492645
15359,1,1,0.6010354807381161
4118,1,0,0.43766012131771703
46031,0,1,0.6405188104754668
16565,0,0,0.46004871164511996
17364,0,1,0.5866621889492581
49841,1,0,0.45426260545276287
50214,1,1,0.6664409588186865
29326,1,1,0.5208355914272942
29208,1,1,0.5801328149072821
37100,1,1,0.6168216920709739
42949,0,1,0.735044027066145
51615,1,1,0.6896898494825549
48452,0,1,0.5313826101472346
27308,1,1,0.5371729046660487
44520,1,1,0.617700288381175
38306,1,1,0.7286721869111513
49987,1,1,0.6614013546008006
5310,1,1,0.628658193763737
53582,1,0,0.4464571149801968
30696,0,0,0.3830981092615028
41940,0,1,0.5776248981740322
38906,0,0,0.469033745863633
44291,0,1,0.6161145247998505
10550,0,1,0.6376323203871119
25163,0,1,0.5354590865525248
36114,0,0,0.4802108831614011
28678,1,0,0.4693789572508685
11986,1,1,0.7499090242131268
38537,1,1,0.6551954553041733
46030,1,1,0.6045590601791323
13491,1,1,0.5386772725682598
6478,0,1,0.5825083043661959
32142,0,1,0.5382161045519611
38112,1,1,0.648235473431314
48814,1,1,0.5926543846525886
32470,1,1,0.6610618181192153
40393,0,1,0.5627714336812708
52876,1,0,0.36280771815195884
40132,1,1,0.5216134213481867
36601,1,1,0.7093312264146253
3027,1,0,0.36101123139089886
17382,0,1,0.5876274036085885
15179,0,1,0.5683971072176557
552,1,1,0.6382377574806406
52407,0,1,0.5073953992849483
21853,1,1,0.591006012537056
54950,1,0,0.4790375850475227
52765,0,1,0.538355959310659
39116,0,1,0.5813875378574034
7988,0,1,0.709125422721964
18984,0,0,0.49904956784229865
19204,0,1,0.5564903631302682
2161,0,1,0.6252015801215863
3128,1,1,0.7165167160000145
42893,1,0,0.4601155167491603
12333,0,0,0.49819419428552925
4953,0,1,0.5624879636167799
22014,1,1,0.5245224057286708
36679,0,0,0.3968153798380857
21057,0,1,0.5478214009295691
8625,0,1,0.5400267687607849
25087,1,0,0.47435973331170517
38414,0,0,0.45960826500876706
32371,1,1,0.6731929253771172
52654,1,1,0.6219690942655423
58503,0,1,0.573442293341803
23371,0,0,0.4976602916889146
5028,1,1,0.5203246703947291
56793,1,1,0.8574958136559814
22577,0,1,0.5235360549531652
18335,1,1,0.6916208093849215
39351,1,0,0.37440007498960365
47410,0,1,0.6671099960865509
54053,1,0,0.4671361124998411
22086,0,0,0.46036891952621706
46967,1,1,0.5843263707978109
54114,0,1,0.5001535162369077
28172,0,1,0.5603519791638698
22667,1,1,0.6134175036438149
22924,1,1,0.5715522272997873
21646,0,1,0.6053452349889167
32528,1,1,0.5978108517636531
56925,1,1,0.5068936516634018
6090,1,1,0.6295185687052464
59560,1,1,0.6058428985187851
56612,0,1,0.7238658351527524
4440,1,1,0.5552204628054117
23066,1,1,0.6196316359372852
4563,1,1,0.5718314297208803
23149,1,0,0.47699281824116113
16683,0,1,0.5553142077949162
46893,0,0,0.48596122069482706
45506,0,1,0.5547613429785109
16361,0,1,0.5551198349455181
46786,1,1,0.5262966873156284
24988,1,1,0.5174679041565085
58413,1,0,0.4588838462859539
47543,0,1,0.6107020688747794
5765,0,1,0.5659737181947897
55549,1,1,0.6606080353236727
47177,0,1,0.6376130064255316
16979,1,0,0.38348507305728147
18904,0,1,0.5575000189696219
33985,0,1,0.5761379942814898
16269,1,1,0.5453600185334867
57609,1,0,0.44454921003907144
39324,1,1,0.6596213568465796
36556,0,1,0.6233390161032837
8523,1,1,0.7104864188690612
21515,1,1,0.527087725257396
42569,1,1,0.5300382365695488
60697,1,0,0.46074879054715273
59429,0,1,0.5905767094986989
4577,0,0,0.38706204104913744
602,0,0,0.4900333466982095
38043,1,0,0.4136690898121103
55292,1,0,0.4114742228585992
43677,0,1,0.7124362397709411
23588,0,0,0.4553499480233017
47641,0,1,0.5382108925951705
47028,0,1,0.5376793032983219
59436,0,1,0.5209548493516322
50560,1,1,0.6398913806260826
3562,1,1,0.5817328988513366
4503,1,0,0.42242860739026183
4901,0,1,0.6118406331950195
22072,1,1,0.5705594703983214
10323,1,1,0.5097697548434923
26279,1,0,0.48402069886738586
8967,1,1,0.5514243657756529
14662,1,1,0.5919930454469312
23164,1,1,0.5855594604958619
13876,1,0,0.46262475536239966
36528,1,0,0.431017535392165
11661,1,0,0.4989563926293382
60284,0,1,0.6040116858643336
26323,1,1,0.5501524153920323
30747,0,0,0.497153514624988
10772,1,1,0.6900410358144294
19619,1,1,0.576986713613628
37288,1,1,0.6116108493006251
8984,1,1,0.5847953163700069
42047,1,1,0.6694306717669595
25838,1,1,0.5319236630684288
33661,1,1,0.5800050986513186
22936,1,1,0.5061914463061286
49239,1,1,0.5550477442560883
55844,0,1,0.5122927116827788
56989,1,1,0.5551192129435931
8225,1,1,0.5698709948336399
50510,0,1,0.5371862914491864
22409,0,1,0.5463034256501255
56463,1,0,0.4818134055361218
26202,0,1,0.565794438350633
55487,1,1,0.5677447068816961
37789,1,1,0.5090830747392396
14090,0,1,0.5617570565249188
58464,0,1,0.5280870431307458
40821,1,1,0.554223482785035
44218,1,1,0.5837836736491941
43988,1,1,0.5901827387143187
17108,0,0,0.4773881661026481
23631,0,1,0.534181990572446
6906,1,0,0.49235518723784677
693,0,1,0.7464909745945281
45074,0,0,0.49040653252860766
56095,0,1,0.5382216730444652
20285,1,1,0.5856293073930148
19356,0,1,0.5133218936666326
35939,0,0,0.4436043780681594
22335,0,1,0.5157101844707159
11959,1,1,0.6818624280869754
34706,0,1,0.6751387237394846
55891,0,1,0.5436550158519041
12671,1,1,0.5874329732694289
41514,0,1,0.5711058366312389
41184,0,1,0.5544867879352562
11539,1,1,0.5603799790773834
59138,1,1,0.5684636620139625
56144,0,1,0.5244096391186466
39232,1,0,0.3866397846367326
26897,0,0,0.4967939851861906
31257,0,0,0.4991502596303914
47356,0,1,0.6836202134445899
11081,1,1,0.5488704788281581
46368,0,1,0.5616146283348598
36161,0,1,0.6193670951886108
23458,1,0,0.43708844920272105
14082,0,0,0.4896113632369709
14760,1,1,0.5934942769822189
31797,1,1,0.7767861139375796
13849,1,1,0.7292332328356936
51704,0,0,0.45190138835474386
30686,1,1,0.5183995007786303
47865,1,1,0.6046621609414218
7824,0,0,0.45818236143538477
25058,0,1,0.6429810679236403
10880,1,0,0.29846687250778736
60384,0,1,0.6001168295156668
27188,1,1,0.6497856115024403
6150,0,1,0.7297219624099823
25567,1,1,0.5076269070678402
14196,0,0,0.4969279129474291
30578,0,0,0.4951836188408391
33015,0,1,0.6545810057735076
23000,1,1,0.5646078600835461
9221,1,1,0.5959723773353583
36952,1,0,0.45611309918871934
23314,0,1,0.5654561470901418
8512,1,1,0.5424433580821869
21319,1,0,0.44179853887239273
1848,1,1,0.7612933193796545
8694,1,1,0.5935292700089871
13410,1,1,0.5673869824556734
51606,0,0,0.4109825201996183
35898,1,1,0.567653919538021
34674,0,0,0.49383812118734177
18395,0,1,0.5200140659465933
35384,1,1,0.5013333750503403
36617,1,1,0.5840898903064651
23598,0,0,0.47864807958041256
57964,0,1,0.6592487607732008
25837,0,1,0.6291376411998673
50566,1,1,0.5194665555002659
18185,0,0,0.40179901380901417
16143,1,1,0.5386268088361179
26088,0,1,0.5116776743032905
22454,1,1,0.556255290678287
315,1,0,0.49769778490157
26828,1,1,0.5724998433457625
38969,1,0,0.3933010075857519
12657,0,0,0.420578031035758
52855,1,0,0.4618114252855738
16937,0,1,0.5447303101612401
36907,0,1,0.567643934663764
50045,1,0,0.4332726620097073
26962,0,0,0.46024209763681
46553,0,1,0.595702443774245
45597,1,1,0.7618134845909279
18631,0,1,0.5966881707638417
50277,0,1,0.5060276586013365
33495,0,1,0.5717261580356002
33649,1,0,0.48220540020290575
51603,0,1,0.5612343100165036
21495,1,1,0.5350184016876242
27100,1,1,0.6331510323437125
18548,1,1,0.6620201094029176
58731,1,0,0.47997389616703523
43273,1,1,0.6115400904787814
29310,1,1,0.5591785147505381
34855,1,0,0.41773284078823864
32451,1,1,0.558186975992409
27159,1,1,0.5734110120796022
36091,1,1,0.6019338062060847
10166,0,0,0.3902779561515285
16697,1,1,0.5693160691796244
50540,1,1,0.5321189960710838
54893,1,1,0.5448674678471799
38416,1,1,0.5351019176526427
20804,1,1,0.5177999409019837
50786,1,1,0.663452058915079
16026,1,1,0.5340674036679417
35662,0,1,0.5955214782305693
56711,0,1,0.5683560704907905
40997,0,1,0.592981827410426
60328,0,1,0.5563792221845298
40268,0,0,0.4936377165941884
12804,1,1,0.5872233307254305
30837,0,1,0.5370403106223562
8445,0,1,0.5239452699818089
7619,1,0,0.4891326071589642
44423,0,1,0.5450840638658323
24002,0,0,0.4947579845237333
41283,0,1,0.5595549828920187
47080,1,0,0.4229341043982198
8913,0,1,0.6849989009584952
18767,1,1,0.5055723322008722
46659,1,0,0.4092792846911977
11269,0,1,0.5559560847339644
7528,1,1,0.501624549022376
7283,1,1,0.5653556659408782
51494,1,1,0.6760309463954383
46467,0,1,0.5571252407920568
21152,1,0,0.4600337042322506
33846,0,1,0.5826927536642544
36166,1,1,0.5363729582129708
4007,0,1,0.6228822248646465
2659,1,0,0.4572202544438035
48233,1,1,0.5874258793720483
17592,1,1,0.6002084229296137
55031,0,0,0.48513415525223935
36948,0,1,0.5867322469042417
57157,1,0,0.4305218441831289
45646,0,1,0.6058949021136805
24714,1,1,0.6024050575351502
997,1,1,0.6816760091495857
34933,0,0,0.46173690063617917
32464,1,1,0.5921465589866136
54507,0,1,0.5418753418331268
11495,0,1,0.6074846730789877
32817,1,1,0.7348979957431613
28905,0,1,0.5429082751912268
28605,1,0,0.4803253238802176
12240,1,0,0.3840734938535767
7695,1,1,0.5264462983955196
11023,1,1,0.5026408281160096
53212,0,1,0.5552252188657684
43765,1,0,0.37946912365701174
18726,1,1,0.6137479501515726
32990,1,0,0.4829020981137601
19892,1,1,0.5879168620646684
60608,1,1,0.5570433268796344
45932,1,1,0.6171925280555068
11307,1,1,0.5883913194447047
43663,1,1,0.5725068995870601
41541,1,0,0.4763934809072735
10686,1,0,0.41381038207817744
19655,1,1,0.6497696773397178
44972,1,1,0.6986641593997672
26537,1,1,0.5648210081201567
140,0,1,0.568362784486773
21983,1,0,0.4753566539351261
46012,0,1,0.5658673781662196
49108,0,1,0.5905729588049704
42778,1,1,0.6650147311329582
2764,0,0,0.40353404471886806
31630,1,1,0.5603039140773011
59898,0,1,0.5497109994154777
35342,1,1,0.5001076712622726
57829,0,1,0.6750245734648128
19307,0,1,0.6675480504555873
39295,1,1,0.5737654430376891
37827,0,1,0.5301821501228766
21953,0,1,0.5575734060764769
8139,1,1,0.6545186573951294
42485,1,0,0.4543534226796423
7653,0,0,0.47153229923419526
43305,0,1,0.6259189624339684
25801,0,1,0.6272238023343379
17544,1,1,0.503375700021315
36966,1,0,0.43228789146646174
43513,0,0,0.31188406288032966
54103,1,1,0.7197184410056983
58432,0,1,0.6477129394216437
33575,1,1,0.5285574579940691
19457,0,1,0.5594502551656053
28480,1,0,0.4613042892565227
38371,0,1,0.540806525813801
55078,0,0,0.41930323665286046
39466,0,1,0.7360949878924673
11619,0,1,0.6469929371628629
32480,0,0,0.45918256741232405
32600,0,1,0.6218495314424678
41470,0,0,0.42481403064330103
21930,1,1,0.5438111335520063
8330,1,1,0.5201542681944751
35779,0,1,0.5085692724298636
21416,1,1,0.5763106308669965
47253,0,1,0.6122675303989944
55940,0,0,0.4968678152831575
10064,0,0,0.41170886122098127
3356,1,0,0.48971914266114697
43444,1,1,0.5442181178675085
12706,1,1,0.5134959830910076
27291,1,1,0.5263689557990269
40648,1,1,0.5824143050089696
53309,0,1,0.5827800581948498
37915,1,0,0.4805621009003236
209,0,0,0.3800794612526193
38603,1,1,0.5218695223575536
41406,1,1,0.5290810474082619
52639,0,0,0.4767251562140665
35596,1,1,0.5499644182557234
42221,0,1,0.6211195709626662
41423,0,1,0.6367703757554343
35538,1,1,0.538932608544889
4839,0,1,0.578540647649245
13389,0,1,0.7485767718202897
19322,1,1,0.5334684997462896
16422,1,1,0.5687429478130862
17818,0,1,0.6247864577588585
16980,0,1,0.5436950330519001
34819,1,1,0.5644370129078365
4052,0,0,0.4376352619468392
11939,1,1,0.6087609525763805
7945,0,1,0.5232278208309817
7753,0,1,0.6141507962202583
12452,0,1,0.6459450585237982
58084,0,1,0.5342417877298553
28716,1,1,0.5429062874932127
5921,1,1,0.6097086354622178
9780,1,1,0.627469158793515
11209,0,0,0.47360543069319005
51805,1,1,0.5675772876707473
19482,0,1,0.5937156199766926
17481,0,0,0.41895385271380176
6335,1,1,0.6595066439638059
54365,1,1,0.5924697470391649
21409,0,0,0.45518721882621654
42539,0,1,0.6259073672671903
25917,1,1,0.5004573350245708
33589,1,1,0.556863698859834
17375,1,1,0.6141548905002766
50781,0,1,0.5397598606184065
56128,1,1,0.6649843555499576
5320,0,1,0.6820541553027067
7892,1,1,0.6010282594967606
2569,0,0,0.4333159563078678
18889,0,1,0.5507350831129272
33735,1,0,0.3701411999420493
15591,1,1,0.7055532568533762
36738,1,0,0.4825534680590949
13188,0,0,0.47456892963977215
28447,1,0,0.4901116996937433
39279,1,0,0.48719483340746406
59021,1,1,0.6332065108906827
38461,1,1,0.5145894722649821
5784,1,0,0.43518709926512067
31532,0,1,0.5910720500790071
10678,1,1,0.6659500697884115
53267,0,1,0.6706646528506539
51401,1,1,0.5791726099287268
6524,1,1,0.5968965852499183
54469,0,1,0.6303359446662472
50600,1,1,0.5199747318705745
7449,1,1,0.6426639140521467
54358,0,0,0.4386290623890669
54265,1,1,0.608483138172255
51262,1,1,0.5864885174822987
10990,1,1,0.5132404577010665
23385,1,1,0.5533365559167124
3533,1,1,0.5654478323273218
60738,1,1,0.6890752849398082
27910,1,1,0.663624302677146
40189,0,1,0.5172702526210408
30808,0,1,0.666541049890222
53351,0,1,0.5966854410467776
36595,1,0,0.37803632376738305
605,0,1,0.5849958286606914
52966,0,0,0.4206155375261045
8177,0,1,0.6427118298035345
25327,1,1,0.5396403857224263
58303,0,0,0.4100640135495472
39681,1,1,0.5442594421343938
12446,1,1,0.539592842609442
55202,1,1,0.5704748177954194
35623,1,1,0.5388001792108728
4814,0,1,0.5768317816723263
25517,1,1,0.5738461458141512
51989,0,1,0.5773493504972006
29080,0,1,0.5122532484015874
13568,1,1,0.7519025252032422
27342,1,1,0.68337035690887
36610,0,0,0.4221496496007087
25404,1,1,0.5636869970387384
24486,1,1,0.5122673122499621
48466,0,0,0.3961639583403507
8570,1,1,0.5330590456799563
60450,1,1,0.5945557623427769
20227,1,1,0.5421028662757698
59359,1,0,0.44321907898070256
59012,1,0,0.4500861098592329
8888,1,1,0.6042489938597772
57304,0,1,0.5623547758667441
11433,1,1,0.5890738726938182
25150,0,0,0.4565026964252022
59387,0,1,0.5764743932058516
3147,1,0,0.2999069909082296
2009,1,1,0.65254772843799
43491,0,1,0.6976003860718509
9350,1,1,0.6431306338588691
17616,1,1,0.5030303399549685
39476,0,1,0.682284668699757
16325,0,1,0.5990886071051361
32053,1,1,0.5266111388493664
49922,1,1,0.5650708747819998
59895,1,1,0.6805861274522094
46486,1,0,0.4843185549814625
56379,0,1,0.5040633453427289
36487,1,1,0.7411077952297467
1050,0,1,0.6084021083613301
56107,0,0,0.4399055743322394
33335,1,0,0.4799128020050281
59108,1,1,0.592717657110262
44091,1,1,0.6953379719259616
3387,1,1,0.6368029630896879
60546,1,0,0.38754329414222033
18731,0,1,0.577498971258884
14972,0,0,0.46671338007700386
32252,1,1,0.5001791317762754
51834,0,1,0.6330114542812131
60113,0,1,0.5681222036040138
23085,0,1,0.59522327815703
60758,0,0,0.4204340239943927
30976,1,1,0.5191593174732441
30503,1,1,0.5984533359325755
30201,0,1,0.6518123558595188
33569,1,1,0.644415864325556
20011,0,0,0.4924220459480525
19329,1,1,0.5167510375584448
18039,0,1,0.5053443840361312
55928,1,1,0.5141238462872991
26283,1,1,0.5210974178151178
54074,0,1,0.5448361636253408
29363,1,1,0.5871624968321182
524,0,1,0.6212997308143702
44858,0,0,0.4847759735154112
54218,0,0,0.49979504698997473
32536,1,0,0.4855995917841052
45748,1,1,0.6653187691436935
55793,1,1,0.5561778063909965
15778,0,1,0.5700816168216181
20440,1,1,0.5907206776966667
48282,0,1,0.608259623776908
13561,0,1,0.6234452137852986
6464,1,0,0.4738622228353092
16104,1,1,0.5028061961612404
603,1,1,0.7282095542464375
27387,1,1,0.6603541336908602
58573,0,1,0.6417659507893351
25011,0,1,0.509225562952346
52518,0,1,0.610865100225523
59750,1,1,0.688415996243047
38056,1,1,0.6226561519203129
57803,1,1,0.7383474253720379
35703,1,1,0.5054088330900474
52145,0,0,0.4628451284485083
35297,1,0,0.47631581185998095
38521,0,0,0.4961644330821903
42647,0,1,0.5902392481305061
19940,0,1,0.5317035814818621
32821,0,0,0.4157497044124427
8499,1,1,0.5135744288423111
59739,0,0,0.44100959550041113
30770,1,1,0.637196839822738
32272,0,1,0.5258535248478556
51602,0,1,0.7275445837193593
35113,0,1,0.5226022635664995
27681,0,1,0.6417280062425733
530,0,1,0.6163259797370355
25051,1,0,0.4280122835312322
19011,1,0,0.4575724534315636
47643,1,0,0.4949427059263731
60287,0,1,0.6440422230734487
33039,0,1,0.6217785867323077
22331,1,1,0.6033924244146008
11019,0,1,0.5658830931422613
6169,0,1,0.5282921869504363
7091,1,1,0.5240918724954172
380,0,1,0.7641623137295575
31083,1,1,0.5091784156451911
37091,1,0,0.4483405102134577
10403,1,1,0.6356969989703282
15393,0,1,0.558232219747524
10774,0,1,0.5392924130453223
7157,1,1,0.5558590555343591
35100,1,0,0.3150071045985919
47414,1,1,0.5899846972563549
9777,0,1,0.5818274402481749
57700,1,1,0.6447675193365342
3745,0,0,0.49153923022929563
33842,0,1,0.5192396801076365
14990,1,1,0.6293333078004094
15532,0,1,0.5314682378192894
15965,1,1,0.6296845798764861
56727,0,0,0.48651506384376053
23465,1,0,0.4735017665063216
27120,0,1,0.5505144562427197
46685,0,1,0.5259029912027229
3761,0,1,0.5734974729557295
55829,0,1,0.5025775581715146
39147,1,1,0.6028281651239912
42839,1,1,0.5621136695710999
53185,1,1,0.5092764286388133
8195,1,1,0.5827584482584651
51161,1,0,0.4828233698298288
21200,0,1,0.5273586130819866
14863,1,1,0.6543582237341496
47455,1,1,0.5164539360234095
47858,0,1,0.6534552555268257
30273,0,0,0.45032313163685495
48725,1,1,0.5636460903345839
57256,0,0,0.4669042690855758
51347,1,1,0.5955395201395318
12730,0,1,0.5353000819104112
39410,0,0,0.49167320354689553
47402,0,1,0.6860825661407418
26300,1,1,0.5279616616031907
8791,0,1,0.6653615479053688
42973,1,0,0.45053868556053367
31952,0,0,0.46605577568079615
2716,1,1,0.5667510257826884
59116,1,1,0.6032903699146067
52006,1,1,0.5393537097501702
36311,1,1,0.5090383614735131
43118,1,1,0.5614567003093747
6982,1,0,0.43304657684623393
1513,0,1,0.585660160656806
10724,0,1,0.5054594550925503
14235,1,1,0.6437530161347815
37638,1,1,0.7822143031884233
43446,0,1,0.5811526077671685
18463,0,1,0.6426882259722724
54573,0,1,0.7002915148343157
26643,0,1,0.5540194382941803
49430,1,1,0.5360913131687584
29303,1,1,0.5954696775700931
23126,0,1,0.5054058552352978
54117,0,1,0.50649952356778
5250,1,1,0.5535233055233807
51042,1,0,0.43725470643081765
5855,1,0,0.3973619902762455
45005,1,1,0.5133613341061232
8597,0,1,0.5465602237788896
7986,0,1,0.5349779435735419
57511,0,0,0.4484194767413465
33182,1,1,0.5229528529662967
23760,1,1,0.5227446800065186
8397,0,1,0.579317528674024
39186,1,1,0.5475044486282321
19771,1,1,0.507458889016658
40391,0,1,0.5294985092085084
42395,1,1,0.630475925390344
47201,0,1,0.6743099464832106
58463,0,0,0.4354075507051424
44212,1,1,0.6354811045791255
14135,1,0,0.3368667449010117
54379,1,1,0.5554599220642291
59547,1,0,0.4780439582613424
26409,1,1,0.5460917619785978
1803,1,1,0.6472939190659686
47805,1,1,0.5439625388117016
24916,1,1,0.6093473497428437
44045,0,0,0.3959657855099383
22461,1,0,0.45617870123313836
39914,0,1,0.5301668892218496
1454,1,1,0.6597923166747548
17434,1,1,0.5286069212274938
12607,1,1,0.5543487200541164
22640,0,1,0.5006691788087475
18740,1,1,0.5506428517656191
39830,1,1,0.5880109422625971
37332,1,1,0.5089546712781896
15921,0,1,0.5410318311836119
30463,0,0,0.40840801940072713
2340,0,0,0.3527234218061942
40093,1,1,0.6036132732030972
12864,1,1,0.6535087251711
2772,0,0,0.4982088570460973
12641,1,0,0.44221883983787824
15662,1,0,0.37213898161318076
40281,1,0,0.4366092505523049
28302,0,0,0.41345905260149984
55354,0,1,0.5105129523843176
26110,0,1,0.5985933378500237
2366,0,1,0.5055074072866045
57153,1,0,0.4438514629559094
367,1,1,0.6973517481122116
9395,1,1,0.5644765612340037
1233,1,1,0.5075668642128579
16712,1,1,0.530993905898063
36722,0,1,0.5173535710997481
60826,1,1,0.5017089181554059
17272,1,1,0.5103655526789016
26317,0,1,0.6121605875386991
6632,1,1,0.5644217673064561
19713,1,1,0.6594151047704383
17220,0,0,0.4527350267901461
41148,1,0,0.41932509339424706
15894,1,0,0.42910848493783216
880,1,0,0.4713341721151888
20450,0,0,0.49664934434354907
26624,1,1,0.6070956604135263
23025,1,1,0.503662561387756
38815,0,0,0.44007225159037405
43693,1,1,0.6446175781110428
11801,1,1,0.7049566432607459
42381,1,1,0.6988460970114321
29040,1,1,0.5526139670001112
11451,0,1,0.5536864486632911
38807,1,1,0.5761784882153221
13401,0,1,0.7695143961628516
34681,0,1,0.5368812369173867
46441,1,1,0.5149286478445332
56585,1,0,0.475769656030459
22564,1,0,0.4954983072738912
14112,0,1,0.6787763410632843
25544,1,0,0.45787412517828213
3895,0,1,0.5967159229992135
11319,1,0,0.44941703304241076
6294,1,1,0.6628888075972926
50009,1,1,0.6212616197287012
47630,0,1,0.780736380995928
2422,1,1,0.5872191603597173
34920,1,1,0.5777781549125863
42003,1,0,0.4500396480151291
30550,1,0,0.46461654769369437
39445,1,1,0.6655603517072364
19553,0,1,0.6652957694065509
20889,0,0,0.4306928382444744
59455,1,0,0.4322614879044402
36939,0,1,0.6709631948586181
48357,0,1,0.812843247493892
44845,0,1,0.5588110575619532
16116,0,1,0.6720755531778885
17963,1,1,0.5144098419939275
12689,1,1,0.5599841987614289
47618,1,0,0.4385357823847686
36507,1,0,0.44714659706174875
34196,0,1,0.5466398340914203
26477,1,1,0.5851226296978501
14658,1,1,0.5432093980639277
27413,0,0,0.4436621428412482
29593,1,1,0.520103863177235
37779,1,1,0.5435649516228992
26846,1,1,0.5134075580549698
16971,1,1,0.5304957553004181
40612,0,1,0.6572842440506423
19086,1,1,0.5094331658754083
14754,1,0,0.4514247780956468
15952,1,1,0.5305127163454625
6737,1,1,0.5050875443533331
4404,1,1,0.65238254506397
43310,0,1,0.7823008759281109
13553,1,1,0.6063260813136361
14535,0,0,0.38639668988710213
38767,0,1,0.6019842263280814
59067,0,0,0.47354495534959024
1506,1,1,0.5217121729854649
35189,0,1,0.6306409271606226
21108,0,0,0.4360995453728291
35282,1,1,0.5925774484167499
2318,1,0,0.47895484332973903
29588,1,1,0.6448320215692809
51016,0,1,0.5600840379749134
57870,0,1,0.833880897413581
54890,1,1,0.5103207560477526
44001,1,1,0.5567723758867309
5129,1,1,0.6480409198140533
8668,1,1,0.5557057419831157
14203,0,0,0.3180496116523409
11944,1,1,0.6665446882247946
19417,1,1,0.5545708579259564
59844,1,1,0.5047131294590791
2356,0,1,0.6207589643629975
47637,1,0,0.4148936327533866
59777,0,1,0.6187833477592892
47681,0,1,0.6329725658564872
32219,0,1,0.5191222145048496
57056,0,1,0.6090782186586972
55797,1,1,0.5469445581408106
50514,1,1,0.5771595668185753
30728,0,1,0.5826494221036745
11895,0,1,0.6680463278689982
41688,0,1,0.541290597480097
30349,1,1,0.5545257317001758
17477,1,1,0.6060735221894406
30398,1,0,0.4344391488644252
42517,0,0,0.3828994242724618
51301,0,1,0.6026801904408979
30154,0,0,0.4964047183330768
35790,0,0,0.3913204354251734
22326,1,1,0.5208794472905572
33696,1,1,0.6358785830975506
50518,0,0,0.46169588874785417
49195,1,0,0.4358845029400735
40176,0,1,0.5632066175053236
6354,1,1,0.5160675409280774
16375,1,0,0.4657135189979845
10379,1,0,0.3107568320437297
8877,0,0,0.4660970252165135
1401,1,1,0.6652669179539565
37264,0,0,0.40557357933224125
52569,0,1,0.6630758687015879
718,1,0,0.46028328284698916
60308,0,1,0.6144943105907846
56330,0,1,0.5766019719314679
29570,0,1,0.6578677404922815
53769,0,1,0.6068279991842885
18807,1,0,0.4170300806669387
59142,1,1,0.586455418020098
25384,0,0,0.4680012590317091
43130,0,0,0.44337587037560583
6824,0,1,0.6077602746519929
54181,0,1,0.6184131828359862
19032,0,1,0.5619361023602844
57492,0,0,0.46908271165676313
54725,0,1,0.5428042046444695
53533,0,1,0.5706549246196819
12670,0,1,0.6284162811699157
20639,0,1,0.538260973207398
38345,1,0,0.437407669140379
21616,0,1,0.5629988196600262
42214,0,1,0.6257525360455316
57811,0,1,0.622653751575953
20729,1,1,0.5043809955413867
14238,0,1,0.6150811738055992
1214,0,1,0.603786048414086
35532,1,1,0.5433848470550912
41038,0,0,0.46174081458642957
39075,1,1,0.500368967284287
32910,1,1,0.5341717173281522
10965,1,1,0.5975046484366543
44288,1,1,0.6474008501600966
26358,0,1,0.5208451728112702
46040,0,0,0.4550212944359086
53155,0,0,0.48813232702991605
23644,0,0,0.4909548490817861
54171,1,1,0.5792507670962443
33508,1,1,0.5708987714437334
46707,1,1,0.638805931127665
39867,1,1,0.5969027760080033
23151,1,1,0.6252115034730833
58136,0,1,0.5753356118248647
41957,1,1,0.5945915649404739
37110,1,1,0.6657071641707809
19215,0,1,0.6171792057340444
223,1,1,0.6118123231894486
40842,1,1,0.5105023205518308
3796,0,1,0.5674688512209233
11229,1,1,0.6167499371116825
20369,1,0,0.4936231510166117
29635,1,1,0.6322869473055444
43081,1,0,0.31593809704378867
27133,1,1,0.6044240437337514
48027,1,1,0.5741347134735343
28942,0,1,0.6149344304435046
32718,0,1,0.6900069880247592
47898,0,1,0.5070832711842612
42683,0,1,0.5089019588924458
48026,0,1,0.5775228828378011
33106,0,1,0.6356459398116303
7012,1,0,0.49229203985655673
40501,1,1,0.5806332901994625
43459,1,1,0.6719568144694935
9660,1,1,0.7216713501328708
60616,1,1,0.55068643491796
37297,0,0,0.4971485351788126
41500,0,0,0.45717466992201516
5440,1,1,0.6671747470817957
34606,0,1,0.6051242963775402
15154,0,1,0.611484621662542
4158,1,0,0.48519290333085474
57559,1,1,0.8601663891789348
25481,0,1,0.5277919525146756
13806,0,1,0.6177132664401932
44827,0,0,0.41108949035967923
16272,0,1,0.587279719510018
41237,0,1,0.6058790053612547
42205,0,1,0.6194453993700492
11588,0,1,0.5822105195319641
38264,1,0,0.3817713077454249
25466,0,1,0.5392239438156531
321,0,0,0.30651689611431815
48389,1,1,0.5584263217571841
6301,1,1,0.5402297914588382
21598,1,1,0.5452933179574421
21973,1,1,0.549910305556371
51570,1,1,0.6578684209111261
26131,1,1,0.5770106257979439
9056,1,0,0.4686991060261928
31524,1,1,0.5758105677158688
48254,0,0,0.3780584008565435
16912,1,1,0.6551182135735983
43358,1,1,0.6069376266126302
24020,1,1,0.5801805708424838
38047,0,0,0.4726762014489718
18483,0,1,0.5247571149954299
37280,0,1,0.5162469750170865
46283,1,1,0.5774112601823207
48475,0,1,0.6136141720150695
45640,1,1,0.5583429483014618
12250,1,1,0.6552882823409647
6268,0,1,0.6563355238764293
14306,1,1,0.7241750324402147
42002,0,1,0.6557982647961965
60701,1,1,0.6941249845548404
22227,1,1,0.5253212681514272
33318,1,0,0.4956460507910962
36898,1,1,0.5164630704833
19224,1,0,0.42595734260040785
2595,0,0,0.47736225342758876
4895,0,0,0.45129369679298065
30358,0,1,0.5863692507538103
37600,0,1,0.5360628154892347
58835,0,1,0.6427404187049929
15745,0,1,0.6157131649311002
11281,0,1,0.6056724304126508
25301,0,1,0.694674114761575
15940,0,1,0.6221218873360688
31719,1,0,0.48909810958206407
55429,0,0,0.47998382689571073
21750,1,1,0.5366825763604833
29932,1,1,0.5005478067266792
45930,1,1,0.5760726195304801
1397,0,1,0.6537095083786411
17553,0,0,0.45371644749757345
24721,0,1,0.5969390391576482
37643,1,0,0.33621112523854185
35796,1,0,0.485269222145785
53681,1,1,0.5174887141909007
13058,1,1,0.6255185933688812
25995,1,0,0.4994021453378512
11450,1,1,0.5128403369803244
22393,1,1,0.5223981160737933
13423,1,0,0.4484534265681747
52861,1,1,0.7113994064795355
52327,0,1,0.6367533506376436
54832,1,0,0.4055023940059207
25931,1,1,0.5523232944163885
54679,0,0,0.47691403209811783
45260,1,1,0.6408000378300358
53042,1,1,0.6847603785361324
32956,1,1,0.5719113988188217
1256,1,0,0.47622167576970365
31569,0,1,0.5735789876444857
24003,1,1,0.5466525925011326
21288,1,1,0.6415792486371064
28861,1,1,0.5184667126504408
30626,1,0,0.48628143740900787
45216,1,1,0.5359540749398881
40048,1,0,0.49722339485717243
32848,0,1,0.6867904366361902
47815,1,0,0.45440821726026537
40262,0,0,0.4154167547289132
22742,1,0,0.49418275530933203
520,0,1,0.5899174100774967
60713,0,0,0.4115283455488754
44990,1,1,0.5700883470971168
30446,1,0,0.4438600026872901
12224,0,1,0.5365833234795702
35475,1,1,0.5577976648722094
17916,1,1,0.6169260234337012
40355,1,1,0.5670812816876092
43282,0,0,0.47254200568837434
34322,0,0,0.48080939436631887
53424,1,1,0.6495893296676168
47656,1,1,0.5363490618432256
15983,0,0,0.4468248297458514
24071,1,1,0.5740258150098555
8472,1,1,0.5387995029247648
54924,0,1,0.5858104525357102
36256,0,0,0.4580798178079345
29152,1,0,0.39918176200044203
23965,0,1,0.5476377778020849
36411,0,0,0.30706744279989673
11772,0,1,0.6160780707085003
272,1,0,0.3857484756755722
55056,1,0,0.33458968890714075
37566,0,0,0.362877849508826
31211,1,0,0.4842649915267815
44864,1,1,0.5074893589904329
9154,0,1,0.8189217878482292
26440,1,1,0.5267530407922161
57934,0,1,0.8185830728346584
20669,1,1,0.6307783474606898
51585,1,1,0.6722480790442193
26518,0,1,0.5771391982279758
35296,0,0,0.30666384723746387
6126,1,1,0.5583066651202278
12455,1,1,0.5469019744985448
18259,0,0,0.48248910446816445
379,1,0,0.4327442187859108
17376,0,1,0.7033576389730364
52355,1,1,0.6357115241085832
20308,1,1,0.5219923976880882
33345,1,1,0.65564379515065
31946,1,1,0.5846485976788057
22906,1,1,0.5334352437796295
24415,1,1,0.6396929849175446
6665,0,1,0.5940634775119764
32946,1,0,0.38485248024980145
22234,0,1,0.5499578695818322
14619,0,0,0.46871581014962244
52492,0,0,0.485869503859481
32735,1,1,0.5466815748209268
1622,1,1,0.5810285296671537
10349,1,1,0.622352611240532
43839,0,0,0.47398685971580734
9484,1,1,0.5987593634903736
22183,1,0,0.48309611979273875
54124,1,1,0.5758118552506324
16327,1,0,0.4689501113646657
49059,0,1,0.6565560823358355
42323,0,1,0.6404735963022997
35639,0,1,0.5291920648058288
4614,1,1,0.6043845404566514
45893,0,0,0.4641869374030682
17150,1,1,0.5698443806306921
46099,1,1,0.6098293986156405
55444,0,1,0.5274086509257419
43960,0,1,0.5351326499830595
8137,0,1,0.5268434325786286
56383,1,0,0.498670146147373
8412,0,1,0.6060723122986583
17956,1,1,0.5683467888733723
37184,1,0,0.49360162484474834
38292,1,1,0.5151675203258802
43610,0,1,0.6181551786218621
23234,1,1,0.5530953543718699
59376,0,1,0.6270456174821981
48376,1,0,0.4499513278066377
45624,1,1,0.6400848025596132
21972,1,0,0.4631135937399211
15589,1,1,0.628631340762677
735,0,0,0.40847272384077793
8793,1,1,0.5577657342999784
50829,0,1,0.6366345985976184
22500,1,1,0.6097864326691238
27128,0,1,0.6152938007473611
36513,1,1,0.5928768163355241
38609,0,0,0.43850347159922654
16484,0,1,0.5591225765052255
30568,0,1,0.5299045859666209
11668,0,1,0.6250539247131501
8921,1,0,0.38180747029168927
18598,1,0,0.42284570078856504
47958,1,0,0.4145420547672478
24418,0,0,0.4485294695490088
43351,1,1,0.593946642239029
38951,0,1,0.528137199384192
37696,0,1,0.6652013364355374
9090,1,1,0.6840966659066703
49989,1,0,0.39384263591593943
20107,0,1,0.5821120606220261
58006,1,1,0.5836825906391205
27918,1,1,0.5475398844167786
11373,1,1,0.6133069569674321
12328,0,1,0.5927655087350838
38975,1,1,0.5275032799526689
51690,0,1,0.5514011523220426
38387,1,0,0.37890474930931334
7328,1,1,0.6095396394354714
32850,1,1,0.5747175576317155
37188,1,0,0.46327820282095394
52839,0,0,0.479993258886301
40469,1,1,0.5254306149324289
33074,0,1,0.6034028287319327
44565,1,1,0.613887923198213
10653,1,1,0.5243556970955014
22472,0,1,0.5545352958324996
26688,0,1,0.5882148938513768
14380,1,1,0.6301972042816744
37202,1,0,0.4831670132929055
60849,0,1,0.6875781621931821
22362,0,1,0.5028536766963729
7561,0,1,0.5127131203871129
49560,0,1,0.5589125376815453
27888,1,0,0.40855350614963376
17574,1,1,0.6226565282939507
17621,0,1,0.5660588623233541
6739,0,1,0.588901727477145
17216,0,1,0.5533503640401559
17149,1,1,0.5337798226350189
38629,1,1,0.6894642622163885
60532,1,0,0.4535118746795546
60001,1,1,0.535049204662498
31262,1,0,0.45885570973291
38254,1,0,0.40645904273051464
57558,0,0,0.40788484653824625
11311,0,1,0.5420538626173926
1796,1,1,0.669506123290203
29655,1,1,0.512251966633615
490,1,1,0.530858935863201
59729,1,0,0.475923431356657
15017,1,1,0.5168593403940408
43317,0,0,0.2630592518578014
24763,0,1,0.5210545939132025
6119,1,0,0.4911059767808441
60170,0,1,0.5864909211301093
45649,0,1,0.5300447632377656
13180,0,1,0.7231144661648754
9963,0,0,0.42194238484454893
17176,1,1,0.532972429644306
47983,1,0,0.3225954902714062
23274,0,0,0.4860681494539044
4667,1,1,0.5876843792147903
42691,0,0,0.35779593836920937
17069,1,0,0.3957698836201514
42711,1,0,0.43135025596252596
42887,1,0,0.4310189249178585
54224,0,1,0.5361662069392348
48793,1,1,0.5380974801370612
49090,1,1,0.5023963100720015
31929,0,0,0.45090967924147085
17917,1,1,0.5105776080038704
29893,1,1,0.5861970065167761
3877,1,1,0.7006942764570122
841,0,1,0.6172610710977221
10120,1,0,0.39818257695214343
33472,1,1,0.5030625497591099
14601,0,1,0.5313489961620673
4190,1,1,0.6328646090837083
39382,0,0,0.471788637939569
33161,1,1,0.6121320174285966
46981,1,1,0.6118558503888514
26027,0,1,0.5040982093865375
51963,0,1,0.5700068106480052
11724,1,1,0.552814887344064
19034,1,1,0.5150629689796355
49724,1,0,0.49256581760633034
3524,0,1,0.5247461318006619
55349,0,0,0.3982021378816311
20355,0,1,0.6110200618523293
58426,0,0,0.48017404953303633
37129,0,1,0.6237181711207598
32981,0,1,0.5732599763532727
5433,0,0,0.4423391020185704
27438,1,1,0.6490091858868601
32225,1,1,0.6184423463563001
39188,1,1,0.6048412707646625
13899,0,1,0.6041649193095394
43522,0,0,0.463225699008883
42735,0,1,0.5609166433103718
7895,0,1,0.6762529835549259
26213,0,1,0.5821472057244282
9325,0,1,0.5678207449119316
42629,0,1,0.6575977252776647
28237,1,1,0.6105171070499602
34130,0,1,0.608075336264133
44317,0,1,0.5360469093207015
55282,0,1,0.6075121712088901
20214,1,0,0.49726711536617785
8753,1,1,0.5303025117401625
19398,0,1,0.6182124797515806
32110,1,1,0.6977019445574011
55089,1,0,0.47938754387128646
18027,0,1,0.5561409365790058
48212,1,1,0.5683988221168955
24514,0,1,0.6149863188901586
26685,1,1,0.5563162800469095
35587,0,1,0.6682097795685769
35054,1,1,0.586899922900137
3489,0,0,0.48862381903737734
59644,0,0,0.40081508457538745
10261,0,0,0.42935425711549624
47179,1,1,0.576990426902254
55683,0,1,0.5440264665147453
9665,1,0,0.4303714726966385
49778,0,1,0.6395714407870478
405,0,1,0.6392132815051581
5814,1,1,0.5572767799429738
16242,0,1,0.5231107879237101
10581,0,1,0.58517269702843
8348,0,1,0.5098664926552918
9464,1,1,0.5683628692884145
2942,0,0,0.3761463187559202
10367,1,0,0.4561013919478571
60575,0,1,0.6365908466783795
3830,0,0,0.47005582554188974
13457,0,1,0.5626859656053337
60841,1,1,0.5996220702938342
15862,0,1,0.672167153802379
28179,0,1,0.6937271207418491
20292,0,1,0.5371824789824726
60121,1,0,0.42523943270365727
4991,1,1,0.664370212750262
27392,0,1,0.5955814978036817
11111,1,1,0.5535826934903685
51902,0,1,0.6560875810779314
46711,1,1,0.546160341420465
50523,0,0,0.462407443618274
33394,0,1,0.5068984447580538
31953,1,0,0.4571592678365642
6011,0,1,0.5560575326985415
26532,1,1,0.5580986198639598
59865,0,1,0.566808545938903
22390,1,0,0.46915977981857176
30367,0,0,0.45599251943535246
22766,0,1,0.5750019946127627
21346,0,1,0.5867002097111288
13282,0,1,0.804526812109478
7058,1,1,0.5729769253572077
39379,0,1,0.5711431050994618
29271,1,1,0.5760955813108084
4319,1,0,0.4756089294212753
8231,1,1,0.5853135826407293
15625,1,0,0.4212429370087383
44277,0,1,0.5867949891874911
7482,0,1,0.5486737639701039
10604,1,1,0.5122327805432585
20877,1,0,0.44606077305338715
9790,0,1,0.5854243193883186
54426,0,1,0.6781757026650815
11277,1,1,0.5413418631106621
38597,0,0,0.4843228406954303
27737,1,1,0.588062057069478
60504,0,1,0.5198742447785523
29663,0,0,0.46486525393859984
58959,0,0,0.4979965893062149
54608,1,1,0.5657100842115006
45976,1,1,0.6162547840333218
10372,0,0,0.46633007109241575
14947,0,1,0.5298657781897341
21984,0,0,0.4938165782880379
30051,0,1,0.6377302875903738
47123,1,1,0.5532502908579633
42378,1,1,0.571258044538484
59668,1,0,0.47818237269466274
13019,0,1,0.6687632525967858
44685,1,1,0.6554168048813434
37107,1,0,0.3940896835304988
4149,0,1,0.5896880992232638
29272,1,1,0.583729334210292
60747,0,1,0.5608386617356953
31221,1,1,0.5093030194717474
30001,1,1,0.6601238346279161
49718,1,1,0.5105018047966549
54477,0,1,0.6898279780826545
9802,0,0,0.49366762065894904
42124,0,1,0.5465997306343506
37564,1,1,0.6645329296207777
45569,0,0,0.4544996216972791
58085,0,1,0.7589951880249304
26921,1,1,0.5835610259079975
44727,0,1,0.5765716205712574
59080,0,1,0.5050235867772948
39657,1,1,0.5286904016519399
17036,0,0,0.48247088720661435
54858,0,1,0.5762004432871328
42319,0,1,0.6472297390627952
48421,0,1,0.5575019573988821
6410,1,1,0.5742851265997326
44813,1,1,0.5242457518719352
60910,1,0,0.4577252173643793
35974,0,1,0.6123663487191578
52777,1,0,0.4108418298957971
5034,1,1,0.538939298839939
60353,1,0,0.48179444220400086
48530,1,0,0.45961152229431435
7972,1,0,0.4904307398805578
3784,1,1,0.5946360392066602
20657,1,1,0.5239722851647681
30113,0,0,0.45536385040333177
51507,0,1,0.5911177722652226
49785,1,1,0.6660689880968921
27213,1,1,0.6329287908490704
45386,0,1,0.633876365536555
13336,0,1,0.7844420741566122
51716,1,1,0.5436321900406493
39178,0,1,0.611819831791657
35221,1,0,0.35828054031691364
715,0,1,0.5670154633808944
14386,1,1,0.6000934936229964
7549,1,1,0.5651936787561871
49371,1,0,0.4651689837045743
26147,0,1,0.5126488081979776
59924,1,1,0.5147005109847195
1424,1,1,0.7138289936974747
31109,1,0,0.4244949942649931
24065,1,1,0.53662902074162
2616,1,1,0.5290734852558134
16013,0,1,0.5946015417023758
19964,1,1,0.5735664904282436
15929,0,1,0.7002668994842404
37055,0,1,0.5142991235677876
53025,1,1,0.6754087594691224
18287,0,1,0.6107108957845713
26143,0,1,0.7046295087508628
1272,1,1,0.732271099446464
3548,0,1,0.5858641336069
51996,1,1,0.5793434734470069
24877,1,1,0.5278235200257202
2110,0,1,0.5504937486248428
27482,0,1,0.5858451496403534
1265,0,0,0.45216107409985445
20413,1,1,0.5287300545546563
13468,1,1,0.6322923834852718
5113,1,0,0.44047787663703103
14515,0,1,0.6525023860126373
10404,1,0,0.43602898840939924
12088,1,1,0.6131706891458281
40992,1,1,0.5961585392483828
12997,1,1,0.5703563222859668
33547,0,1,0.5312921487118762
36999,1,1,0.5185995235799704
45961,0,1,0.6762623772930242
46645,0,1,0.6144823405919341
39627,1,1,0.6192172456009041
12858,1,1,0.6340325158679119
17038,1,1,0.587470798867163
47561,0,0,0.404476299709358
38756,1,1,0.6107986657393951
27890,0,0,0.4869613257707382
10545,0,0,0.35112750339223664
9385,1,1,0.5356921999906374
2779,1,1,0.6579584607737278
36353,1,1,0.6413285689632471
60623,1,1,0.5440912004422906
3603,0,1,0.585155266316992
2297,1,1,0.623802099699137
56592,1,1,0.5781310771310348
20533,0,1,0.5971515888205062
21386,1,0,0.4319247729742427
29645,1,1,0.5135312979424194
37172,1,1,0.5470972721315448
55188,1,1,0.6944015306959712
27558,1,1,0.6228296314364785
48518,1,0,0.43377760037564156
2845,1,0,0.3872074785084498
18402,0,0,0.45442280989325085
28465,1,1,0.5522655328766077
56973,1,1,0.5717541633738835
55239,1,1,0.5416168615298943
24180,0,1,0.5900899474791758
56261,1,1,0.5940781566070139
18397,1,1,0.6105622352169185
7751,0,1,0.5539517188165448
7626,0,0,0.4775867720997965
12650,1,1,0.6498362669240585
30623,1,1,0.5159793343482618
45691,0,1,0.7033171439073788
38557,1,0,0.4894597763873255
5246,1,1,0.5770568466925038
15932,1,0,0.4632302217207465
52359,0,1,0.5413192876946181
1747,1,1,0.6285871462766358
51065,0,1,0.7135570578683728
32988,0,0,0.48356146690362306
47585,0,1,0.6013430330326206
31268,1,1,0.5422829580091518
19246,1,1,0.5852345253873154
34261,1,1,0.5933955623410325
41885,1,0,0.4827176851154021
18428,1,1,0.6022959435223573
15637,1,1,0.5716085243774888
37400,0,1,0.6346180205161268
34500,1,1,0.5440492307578567
29678,1,0,0.49753583097418613
25889,1,1,0.6379001723733002
44834,0,0,0.4375504428930485
33549,1,1,0.6443543677179687
20053,1,1,0.58179922670137
52658,1,1,0.6255599476158162
52264,0,1,0.5664175062670221
11546,1,1,0.5798525600987986
28208,0,1,0.6736594971930197
60715,0,1,0.6506265239443754
45630,1,1,0.626625405679669
17750,0,1,0.6305835353115667
12797,0,1,0.5972310780785632
26611,1,1,0.5807335200700725
45418,1,1,0.6185436615875832
3521,0,1,0.521241534266989
52524,1,1,0.6394548850436521
8875,0,1,0.6378549223642443
55273,0,1,0.506573099754304
51419,1,1,0.5154577335236595
21318,0,1,0.5371066235654571
60416,1,1,0.5588303155934082
4756,1,0,0.45581697452233483
20658,1,0,0.48882874059875375
55480,1,1,0.5703482520098456
7572,0,0,0.4660317682004748
33888,1,1,0.5135145895247091
13430,1,1,0.6449219102162627
40881,1,1,0.5456733808776323
10399,0,0,0.40170413297635543
52443,0,1,0.5406510796165744
22143,0,1,0.563051944862123
31055,0,1,0.5331262696958368
50240,0,1,0.5918300043824777
6969,1,0,0.4046426882303604
54606,1,1,0.6519381663519377
26665,0,1,0.5195860746390845
28027,0,0,0.4816182333911042
44647,0,1,0.5379000179139627
28402,0,1,0.5469247115554093
42834,1,0,0.4946045531625932
7294,0,0,0.4887635896671344
16155,1,1,0.5351127701039341
48769,0,1,0.5082820950428857
7172,0,1,0.5167407317524073
48242,1,1,0.614144578667883
44161,1,0,0.42892648004064754
55837,0,1,0.5092059291601168
27219,0,1,0.6811317024730102
18791,0,1,0.5322801979415595
16589,1,1,0.64914416627527
31235,0,1,0.6202443206627164
6472,0,1,0.6486398117997767
28438,0,1,0.5099709042832661
13286,1,1,0.6154530243089009
7834,1,1,0.6122583100062549
12296,1,1,0.5844044059160249
16578,1,0,0.44380884644392443
36435,1,1,0.506594444643429
54727,1,1,0.7334679454618603
22275,0,1,0.5178108246760674
45318,0,1,0.616045351003684
43180,1,1,0.671933291895912
46057,0,1,0.589837652596525
32700,1,1,0.6822111220543776
12474,0,0,0.4368475065692515
47244,1,1,0.5742022646281474
14069,1,1,0.5130647477327406
36362,1,0,0.4762901132770058
1582,0,1,0.5097736251256895
4384,1,1,0.5655202603138182
45609,1,0,0.352316726931421
33582,0,1,0.5790025285079727
18514,0,0,0.38948904438218834
48657,0,1,0.6438734588123279
4519,1,1,0.5166909857639227
34360,0,1,0.6230917468471109
25419,1,1,0.5654572527395242
37030,0,1,0.5121340331057344
48858,1,1,0.5712560400668525
22070,1,0,0.49970045832568977
1501,0,0,0.3850291698040712
21721,0,1,0.5255309327838802
21365,1,1,0.518873767842232
3522,1,0,0.47901229795475797
51472,1,1,0.5981806442639885
46181,1,1,0.6473451052467857
21828,1,1,0.612716533845409
16087,1,1,0.6237415428204701
4277,1,1,0.6720478288333324
44198,1,1,0.5677093434431009
11366,1,0,0.39643415413206823
55505,0,1,0.5123012426304888
4550,0,1,0.5970012778505944
48609,0,1,0.5887911361984266
55458,0,1,0.5052373726660061
58529,1,0,0.48467330860322155
10074,0,0,0.4600761488102653
48234,1,0,0.38459892215433966
48551,0,1,0.5456469832086805
52235,1,1,0.591697026565574
45810,0,1,0.550401837831299
22471,1,0,0.46016855970455844
31192,0,0,0.4997180154845053
7969,1,1,0.5384475449339906
18267,1,1,0.5239380170385135
5522,0,1,0.6546796599601385
49524,1,1,0.5588756771890879
13124,1,1,0.5959953157764769
35902,0,1,0.5694805077543625
9096,0,1,0.5641025941851293
2177,1,0,0.3652040396362918
10917,1,1,0.5239427370838596
22798,0,1,0.5706743313329479
14374,0,1,0.5941207041301364
32793,1,1,0.5299301324944709
49393,1,1,0.5949046487418318
6156,1,1,0.5861782383171374
41890,1,1,0.5733139745394537
60922,1,1,0.5775224660626384
4669,1,1,0.6669046453635538
39927,1,1,0.5086896017754003
35399,1,1,0.6019110687008357
34143,1,1,0.6846802155298417
360,0,0,0.47721643016226445
21902,1,0,0.4643735917292948
36836,0,0,0.4958780730510245
53514,1,0,0.4595181454615981
18730,1,1,0.521062904649128
32126,0,1,0.568963113574762
16763,1,1,0.546582972333058
57217,1,1,0.5098400654880091
3648,1,1,0.585875221959895
5138,0,1,0.5632391054598908
10802,1,1,0.5041697214330148
5861,0,1,0.6079809090352508
41899,1,1,0.5254837781544374
44618,0,0,0.4857540141972485
26436,1,1,0.5220006069489703
20095,1,1,0.5291691717588508
11878,1,1,0.6088318852417547
25902,1,1,0.5632532086830274
38234,1,1,0.7288728394825311
12816,0,0,0.44684462253367285
24926,1,1,0.5903348028763923
10925,1,1,0.5947281678039855
21872,1,1,0.5447261437243797
29465,1,1,0.6388656944753239
20858,1,1,0.5175701877663159
8436,1,1,0.532893205576752
25731,0,0,0.409592709293764
39198,0,1,0.514532050612419
8714,1,1,0.5075457119051775
10507,1,1,0.5996743678292731
54625,1,1,0.6675513388467033
36819,0,1,0.5974082240231099
24504,0,1,0.6079379246977302
3790,1,1,0.5402135650494558
28817,1,1,0.6140136415314987
53536,1,1,0.5389701013508752
12667,0,0,0.47023474796754344
47975,1,0,0.39608483222507757
4224,0,1,0.5452556667328428
4553,0,1,0.634602105140752
23226,0,1,0.5888545616413734
38441,0,0,0.46220515052214106
29181,1,1,0.625552976235333
3473,0,0,0.48573500683204457
7608,0,0,0.4884985279942387
4571,1,0,0.3673545089699372
60082,0,1,0.5858047198983395
222,1,0,0.21797808983265368
247,1,1,0.6347043584234361
49512,0,1,0.5136193758833386
14780,0,1,0.6463743156115384
3638,0,0,0.4105296150151394
24571,0,1,0.5873841904436927
6031,1,1,0.6451074173157361
5923,0,1,0.6532866628511885
55419,1,1,0.545426083371979
57326,0,1,0.5231267259137747
13050,1,1,0.5646460491441927
2662,0,1,0.6175882117754035
5179,0,1,0.592240308883372
1984,1,0,0.41196357047061793
38673,1,1,0.5347280173024972
13557,0,1,0.6084120443581075
55575,1,1,0.5421491303069594
45560,1,1,0.5302661216691488
34163,0,1,0.5548033268917247
57125,1,1,0.5256822334815571
21769,0,0,0.4770998716939825
22189,0,1,0.5678188724136518
24536,0,1,0.6112377077779442
56177,1,1,0.6065777357593783
11387,0,1,0.50870683231834
35531,1,1,0.5833357795825173
47932,0,0,0.41088953315041954
8883,1,1,0.611288919698099
40047,1,1,0.5769700597050952
52708,0,1,0.5498878723772542
24115,1,0,0.4439389093700486
54768,0,1,0.55103797033575
58656,1,1,0.5238340651997138
17157,1,1,0.6222620852394463
11726,0,1,0.6980308330220989
26669,0,1,0.5668266383158997
25856,0,1,0.531581724283098
28055,1,0,0.35644616717470334
5325,0,1,0.612197019886668
51600,0,1,0.6724008204009295
14501,0,1,0.5855006304724957
5476,1,1,0.5877259149346546
47973,0,0,0.4765001247603896
11017,1,1,0.5595108517353308
4179,0,0,0.49233238650562816
13936,0,1,0.5242838755353164
52725,0,1,0.7718324694247772
8288,1,0,0.4826149041211678
27648,0,1,0.6347835040379994
32811,0,1,0.5889052396697513
53284,0,1,0.5910921003628008
24768,0,1,0.525142231484699
31251,1,1,0.5094275851077699
51449,0,1,0.5798638702925138
2641,1,0,0.4226841379038451
60123,1,0,0.37700067322150554
28520,0,1,0.5076595056975043
26489,1,1,0.579495886256676
52676,0,1,0.5040249603265393
50783,0,1,0.5843709049810473
20586,0,0,0.46223355362142304
5832,0,1,0.5835916391446687
27903,1,1,0.709391611252702
34557,1,1,0.6386249744771235
2579,0,0,0.4861658381531428
52396,1,1,0.5934636916638307
10842,1,1,0.5953104886129308
22469,1,1,0.6064108125096709
27358,0,1,0.6484482524213999
18336,0,0,0.3865795648344178
7636,0,1,0.5209908610322693
13493,1,0,0.4938961180477377
30855,1,1,0.6091966073590254
28701,1,1,0.6128125127861382
13945,0,1,0.7132797532306958
35859,1,1,0.6274907194711248
35725,0,1,0.6313373143536585
58995,1,1,0.6850660357437254
50976,0,1,0.7281302014458104
23713,1,1,0.5608342020658621
35733,1,1,0.6185299014406813
29256,1,0,0.4122217204925267
50385,0,0,0.35435930996599213
35542,1,1,0.5248220684091409
34379,0,1,0.7529560727761239
44003,0,1,0.6426502531669349
35006,0,0,0.4320879971098391
22784,1,1,0.5150939865012664
17793,1,0,0.45713965511458293
6941,1,0,0.49797209555285576
37413,1,1,0.5003073669766894
43077,1,0,0.3134598921478473
20778,0,0,0.40463479184917106
20869,0,1,0.5540575658748045
27140,1,1,0.5481493192024506
3835,1,1,0.5116607588273636
3492,1,0,0.4466283883479407
16058,1,1,0.5426948014260792
179,1,1,0.5554870792727982
50317,0,0,0.4468312324283368
46100,1,1,0.6261705031983497
45663,1,1,0.6130175913572955
6360,0,0,0.46184452779737506
38276,1,1,0.5296528598479332
59487,0,1,0.6740212589425026
17546,1,1,0.5406553230565837
16185,1,1,0.5618064813852763
7958,1,1,0.5923870553704176
27525,1,1,0.6335512941565979
57994,1,1,0.8186933743520908
44107,1,1,0.6271686374890111
26204,0,0,0.47854664638243904
24644,0,1,0.5478773011169139
29147,1,1,0.5254537707012605
55854,1,1,0.5087520890130215
39547,0,1,0.5522037666699877
44614,1,1,0.5553344555422383
31810,1,1,0.6761207246272656
47560,1,1,0.644558245689565
37778,1,0,0.4329495330803111
43330,1,1,0.5845077331406866
27998,0,1,0.5007573557654449
51090,0,1,0.6893543974894749
14416,0,0,0.44585131608882345
10697,0,1,0.6038589305880057
18053,1,0,0.43310688941321696
12614,0,1,0.6227866088334316
32671,0,1,0.6250273947874527
39776,1,1,0.6481382661489072
4281,0,1,0.5254965678158335
4478,1,1,0.5595247372232162
35340,0,0,0.48735450010240217
40374,0,0,0.4913034772782401
58843,0,1,0.5023299226395482
36403,0,1,0.599408766029011
16664,1,1,0.5294800216372407
20403,1,1,0.5267381857095339
35316,1,1,0.5525581682304708
7601,1,1,0.5502062910276776
21404,1,1,0.6417109875937118
52208,1,1,0.7218925419454643
15780,1,0,0.4103002235448112
46159,1,1,0.6099535556964113
25761,1,1,0.5637921481103956
5762,1,0,0.49948861490097196
38774,1,1,0.5638669123699566
40657,1,1,0.5691140350898334
44957,1,1,0.6836157346375665
8238,0,1,0.5483302786429395
21401,0,1,0.531870518728291
55607,1,0,0.48180441912296784
45755,1,1,0.5542485344195005
30329,0,0,0.3507360998196352
38360,1,0,0.4527198483558566
50647,1,1,0.5137984370950471
60792,0,1,0.6590419661424914
53009,1,1,0.5003020074008309
57601,1,1,0.681166927275235
34395,0,1,0.6515632949038977
24299,0,1,0.5262239294349389
24560,1,1,0.5383631721813084
40028,0,0,0.4294281286170137
21417,0,1,0.582674953134684
57079,0,1,0.5754978675622264
32296,0,1,0.5158900924044854
4596,1,0,0.47922102904055724
7711,0,1,0.5226341921421421
60628,0,0,0.3752485096966955
60821,1,1,0.587477230728254
30655,0,0,0.43883896293223024
27827,1,1,0.5431196677114151
21990,0,1,0.5387990230245582
46688,0,0,0.3911702510831808
5303,1,1,0.5838986904102013
36800,1,1,0.6954793222319431
24410,0,1,0.5698998220158653
2885,1,0,0.4989988718409293
41751,0,0,0.349748034704788
53075,1,1,0.6256401287792888
33436,0,1,0.5456310597378231
16799,1,1,0.5994032712057612
18411,1,1,0.501795447863402
16023,1,1,0.593656244005625
12807,0,1,0.5864940902907896
40451,1,0,0.47063992400189564
60437,1,1,0.5425046256493279
36074,1,0,0.49227384708822436
40433,1,1,0.549755620633666
45492,1,0,0.44245532634474066
49610,0,1,0.552503827914594
46094,0,0,0.4373395861981151
36930,1,1,0.5314770650322289
44260,0,1,0.575905251713493
35795,1,1,0.5791532214175404
57150,0,1,0.6055263272414603
16074,1,0,0.37811675337062967
16555,1,0,0.3887766702181118
24498,1,1,0.541617909345801
7347,0,0,0.4514958068540739
3955,1,1,0.5652045253084735
49144,0,0,0.4405624948842244
26963,1,1,0.5852448091251308
19758,1,1,0.6023880237422058
18569,0,0,0.44116314407800516
39510,1,1,0.6219222559638155
35997,1,0,0.4845704474335535
56267,1,1,0.5241603181446859
1770,1,1,0.6165302861936143
27617,0,1,0.61862059511937
28142,1,0,0.4760178294345037
60190,0,0,0.4336265010832124
8326,1,1,0.5997531061483179
8018,0,1,0.7081561940288023
17547,1,1,0.5815826540705978
17257,0,1,0.5422839636222059
3656,0,1,0.5846196679886462
47023,1,1,0.5601646385403083
33898,1,1,0.6549152711633315
23102,0,1,0.5173470922761608
55094,1,1,0.6179312626753383
7162,1,1,0.5677877737150859
42089,1,1,0.5230594866815497
34473,1,1,0.6978160769796302
2752,1,1,0.5136501797218963
55911,0,0,0.46818475605786647
16673,1,1,0.5190027974529015
21052,1,0,0.45886386764433484
1545,1,1,0.7158839750361138
18264,0,0,0.4727567269194862
32973,1,1,0.7549637815940256
13358,1,1,0.6702922378565717
45559,1,1,0.5053923043337512
59111,0,1,0.5847884944291235
26384,1,1,0.5197904863395784
44825,0,1,0.5712903937978857
37665,1,1,0.7005242186415255
41644,1,0,0.40598429317136714
19282,0,0,0.4424012645664191
43549,0,1,0.547719829173501
33445,1,1,0.5106762108134423
29666,1,1,0.5088196422776509
26389,0,1,0.5927405962646322
32036,0,1,0.5263146505027804
30738,1,0,0.49867734893604415
59385,1,0,0.4749032419553879
36691,1,1,0.5082203684677464
35379,1,1,0.600987239994177
10821,0,1,0.6359458602515901
30883,1,1,0.5968495998105212
3166,0,1,0.594106714978184
46438,0,0,0.4785757029709051
14943,1,0,0.4945650980656767
41782,0,1,0.560877204530629
29997,1,1,0.5349652203922605
15258,1,0,0.48157964547980703
43316,1,0,0.44927699311317026
19435,1,1,0.5455309077641248
2786,1,1,0.5032914222630697
48281,1,0,0.23516893784407905
17693,1,1,0.6220969130810758
57861,1,1,0.7320260585933557
42921,0,1,0.6722016482200166
14345,0,1,0.5056784857956622
50279,0,1,0.5762471070214348
34082,0,1,0.5462810743682536
47874,0,1,0.5773528738320282
44281,1,1,0.5690615310854453
34683,1,0,0.4975080563623915
35509,0,0,0.4381771925182198
40788,0,1,0.5613780775238643
55610,1,1,0.5897710369511635
22810,1,1,0.5043230249625937
24796,0,1,0.6126441812611548
52549,0,1,0.5899352560445291
7442,0,1,0.5952285033074856
244,1,1,0.6717162976609303
38129,0,0,0.44361057633797624
16347,0,0,0.49883495360127933
13148,0,1,0.6379927760024394
34296,1,1,0.6209905436046782
16464,1,1,0.5028534317382399
14547,0,1,0.654256618380037
59298,1,0,0.4359636882144143
11530,0,1,0.708514091691254
10968,1,1,0.5655282205778306
49678,1,1,0.5805734983309734
42391,0,1,0.5338273092090675
56641,1,0,0.46782449410185856
459,1,1,0.5689554348652857
38310,1,1,0.6196424284944595
58440,1,1,0.5420452227581015
50500,1,1,0.6001497199596099
60601,1,1,0.6627466545218855
11463,1,0,0.4185666446079816
35367,0,1,0.6037867508394471
33802,0,1,0.5426847003905028
49084,1,1,0.5399349658684738
47082,1,1,0.5169706544692318
20208,0,1,0.5648690958698598
50145,0,1,0.5914220237761648
54227,0,1,0.6132036695221494
24099,1,1,0.5619114211499645
12282,0,0,0.4514831362447427
30918,0,1,0.6089706591879849
23466,1,1,0.6167358523496184
6063,0,1,0.5891743377841643
33080,1,1,0.6052520069718529
29335,0,1,0.5771948399578695
22780,1,1,0.501236003896078
57483,1,1,0.5020855146450173
4914,0,1,0.573987958589139
28801,1,1,0.5119639846931221
55006,1,0,0.28420714509939254
54081,1,0,0.4518307563302143
35950,1,1,0.5726322644395551
11745,1,1,0.7572392034181386
60300,1,0,0.3835577360103503
45732,1,1,0.5360311879954043
2664,0,0,0.47026388040534606
48562,1,1,0.6384326278609629
19944,1,1,0.5707230544732407
23345,0,1,0.512614672004182
46692,0,1,0.6393600617961456
53053,0,1,0.5952809812060049
22914,1,0,0.4779464951331348
35145,0,1,0.7095411980192733
4284,1,1,0.6789065488237658
5901,0,1,0.6445234342418018
39067,1,1,0.6137342968980918
21391,1,1,0.5407087434783464
45250,1,0,0.4423089509480685
3754,1,1,0.5698016716281487
7122,1,1,0.5512815650245318
15774,1,1,0.5247698766916838
24778,0,1,0.5184566742650173
16133,0,1,0.6691184337081636
2972,0,1,0.7184836504696931
47494,1,1,0.6270742598880803
19633,0,1,0.5794529414889927
24132,0,1,0.5377124810792058
55784,0,1,0.5906723976660452
26983,1,1,0.6209739747990549
55328,1,1,0.5966007489967347
10078,1,0,0.483010071103654
59325,1,1,0.5081379085583788
30245,0,1,0.5289677627041867
28630,0,0,0.4357481566598975
22224,0,1,0.564430190770169
31321,0,1,0.5475780453385214
36756,0,1,0.5453897599715747
38940,1,1,0.5623796268374874
54954,1,0,0.4794655786242915
10083,1,0,0.3984329636351358
43022,1,1,0.6748103684672355
1669,1,1,0.6995573225005431
18843,1,0,0.4292338800402304
56194,0,1,0.5530193980644851
25835,0,1,0.6632381945386883
33841,0,1,0.6414765826883264
9691,0,1,0.5417024956546105
41230,1,1,0.528657155466934
33666,1,1,0.5520831131995193
38855,1,0,0.472773740943484
19364,0,1,0.5301748957645976
31056,1,1,0.6255165060115847
22410,1,1,0.6434172318862295
41209,0,0,0.4760044076867199
58793,1,1,0.5319590447534376
3811,1,1,0.5204211427152142
12695,1,1,0.6275814049617802
43888,0,0,0.4997358165312628
43744,0,1,0.5727618716691546
13627,0,0,0.4486039318910335
12656,0,1,0.603421573084736
59165,0,0,0.44997695013355016
3350,1,1,0.6272970267217913
1982,1,1,0.644673368206439
25168,0,1,0.5735636181439489
46183,1,1,0.6114752160000971
12756,0,1,0.5947410214856683
3798,1,1,0.549768821385046
13957,0,1,0.5746200581432462
8087,1,0,0.48596713704382055
60191,0,1,0.6596279068354134
44478,1,1,0.5508158376440772
38676,0,0,0.43688538838184343
38319,1,1,0.5508356307714211
4346,1,0,0.44829440028925405
6636,1,1,0.5217750407837756
15727,0,1,0.6392895442536478
45148,1,0,0.4758318350975096
42108,0,1,0.5551050237896324
35228,1,1,0.5005751138098676
54001,0,1,0.5786050099639328
36592,1,1,0.747607956311437
55069,0,1,0.5337386364061926
60126,1,0,0.44218032825084086
54199,1,0,0.46811090355765594
57170,1,1,0.6675211777521878
20984,0,1,0.503415632382647
41629,0,1,0.5400359363967905
14355,1,0,0.4894748367027653
12731,1,1,0.6190289773724491
46653,1,1,0.5492618280003128
36890,1,1,0.5316664104594017
59043,1,0,0.48832846750314884
51303,0,1,0.595921914608661
47413,1,1,0.5262143207534709
9978,1,1,0.6491030141837855
60855,0,1,0.616812734212933
20627,1,1,0.5667763621955809
39907,0,0,0.42178845553413113
3398,1,1,0.6912087976084238
49920,1,1,0.6252009262938695
8100,1,1,0.5317221013231391
55319,0,1,0.5694009446315981
44135,1,0,0.472168308402152
31733,1,1,0.6327057774996253
7203,1,1,0.5369760700495099
14911,1,1,0.6726813204612719
29263,1,1,0.5287511803795836
1476,1,1,0.594430511102428
40524,1,0,0.4047955468344059
37346,0,1,0.6103415315341079
58605,0,1,0.539671413870443
44826,1,1,0.5811465769234351
21095,1,1,0.5721303007595774
49611,0,1,0.5055081416745987
60877,0,1,0.5791994517484459
895,1,1,0.5955511889821912
32445,1,1,0.6059943321820702
44912,0,1,0.5543135290788044
55229,0,1,0.5944965267361209
1251,0,1,0.6784123068713862
51907,0,1,0.6280753000768998
17729,1,1,0.6176324128019942
43899,0,0,0.47148606502730817
52369,1,1,0.6759713306606492
4157,0,1,0.5548955742622723
49118,0,1,0.5738059317630149
4388,0,0,0.4783277191768183
41263,1,1,0.6612307856580796
27484,1,1,0.5986776671903398
2995,1,1,0.6822944101261215
40983,1,1,0.551133644675967
11488,0,0,0.46143591547263624
23769,1,1,0.5350489496283461
39131,0,0,0.48376350776839483
10822,1,1,0.5320203719959016
12736,1,1,0.5550392037413036
57201,0,1,0.606483526637567
42083,0,1,0.6127549999205637
33299,1,1,0.5019338216735993
33272,0,1,0.5291346013752277
20843,1,0,0.4427104838421458
51430,0,1,0.6016464138628583
45392,1,0,0.4821909447681888
43204,0,1,0.5266552260421884
1485,1,1,0.6841617289931388
6228,1,1,0.6526854288504061
58321,0,1,0.5089159318273581
21824,0,0,0.45703401903840024
10674,1,0,0.4507631901385715
16428,1,0,0.3608745723160139
9349,0,0,0.48041530569572843
42355,0,1,0.5427659044009353
38467,0,1,0.7154793406012324
12798,1,1,0.6158882525967858
34842,1,1,0.5879909478257118
17010,0,0,0.45858013954040994
46592,1,0,0.49002272039995054
22934,0,0,0.46523786060576205
46382,0,1,0.5742646315099497
23742,0,1,0.5740871459575002
46,0,1,0.6529188912302395
52272,0,1,0.5734711513816796
45422,0,1,0.6008799335613264
27643,0,1,0.6069928187545447
34679,1,1,0.5014531989943579
10552,0,0,0.3982646625494408
17181,0,1,0.6252420772185777
29172,1,1,0.5036254245474152
45780,0,1,0.5079635838617386
24058,0,1,0.5123737257021217
56252,1,1,0.5371952136138399
18876,0,1,0.5161464506990943
44192,1,1,0.5542426507093637
36685,1,1,0.5644776464513466
39177,0,1,0.5054256582691179
7382,0,1,0.6426653480508739
18655,0,1,0.6548294077939626
43434,1,0,0.3848185331997738
4943,1,1,0.5950931835422154
23999,1,1,0.5416986943446634
21918,1,0,0.4722937571519399
49732,1,1,0.587322839246668
34919,1,1,0.5247112058521564
42236,1,1,0.5403277740773825
37587,1,1,0.7503170936039161
56075,1,1,0.5963501584718828
52807,0,1,0.6922931611211801
2323,0,1,0.7894470626347038
6520,1,0,0.47260746487200195
52269,1,1,0.5779409993447571
14468,1,0,0.4223974063545716
9567,0,1,0.5042065940623737
19881,0,0,0.46537133284455817
49180,0,1,0.5488559164670364
56876,0,0,0.47436367889766484
29151,0,0,0.4363011806065771
17206,1,0,0.3680044880392465
47936,1,0,0.39133580338321056
28880,0,1,0.5508942959147133
45993,0,1,0.5549499020442389
39984,0,1,0.6426033681336973
33680,1,1,0.5692137189932364
55831,0,1,0.5243433379345867
36730,1,1,0.5725955278412118
37532,0,0,0.4143809785892494
32114,1,0,0.41667318127072994
55039,0,0,0.490220634843032
17858,1,1,0.5981764429799605
31417,1,0,0.48459726818324184
37425,1,1,0.6368634330029225
40190,0,1,0.5112192753211597
9398,1,1,0.6232981727519322
20638,1,1,0.5739016850554762
30232,1,1,0.5825297391011124
27433,0,0,0.4356253686822083
53644,1,0,0.4687013373743713
50856,1,1,0.7450733388969867
33079,1,1,0.6337056144931981
13982,1,1,0.5342406498614735
57574,0,1,0.5674416603927305
14500,0,1,0.5518434950900228
32285,1,1,0.5338318659417655
37680,1,1,0.6401528802232623
11628,0,1,0.5381110887063848
31483,0,1,0.6342887353477714
27852,1,1,0.6402077496622252
55258,0,1,0.5205034855877958
4299,0,0,0.3273387008228253
13470,1,1,0.6537335763468923
6430,1,1,0.6431817882147273
45218,1,0,0.465260275167408
9264,1,1,0.5877261069737719
11374,0,0,0.4838925898649405
28296,0,1,0.6088412798834938
17287,0,0,0.4585350525382107
39528,0,1,0.5803803298830149
39403,1,1,0.5866089522470351
47764,0,1,0.5169756381512058
54471,0,1,0.6798749394700279
47829,1,0,0.4554921469799148
42223,0,1,0.6781159922186255
48860,1,1,0.527325781773974
1829,0,1,0.6688098823421484
45706,1,1,0.5224812931088728
19700,0,1,0.5943805548284773
11949,0,1,0.711806190759716
28956,1,1,0.5023282247058845
11810,0,1,0.6853543793495607
14334,1,0,0.49665589801122506
42408,0,1,0.6458753272045601
47272,0,1,0.6563289128466601
38878,1,1,0.5533057198482331
27502,0,1,0.5865508486170266
23130,1,1,0.5643976086944964
40955,1,1,0.5041187419348491
34208,1,1,0.5138776196456177
25033,1,1,0.6229663150024212
44199,0,1,0.5416859717416999
17053,1,1,0.5006067940511201
59176,1,1,0.6607346049187283
9560,0,1,0.5342006398658815
37105,1,1,0.559602883382942
8014,0,1,0.590102974315255
21257,0,1,0.6282996813454355
12062,1,0,0.4949356075317439
36828,0,1,0.5415738534414356
43487,1,1,0.7200377582254722
58607,1,1,0.554801338479234
37896,0,0,0.4207598970927711
34995,0,0,0.4932162474590538
40420,1,1,0.5100652807851566
19744,0,1,0.5934831929120704
35169,1,1,0.5100477133787552
45225,0,0,0.42441309457991344
28251,1,1,0.6229157714800221
38880,0,1,0.6021222675045634
9481,0,0,0.4723374831252546
24368,1,1,0.5686416165406011
7999,1,1,0.5861354289968067
16917,0,1,0.552433806372587
30438,1,1,0.5814046511436858
38159,1,1,0.5442049240519219
53015,1,0,0.37085585423084033
29300,0,1,0.6286477380466138
20149,1,0,0.48056175898468984
60445,0,1,0.5648525071891792
34941,1,1,0.5970249062725127
2930,0,0,0.4626419401064071
38896,0,1,0.5748651929578122
35929,0,1,0.6006841330260481
29319,0,1,0.5745953594651566
4249,1,0,0.42179214488249855
58208,1,0,0.4550418396277445
4165,1,0,0.4318937979966062
10280,1,1,0.6617601378127819
15325,1,1,0.5882540481547002
6687,0,0,0.4063250551832014
29484,1,1,0.5695790597611985
19634,1,1,0.5577433054030748
22174,1,1,0.5967877428359997
52749,1,0,0.4176558001632559
4908,1,1,0.518343944127462
25900,1,1,0.5425998879189686
37040,1,1,0.5395715326142442
60274,1,0,0.4732332232092442
897,1,1,0.5489212964616842
23895,0,1,0.524576464687555
50271,0,1,0.6335528039670717
44665,1,1,0.5872318099755784
46415,1,1,0.5150030746537952
53050,0,1,0.6489255015314513
16955,0,0,0.4869451005610356
32295,0,1,0.5957206488023387
23335,0,1,0.6270594108887441
31324,0,1,0.5190811601625672
41922,1,1,0.5235517393378643
37076,1,1,0.5277824209990633
41212,1,1,0.5426353051258842
19800,1,0,0.49542933843414166
46098,0,1,0.5700160818594052
17466,0,0,0.4851721417419852
39705,1,1,0.5962316168120028
37803,0,1,0.6248225029627911
49064,1,1,0.621132445962751
14134,0,0,0.4416061097140276
6080,1,1,0.5712246662968435
16279,1,0,0.4975968885064873
4396,1,1,0.5203013483290685
21815,0,1,0.5466478226972646
50890,0,1,0.542259204634192
49584,1,0,0.48274731925845193
34849,1,1,0.5010089001698915
27960,1,1,0.6130303791191849
20828,0,0,0.4259289266092266
47488,0,1,0.6736570330610947
2292,1,1,0.7291214028583265
46188,1,0,0.41965178232329725
9210,0,1,0.5015081710117419
7318,1,1,0.5069039562685389
785,1,1,0.5198256992418124
8730,1,1,0.5596443590499599
20916,0,1,0.5290874469849828
24728,0,1,0.5137403726733006
4504,1,0,0.4076981105414355
1497,0,1,0.7169432790149693
23206,1,1,0.5421282208004743
14419,1,0,0.4048064286510473
55763,0,1,0.6874865778945363
49460,0,1,0.5464704725710577
11704,1,1,0.7612583556395749
58090,1,1,0.5523502776198249
401,1,1,0.6173156494186519
17537,1,1,0.59903112832494
50742,0,0,0.4809731402158167
54182,0,0,0.4086000151073806
57369,0,1,0.5131736603246404
36801,1,0,0.40137789171734184
28909,1,0,0.4404379937399216
9532,1,1,0.6164915917512716
15060,1,0,0.4820847141211707
8901,1,0,0.49000640638775217
60498,1,0,0.4836657167022104
59520,0,0,0.3506946517701598
13861,1,1,0.575320804046434
38743,0,1,0.5346599603718899
51478,0,1,0.5372517736191513
46575,1,1,0.5658824561187811
1548,0,0,0.47219971270443817
28508,1,1,0.5864543390380441
2915,0,0,0.41786878932265636
13198,1,1,0.6206220592996687
4658,1,1,0.5301464244847743
53993,0,1,0.6477598985864443
27811,1,1,0.5512302430661766
10959,1,1,0.5499944926198398
51750,1,1,0.5707716362472132
23343,0,1,0.6786949166000867
4021,1,1,0.6202152016349528
60753,1,1,0.5227151814959616
25056,1,1,0.5371441734519267
4836,1,1,0.684421988651595
7901,1,0,0.48897086685676816
4189,0,1,0.5450710622439783
11390,1,1,0.6824390573947974
17578,0,1,0.5136229624569648
13636,1,0,0.47244076293322
24313,1,0,0.49247774251573356
59078,1,1,0.7605759266464885
34361,1,1,0.5937255645423327
2837,1,1,0.5662217957629156
11520,1,1,0.6413286769594726
21940,1,1,0.5147670801972591
52416,1,0,0.43775608659079623
16776,1,1,0.5957622441239844
48763,1,1,0.577561528025319
16343,0,1,0.5602874527083161
1072,0,0,0.48953157525568963
53136,0,1,0.6869956820835452
25097,1,0,0.4721289170392245
39829,0,1,0.5268657469679935
23062,0,1,0.589708345221107
37622,0,1,0.5606392567649885
25536,0,1,0.65133153450175
35273,0,1,0.5097668297665459
51166,1,1,0.5259365745050674
11448,0,1,0.616957418072402
40351,1,0,0.4729323248086316
10845,0,0,0.45784984266412304
40323,0,1,0.5069974413614312
5216,1,1,0.5466045958898215
31300,0,0,0.46885502645095023
47946,0,1,0.6085597821009032
5724,1,1,0.5815728780403077
25926,1,0,0.47000728523438495
25039,0,1,0.581380110009588
42130,0,1,0.5096578685457015
58013,1,1,0.5883139530436723
49352,0,1,0.5290533095035626
24870,0,1,0.6068984183818091
18170,0,1,0.616450431846391
43701,0,1,0.5656927078911577
7334,0,0,0.48436599739418457
42809,1,1,0.5087440089981492
11818,0,1,0.651634418495084
27317,0,1,0.6077956205930843
35876,1,1,0.6369541058346013
3200,1,0,0.4838063304591603
35666,1,0,0.4090182730978832
11984,1,1,0.6414265663767919
40947,1,0,0.42486211012500547
25928,0,1,0.5351680174133007
14657,0,1,0.5673510979980282
32692,0,0,0.4556762570330502
32356,1,1,0.5476985363951874
47359,0,1,0.583615862684343
30962,1,0,0.4538143235072716
49957,0,1,0.646433246334373
23680,1,1,0.5199612299690084
36180,1,1,0.523560646621435
57715,1,1,0.8070340313466484
4379,1,0,0.4352394407401736
59766,1,0,0.4691289363278171
19115,0,1,0.6581807411766669
1937,1,1,0.5482235007983101
17397,0,1,0.6342478334665774
23239,1,1,0.594442080612821
60248,1,1,0.5051696941538986
22637,1,1,0.5398218130648863
13027,1,1,0.5956480274501054
31872,1,0,0.32097139699786725
29387,0,1,0.5143997903457059
15863,0,1,0.610234887950263
25510,0,1,0.6478954519195212
50305,1,1,0.6891374734885588
37501,1,0,0.4994030362161393
36516,1,0,0.45096635592016376
51684,0,1,0.6638308397854012
5006,0,1,0.6586121095502964
60118,0,0,0.41586143256612973
18159,1,1,0.5185335284949525
15562,0,1,0.5705978689200839
7866,0,0,0.4013100376307325
52752,1,1,0.6072305259656217
20598,0,1,0.5846896959940313
53876,0,1,0.7223424306117314
48071,0,1,0.667269953241412
44297,1,1,0.6355983990701434
21892,1,1,0.557535250860619
20469,1,1,0.5493747164420073
21220,1,1,0.5175775988489649
59105,0,1,0.702386406943694
22978,1,1,0.6061722515935773
38401,0,1,0.5914353494541789
32824,0,1,0.5955628327697281
3,1,0,0.3824389034731223
33864,0,1,0.6410895284276598
21151,1,0,0.44913663221400474
49423,1,1,0.5234835653932985
55852,0,1,0.5186261742518388
40951,1,1,0.5817334601493811
45995,1,1,0.5300814380628357
56034,1,1,0.5874441332622127
284,0,0,0.46262130046280775
10517,0,1,0.5618289704390169
49328,1,1,0.5418755536130937
22238,0,1,0.5567873317153591
10626,0,1,0.7276641766285185
53002,1,1,0.59806480757929
31768,1,1,0.5143114980898947
20518,1,0,0.4869809974698305
20094,1,1,0.620604550726643
58140,0,1,0.6959900547063381
46289,1,1,0.5595284376771393
36453,0,1,0.5661094533371022
60726,0,1,0.5715355687372554
21392,1,0,0.48276299945995144
39977,0,1,0.5954185428128929
28060,1,0,0.46049102571376954
12839,1,1,0.6422422200885447
25276,0,1,0.5048626371135788
20999,0,0,0.41795863266699435
34808,1,1,0.5296128941836188
19897,1,1,0.6388377835781802
52109,1,1,0.5853506538786157
5554,1,1,0.5838424403854138
47851,1,1,0.5204536804576211
29063,0,1,0.5732338415691892
42911,0,1,0.5825840955488233
19926,1,0,0.4593740395323885
51205,1,1,0.6520459975076698
44263,1,1,0.5563031992523346
22848,1,1,0.5641886140387113
51633,1,1,0.5379125226315434
21281,0,0,0.4294833658870853
39132,0,0,0.45029654101021177
37333,0,1,0.5894098371182152
50397,0,1,0.5215316830074547
12395,1,1,0.6824033435186808
26079,0,1,0.5874573616512694
24258,0,0,0.4952757419485696
29138,1,1,0.6298778655694761
49663,1,1,0.5274165061889605
13686,1,0,0.3444037481250037
16550,0,0,0.49103815908059123
8203,0,1,0.5750239231934509
56660,0,1,0.5293294749391889
11946,1,1,0.7148524878758838
20927,0,0,0.42054654384646545
22977,1,1,0.5103861627982256
43864,1,0,0.4954942635462816
34080,0,1,0.6064371602808553
43842,0,1,0.5285558345474588
5737,0,1,0.5609453314276539
7998,0,1,0.7684759932455405
54864,1,1,0.5384485143040658
31590,0,1,0.5784651516465568
17776,1,1,0.5906726351309458
25506,0,0,0.4140420837941663
51500,1,1,0.5326532962055357
47632,0,0,0.41472749462857494
39781,1,1,0.6664110919756936
31611,1,1,0.5611607434609194
13623,1,1,0.5188321355503441
58096,1,1,0.5955493655185213
29584,1,1,0.5608712138566255
15622,0,1,0.6636782493864218
19928,1,0,0.4505484337406748
19004,0,0,0.4747996655974487
9895,0,0,0.49017606212956255
23246,0,0,0.470517995325102
37879,1,1,0.613499405139072
49689,0,1,0.5473709538172589
45171,1,1,0.5634463042748018
31005,1,0,0.44343602511702257
31628,1,1,0.5405137041465974
47529,1,1,0.5987937748882574
3257,0,1,0.5957340036179541
28609,0,0,0.4348991367767134
31781,0,1,0.686358933483924
22484,0,1,0.5587337940307635
19175,0,0,0.41130743641343487
1126,1,1,0.542034495667462
15033,1,1,0.614919091710399
59169,0,1,0.5678428735922302
19675,1,1,0.6540870685937383
48702,1,0,0.4411157643551606
36680,0,1,0.5552959003838306
39049,0,1,0.609865338185623
54058,0,0,0.43797248043609405
17083,0,0,0.4990339351157573
7705,0,1,0.513007502817961
60073,0,1,0.546639973109771
57735,0,1,0.7223506793467659
38029,1,0,0.4656591146837692
50919,1,0,0.4862018271232116
33199,0,0,0.49954259141010654
3013,0,1,0.7657275270775196
19509,0,1,0.5439602221343067
50820,1,1,0.5804681443322195
38826,0,1,0.5784261820364904
41615,0,0,0.48694941216690646
32501,1,1,0.5725444652832931
31021,0,0,0.477458219580098
31600,1,1,0.5965835056455889
13544,0,0,0.4274019376727833
55067,0,0,0.42315720700382337
56010,1,1,0.5253649745259816
50771,0,1,0.5929913859068738
31709,0,1,0.5794423403239968
36849,1,1,0.501360932980754
7166,0,1,0.5161280628264128
41910,0,0,0.3740995440725986
17758,0,1,0.5085523456268727
30155,1,1,0.5601887496601283
14730,1,1,0.6332448615978412
47922,1,1,0.6284513727371962
16534,1,0,0.44708793260772867
53521,1,1,0.531395344635448
57933,1,1,0.7373051926503266
52332,0,1,0.5821364304750982
27178,1,1,0.6113471642379633
55028,1,1,0.636169314248113
8626,0,0,0.47127335741421184
30600,1,1,0.5217021563463478
56338,0,1,0.6027105012359523
45600,0,1,0.6509194050946806
5190,1,1,0.5553313278256528
1145,0,1,0.5712989202076731
47137,0,1,0.5830281480704577
2246,0,1,0.6307569165607696
19784,0,0,0.4976316783469133
24831,1,1,0.5657639411254157
38772,0,0,0.4556521268846342
33311,1,1,0.5887381543755903
23785,0,1,0.5658181745567582
9033,1,1,0.591087622000858
47464,0,1,0.5374902767251668
8975,0,1,0.7867671461159421
41310,1,0,0.3025056277394854
43636,0,0,0.4690898774677879
23128,1,1,0.5738661014038802
32999,1,1,0.5042965351788363
35383,0,1,0.5828695466031762
6656,1,1,0.5521741352480081
53734,0,0,0.4435044904509733
24965,0,1,0.5731116348347244
27312,0,1,0.6956936573665444
16474,1,1,0.5649486640684109
17782,0,1,0.5093929877942582
45502,0,1,0.6167863249785976
50435,0,1,0.5637528728985937
37852,1,0,0.44132874904191255
60754,1,1,0.6301180724873435
39453,1,1,0.6035449777659858
14460,1,0,0.44816691811189424
4932,1,0,0.4442983081217831
32984,1,1,0.5914961549551981
48415,1,0,0.4063281129946825
25137,1,1,0.5038074288923103
51330,1,1,0.5589948390824169
1854,1,0,0.4627301710351197
13312,1,1,0.5439851024752005
35233,0,0,0.4297102758566646
50861,1,1,0.6741224842759403
45035,1,1,0.6505600363268583
52594,1,1,0.5000943561730682
46597,1,0,0.34028892088916385
6792,0,1,0.5099454723332614
31469,0,1,0.5990423487116573
21538,0,1,0.5054560827251388
28332,0,1,0.5515102017483833
36336,0,1,0.5098631377238486
40701,1,1,0.5594185812681709
37325,1,1,0.633039914403272
16769,1,1,0.6296417420377934
4650,1,1,0.6659123487192573
56681,0,0,0.35943575337835904
35308,0,1,0.5162188747676646
26997,1,1,0.5797792931175186
3403,1,0,0.4782944463104525
52573,0,1,0.6171701373539986
29352,0,1,0.5988088672883295
36622,1,1,0.5609200310173612
3107,0,1,0.5542313965694682
44696,1,0,0.4925584524896864
4847,0,1,0.5859688988527912
37465,1,1,0.6026679706645428
17651,1,1,0.5273004520265566
42801,1,1,0.5287904917783416
48947,0,1,0.6061447182784289
1643,0,0,0.4950099595169211
35029,0,1,0.517214404570071
46498,1,1,0.5093615166626215
21141,0,0,0.48554674209322324
45162,1,0,0.45781225365132217
29700,0,1,0.5626314181737012
1824,1,0,0.4453066811186552
7962,0,1,0.6085678216446989
20968,0,1,0.5483191749791898
12435,0,1,0.6717817785307991
9022,1,0,0.3909889192288983
27963,1,1,0.5344790423084299
20699,0,1,0.5525367889526885
29078,0,1,0.6244056922781076
792,1,1,0.5533846932047932
47750,1,0,0.3934516691967278
35640,1,1,0.5636556991953922
12990,0,1,0.6999401844938106
35990,0,1,0.656223273418007
19542,0,1,0.6603249059200141
14393,0,0,0.380354648477222
37651,0,1,0.7049514226546073
7727,0,0,0.4662050427703071
14240,1,1,0.6822382231442947
2316,0,0,0.4320368433381598
12625,1,1,0.5753266264629597
265,0,1,0.6054748806512004
10288,1,1,0.5136038426191114
46485,1,1,0.637779532644133
32405,0,1,0.6679600420673508
23514,1,0,0.4968212225068514
27336,1,1,0.5324291330745038
33051,1,1,0.677932564052836
48537,0,0,0.48351861588608275
46939,1,1,0.5558613008490491
53298,1,1,0.590792145810656
44095,0,1,0.6152540649560335
11622,1,1,0.6301754112338898
5720,1,1,0.6012152379836447
7173,1,1,0.6479741736826611
10881,0,1,0.5623172082006826
33535,0,0,0.4691063232775693
20339,0,1,0.5555559091599483
45474,1,0,0.41989580256840275
49200,0,1,0.5200520617024584
15114,0,1,0.6978956842023102
9366,1,0,0.4007071351450107
16808,1,1,0.5509353582900269
60166,1,1,0.5436963684767961
51525,1,1,0.5464936280208357
53542,1,1,0.5574323493991006
2448,1,0,0.44266490217626175
25866,1,1,0.5512937281897587
23340,0,0,0.49174749411581753
52882,1,0,0.45477633521450345
58816,1,1,0.645281309974469
6051,1,1,0.513629596919346
59571,0,1,0.5126535942715613
47243,0,1,0.518903891517971
56248,0,1,0.6210433320036562
32757,1,0,0.4864546762631373
37885,1,0,0.4170719666199443
36137,0,1,0.5932097298994625
37186,1,1,0.5586360312954192
16153,1,0,0.42434874791848676
49677,1,1,0.5156749885356507
39237,1,1,0.6675242315371409
24970,1,1,0.5801996517162206
14161,1,0,0.2973324530194807
47089,0,1,0.7084969350006695
4714,1,1,0.6800390882303973
73,0,0,0.4449363842703547
51595,0,1,0.662558903910444
21086,0,1,0.5124171763017272
40795,0,1,0.5560311586196446
15798,1,1,0.501543044458429
35185,0,0,0.47460283056569613
10351,1,1,0.5162804533342364
10413,1,1,0.5323459504171757
34797,1,1,0.6103542507647852
13066,0,0,0.48104515645630697
56530,1,0,0.4806195262513907
51869,1,1,0.6114880001080426
58454,0,1,0.587481077741267
14637,1,1,0.5919591866926754
7001,1,1,0.6129968065390851
39300,0,1,0.7136315312995619
57519,0,1,0.7208679119191949
3663,1,1,0.542694569668103
24223,0,1,0.573132050669124
7891,1,1,0.6075214892636907
23534,0,1,0.5168537313176844
35001,1,1,0.5982351445479579
54876,0,1,0.63312431263679
2781,0,0,0.42033753447240896
21812,1,1,0.5358426777123961
8956,0,1,0.6301359120517483
9818,1,1,0.6937752901722111
11214,0,0,0.48282404667680057
60204,0,1,0.5439578142790897
44545,1,0,0.3539298742218022
5910,0,0,0.45400198672981623
31346,1,0,0.49141301994183223
59598,1,0,0.42874206513929425
11442,0,0,0.42356537868650185
45265,0,1,0.6641323132235296
52613,1,0,0.4287231621561229
7324,1,0,0.3797276883625865
17062,1,1,0.535792588173155
46319,0,0,0.47659558641930816
59446,1,0,0.4642814249312813
31557,0,1,0.5541174519065725
52037,1,1,0.6449314080703377
43485,0,1,0.648009962916448
24624,1,1,0.5075356819321564
15650,1,1,0.5999358988959684
53965,0,1,0.5690910708209684
38566,1,1,0.5620685914762718
790,1,0,0.43200645720285075
20890,1,1,0.5035964881982404
59824,0,1,0.7487254812272276
46531,1,1,0.5311398779269968
22140,0,0,0.4755885189818325
22396,0,0,0.47106133011819196
41762,1,0,0.48094677311342865
59868,1,1,0.5958551045366134
21201,1,1,0.5942670340744052
17133,0,0,0.4787960851723528
16828,0,1,0.5622536492639302
58327,0,0,0.4546484684929961
11408,1,1,0.5766113388994897
42247,1,1,0.6342284147926682
51376,1,1,0.5092299041123276
46502,1,1,0.5270948477024371
20954,0,1,0.5189684483243933
15629,0,0,0.409844176615373
28005,0,0,0.45274857719564404
13190,1,1,0.7498736640713614
11989,0,1,0.6520341661372636
41355,1,1,0.6706180697687042
13955,0,1,0.659599223372795
2675,1,1,0.5624125916634055
38384,1,1,0.7336767457421018
23216,1,1,0.623659035303923
52105,0,1,0.5063520151329439
32571,1,0,0.43972699438448537
24868,0,1,0.5979672741721656
33669,1,1,0.5506067930500631
55938,1,0,0.4746346708008944
32683,0,1,0.5289887976520874
13831,0,0,0.4361173347644658
15076,1,1,0.5637124389442854
27854,1,1,0.6231750642758619
36888,0,1,0.6732442003454742
38142,1,1,0.6876849308494216
20934,1,0,0.49457340582617176
52219,1,1,0.6021629330433177
30173,0,0,0.3582657270653604
29233,0,0,0.4954506744214321
17483,1,1,0.5832165599555771
1893,0,1,0.7117466218289092
51119,0,1,0.7211679457040485
38141,1,1,0.5087270316007043
43462,1,1,0.7528357910737979
22443,1,1,0.5259622627369626
28003,1,1,0.5415820600152146
6140,1,1,0.5166972524286482
28062,0,0,0.41759324144736765
43476,0,1,0.6549557928630797
16445,0,1,0.5559961587320131
20618,0,0,0.3677738738232121
52511,0,0,0.3679126513396648
40195,0,1,0.5204297966218571
25919,1,0,0.49469132162727286
32913,1,1,0.5756866034830455
49185,0,0,0.48576041896964334
24557,1,1,0.5440889445392358
12996,1,1,0.644558284516267
2371,1,1,0.6015779902483418
8092,1,1,0.5118889899572026
30792,1,1,0.5876527173545081
49521,1,1,0.561014921694858
38189,1,1,0.630701855163894
18999,1,1,0.5625487918502268
31229,0,1,0.54954450140558
48196,0,1,0.7333678170888769
60541,0,1,0.6635324775570528
43302,1,0,0.35788990099349083
46739,1,1,0.6598377106198494
43616,1,0,0.4534989683768789
26396,1,1,0.5559411432035415
32525,1,1,0.6123982352704453
29481,0,1,0.575312870609781
42435,1,1,0.5934830031552834
57783,1,1,0.7295002606085684
21618,0,1,0.5513685390519842
56415,0,1,0.6009594869430177
47976,1,1,0.5620606005244873
60796,1,1,0.6624583178881737
39005,1,1,0.6345934587499444
18916,1,1,0.5921940620361048
42741,0,1,0.6834841879543403
32332,1,1,0.6687040527702683
54092,0,0,0.42852476431498154
50654,0,1,0.522558103869637
52923,0,1,0.7086069563393771
56525,1,0,0.3713098515789127
39683,1,1,0.6494164226265103
54770,0,0,0.4891413997523069
23374,0,1,0.6669352192425098
30426,0,1,0.6573052128326641
44240,0,1,0.5317302227814225
40569,0,1,0.600313790032073
49888,1,1,0.6282844816355089
17998,1,1,0.5123765344445502
51480,0,1,0.562172423587098
15655,1,1,0.6464451158581742
5657,0,1,0.6874238696367959
3196,1,1,0.6215623066047233
41187,0,1,0.6055394201135195
33754,0,1,0.637961346564531
6537,0,1,0.5346913024252824
57334,0,1,0.5833451070226792
5744,0,1,0.7314489646919804
778,1,1,0.5399535359718016
29388,0,1,0.6532559953703406
48649,0,0,0.41430785319265956
5612,1,1,0.6153980332192839
7073,1,1,0.5985710880980105
36021,0,1,0.677648176104928
55283,1,1,0.5900540922873462
24527,0,1,0.5578242992584372
37965,1,1,0.7084053985746069
51635,1,0,0.38523532014041834
19584,1,1,0.5346580278939095
57089,1,0,0.46347027198587426
33667,0,1,0.643682519956712
5026,0,1,0.5816071204710697
27981,1,1,0.5757084644571527
43758,0,1,0.5245301562733019
36972,1,1,0.5444484997453332
31779,0,1,0.6045822618303888
9426,1,1,0.6941491729900293
31241,0,0,0.4411771408892413
8287,0,0,0.4963884410474177
42753,1,1,0.5675629884120003
5145,1,1,0.6672519797812733
85,1,1,0.5417489325856142
32279,0,1,0.503427621156612
60705,1,1,0.6847215671312539
1964,1,0,0.45783531030381347
797,1,1,0.7166330591675931
20707,0,1,0.5078653402639448
45287,0,1,0.6291227505095637
33832,1,1,0.654128015455079
18265,1,1,0.535094127213451
13313,1,1,0.6593196587620979
56341,1,1,0.5474711487620381
51812,0,1,0.530277982069828
43445,1,1,0.7088834101214171
28895,1,1,0.5148158382995273
35021,1,1,0.5239282770874459
44978,0,0,0.3726790443411728
46918,1,1,0.6294044395787677
57423,0,1,0.6169212745018762
24931,1,1,0.5169049685667534
45049,1,0,0.4274732904017659
31232,0,1,0.5160505479811716
47767,1,1,0.5430226152036441
46308,0,1,0.5632574552016565
54889,0,0,0.4874758446181542
42736,1,1,0.7238678326232604
35370,1,1,0.5106800422834705
2343,1,1,0.700918055173576
9509,0,0,0.45479269815876094
14051,1,0,0.469576317299291
44713,0,1,0.7903762863447911
12765,0,1,0.6124729920583882
6491,0,1,0.5072004838403512
52313,1,1,0.5879041836328046
47557,1,0,0.4635805490720213
45974,0,1,0.6963099667490179
10435,1,1,0.5943743058036306
57817,1,0,0.46559608971407535
37358,0,1,0.5865743614062253
37761,1,1,0.6402172831907861
37926,0,0,0.4587947645993221
53686,1,1,0.5186389353567028
45723,0,1,0.6750005318100477
43102,0,0,0.38570177645960135
12776,1,1,0.5632728791319993
42593,1,1,0.7596311153017696
9324,0,1,0.572108077162428
50668,0,1,0.508670300114384
52978,1,1,0.5675418864027547
8902,0,1,0.7283150502817111
2611,0,0,0.41867077950790166
5071,0,0,0.4952449123167164
17487,1,1,0.521190673811336
48240,1,0,0.487929806125485
48865,0,1,0.5135392075850767
23046,0,1,0.5318553752162911
37012,0,1,0.5940915370366714
10537,0,1,0.5376315174968805
35963,1,0,0.47669358295970904
44577,1,1,0.5647039514020721
1705,1,1,0.7964898977430813
13376,1,0,0.4330965349024224
50296,0,1,0.5289805423558842
56197,1,1,0.5210348593072299
51225,1,1,0.6765866833201826
7217,1,1,0.5777608441051058
20841,1,0,0.4930711850872499
7502,0,0,0.45649653722823463
52986,0,1,0.6203138164725178
58242,1,0,0.3891027297036888
5564,0,0,0.4223500111185524
10879,1,1,0.5717110501319145
34220,0,1,0.5200009375587862
33912,1,1,0.5288744159007474
18522,1,0,0.4214050424848634
31644,0,1,0.5691627463251567
11741,0,1,0.5224945858136079
36638,1,0,0.4020390732343596
55538,1,0,0.4992994771596299
52903,1,1,0.579642765235284
39558,1,1,0.5339093460022117
43215,1,0,0.3212612652649344
8871,1,0,0.4759326713539842
31460,1,0,0.49864487575530886
35686,0,1,0.5860298187991116
37938,0,1,0.5215987631942772
24120,0,1,0.5615547356326122
3438,1,1,0.691186589515402
51232,1,1,0.5167634303566951
52713,0,1,0.6466871207629009
43959,0,1,0.5222770065396778
36022,0,1,0.5321713181596396
48762,1,1,0.6542622923273795
29026,1,1,0.5528513582356119
7483,1,1,0.6144613323449408
21097,0,1,0.6111758695020955
8825,1,1,0.7207405039782593
54122,1,1,0.5524360788338353
51305,0,1,0.5232190203527703
53175,0,0,0.4950733581732166
33682,1,1,0.5401363045560319
16750,1,1,0.6123201275230423
19327,1,1,0.5704879164560563
36294,1,1,0.5733724772816157
9475,0,1,0.6077497856551581
19065,0,1,0.5444287444105141
35097,1,0,0.47267230432201673
34621,1,1,0.6074145172408446
15415,1,0,0.4471108196168596
22403,0,1,0.5228037201980854
21519,0,0,0.3795587129638476
21666,1,1,0.5720317371243047
16670,0,1,0.5082656478145084
49926,1,1,0.5394824950347195
12928,0,1,0.6128220709822935
26558,1,1,0.5329332272074652
16783,1,1,0.6234911481950715
25494,0,1,0.6432009555866258
43293,0,1,0.5130149828221217
13475,0,1,0.5042582287513094
8337,1,1,0.5897717692116923
9394,1,1,0.644676831721512
22629,1,1,0.5784258813299193
40499,0,1,0.6046168327978709
7922,1,0,0.45908429032228104
31387,0,1,0.5579412392986951
7808,1,1,0.5913331167260113
31405,0,0,0.4572026180881037
46850,0,1,0.6065996626030842
51937,1,1,0.6267778343846364
57924,0,1,0.5999365504273374
18946,0,1,0.6213205167774967
37785,0,0,0.38415750330921045
20974,0,1,0.6193293367392131
39469,1,0,0.4334048873336494
4126,0,1,0.5229167414201159
49527,1,1,0.5827022811905439
32260,1,0,0.4839280793199803
4445,1,1,0.5567599234922587
44908,1,1,0.583753915813914
12495,1,1,0.5374055421635819
41775,1,0,0.4823828141421456
29748,1,1,0.5884079335111627
18970,1,0,0.4188452437469272
24839,0,1,0.5555779801552116
28650,1,0,0.43392631644434165
42624,1,1,0.5941765522627057
18919,0,0,0.48890210233877585
11634,1,1,0.6639809568135804
6997,1,1,0.5375769932961231
29472,1,1,0.6486706199963364
38579,1,1,0.574339634310383
37764,1,1,0.6909388390129224
23111,0,1,0.5689528437742322
30199,1,1,0.6869816229907219
49916,1,1,0.5514266854615137
22365,1,1,0.6072731885516397
48761,1,1,0.5237546055647865
43184,1,1,0.5187523029418906
33449,1,0,0.4475825263496072
46822,0,1,0.5116893987244485
53475,0,0,0.4913436163899633
6376,1,1,0.6104279742257305
38188,0,0,0.4008610948866562
1619,1,0,0.4856059043301956
48056,1,1,0.6453968775055023
45381,0,1,0.6255108461621641
33564,0,1,0.6398623980976176
7140,0,1,0.5526017405894321
57729,1,0,0.3547969310921912
45424,0,0,0.4114217892578283
1983,1,0,0.49780333402867255
47913,1,1,0.6177724860818246
55761,0,1,0.5323729805727627
32991,1,1,0.5235079106854793
53708,0,1,0.5989911860574995
1558,0,1,0.5261303292714348
16553,0,0,0.4396862900244548
17576,0,1,0.6037119068896343
58756,0,1,0.6417831238880486
40211,1,1,0.5413026587075332
50453,0,1,0.6681795574863183
19135,1,1,0.525356920022825
34715,1,1,0.6079286268780606
46604,1,0,0.46666408132950854
1858,0,0,0.48350736692449703
50139,1,1,0.5873787826226926
4461,0,1,0.653697091784154
56293,1,0,0.45206873325571495
48356,1,1,0.6281530310466625
37673,0,1,0.67226787204093
31111,0,1,0.5870614264753865
11782,0,1,0.6873750940118815
18973,0,0,0.42635907891094116
50418,0,1,0.518719671118508
50116,0,1,0.608956102815506
5730,1,1,0.5705032507316569
24247,1,1,0.5838864570580541
11656,1,1,0.7123588264946522
33544,1,1,0.5578322860527996
45028,1,1,0.6342552373883719
27586,1,1,0.7481569830652773
34187,1,1,0.5682055428703476
51563,0,0,0.4589252718128444
31327,0,0,0.4933136177527418
43257,0,1,0.6241366945089755
37810,1,1,0.6354921542839749
46073,1,1,0.6509647093177948
35745,1,1,0.530380999517182
36550,1,1,0.6887922035214444
50080,0,0,0.47696564988767504
55805,1,1,0.6072863849567215
12204,0,0,0.3881837886826801
18708,0,0,0.4975512284818114
23988,0,1,0.5139600904138242
16607,0,1,0.5537714524948668
25543,1,1,0.5204440242998574
29736,0,1,0.6959345603982436
12257,0,1,0.6594944944231089
12738,0,0,0.4976956921125719
24121,0,1,0.5907649936306849
795,1,1,0.65650562492094
4521,0,0,0.4180449057877278
12432,1,1,0.518986636093621
42051,0,1,0.696468130978891
25245,1,1,0.5804814783060784
10969,0,0,0.4730953839605512
53697,1,0,0.4950980137500297
52995,1,1,0.6366376401263664
24420,1,1,0.5027615181492124
8735,1,1,0.576432756705675
44340,1,1,0.5996298946684869
28918,0,1,0.5032541908770642
36057,1,0,0.48979067724784203
10041,1,0,0.3221621114226275
58894,0,1,0.711706947715566
29357,1,1,0.5504552506691571
42172,0,1,0.5846533493092484
36126,0,0,0.4328944478436709
22108,1,1,0.5532804496101289
13359,1,1,0.7363195446045205
10645,0,1,0.6737916989404479
19960,0,1,0.5336982164903658
23265,1,1,0.5509576889728552
59755,1,1,0.5933938514338419
7663,1,0,0.4133313272126709
27427,0,1,0.584924527261476
41753,1,0,0.4921685351552363
32722,1,1,0.5058754056001674
30078,1,1,0.6994240652845158
2543,1,0,0.4101111313922546
51037,0,1,0.6446782668570832
22162,0,1,0.5181070249951764
22678,0,1,0.5171729226918999
28657,1,0,0.45723184890671986
9087,1,0,0.3286734847010259
21322,1,1,0.5371846389465124
57454,0,1,0.5676975211795177
19389,0,1,0.5605041138090981
60812,0,1,0.6225714171592583
8055,1,0,0.4834706956522082
50759,1,1,0.7217396029834866
13108,1,1,0.648216058461681
23350,1,1,0.5151329710923542
1469,0,0,0.4784695884694267
10720,0,0,0.3275488233339555
29171,0,1,0.5216613270660692
27435,0,1,0.5274584670515757
50251,1,1,0.5132522390826384
55615,0,0,0.48696630265000407
30735,0,1,0.5177116891926303
59519,1,1,0.5854223847929649
34315,0,0,0.49369145960901056
1222,1,0,0.36825709817844987
51124,1,1,0.5028533179968913
34583,1,1,0.6687033254399395
31787,1,1,0.5816150607259245
60487,1,1,0.5897480642745488
31154,1,1,0.6460565067962877
47832,0,0,0.3972521432243432
48511,1,0,0.4654561686110646
1738,1,0,0.3873792367649073
13230,1,1,0.6884050734878955
5382,1,0,0.44739961108465787
60727,0,1,0.6371119097642367
9858,1,1,0.6550585582176484
24155,1,0,0.4617878651405818
23395,1,0,0.48618058595222474
41821,1,1,0.5771369396387053
3346,1,1,0.6922449127498115
52147,0,1,0.6448655645933384
20742,0,1,0.5873018369916998
44855,0,1,0.5427106545850451
47136,0,1,0.629663816122889
29636,1,0,0.48852635692009366
8819,1,1,0.5424975111107945
47448,1,1,0.6269410237934189
18863,0,1,0.5574670265866962
54985,1,0,0.4670211657604221
51574,1,1,0.6706273123069774
9697,1,1,0.5631093295854673
42425,1,0,0.3730463119289795
14746,1,1,0.5711357814179567
53714,1,1,0.553568691470596
34832,0,0,0.4716141382508279
15104,1,1,0.5071760624202258
6378,0,1,0.5110686727494896
82,0,0,0.4265351807729389
33278,0,1,0.5717849577318053
19184,0,1,0.5511851817523262
34311,1,1,0.7346578540589139
15817,1,1,0.6113384174626714
33885,1,1,0.5067542685413627
51513,0,1,0.5532096571412933
2172,1,1,0.6889338044482853
6120,1,1,0.5753012977691315
34481,0,1,0.6285609328212888
24637,1,1,0.6106262056826391
37873,1,0,0.46120390845045056
21629,1,1,0.5241865361114326
46758,0,1,0.6419656656988922
16695,1,1,0.6456832847740023
22645,0,1,0.565838167824776
29823,0,0,0.4895862990047311
14005,0,1,0.7155550822125945
10281,1,1,0.6001794630781152
40140,1,1,0.6422620253512938
35682,1,1,0.6086825774581377
42321,0,1,0.5381791764104678
24660,0,1,0.5302523428800313
5891,0,1,0.5782051488542944
44053,1,1,0.6722711370360692
35881,0,1,0.620720905482272
7470,0,1,0.5284491238817585
22711,0,1,0.5966260705851415
15132,0,1,0.515095048426718
33499,1,1,0.6186625553272913
30334,1,1,0.6611915564202557
21935,0,1,0.5687060045059499
51911,1,1,0.521004377453312
52140,0,1,0.5462498371930595
2753,1,0,0.40500615998722816
23779,0,1,0.5389375751263313
23069,1,1,0.6239428230830016
52519,0,0,0.48186151608200795
50915,1,1,0.5907432516674164
42543,1,0,0.42364238244232744
19866,0,0,0.4448729078513665
1007,1,0,0.37571791822234396
56903,1,1,0.6152548370870776
14583,0,0,0.4471946736725693
3974,0,0,0.4393164602688111
48547,0,0,0.46806502934696376
60763,1,1,0.6355644793831672
7533,1,1,0.588673772568602
30879,0,1,0.5429109601383135
51121,0,1,0.7176607118680177
5218,0,1,0.543775014655409
270,0,0,0.4474094192674859
22674,0,1,0.5399305861230773
43346,0,1,0.6028094009911534
19602,1,1,0.619813362065646
32040,0,1,0.6213877179339601
2372,0,1,0.5472816178619851
10577,0,1,0.5267322389524509
41449,1,1,0.6566203653495697
54009,1,1,0.5067028868210524
14724,0,1,0.5561057102096377
32962,1,1,0.5144102276481942
1420,0,1,0.6221488673128006
22603,1,1,0.6046367490024254
15946,0,1,0.5617127599816957
15506,1,1,0.6885366408506697
10310,0,1,0.6640907031905039
49227,1,1,0.5851358251134887
53738,1,1,0.5935332430167615
12174,0,1,0.5650816962170747
26913,1,0,0.47057557310848774
49110,1,1,0.5314599264014429
16925,0,1,0.6165669874666061
30420,1,0,0.3589829765763821
38087,1,1,0.6213426960066036
43794,1,1,0.5534698804475846
28047,0,1,0.5435943992875082
19571,1,1,0.5069240719209884
31626,1,1,0.6164225751813
22434,0,1,0.5031231609318904
42041,1,1,0.6481629027463001
25184,1,1,0.6302573961736294
1920,0,1,0.6301015317531699
12843,1,1,0.5808728931271738
49517,1,0,0.4862627379540757
35076,1,1,0.7368199576360327
39073,1,1,0.5593680636815962
8831,0,0,0.4417029342332478
57115,1,1,0.6043596605747936
16120,1,0,0.4288563545224911
34317,1,0,0.44535321945532574
607,1,1,0.6538152409404206
50932,1,1,0.6447700962419302
27880,1,1,0.5642161772827331
29865,0,1,0.520342907828406
1075,1,1,0.560652483630501
2024,1,1,0.5770794723827705
42825,0,1,0.5791384617203071
48671,1,0,0.44115997860624623
7683,0,1,0.5472722300913874
57368,0,1,0.5228598557795106
51172,0,1,0.548635230639847
58018,0,0,0.47424197330276885
44207,1,0,0.4919670622527616
50046,1,1,0.6478146713826786
47477,1,0,0.45220090363650456
53391,1,0,0.46177276353296504
24159,1,1,0.5811285024644909
44823,0,1,0.5352132719630621
56165,1,1,0.5865416454096871
42884,0,1,0.6682981199640554
11201,1,1,0.568820561590159
26078,1,1,0.6258647200982739
8305,1,0,0.477872507724295
52686,0,1,0.7487259001417945
19941,0,1,0.5719937359245048
38150,0,0,0.4988522187778291
45295,0,1,0.6549239245310768
34243,1,1,0.5154626770092654
35416,0,1,0.5281386984315698
59781,0,1,0.5227757849047397
54563,1,1,0.672443401254194
23337,0,1,0.5172507233134911
28113,1,1,0.5598885765369253
28056,1,1,0.6613917346100884
6578,1,1,0.5812412357377534
4221,1,0,0.48017533823199343
46346,0,1,0.6034251964167546
506,1,1,0.5947583501599634
22324,1,1,0.5894709358708253
13907,1,1,0.6054623000313794
22811,0,1,0.5509976768893868
22344,0,1,0.6147516125019049
11355,0,1,0.5549105764458496
2863,0,0,0.4800875197762139
34938,0,1,0.5639318939477973
7610,0,0,0.3833562767956304
52883,1,1,0.599545306502137
12069,0,1,0.6299708404818718
8491,0,1,0.5386500770813119
27267,1,1,0.5297899982757471
59685,1,0,0.41480875500734654
17535,0,1,0.6603943146447904
50550,0,1,0.5259333807852739
60220,1,0,0.4983802215524583
37997,1,1,0.6222581015855327
3970,1,1,0.5894307093441491
18774,1,1,0.5170245736685226
45404,0,1,0.5227307187110058
31078,1,0,0.4349857159994478
43647,0,1,0.7611215053595122
35952,0,1,0.5743271633476229
29125,1,1,0.5385772696457117
1798,1,0,0.3896550591639457
15051,1,1,0.5982880752961592
29898,0,1,0.5678699797198231
40811,1,1,0.53322826608141
27705,0,1,0.5390514888776594
2983,1,1,0.5695547699615524
36572,0,1,0.5186162448568757
17942,1,1,0.5507274034856557
57914,1,1,0.65035236832573
36059,0,1,0.6595461069273416
2493,0,0,0.4959851172119309
57303,0,1,0.5858899750774598
41026,0,1,0.6142022754331191
35373,1,1,0.5354011272969319
23052,1,1,0.5611921507574043
1498,1,1,0.7149604299405454
49692,0,1,0.5809297422723951
327,1,0,0.48638572709171307
2545,1,0,0.4910911355548025
31598,1,1,0.524707280097935
45696,0,0,0.4856249220323172
58488,0,1,0.5376307073329486
25069,0,0,0.4347817588676379
16052,0,1,0.5388809040587964
18870,1,0,0.4471321926542523
51546,1,1,0.5052083456515892
55302,1,0,0.4781949505086667
5232,0,1,0.7461869610189288
22612,0,1,0.5158202495235463
35679,1,0,0.49317093683742874
56984,0,1,0.5213820132849022
33380,1,1,0.6245028764752528
5792,0,1,0.6771944138420258
7222,1,1,0.5543860002632102
13291,1,0,0.48173091645415433
60492,0,1,0.5605652574954686
7474,1,1,0.6215826835959376
3482,0,1,0.6594495581225727
23559,1,1,0.6163091530200827
16545,1,1,0.5842501569128045
56072,1,0,0.47015031506505756
36326,0,1,0.5383029354302213
41441,0,0,0.1869299211417513
4410,0,1,0.5063448667396786
55363,1,1,0.5225000180740811
49429,1,1,0.6293288642523893
51938,0,1,0.5255805255179297
34779,1,1,0.5458753299078312
40049,1,1,0.5884522761588857
40474,1,1,0.5875104533117885
2919,1,1,0.5396316128896049
17134,0,1,0.5493825319866473
5052,0,1,0.6338551574876167
46964,1,1,0.5304541884539187
42104,0,1,0.673440410810615
44986,1,1,0.5486724213477436
3712,1,1,0.5224290769624536
51730,0,0,0.4464564875299103
21004,0,0,0.41745161581132867
9893,0,1,0.5957328590381145
18929,1,0,0.4892674734679688
59145,0,1,0.6180330543106664
48864,1,1,0.5079883781589231
26830,0,1,0.6894180005716621
13428,0,1,0.5284705262340108
41668,1,1,0.5946475587879776
45877,0,0,0.3753389873354574
26949,0,1,0.5285990802329974
28700,0,0,0.4820508078483601
18132,0,1,0.562676244479409
19308,1,1,0.5589842661317523
43179,1,1,0.5227544969857125
42783,1,1,0.7434414805723464
25103,1,1,0.5854538451451153
32791,1,0,0.47900899806050895
38856,0,0,0.4628099857507661
43207,1,1,0.6505957359934318
45637,1,1,0.6164635494257844
59432,0,0,0.490234512864164
40732,0,1,0.5717222174105853
36104,1,1,0.6236107441111323
18551,0,1,0.648566390460307
12980,0,1,0.6342149610806629
53801,1,1,0.5654440938890646
31808,1,1,0.606786396867933
36967,1,1,0.5894153462416671
20575,1,1,0.5328708371550895
47542,1,1,0.6392192507280995
38910,0,1,0.5581615587899365
58188,1,1,0.6678950805202171
20505,1,1,0.5733212053151153
35571,0,1,0.673972344236291
55428,1,1,0.5975012653829512
8616,1,1,0.6003874546520529
22787,0,1,0.5339165915462647
42701,1,1,0.5963475092506979
11571,1,1,0.6204084894804294
19754,0,1,0.6702525470472221
19018,0,0,0.4277820702959159
59769,1,1,0.5532502660245207
19053,0,1,0.5536728303246314
31519,1,1,0.598530526481715
42738,1,1,0.7184262324721601
751,0,1,0.528851578575536
14495,0,0,0.46539859757340074
1399,1,1,0.7861244933731887
13647,1,0,0.48861901744460357
56514,0,1,0.7217272348943926
42923,0,1,0.7156919320475938
36128,0,0,0.4555162402683633
2253,1,1,0.535568292335508
56879,1,1,0.5870402719154169
29612,0,1,0.6480454787127452
51872,1,0,0.3793116790339131
10804,0,1,0.5516810535439118
56694,1,1,0.7433939015610592
22823,0,0,0.4983592760164337
12790,1,1,0.651040308873842
20385,0,1,0.6040123130414764
46353,1,1,0.5435312154870008
24704,0,0,0.49729938373250987
34768,0,0,0.4648378350941953
33293,1,1,0.5396156104584579
57120,1,1,0.5787895722792569
18988,1,1,0.5739589345133875
32191,1,1,0.5673033783912997
22417,1,1,0.5736793428524569
24288,1,0,0.48649655146881743
35992,1,0,0.4330032589960768
21745,1,1,0.5654759826228404
46866,0,1,0.6074849077641613
9027,1,1,0.6684022401434307
51335,1,0,0.4988875930035421
20112,1,0,0.4552862484233604
22084,0,0,0.4993960609825248
32753,1,1,0.5974095495137116
38740,1,0,0.48359943490197155
45806,1,0,0.42174288456153275
7183,1,1,0.590766496856151
17135,1,1,0.5563842393400799
19202,0,1,0.5395755588589483
51033,0,0,0.37281609825449985
16369,0,0,0.46007938730264086
22191,1,0,0.47304259907291346
4196,1,1,0.5683362022290781
5512,1,1,0.6923659747684268
55822,1,1,0.5522772110903176
20640,1,0,0.3940435712411751
46621,0,1,0.5255759409856888
20803,1,1,0.5994236477517962
33313,1,1,0.5723647535684564
25211,0,1,0.5471392251461645
35900,1,0,0.41921707124208507
50416,1,0,0.4909306984101883
55935,1,1,0.5211981516615717
2721,0,0,0.4291511120147505
21848,1,1,0.5106961903108135
19823,1,1,0.5676263462972928
16319,1,1,0.587251125214853
22385,0,1,0.5260366642616437
20760,1,0,0.4960827402191147
10811,1,0,0.3996067163092743
46469,0,0,0.46524269964077986
12999,1,1,0.5753208138616112
19140,1,1,0.6440180002488078
10209,1,0,0.4541589209980957
1340,1,1,0.6873531267116035
56301,0,0,0.4618493786107467
5834,1,0,0.46301711033291454
57459,1,1,0.5208706047054327
46954,1,1,0.5154718347789559
1295,1,1,0.671210209223852
40577,1,1,0.5263939568373075
40353,0,1,0.5395737044540447
30454,1,1,0.5630893849271983
44221,1,1,0.547191192000239
54599,0,1,0.5514513466137266
18379,0,1,0.6001589370444739
30478,0,1,0.5089910084362141
32704,0,1,0.7425331421400501
53464,0,1,0.5236239686363195
6629,0,1,0.6266357381933245
1395,1,1,0.7253017892623623
2994,1,1,0.6169921312979515
38635,1,1,0.5844587594610345
45336,1,1,0.5110428287416654
40127,1,1,0.6155565401618096
55760,0,1,0.6462492863785401
1801,0,1,0.5508979003793235
20421,1,1,0.6043748388822996
25222,1,1,0.5674462285261924
50495,0,1,0.5701423685881626
57686,0,1,0.5987090828653777
42636,0,1,0.5953003989181602
5927,0,1,0.5335895365269245
3384,0,1,0.5494083319119921
18291,1,0,0.4321686448664767
28606,1,0,0.4688620879939257
7985,1,1,0.5825777821231893
46724,1,0,0.4630746199343857
28307,1,1,0.5107414628649894
14820,0,0,0.49453340497617154
43000,1,1,0.6713826698236827
54413,1,1,0.6450543958567788
22204,0,1,0.5221070199820046
30254,1,0,0.48325410332275676
17105,0,1,0.5373870348343851
57091,1,1,0.5324823349592326
49506,0,1,0.5510984512710738
56972,1,1,0.5454736741573328
33091,1,0,0.3743941446402787
17196,1,0,0.4679263436642935
50400,1,1,0.7216535172104175
44498,1,0,0.43989205755367045
50859,0,1,0.6330993838244597
36850,1,1,0.6249180341566327
1434,0,1,0.6932224019954464
57312,1,1,0.5138162622191584
48250,0,1,0.7057099165139453
20225,0,0,0.45356895786737844
58943,1,0,0.4645870255145352
21880,1,0,0.4794325709554088
52221,0,1,0.6790802119258135
30091,1,0,0.47736649964611744
26704,1,1,0.5586703643625921
7408,1,1,0.6301942536218911
48186,1,1,0.6572372153814502
45276,1,0,0.49759034642251293
25231,1,1,0.5003897198837691
39182,1,1,0.5438922198259961
53383,0,0,0.4530217878093081
36360,1,1,0.5552263685793193
49370,0,0,0.40261006383670117
31252,1,0,0.41132358583345263
31833,1,1,0.6697055760840676
45580,0,0,0.49791726808982667
7180,1,1,0.6139060082937692
40446,1,1,0.5071115384836129
37658,0,1,0.7899029608677179
51366,0,1,0.538777829321215
8733,1,1,0.5201607922172543
51051,1,1,0.661678179787891
19361,1,1,0.5422069278711996
22056,0,1,0.511908655028287
14744,1,1,0.6439169419609947
55743,1,1,0.6205760897522987
60848,1,0,0.40407490467689977
34719,0,1,0.580762688011357
48821,1,1,0.5379559719072311
43939,1,1,0.5814172850490232
40912,1,1,0.5293952664090464
47787,1,0,0.4217099264573788
10673,0,1,0.6570822238879539
10617,0,1,0.5813383229933823
48393,0,1,0.535522351385476
41630,1,1,0.5688433348394739
52116,0,1,0.5870534211100276
23710,0,1,0.5287034914559995
33237,0,1,0.532624156957337
46998,0,1,0.6357756066418603
55879,1,1,0.5223144358200553
23461,1,0,0.4644973375297473
19056,1,1,0.5384787028205661
15255,1,0,0.4125988335495681
55128,1,0,0.3572162652463379
60514,0,1,0.5403352090804556
25470,0,1,0.6300472776850912
47749,0,1,0.5560445926934142
142,1,0,0.2976470846901894
23646,1,1,0.5740072893340095
38987,1,1,0.6187199647045527
27965,1,1,0.5341619539943387
17012,1,0,0.409071701776279
5499,1,1,0.6091779979538691
32147,0,1,0.5230371730652559
19489,1,1,0.6160047870663427
51343,0,1,0.6143401615407575
54913,1,1,0.6299178410057313
20058,1,1,0.5781690655202392
39145,1,1,0.5522678663501622
34763,0,1,0.6076225737113228
54996,0,1,0.5212839027239218
26127,1,1,0.5698184415200106
18900,1,1,0.5334890042091703
14681,0,1,0.5260017490534774
52976,1,1,0.6211644345845613
45836,1,1,0.5995284549940609
21766,1,0,0.46995590488211275
10315,1,0,0.3484575242926414
36075,0,0,0.40472587686350464
13185,0,1,0.7778475171350984
29451,0,1,0.6552858158500832
22532,1,1,0.5305510190411994
10688,0,0,0.3698155105211241
60209,1,1,0.5098027868176414
43283,1,1,0.5611274023836882
33554,1,0,0.42451774269705944
2153,0,1,0.5618982299093718
41256,0,1,0.5425538002113021
23442,1,1,0.5131204487623705
9084,0,1,0.639649830014319
60820,1,0,0.4273378968504023
8004,0,1,0.5364431280097226
34654,0,1,0.6259630319138196
49447,0,0,0.48683489563286875
11301,0,1,0.5810800107271114
44887,1,0,0.4898860628893154
54603,1,1,0.5181126101097744
9091,1,0,0.41008050193023976
23253,1,1,0.5665219643631628
6584,1,0,0.46813558651681525
4325,1,0,0.3711977311195793
5782,1,0,0.4100952398933322
18626,0,1,0.6726466902180057
33220,1,1,0.5506712148407832
24329,0,0,0.49791454302716104
31403,1,0,0.4937970995801059
30006,1,0,0.4685398593535826
25521,0,0,0.44646670017336243
33531,1,1,0.5858735861610215
49053,1,1,0.6236633150596087
4123,0,1,0.5375817297871545
31408,0,1,0.5427050757150474
60634,1,1,0.6178764989603621
41698,1,0,0.4940994178434
40717,1,1,0.6182700107020977
13896,0,1,0.6654977989497691
19624,1,1,0.6202046539054353
9884,0,1,0.5562812479988303
22199,1,0,0.4871305858283768
58750,0,1,0.6317601451230227
17174,0,0,0.48507415076542976
671,0,1,0.5125056221242926
23243,0,1,0.5682923312788513
19278,1,0,0.4920397393077114
57890,0,0,0.2990389219766817
49741,1,1,0.5054343151035599
37276,1,0,0.4987599761852717
46862,1,1,0.5349688337604354
9914,1,0,0.4591313051438792
51681,1,1,0.5561779201595732
34625,1,1,0.5296227967391066
26246,1,0,0.4857378046382511
54268,0,1,0.535865991206302
2407,1,1,0.6046840599299392
14337,1,1,0.5171368289809527
8420,1,1,0.716067284010339
41604,1,1,0.5374121928094976
4085,0,1,0.6066110857551719
22185,0,1,0.5444753897054482
30762,0,1,0.5705390973850002
51427,0,1,0.6431094865777108
30958,0,1,0.6608265712126246
27501,1,1,0.5360165438768651
13767,0,1,0.5732800970058677
47594,0,1,0.5050903036757586
60382,1,1,0.5300324376145269
7905,1,1,0.592933162744636
37505,0,1,0.724945542143248
25783,0,1,0.7004672525029014
30886,0,1,0.5519786053782011
45643,1,1,0.5951338716447921
8400,0,0,0.4813568457001932
8064,1,1,0.5421145239025235
15791,1,0,0.4662054189880729
18511,0,1,0.535430772920461
44900,0,1,0.5110355162986013
9217,1,1,0.6856410159442115
59738,1,1,0.6161501761223573
45807,0,0,0.4503638300411738
29456,1,1,0.5790568474688765
56274,1,1,0.6435963225363731
23660,0,1,0.5306079946845839
40043,1,0,0.49616380809975236
14103,1,1,0.5006816762656596
14756,1,1,0.6043448987100786
15564,0,1,0.6749005075500937
58365,0,1,0.6392185682105544
13725,1,1,0.7164902121491475
47476,1,1,0.5642675973272713
51192,1,1,0.5076221878070267
27638,1,0,0.45955077314740983
20120,1,1,0.5469610865699397
45769,1,1,0.5102997025831617
10008,1,1,0.6055953641709388
5164,1,1,0.5490595980182631
37843,0,1,0.6294722779185533
10606,0,0,0.49821895426812723
2078,1,1,0.5521961144890298
11988,1,1,0.7073711139147837
20840,0,1,0.529886410583599
45954,1,1,0.5137842662781313
1934,0,1,0.5655174887593889
43016,0,0,0.4375374757515596
57526,0,1,0.616432970276928
10194,1,1,0.5283907314644725
44417,1,1,0.6765846960245199
2784,1,1,0.565168666750255
4542,0,0,0.426015390162227
41051,0,0,0.46156027296772356
35129,1,1,0.6260255186984586
6574,1,1,0.6689329623239766
11892,0,1,0.6072622489630907
20574,1,1,0.5493699983331524
52098,1,1,0.5995964498141154
25547,1,1,0.5240110147518433
53980,1,1,0.6144930026382753
6724,1,1,0.5348476805867833
57146,0,1,0.5270714630348016
14482,0,1,0.6022240078906277
5907,1,1,0.5998533112247156
2445,0,0,0.3999587311264679
53237,0,1,0.5833996684206528
28754,1,0,0.4848273976128463
45481,1,1,0.5895264367233928
24646,1,1,0.5394517089093518
60311,0,1,0.5744341719964343
12965,1,1,0.5789775610507673
34542,0,1,0.6189809884573902
47072,1,1,0.5019966459963762
53096,1,1,0.560662350463361
17498,0,1,0.5027704588624469
60568,0,0,0.450418510546459
33983,0,1,0.5796419772348625
57484,0,1,0.568247117781675
38519,0,1,0.5306352789301919
19314,1,1,0.5250814420144981
4897,0,1,0.5910677574483385
11032,1,1,0.5210710855157751
19103,0,1,0.5641026377108257
20399,1,1,0.5986838991482474
15116,0,0,0.4381101222319198
55679,1,1,0.6201911160858352
12961,1,1,0.6437654979252971
38004,1,1,0.5488570984945755
59740,0,1,0.536003703227151
3499,0,1,0.6409496864122965
10304,1,1,0.5191279340278858
48214,0,1,0.666460587124378
8297,1,1,0.5734091855909678
44239,1,0,0.4957554352386714
25711,1,1,0.5154199757019943
16113,0,1,0.6654217457822403
37726,1,1,0.749877505327764
47285,0,1,0.6877541479305275
13890,1,0,0.44016468839121975
1551,0,0,0.4592976213766382
39742,0,0,0.45853284755485596
38696,0,0,0.48285770929241406
4892,0,1,0.7266659266747949
37632,1,1,0.5612261365250132
14623,0,1,0.6693366221444067
18380,0,1,0.5873286034918455
55353,1,1,0.6290977430809971
11788,1,1,0.741638105406104
30077,0,1,0.6098834148924387
45432,0,1,0.5920578272497725
36156,1,1,0.529123212486294
10984,0,1,0.5856923738132123
34599,0,1,0.6088431712793638
60357,1,1,0.638757831382958
21146,0,0,0.4955980300735306
45251,0,0,0.46861105749767085
28590,0,1,0.5903874230641994
41548,1,0,0.448442909568463
46004,0,1,0.6564036589923203
31020,0,1,0.5770661706995978
27527,1,1,0.7086936231751056
17412,1,1,0.6054697188687982
59288,0,1,0.605819883654815
51396,1,1,0.5870422543915773
1361,0,0,0.4454924037413985
27425,0,0,0.4634941427253937
38210,0,1,0.5519577761571799
48034,1,0,0.360597341519454
35251,1,1,0.5290917919069809
10479,1,0,0.44756901361359913
31902,1,0,0.4246038789218866
60434,1,1,0.5178540050180855
53347,0,1,0.5545103378650399
33128,1,1,0.6216486299324917
20876,1,0,0.48615668223190595
9302,1,0,0.4754294191592936
84,0,1,0.5461694563940693
22250,0,1,0.5443498957667772
29431,1,1,0.5621888036459634
21270,0,1,0.5809767492054815
13127,0,1,0.7176748559598319
38089,1,0,0.4182376351741856
36989,1,1,0.531746722300184
1221,0,0,0.4924470260087484
22922,1,1,0.5661712084496454
58649,0,1,0.5337513166465545
37745,1,1,0.5839485835869571
26808,0,1,0.5440555186502141
52196,1,1,0.5251859250323413
54594,1,1,0.6457010027099108
8717,1,1,0.5415086097250263
49808,0,1,0.6165464883110485
3783,0,1,0.6702232736827337
59837,0,1,0.6953986594872035
37381,1,1,0.7186066747896692
30726,1,1,0.5105899911617883
5130,0,1,0.5005408481580256
54369,1,1,0.6763724764788549
58554,0,1,0.5061968150950964
13064,0,1,0.6578053104008873
53161,0,1,0.6079980669758622
47248,1,1,0.6696169274532171
11135,0,1,0.6102070336258069
14194,1,0,0.4065147619843807
35019,0,0,0.4917180317556704
12140,0,1,0.5496966117762977
14283,1,1,0.524651805279298
24592,1,0,0.42576376854242376
59973,0,1,0.600146765844545
42114,1,1,0.5189952047723875
48008,0,0,0.4824279022065254
54112,0,1,0.5185046181087146
34439,1,1,0.543218345011464
23945,0,1,0.6710738722752645
41228,1,0,0.45544667654387505
46731,1,0,0.4048290731635212
19218,1,1,0.5621199354715535
13815,0,0,0.4756391279192394
39812,1,1,0.5382626734037882
54325,0,1,0.5204884495136909
53575,1,1,0.5078001323708853
15949,0,1,0.6868327284942864
38060,1,0,0.47511270497438896
9447,0,1,0.6143350735980446
22551,1,1,0.6014885375522666
55746,1,0,0.4814809736493651
350,1,0,0.3553058402408385
30046,0,1,0.5080199837682464
34298,1,1,0.5348530867023261
21948,0,0,0.4923358927835354
43484,0,1,0.731960791073798
27040,1,0,0.3359127875751146
3416,1,1,0.6092777834144889
7112,0,1,0.5503345628691378
8147,1,1,0.5549116043250149
48084,1,1,0.611713307336529
14351,1,0,0.22727710919993518
39999,0,1,0.5097689317303029
17780,0,1,0.574132655089113
34546,0,1,0.6660001962843691
59501,1,1,0.5016202092820046
15691,1,1,0.5112825229114697
30801,1,0,0.41988748186628067
28095,1,1,0.6818109731287028
55388,0,0,0.41819268093141404
3032,0,1,0.505881578278265
32669,0,1,0.6723352112412951
59448,1,1,0.5761419487151443
29380,0,1,0.6413457353258639
7582,1,1,0.5475912183273016
29776,0,1,0.5219156063310447
27660,1,1,0.6461603685308015
56057,1,0,0.4972397522921776
24698,1,0,0.4846416915010627
8666,1,1,0.5518782137341607
48326,1,1,0.685368299101771
14887,1,0,0.4323180892222494
49656,1,1,0.516978834056292
49050,1,1,0.6504366180416497
51995,0,1,0.5392414126972095
15381,1,0,0.4805989883521093
7768,1,1,0.5851888077007911
42493,0,1,0.5803835465550222
18459,0,1,0.5678018226184158
3696,1,1,0.5239954161942552
28072,1,0,0.4023087949094004
47436,0,1,0.6609694028090286
42434,0,1,0.7320203663471411
19227,1,1,0.5721228679314891
59196,0,0,0.42405669056455314
46049,0,1,0.6542313400693966
2906,0,1,0.6710278455836658
58193,1,1,0.7356912115725699
9767,1,1,0.7609229604357525
23549,0,1,0.5513927376830526
8614,0,1,0.5461396904705408
21210,0,0,0.49255055728447256
26290,0,1,0.6279309866994001
36424,1,1,0.5335257756174324
20135,1,1,0.5654368343993045
26392,0,0,0.496547483705569
4591,0,1,0.553123416618268
43704,1,0,0.48875338902743026
48025,0,0,0.3089841705762871
9094,0,1,0.6256704747022779
58072,1,1,0.5741618921352537
31106,1,1,0.5802613783677296
55390,0,1,0.5736245784111138
21475,1,1,0.5902468302275383
6988,1,1,0.5738478084750244
41457,0,0,0.37156892713159406
2432,0,0,0.49697366637961954
21033,0,1,0.5119845691426711
54575,1,0,0.3869430842487119
58740,1,1,0.5359133337845982
57893,0,0,0.42426230113266167
11637,0,0,0.4797327862628582
26350,1,1,0.6893311637667116
30126,1,1,0.5502103885126428
60176,0,1,0.559356663800236
21355,1,1,0.6104875269583533
47192,0,1,0.6248061633194115
18926,0,0,0.4892627244959897
54431,0,1,0.5946340127989204
7406,0,1,0.500976737687946
3372,0,1,0.627726849290189
36323,1,1,0.6125882619374078
41860,0,1,0.550868264307698
48599,0,1,0.5300815727905923
17670,0,0,0.4926702100809686
45818,0,1,0.5598556303751017
4690,1,0,0.49985977894124256
23393,1,1,0.5363848195887884
9608,1,1,0.5970261527110132
34560,0,1,0.7413923584648263
15683,1,1,0.5851439806282527
34798,0,0,0.4518359545969252
56506,1,0,0.436628040772885
8679,0,1,0.5295998468099837
28423,1,1,0.5263508194610439
28269,0,1,0.621412560108138
51795,0,1,0.6684503398604068
40214,0,1,0.6028193754381077
39832,1,0,0.37410933056323536
50974,0,1,0.6075235431898288
54551,0,0,0.44261965893211264
7038,1,1,0.5097112837540779
52209,0,1,0.7634870236852308
45536,1,1,0.5127297454068234
41488,1,0,0.42774800015554265
5251,1,1,0.6316598190844827
22562,0,1,0.5687363781851619
58330,1,1,0.542955635541931
15700,1,0,0.44832693379029687
910,1,0,0.4480861219804169
40267,0,1,0.5096811953438609
37083,1,1,0.5066611902510738
18723,1,1,0.5570516598906984
3450,0,1,0.5625322398018444
38997,1,0,0.48069345126952256
21778,1,1,0.5951036460369549
53277,1,1,0.5167782899151842
41841,0,1,0.5223663670473072
42499,1,0,0.38421248960909016
49065,0,1,0.5704424390435873
2550,1,0,0.49324920168624686
49010,0,1,0.6193648385752938
45062,0,1,0.5139132715863338
21031,1,1,0.5904380279717623
46388,1,1,0.5197996551964722
27024,1,1,0.5492023602454065
54873,0,1,0.5376890637903273
40829,1,1,0.6046031830855333
31618,1,1,0.6425682283549432
52969,1,0,0.48349898724003454
46700,0,1,0.6301887269163735
20655,1,0,0.4519065759702755
23546,0,0,0.4248445862685413
52898,1,1,0.5117541044678484
15078,1,1,0.5027644996746424
7339,1,1,0.5271416883273908
50069,0,0,0.4664834391019545
35576,1,0,0.41251562623379073
20374,0,1,0.5832206402372725
29983,1,0,0.48014653210045544
9156,0,1,0.503148201971249
42432,1,1,0.5551505725217953
13550,0,1,0.6876290955518772
10591,1,1,0.5596220408326675
23566,1,0,0.4882743830918678
29157,1,1,0.550924597185032
20335,1,1,0.5738206460035679
7906,1,1,0.5192515119954385
60061,1,0,0.4139978823595132
9920,0,1,0.5926016145589451
9789,1,1,0.7079874098223753
59540,0,1,0.5279968110284122
434,1,0,0.4932218683771626
20033,1,1,0.544992112601652
40646,0,1,0.6113253498980612
43903,0,1,0.5051594081085967
38409,0,1,0.5028493959858874
31400,1,1,0.603045259543549
59306,0,1,0.5820201916271515
38770,0,1,0.6041989778911049
35741,1,1,0.5871697708227611
25546,1,1,0.5612396507226061
31658,1,1,0.667772453759291
58249,0,1,0.630237388627724
49043,0,1,0.577412451108167
32689,1,1,0.6981988064781277
20583,0,0,0.4089754215420671
25568,0,0,0.43241290896231005
31256,0,1,0.509452939393899
28342,0,1,0.5473930839543049
33102,1,1,0.5359145649404751
17311,1,1,0.5513506152621759
54312,1,1,0.5375811491945413
8240,0,1,0.504867788448463
40892,1,1,0.5736760839393449
30389,1,0,0.3738196093965922
16306,0,0,0.4528217142135268
26844,1,1,0.6106558034391864
45602,0,0,0.4343522055574034
28712,0,0,0.47524933413859144
45728,0,1,0.5484069573823739
52466,0,1,0.7016846156848037
29019,0,1,0.5818466510999951
54515,1,1,0.5884902765747261
662,0,0,0.49648958458033604
37868,0,1,0.6903611099041348
16170,0,1,0.5422228929043287
12191,1,1,0.515083953875427
13337,1,1,0.7083321781472006
9233,0,0,0.4509995273972345
10291,0,1,0.5365978142872898
9241,0,0,0.4983235553715604
53983,0,1,0.6829114972000943
29926,0,1,0.5719097071302559
29161,1,0,0.48755803142309523
26481,0,1,0.5481698864987513
55389,0,1,0.5398046104024791
56968,0,1,0.5259598040301605
16084,0,1,0.7072967940113953
56156,0,1,0.5272082968612635
47377,0,1,0.5440587769753967
42090,0,1,0.5800274571918547
4136,0,1,0.6116883299305825
28169,0,0,0.377273364364068
36782,0,1,0.5083136932253571
38734,0,0,0.4654122341035425
27569,1,1,0.5009250254439361
6796,1,0,0.4468586025719629
28649,1,0,0.47874916931673395
40094,0,1,0.5236642364455613
5136,1,1,0.6332234895475186
19345,1,1,0.5482570458636646
44504,0,1,0.5244955856424723
50542,1,0,0.48483235866856
34874,0,1,0.6313546111703243
55809,1,1,0.5338981310213794
38971,0,1,0.537279611097124
5626,1,1,0.5702911153676279
41456,1,1,0.5517105107809835
57543,1,1,0.5472951237912104
42929,0,0,0.44821323798537227
24482,1,1,0.5260486549483566
56021,0,0,0.47985126842409165
944,0,1,0.5630384409622472
57755,1,0,0.4923241527862742
9292,0,1,0.5855478671226111
3518,0,1,0.5405592715212891
46313,0,0,0.4153736664885161
29391,0,1,0.6237652018075521
2092,1,1,0.5367144408671988
35566,1,1,0.5767279434126064
44392,0,1,0.6085033584008032
9915,0,0,0.47313419731269557
47753,1,0,0.4484689128750775
22615,1,0,0.49624556258150193
10694,0,1,0.5592212378573186
35617,1,1,0.6048520202411892
52426,0,0,0.4890887695319138
51352,1,1,0.5465891549038794
2378,1,1,0.6596547967404383
28939,0,1,0.5260160751565374
52430,0,1,0.6403048467178669
46925,1,0,0.4959009482151451
2079,0,1,0.5191929609641338
39243,0,0,0.47558064514779297
16999,0,1,0.5042097757985077
11569,1,1,0.6068890108260795
12968,0,1,0.5386899787595893
42436,0,0,0.46598351680292055
21300,1,0,0.4914870480902352
12942,0,1,0.6414986422071753
38073,1,1,0.5740088115972339
47905,1,1,0.6424492074106294
6543,0,1,0.5526720595157523
17807,1,1,0.5929973144171449
24772,1,1,0.5982558820951538
37054,1,0,0.3661094517153036
30783,0,1,0.5037500760793009
576,1,1,0.5470351702569821
9872,1,1,0.584319861494424
46501,0,1,0.5084806096143786
388,1,1,0.6162821032107406
11560,0,1,0.5632072757623972
878,1,1,0.5878997938058851
49049,1,1,0.5791429010315455
37435,0,1,0.6530241392245825
1953,0,1,0.5253318418023162
56188,1,1,0.5147336348237451
11750,0,0,0.49708219964734374
18214,1,1,0.543192438953237
15219,0,0,0.46258613866302967
37668,1,1,0.6097384179145304
55775,1,0,0.4882078809454496
38803,0,1,0.5031266939316058
30320,1,0,0.4647890608431656
25988,1,0,0.477883571475327
56730,1,1,0.5481506131505709
11165,0,1,0.5067753321811729
3265,1,1,0.5275128947136849
60086,1,0,0.45009857602618913
26600,1,0,0.4784846831621353
52841,1,1,0.5739369395890535
28789,1,0,0.4565322682552052
48889,1,1,0.5303433873172703
28392,0,1,0.551539903279447
18393,1,1,0.5425950428324118
6081,1,1,0.5842398058913736
53414,1,1,0.5993868227642749
48816,1,1,0.5940244490225772
13540,1,1,0.6214603712573831
14210,0,1,0.5222295717694706
23792,1,1,0.5593989618981524
5961,1,1,0.5384469362051454
2688,0,1,0.553538130592804
57785,0,1,0.7285993323504026
53167,1,1,0.5693887290767325
36940,0,0,0.4011345001322352
50308,1,1,0.6590540063428324
21251,0,1,0.6077184940170036
54829,0,1,0.527963044464824
10050,1,1,0.5154633842596487
29165,1,0,0.4900597608276398
12589,0,1,0.579642825621354
31397,1,1,0.5446439704167994
14106,0,1,0.5187171141807825
45544,0,1,0.6357502890340878
24818,0,1,0.5054495119750457
2827,1,0,0.4952603063857442
39751,1,0,0.49335971925828725
9205,0,0,0.49309451706700963
37960,0,1,0.5777729533991333
8795,1,1,0.5552582628890753
33711,1,1,0.514664132954806
25140,0,1,0.5778556216800478
48170,0,0,0.46423107988022627
7019,0,1,0.5764559671830505
44206,1,0,0.49480887729251555
21705,0,1,0.533983524743939
45354,1,0,0.4915048896794816
27629,1,1,0.5296002301746465
25618,1,1,0.5358465364175313
13774,0,0,0.4333517610708496
33240,1,1,0.6019118532304708
29314,1,1,0.5897201080857929
15328,1,1,0.5345097892174046
38208,1,1,0.5801070784763277
3141,1,1,0.6037019530734221
21329,0,1,0.6171484472127825
29892,1,0,0.441230352854986
26501,0,1,0.5840729939095364
6137,1,1,0.6461266986138786
7412,0,1,0.620028016474519
10183,1,1,0.6081836559743876
9183,1,0,0.4461396408054258
29114,0,1,0.5969924484321871
45226,1,1,0.5809280458864637
2285,0,0,0.40253191048559933
38269,0,0,0.4801629105085916
38251,1,1,0.7429775416653658
3126,1,0,0.44509705851354636
49355,1,1,0.5701162456508111
15905,0,1,0.6229690655829446
52622,1,1,0.5546960968158301
2652,1,1,0.5061206524220963
59296,1,0,0.4643744912288876
39786,0,1,0.5406756395536647
49249,1,0,0.49339062609981205
54148,1,0,0.49110358142780425
14294,1,0,0.43508643571177624
32106,0,1,0.5949607737450731
19599,1,0,0.49346313780054557
15448,0,1,0.6163506916059392
8661,0,0,0.49241471336107984
6069,0,0,0.3971576830577605
53226,0,1,0.507027570627429
19089,1,1,0.5200797998861898
16773,1,0,0.4333306841663574
30567,1,1,0.5603840374138822
4946,0,1,0.6824582697032859
38483,0,1,0.5842386988763242
11429,1,0,0.46674895294860924
3460,1,1,0.582639244464425
44679,1,1,0.5897023510030325
7423,1,1,0.6006446385423642
6083,0,1,0.5766951165944236
48576,1,0,0.499378704110336
48765,0,1,0.596519832908582
46272,0,1,0.5495790078442441
24369,1,1,0.5074360605989588
8184,0,1,0.6447857150995978
50190,1,1,0.6072614960761231
47921,0,1,0.5305096448104623
60786,1,1,0.7360164169901983
12386,0,1,0.6323456150547171
43433,0,0,0.38691113476028866
53232,0,1,0.5915555586994369
19346,0,1,0.5357128302977516
35519,1,1,0.6279813460482253
7734,0,0,0.4837387754474191
31766,0,1,0.6062725672267549
26222,0,1,0.6877488381042195
34256,1,1,0.6184636233075392
46623,1,1,0.5379936747537983
20076,1,1,0.6891365883781462
12303,1,1,0.5250555550678133
55153,1,1,0.5566650034464596
16316,0,1,0.570435232101911
27675,0,0,0.4973353251025639
11690,0,1,0.7020057376662244
59208,0,0,0.3865224453702293
38660,0,1,0.6555264736990454
52608,1,1,0.5739574801288783
18772,1,1,0.5265284155073118
40995,0,1,0.5536067055636574
27696,1,0,0.48171689681439483
4753,0,1,0.5688963465846074
34062,0,1,0.6212191253070756
41213,0,0,0.4730735533118849
17677,0,0,0.49010687364017097
6468,1,1,0.5074792716058574
49337,1,1,0.5879513561354558
11655,1,1,0.6908405605404019
8687,1,1,0.5110171120957794
41432,1,1,0.5772405346812791
5288,0,1,0.6463122472023839
19508,1,0,0.41537024225083985
43845,0,0,0.48023886417016953
53220,0,1,0.5562876824169741
24672,0,0,0.4869068643982346
43607,0,1,0.5429621819418372
16952,0,1,0.5524314060356991
46329,0,1,0.5298147192144806
54907,1,1,0.5040009337022792
55688,1,0,0.48065477176530974
52117,1,1,0.5769453893940658
57899,1,0,0.42117568623858054
36656,1,1,0.5543323197367263
48337,0,1,0.5461270711584608
52937,1,1,0.7626902686082667
60549,0,1,0.5835953033656134
58265,1,1,0.6099351054556106
3004,0,1,0.5761068676370781
41255,0,1,0.6122921975870503
6844,1,1,0.6156834502994344
44761,0,1,0.5827852014278104
54368,0,1,0.7392751383841945
34505,1,1,0.5614506836039298
58476,0,0,0.40423418007080464
39735,0,1,0.5902446002468108
13883,0,1,0.59918864719566
53072,1,1,0.6474670865807246
9686,0,0,0.3931865496037777
49599,1,1,0.566685879128155
27285,0,1,0.5542049974741425
45596,1,1,0.5903174992658611
54581,1,1,0.5327832382980148
23071,0,1,0.528332050500663
45412,0,0,0.455325102003322
1636,1,0,0.37964314209973304
36776,0,1,0.6100727380543798
60037,1,0,0.4406967836341951
22179,0,1,0.5294968715272202
43627,1,0,0.4866466416385699
4192,0,1,0.5623607954639509
57419,1,1,0.572821198548275
50633,1,1,0.5658082186199882
49245,1,1,0.5357630360916502
43531,0,1,0.7870326292110904
12684,1,1,0.6436470609994811
9016,0,1,0.6123134768734814
3283,0,0,0.496874482185193
53333,0,1,0.5890258504053718
23511,0,0,0.44173607951235666
51304,0,1,0.5683585843089425
12586,1,1,0.5725097851890858
44937,0,1,0.5754651525736434
24997,1,1,0.570471470066996
37921,0,0,0.3735667749703104
30401,1,0,0.4149539300359678
4290,1,0,0.4875225360642389
53409,1,1,0.542050691490765
60150,1,0,0.45086137421368055
11447,0,1,0.6191339105668897
7887,0,1,0.7803850661683401
51909,1,1,0.5426807402728155
18272,1,0,0.40835360578113156
26841,0,1,0.5010962992994327
915,0,1,0.6662870612320038
38352,1,0,0.3735715824606219
48455,1,0,0.38951927322174673
36862,1,1,0.6182281729946086
30149,1,0,0.4615948212833076
59093,1,1,0.555522457662773
23342,1,0,0.4982786594979758
51855,1,1,0.6437953960061119
8855,0,0,0.4946525963507997
19077,0,1,0.5916463658856538
41384,0,1,0.5918741241385618
15766,1,1,0.569851307051962
9554,0,1,0.5931539173523488
38366,0,1,0.5300195618355115
44650,1,0,0.49783239742971674
10473,0,1,0.6971618631439271
2165,1,1,0.5982731007655476
41515,1,0,0.2891921086363059
14805,1,1,0.5716949580217888
28614,1,1,0.5027840856175022
6068,0,1,0.7303654732518555
100,0,1,0.5352734100222493
34241,0,1,0.6512815588776458
48423,0,0,0.4849836444584107
30819,0,1,0.5195983724496969
53787,1,1,0.5204105956769937
29842,0,1,0.5517772275058833
17475,1,0,0.4852573313798493
59760,0,0,0.49190172022624695
8968,1,1,0.5749379775935579
20057,0,1,0.5788969408850054
834,1,1,0.6540099954309259
37341,0,1,0.6648386617278654
15443,1,1,0.5283236264812982
28041,1,1,0.679550885456748
2571,1,1,0.6533470502457044
4760,0,1,0.5324608805189657
43033,1,1,0.560575963042565
30241,0,1,0.5250765554719057
5726,1,1,0.709396469467343
9379,0,1,0.6177497856551581
1084,1,1,0.7050788693976893
54999,1,1,0.553900363741098
29269,1,1,0.555944019245005
58960,0,1,0.5464531793781758
43365,1,1,0.6183898927925309
38956,1,1,0.5839940694312549
37478,1,0,0.396917577442362
55190,0,1,0.5782006288098505
56538,0,0,0.4994793334498139
32492,1,1,0.5429174788681689
4482,0,0,0.33369931630549304
6533,0,1,0.6238970731290943
21046,1,0,0.4209296694400133
38194,0,1,0.6020897660375311
16227,0,1,0.6876690110336092
5801,1,1,0.5215566304998602
50963,0,1,0.6693082379560671
58387,0,1,0.7647834002216222
58039,1,0,0.46705946534595566
46476,0,1,0.638377939531939
57330,0,1,0.5572439529276675
18398,0,1,0.6889080765726784
40847,0,1,0.5572364437399997
22558,0,1,0.565163403563361
6580,0,1,0.6051156227918778
20524,0,1,0.60433947787841
46115,1,0,0.42746571265912386
26680,1,1,0.6009367337254281
35839,0,1,0.5125941968748365
14017,1,1,0.6129465098643577
34866,1,1,0.5442431133948554
43757,1,1,0.753135684532829
23141,1,1,0.5801380702474715
41509,0,0,0.4928754658521369
43071,1,0,0.2998770793914347
24340,1,0,0.4700811887180031
2075,1,1,0.7026835638943605
32519,0,1,0.7321604380445546
26003,0,1,0.5596726654480308
16909,1,1,0.5883565037135654
40865,1,0,0.48749459000548884
52015,0,1,0.560292982748747
41796,1,1,0.6236220491658101
41661,1,0,0.3902476923505106
7114,1,1,0.6028047162410399
34594,0,1,0.5469828396842331
44969,1,1,0.5661012134858382
37132,0,1,0.7034643077130598
53289,0,1,0.656456091768038
18352,0,1,0.6171965608673216
45642,1,1,0.612573636418965
35060,1,0,0.39830175822510033
56712,1,0,0.35144840646541786
56825,1,1,0.5057608404428654
1428,1,1,0.5101378220216448
35491,0,0,0.449840212477288
23448,0,0,0.46229039302773595
58313,1,1,0.7754713650626484
23992,1,0,0.49500176056099854
42970,1,1,0.5674048498720485
23868,1,1,0.622692930307883
42793,0,1,0.6618446762991019
22274,1,1,0.6150826373098471
43768,1,1,0.5026569936054436
19440,0,0,0.4535671135446793
257,1,0,0.30825299292253777
6649,1,1,0.5526164098796796
30927,1,1,0.5990100300091882
39715,0,1,0.6201429691599069
48444,1,1,0.5275747264727262
47226,1,1,0.6150992100989404
51682,0,1,0.57334458682624
1818,1,1,0.8317372595555834
23368,1,0,0.4544326744047815
25463,1,1,0.5731835244410649
49178,0,1,0.5875451188388073
41068,1,1,0.58635490080073
49661,0,1,0.526050200805741
22825,1,1,0.5811466098668416
32060,1,1,0.5369642368062586
38297,0,1,0.577063937135465
49006,0,1,0.529062282877273
19216,1,1,0.5129701913592213
14190,0,0,0.23608683036340852
8037,1,1,0.5710086209050378
3704,1,1,0.5617473878621478
14329,0,1,0.6343658939873701
60206,0,1,0.6059651436555646
39535,1,1,0.5178011843654055
38459,0,1,0.6813545532238023
43685,1,0,0.4690934603126268
10543,0,1,0.5695302940523094
35980,1,0,0.4512102368952881
53809,1,1,0.7135565879036949
36860,0,1,0.5807786210795962
13129,0,1,0.6593814190726792
406,1,1,0.6205321199220561
7648,0,1,0.6331648034909296
8632,1,1,0.5961302663899023
26937,1,1,0.6206545497660624
41168,0,1,0.5087349744909901
12124,0,1,0.5107723079601612
29332,0,0,0.47593714455884056
45070,0,1,0.5482162519014604
44776,0,0,0.4630296236786945
44122,1,0,0.4972284283368182
42900,0,1,0.5639808240618656
38845,1,1,0.5736656228558649
49529,1,1,0.5885030421307205
19358,1,1,0.6121279561746702
4584,1,1,0.7254249910256353
1248,1,1,0.5704783878066121
8706,1,0,0.49199201560446115
24429,1,1,0.5755696338767925
35760,1,1,0.5364601330056478
27885,1,1,0.5264296670761631
30827,0,0,0.497142558751613
57345,0,1,0.6562009337836332
11469,0,1,0.6855565183961305
29610,1,0,0.4971208029169392
40162,1,1,0.5681511458939876
2229,1,1,0.6468751400827205
34467,1,1,0.6615293791504503
42327,0,1,0.6907711612819214
52914,0,1,0.7134677040814043
52688,0,1,0.6887115637965081
15119,0,1,0.634433328325843
19770,0,1,0.6231863703069408
20226,0,1,0.5866216903398604
38239,1,0,0.4492267110833364
6640,0,1,0.6245494995534272
3922,1,1,0.5100565687508384
24324,1,1,0.5391152265773528
51443,1,1,0.6082124052936697
40379,0,0,0.4430651172176921
41031,1,1,0.5603989354965045
8909,0,1,0.5809372308476417
38351,1,0,0.4272846988054373
49310,0,0,0.42090188005383417
4243,0,1,0.5173510443659509
32802,1,1,0.6957905592080849
40603,0,0,0.49650702216234616
54094,0,0,0.45021105729965866
35495,0,1,0.5426339871914688
6822,0,1,0.5445441561841736
24463,0,1,0.5439110031270271
30139,0,0,0.4549921810348851
31791,1,1,0.5809440426555108
20471,0,1,0.5297253435924371
54689,1,0,0.48421016588747035
29355,1,1,0.6658820057371483
14132,1,0,0.24972524783156008
42148,1,1,0.6996975623734443
5191,0,0,0.45293110154059596
34059,1,1,0.6556450112632044
27839,1,1,0.6733354011877261
19951,1,1,0.531211965424818
57866,1,1,0.6921894232432214
1176,1,1,0.6001153008644181
21129,1,1,0.5120473841930939
53425,0,1,0.5039347123361424
43866,1,1,0.6466177927213667
19473,1,1,0.5647604702995312
26641,1,1,0.5629036177058103
58396,0,1,0.680002442752727
76,1,1,0.566179171484828
15474,0,1,0.7131434142319755
31562,0,1,0.5961979865294874
21957,1,1,0.5252300991624997
38518,0,0,0.47775215709776275
20682,1,1,0.6129285047488251
8729,0,1,0.5435490602093552
39631,1,1,0.6697639310205372
29565,1,0,0.4804326632595274
30479,1,0,0.49692287261588525
51844,1,1,0.5700416272531874
33110,1,0,0.48228367600519645
28513,1,1,0.661168142677241
35421,0,1,0.6287689615642035
24723,1,1,0.503598973565341
1786,0,0,0.46719509187419406
13033,0,0,0.4731459676154302
43923,0,1,0.6444213687406978
37193,1,1,0.5850500945698053
40792,1,1,0.5811936253070278
56441,1,0,0.4689260805572705
22102,1,1,0.5370265478615971
15438,0,1,0.6063595112038336
56387,1,1,0.5234396131863073
53773,0,1,0.6362751076555004
37578,1,1,0.6874629030103852
47299,0,1,0.699058769991877
38589,0,1,0.6223618813195486
30996,0,0,0.494840480962894
4363,0,1,0.5500988959040631
290,1,1,0.5968001463905769
44651,1,1,0.5104323623855997
51015,0,1,0.5383475417813393
39614,1,1,0.6677153698422693
1816,0,1,0.5558175847399486
49379,0,1,0.5037188259544194
50083,1,1,0.6184872057441115
45576,0,1,0.6966453386291792
1006,0,0,0.47384922362543613
60409,1,1,0.6486402298531395
30277,1,1,0.623578347793109
33532,0,0,0.4109404394123024
16438,1,0,0.44233128002747124
53023,1,1,0.5650215955947879
22266,1,0,0.47091678805036014
56025,1,1,0.5511247771423083
56806,0,1,0.5366898356914556
1761,0,0,0.45124667061831597
30767,1,0,0.4665578182338513
8964,1,1,0.7174233697174486
10471,1,1,0.5155762442695027
1709,0,1,0.527372356677043
9652,0,0,0.4431567267981516
53432,0,1,0.5355782426797506
21929,1,1,0.5010849183992786
24886,1,1,0.598315454861011
50265,1,0,0.4688440398314066
14674,1,1,0.5034042298790791
19067,1,1,0.5508883558174665
33103,1,1,0.7481117642659172
2625,1,1,0.6598006358635773
1719,1,1,0.5383713653680107
10855,1,0,0.43552768517571316
58139,0,1,0.6487509972089611
18536,0,1,0.6711333005744726
6076,1,1,0.5811758259543965
40203,1,1,0.6111311551447157
42103,1,1,0.5051629343833326
48674,1,1,0.5478913532321544
4899,1,0,0.4582512775667978
55985,1,1,0.5724128645703251
53831,1,1,0.5324061980493832
26253,1,1,0.538264753042951
2824,0,1,0.7711963835514202
24825,1,1,0.5361929701985138
58896,0,1,0.7459939127163959
32021,1,0,0.47685342453914337
7296,1,0,0.4568377417013236
9603,1,0,0.46731831640283406
58732,1,1,0.5636155262866042
49145,1,1,0.7151194307057972
27600,1,1,0.516834285667248
15249,0,1,0.5389251115196597
26422,0,1,0.5501700840618188
49682,1,0,0.4794041879275815
13881,0,0,0.4877585106215291
60219,1,1,0.5444021470170892
1446,1,1,0.7742087673985466
16060,1,1,0.6112648970252647
41342,0,1,0.5625898514222665
48315,1,0,0.4280050139864073
42650,1,1,0.6528500437527321
14892,0,1,0.6471441600984899
14015,1,1,0.6361409632074616
46616,1,1,0.6358132740930159
47146,0,1,0.5854363528421183
18615,1,1,0.631971344162908
43736,1,1,0.6659969462454743
16109,0,1,0.5606050157946745
49789,0,1,0.6283416938896997
4045,0,1,0.5589149479694506
22022,0,1,0.5288314265467897
38868,0,1,0.5297834646751274
6242,0,1,0.6943865800262187
1999,1,0,0.4731226582305814
15137,0,1,0.6144206974721519
13263,1,1,0.701991698482328
53444,0,1,0.5920617605700883
51344,0,1,0.603211058012872
45803,0,0,0.41193135558915217
2181,0,0,0.39738393680338757
50646,0,1,0.6343388980599937
43725,0,0,0.3610749405204539
58535,1,1,0.5324377299692554
15457,1,0,0.46870948454657985
30171,0,1,0.5206980108531566
48998,0,1,0.5467365810388691
19258,0,1,0.6076618926346052
32703,0,1,0.5174150002561856
30141,1,1,0.6027418764513341
28572,0,1,0.5523882621599838
40527,1,0,0.48554158238298145
35787,1,1,0.535753460857674
4587,0,1,0.519679631904888
17994,1,1,0.6409783602693163
17944,0,1,0.6173873669486885
31066,1,0,0.4880570414678488
47266,1,1,0.5573199223060515
17502,1,1,0.635103200958393
43019,0,1,0.7040954217546784
36474,1,1,0.5021908765413253
37956,0,1,0.5026904788772771
18408,1,1,0.6746636190459657
29349,1,0,0.4777243349585533
5298,0,0,0.46278490904904906
33418,1,0,0.4557346239485082
32723,1,1,0.6926903093548031
32512,1,1,0.5555129683211618
39397,1,1,0.722014155698816
55071,1,0,0.3641737915232305
53945,1,1,0.542297037080932
30205,0,0,0.44953674082643164
7982,1,1,0.6718132187443564
47690,1,1,0.5012418567978844
6615,0,1,0.630135727197401
32607,0,1,0.6892374146538391
3771,1,1,0.5219797239378097
34986,1,1,0.6583306566678776
46362,1,1,0.5809153911026373
60259,1,0,0.42326106360003407
53322,1,1,0.5998098163834656
53418,0,1,0.5597416543552692
27272,1,1,0.549747314253722
40958,0,1,0.6185404955637795
44130,0,1,0.5895340832980245
35762,1,0,0.4706653079240533
16968,1,0,0.3933871765757702
25894,1,0,0.4264160589495966
47934,1,1,0.5222264298976701
27849,0,0,0.4877985484231273
16424,1,1,0.5748666944729465
18958,0,1,0.5718961807806829
17221,1,1,0.5266621582630304
39594,0,1,0.5025008130620356
49385,0,1,0.6697892457967097
46894,1,1,0.7210323133872688
46779,1,1,0.6361751872705892
27056,1,1,0.5575323442070446
28826,0,0,0.45476163511839274
41215,1,0,0.41614007943916576
31995,1,1,0.5856326802290132
50257,1,0,0.4389932111017623
23562,1,0,0.431355014233316
41300,0,1,0.5094374399361074
16141,0,0,0.3846665379026297
30055,0,1,0.5077912560500707
8027,0,1,0.7538765379513725
28154,1,0,0.4719841561948314
52330,1,1,0.647179734441843
6086,1,1,0.6331829178755691
21712,1,1,0.5537560304591878
12346,1,0,0.4009560827036057
20775,1,1,0.5859540772029503
35724,1,0,0.4835978386327174
24734,1,1,0.6569317493623149
6130,1,1,0.5425640238385986
38458,1,0,0.4314021020908077
24631,1,1,0.6001990442919365
42091,1,1,0.5866750375546408
1204,0,1,0.5859936649049398
31859,0,1,0.5369315275572819
29873,0,0,0.4165496268576221
6673,0,1,0.5225258555921554
47376,0,1,0.7149284701623705
42020,1,1,0.5065518531836394
54096,0,1,0.5175991824822873
60631,0,1,0.5779803355126261
19253,1,1,0.7407233515660484
14918,1,1,0.5972120006813801
37558,1,1,0.6872766025400964
29971,1,1,0.5147970199904833
60242,1,1,0.5913172921444539
43934,1,0,0.4383833367022271
6966,0,1,0.5361736936306047
58393,0,0,0.439142719307404
13726,1,1,0.5510183717650762
28209,1,1,0.5201782542741266
27314,0,0,0.47911776909902004
52409,0,1,0.6010843817906196
45601,1,0,0.37212757807833213
1762,0,1,0.6185936886767397
28435,0,1,0.5607446507401389
42490,0,1,0.5240856119871876
60893,0,1,0.5136573071940469
34843,0,1,0.5021726698853454
19158,0,1,0.5005335115962845
25460,0,0,0.4277851252321435
55896,1,0,0.49996331679040845
202,1,1,0.5546919393848996
9442,0,1,0.5698100878333329
47193,1,1,0.561482003108747
42431,1,0,0.3899142000705503
22090,1,1,0.5674054829744427
55254,1,0,0.3620692606382201
28545,0,1,0.5786697127601228
10233,1,0,0.44477874799334605
45170,0,1,0.5574691377212715
23412,1,1,0.526906576630847
40326,0,0,0.48172893150228774
40869,1,1,0.609257408106684
26831,0,0,0.4093315114814727
25448,1,1,0.6060253915941732
53004,1,1,0.531911237998829
26572,0,1,0.5405565868338726
2854,1,1,0.5677190418941614
4313,1,0,0.49771788357623975
1618,1,1,0.5750274352535466
32003,0,0,0.45479953643126847
9754,1,1,0.5387022973138622
42580,0,1,0.5970052178915656
16345,0,1,0.518797740604735
11172,1,0,0.46951756560473257
46034,0,0,0.49816980964774676
26666,1,0,0.462318588124313
48905,1,1,0.5949999922442466
52495,1,0,0.291315353322783
35816,1,1,0.6376816201779858
49257,1,1,0.5193685846991783
42950,1,0,0.39712246217557956
15557,1,1,0.6746187006907314
20331,0,1,0.6392328712734209
51026,0,1,0.6108997244983341
57551,1,1,0.5892704587484868
31188,1,0,0.46520713280209736
43954,1,1,0.6222283042696595
10780,1,1,0.6168741853005977
39936,1,1,0.6815299583602484
51818,1,0,0.43384251769805315
40425,0,1,0.5414618477870796
9981,0,1,0.6389562984726421
18258,1,1,0.7329210167911507
50840,1,1,0.7095819136130767
44063,0,1,0.5326918207605987
1524,0,1,0.808133908946303
4778,1,0,0.489580119215433
30264,1,0,0.4707392258808757
6161,1,1,0.6270546822662354
22278,1,1,0.5732468142920972
57744,0,1,0.5213854330590482
25282,0,1,0.5977448649788901
34664,1,1,0.6487504485172205
6334,0,1,0.5366986900447772
47364,0,1,0.52464528862435
5763,1,0,0.3305378813324594
52315,1,1,0.5844697102604173
44493,1,0,0.46521510208803823
14897,0,1,0.5959347502176443
8213,1,1,0.6577052944880759
38819,0,0,0.47463809774716226
39126,1,1,0.6609444816971842
24905,1,1,0.581777251966525
25899,1,1,0.5657641955026755
31445,1,1,0.5030391264668288
30920,1,1,0.58053601013761
44944,0,0,0.43966183987048474
27551,0,1,0.6159515388476424
29732,1,1,0.5095858258726982
13533,0,1,0.542336990315215
42703,0,1,0.6606692164539575
51323,0,1,0.5526126793375093
31165,0,1,0.6069965948924619
57233,0,1,0.5726773121051806
51257,0,1,0.5195117653924449
50660,1,1,0.5965501680975703
54739,0,1,0.5050696586326506
30892,0,1,0.5085967017876798
19430,0,1,0.6627508596477486
57107,1,0,0.46843391510295507
4326,0,1,0.5735014737587627
8780,0,1,0.5201195832472758
27330,0,1,0.6474913304768347
33568,1,0,0.4218482867356404
24375,1,0,0.48081908985876814
24935,1,1,0.5476373532975848
17654,1,1,0.6328389101957569
15138,0,1,0.7241444005527449
11498,0,1,0.5190018861176288
12261,1,0,0.4324689077687004
51526,0,1,0.5204075568946988
28644,0,1,0.5738141569832894
1608,1,0,0.45316779627707965
25243,1,1,0.5661833014262767
23659,0,1,0.6196656785159137
48280,1,1,0.7390969516310854
59662,1,1,0.5601366816166162
38333,1,1,0.5243449896826577
37550,1,1,0.6725919359192318
39216,1,1,0.5162508777064555
20641,1,0,0.4836723110276983
49436,1,1,0.5468425326745019
10536,1,0,0.4038767914969808
4766,0,1,0.6589551402917465
9047,0,1,0.7244371184343733
7607,0,1,0.5950701764539518
36425,1,1,0.6674024510733534
35085,0,1,0.73216165266564
37042,1,1,0.6091726395309326
17988,1,1,0.5992240313222144
34563,0,0,0.46575184420405846
40712,1,1,0.5879937735905256
38624,0,1,0.5393075686018243
46417,0,0,0.45876611423075614
52121,1,0,0.4461801879525952
9629,1,1,0.6357139720941403
56283,1,1,0.5275274411463069
44884,1,1,0.5032815169671707
58552,1,1,0.5011869496379018
60505,0,1,0.5299118547839528
13688,1,1,0.5909631983934309
30869,0,1,0.5676838979358046
24598,1,0,0.46162797435883796
60702,0,1,0.6649549889799747
10231,0,1,0.5659587666799883
50000,1,0,0.4279571273258471
59914,0,0,0.39351951321796297
28176,1,0,0.48071632890477295
21019,0,1,0.6044987887907809
42770,1,0,0.4880470607969734
49927,1,1,0.670454265829172
1218,0,1,0.5029177958830419
59641,1,1,0.5361063044160077
60506,1,1,0.5982073267523657
45273,1,0,0.45971229043649187
36248,1,1,0.6086159797008847
47915,1,1,0.5525431348625858
48839,1,1,0.5225695745463996
19796,0,0,0.4610569678736972
12154,1,1,0.647991040900543
2533,1,0,0.45999589755298503
34761,0,1,0.6075862535731045
9935,0,1,0.5671427076545332
27700,1,1,0.5144223586080432
37771,0,0,0.3808378370119589
17307,0,1,0.6428837924934996
60871,1,0,0.4779535982108375
50022,0,1,0.5057097804119481
12277,1,1,0.5786901709801944
45368,1,1,0.60856317431653
46192,1,0,0.49057991384242267
4212,1,1,0.5080882171914559
12827,0,0,0.4394414912741459
5299,1,1,0.5342026974964122
33821,1,1,0.6134469701542192
36061,1,0,0.4872555717080378
49652,1,1,0.5695607411550174
26432,0,1,0.5273429874240929
6841,0,1,0.637621578630239
51363,1,1,0.5845717721601216
3500,0,1,0.5362386958579921
7174,1,0,0.4748650795306712
56016,0,1,0.5228492766280087
52640,0,1,0.6918541386691608
20588,0,1,0.5820003423277531
54747,0,1,0.5450674530820279
5538,1,1,0.5999842225441867
9549,1,1,0.6164550259493545
34093,0,1,0.6305945356829337
44487,1,1,0.5715709552424629
25569,1,1,0.5088306810735391
21800,1,1,0.5754550374022055
49562,0,0,0.47008414584741515
38081,1,0,0.4603384243222519
37829,0,1,0.5254246122107915
19888,0,0,0.47114939106081666
39257,1,1,0.558495173272396
40926,1,1,0.5362826867784467
56543,0,0,0.43686245212325514
37075,1,1,0.6174641614200582
25687,0,1,0.5282895840041104
19006,0,0,0.4203768624486293
51067,0,1,0.73010665236742
60544,0,1,0.6004489598154276
51060,1,1,0.6030669294148328
24272,0,1,0.5679910908374225
51590,1,1,0.5175291868446681
45026,1,1,0.6114706788215426
22945,1,1,0.5518864040242918
34619,1,1,0.6334029630192916
46754,1,1,0.5142449023333395
40748,0,1,0.5915819817658625
35354,0,1,0.5406480373697553
35954,1,1,0.6610691275302351
53021,0,1,0.5413061609585275
1416,0,1,0.6320798651590604
2901,1,1,0.6156341088793621
32168,0,1,0.5908893345996588
21240,0,1,0.5282147319540819
46884,1,0,0.42640800626173336
19333,0,1,0.6461156559462188
54992,1,1,0.5311908223856606
32919,1,1,0.5910444124433581
43240,0,1,0.5941429553609892
37073,1,1,0.5339740804845355
23456,0,1,0.6002984081421858
15860,1,1,0.6550458706949539
36356,1,0,0.4901424439905593
8214,1,1,0.6495250053828938
53011,1,1,0.5852866049058627
52373,1,1,0.5506033859230383
727,1,0,0.34251362948278846
42702,1,1,0.6505560595544475
33602,0,1,0.5960880578341929
2825,0,0,0.3936611841165671
18306,1,0,0.44996763086834785
42719,1,1,0.7253355087409743
20239,0,1,0.6078971832536679
7583,0,1,0.5493094067640594
54958,1,0,0.4879919530763795
12525,1,1,0.5446724815858991
19589,1,1,0.5722967950381329
29920,0,1,0.571524766541748
22350,1,0,0.4598559133420225
55820,1,1,0.5758476650660485
60852,0,1,0.54211189967429
28076,1,1,0.6170927354295533
59457,0,1,0.6656351933258388
31368,1,1,0.6736533978781195
8124,1,1,0.6148449157371005
52120,0,1,0.7228824623071342
35892,1,0,0.4999756362514402
36380,1,1,0.5092630531897471
11542,0,1,0.5176678243900855
29848,1,1,0.569689799005024
10155,0,1,0.6075704088210565
1056,0,0,0.42976466584501016
37318,0,0,0.44189092736898666
47222,0,1,0.5614217620825254
42876,1,1,0.6826002148837271
10430,1,0,0.4853784132460362
22036,1,1,0.5812019425913487
42473,0,0,0.25306218016111137
46556,1,1,0.5522529925756959
293,1,0,0.3447450253059446
35443,0,1,0.5582482018484274
15594,0,0,0.466513280740156
30067,0,0,0.4575838153975387
47298,0,1,0.6088009662168041
49128,1,0,0.4932015118928353
4269,0,1,0.5352150897574343
5315,0,1,0.5237483137557566
683,0,1,0.5911061312001307
42131,1,1,0.6143758542188444
57084,1,1,0.5746309441099183
16124,1,0,0.4727347251600016
1119,1,0,0.4808694422597856
59788,1,1,0.6979893263238403
737,0,1,0.5624960191474018
18162,0,1,0.5098916406129339
9699,0,1,0.5566851810386902
2397,1,0,0.41715620850695606
35351,0,1,0.6115561217588315
19124,1,1,0.6470476800679908
35535,1,1,0.5100879197896678
54274,1,1,0.5522021965485654
28323,0,0,0.490178011505182
11462,0,0,0.4591681686073858
20217,0,1,0.5152953069538211
11757,1,1,0.54390774673561
26988,1,0,0.4616361579588596
15421,1,1,0.6389845657087118
1411,1,0,0.46243836265155347
30618,1,0,0.472160648988221
57607,0,1,0.6364146041156741
29614,0,1,0.6957101414707394
23428,1,1,0.6156071917830296
11310,1,1,0.5904826794565871
12046,0,1,0.5328261670780009
32522,1,1,0.6225233862712259
11592,0,1,0.6959776400713159
13011,1,1,0.6116672654215463
60374,0,0,0.45115239241986316
52790,1,0,0.4434641474242927
4263,0,1,0.6933212612724432
45689,0,0,0.49413024336865946
12521,0,1,0.5210384413380807
14352,0,0,0.464744577547094
25504,0,1,0.7181661502408498
47278,0,1,0.5620607206323942
14645,1,1,0.5550469997257145
56461,0,0,0.4460349468555775
15341,1,1,0.6386122537883758
31044,0,1,0.5931622927026718
53571,1,1,0.583391169423012
11926,0,1,0.816419925619767
56409,1,1,0.5037312991375067
7865,0,1,0.5366614526121947
49419,0,1,0.5818497057607283
55772,0,0,0.47578846611780484
56552,1,1,0.8357577184178863
7037,0,1,0.612160851946485
56667,0,1,0.5412839270005148
54291,1,1,0.6019064280364615
22106,0,1,0.557859514416211
5947,1,1,0.616118538753175
52270,0,1,0.7204026509266153
27543,0,1,0.5593746169668524
50553,1,1,0.5717463704254568
34730,0,1,0.5228882809025553
53707,0,0,0.4911059240884586
5827,1,1,0.5421817840800305
56320,0,1,0.5811463046961968
23223,1,1,0.5255810563607795
59280,0,1,0.7095153390816138
99,0,0,0.24110582853612672
39542,1,1,0.6275675658627654
34123,0,0,0.4575577888914072
3528,1,1,0.5523736152559016
47992,0,0,0.4629280212906267
26100,1,1,0.542718629959472
57486,0,1,0.6676782488677763
31804,1,0,0.3651301664192113
60915,1,0,0.47765971248030703
17941,1,1,0.5173866054880073
49357,1,1,0.5552972403412784
30752,1,0,0.4870488094729233
8157,1,1,0.5177844068423751
43431,0,1,0.5220874609349611
19811,0,1,0.6020623079251856
33906,1,1,0.5641111759283227
57172,1,1,0.6516299961353172
57391,1,1,0.5132011823941347
10502,1,0,0.45647306281496713
56319,0,1,0.6251127495260299
54794,0,0,0.43195447932526404
55010,1,0,0.4662640911255292
47242,0,1,0.6074669095218949
32732,0,1,0.535512877582612
19690,0,1,0.5786760047014219
3311,1,0,0.42977649591827366
12344,1,0,0.43813356894970634
40275,0,1,0.523862013250143
45464,0,0,0.49661152029481975
50858,1,0,0.44088570402537053
57603,0,1,0.5820026302699701
39691,0,1,0.5380472000742968
5687,1,1,0.6076572956276927
3892,1,1,0.5983058273878181
57322,0,1,0.5786675391556275
13741,1,1,0.5457130874805494
25165,1,1,0.562246678076642
41185,1,0,0.471051245858968
50223,1,0,0.4026978674989941
5890,1,1,0.5560299016248503
21156,0,1,0.5347833273824555
36642,0,1,0.6902036232337225
59850,1,0,0.4812063091964256
22109,1,0,0.4928986021102868
47018,0,1,0.6536908253858644
7960,1,1,0.5245386951594059
52830,0,1,0.50648599416182
30659,1,0,0.4910027584639385
54359,0,1,0.6198589307307923
2558,0,0,0.34268841599742744
9259,0,1,0.5584455912011844
52233,1,1,0.6593803236666189
1440,1,1,0.5623680207427296
23589,1,1,0.5883162407005645
6588,0,1,0.5884470155313943
16425,0,0,0.45845680281263546
16899,0,0,0.48764822179787454
20681,1,0,0.4690541166032153
43502,1,1,0.5939029092970507
57094,1,1,0.5498661669039152
31158,0,1,0.5232676853327084
6064,1,1,0.6496444512291843
13317,1,1,0.69300026159352
3828,1,1,0.5378877600605579
7248,0,1,0.5289421784097157
31728,1,1,0.6629668995643212
45417,0,1,0.5706344228689912
56697,1,0,0.4421010698577878
60483,0,1,0.6089128610126538
54028,1,1,0.5381098293558236
44726,1,1,0.6108769017289187
5131,1,1,0.5409591174666657
56108,1,1,0.5774240763759115
4950,0,1,0.5361554734922854
37592,1,1,0.6349149121359381
26192,0,1,0.7105597566320818
17028,1,1,0.5412883235825788
54541,1,1,0.7166785764300377
41811,1,1,0.5534965964956251
19737,0,1,0.6377056664646029
56562,1,0,0.44841059366731156
56534,1,1,0.6582954083572392
29132,0,1,0.628702944999098
27639,0,1,0.5331003798734699
21487,0,0,0.4771420368456704
22734,0,1,0.5841717172023801
50057,1,0,0.47454062968457683
41837,1,0,0.3857645593819931
58507,1,0,0.4626623673481513
10298,0,1,0.5188774546263002
13560,1,0,0.4381997407359642
1055,1,1,0.5734340105295954
789,1,1,0.5935574444325783
21790,0,1,0.5980348510922081
18707,0,1,0.5146578645813286
54135,0,1,0.6512182638902101
22675,0,1,0.5525558263285931
14920,0,1,0.5564021536985265
17009,0,0,0.433081250668459
11275,1,1,0.5828157547444583
18330,0,1,0.5279971683569729
56765,1,0,0.33155161674262773
15383,1,1,0.5839775564265193
50041,0,1,0.6016066265518415
3189,1,1,0.6250118156122926
18959,1,0,0.3814703824463955
36699,0,1,0.5424175500781944
54707,1,1,0.6641074365572961
38728,1,0,0.4319733422240848
40485,0,1,0.610748369867354
10751,0,1,0.6038736575272733
60280,1,1,0.6102272800575382
35748,1,1,0.5605581329127536
35053,1,1,0.5848849605979722
50445,1,1,0.5582116480436311
14406,1,1,0.5981082774023379
25860,1,1,0.5732145727641451
18368,1,1,0.6165083853766375
8596,1,1,0.6106605093877695
29148,0,1,0.5915610518494038
3751,0,1,0.5538241015374937
33662,1,1,0.6660813357292181
10787,1,1,0.6133965560277026
37641,0,1,0.6263739906455115
21888,1,1,0.5482602216844593
60057,0,1,0.533356066050362
52354,1,1,0.5681008737760148
45671,1,1,0.6349261100949184
42026,1,1,0.645155497115016
5819,1,0,0.47724626509460316
43635,0,0,0.31356818730312747
49737,1,1,0.5766785947427546
37008,1,1,0.5320936254955424
57482,0,0,0.4382219890460405
42312,1,1,0.5526177131206645
3048,1,0,0.49176039125177856
33123,1,1,0.5977783523960598
35846,0,1,0.5932213931518049
22002,1,1,0.5450708360280339
43395,1,1,0.6167820743230112
15759,0,1,0.6019176409450159
49805,1,1,0.6454187749234905
17986,1,1,0.5356574605020575
30299,1,0,0.4930379556631014
41853,1,1,0.6709137860598521
44718,0,0,0.4299800308206115
6957,1,1,0.554725908587383
51927,1,1,0.5038432088632729
24095,0,1,0.604423993101909
29743,1,1,0.5548867360767812
35442,0,1,0.5187109287454877
10398,1,1,0.6789206596593208
26746,1,1,0.5514280545819092
2657,0,0,0.42557464727536576
55729,1,0,0.49146497662868327
21399,1,1,0.5602060430625297
3864,1,1,0.5907509804088885
41532,0,0,0.34123443458545644
45590,1,1,0.5753087979498983
26584,1,1,0.577969729683472
57567,0,0,0.35889415543540415
551,0,1,0.6285570278356772
51866,1,1,0.5641486825525692
37028,1,0,0.42604871098808433
1136,0,1,0.6101435029229747
1297,1,0,0.4100865324177913
28521,1,1,0.5302955418174802
11334,0,1,0.5604338282990761
39271,0,0,0.4884552501764421
56211,0,1,0.534817427845487
9996,1,1,0.587130354789207
34896,1,1,0.618754787184328
49775,1,1,0.5170395972907932
7634,0,1,0.6066211542953015
25358,1,1,0.695731918526774
20636,1,1,0.537073770019748
7870,1,1,0.6054989354326654
19452,1,1,0.5134664727300082
60105,1,0,0.39262348968112804
4135,1,0,0.4806722191936545
52862,0,1,0.7422942729560715
12618,1,1,0.6634555699750742
33016,1,1,0.7809396074913014
30758,1,1,0.55025186501152
37746,1,1,0.5608854850397877
28369,1,1,0.5835833679347516
38388,1,1,0.5457135492275603
6654,1,1,0.5970019433641608
53683,0,1,0.5120735042608859
31506,1,1,0.6081574613397647
29135,1,1,0.6074537612584655
13860,1,1,0.5383454988218159
28245,1,1,0.5838063058231391
52134,1,1,0.6160041544882771
39414,0,1,0.587424298518626
31105,1,1,0.5054212403064846
24971,0,1,0.6108611749239986
6932,1,0,0.4993365735148055
60095,1,1,0.6469631027893825
18337,1,1,0.6654434956780841
60830,1,1,0.5577932810497859
8774,1,1,0.5260297312118112
34882,1,1,0.5898553779704855
20140,0,1,0.5533835908922797
55796,1,1,0.5546146240876317
1293,1,1,0.689120345027986
40051,0,1,0.6108074750492645
13067,1,1,0.5851885239385796
21989,1,1,0.5634777661771662
31631,0,1,0.5360536667381413
34183,0,1,0.5543776730323732
41328,0,1,0.7014057319745589
2619,0,1,0.5182679499408477
38377,0,0,0.4764179756656653
16197,0,0,0.4152966122935102
12342,1,1,0.6215752014612131
33860,1,1,0.5091375256156042
26528,0,1,0.5829162224586691
56222,1,1,0.5037178373834694
16439,1,1,0.5765864314307465
45206,0,1,0.5750400211127649
30316,0,0,0.4923287599147197
44015,0,1,0.6083581265101725
7741,1,1,0.5250750728262541
24966,0,1,0.5902289918208269
35564,1,0,0.4629196131331183
38375,1,1,0.5071452053304872
6488,0,0,0.43559406046240723
57675,0,1,0.5060239725252553
17040,0,0,0.41414221387828193
48158,1,0,0.42827603452020796
58319,1,0,0.3469965223135116
7581,0,1,0.5128067145961855
50399,1,1,0.5768800206640186
57665,1,1,0.5674266281636788
53177,0,1,0.6402902003594838
43711,0,1,0.6290654410456018
24113,0,1,0.6003268210902389
30431,0,0,0.46154194751720745
41552,0,1,0.5468130726181872
34550,0,1,0.5904515701091384
60908,1,1,0.5851638352333728
531,1,1,0.5586796070091438
16090,0,0,0.48520301643053265
33324,0,1,0.5520088953598695
26345,0,1,0.6332702818818964
37648,1,1,0.6652779222264817
43474,1,1,0.5051214659834542
52746,1,0,0.4282244129182433
7215,0,1,0.5014466582771316
668,0,1,0.632988212870616
35238,1,1,0.532290125458229
32038,1,1,0.6016400431343988
38571,1,0,0.47737459432990825
50912,0,1,0.5974541976988271
56059,0,1,0.5721382128301374
35683,0,1,0.5892258351714837
9074,1,1,0.6309361299098724
47933,0,0,0.4554689692082217
40826,1,1,0.6073732700481718
40233,0,1,0.6212266312027289
12854,1,1,0.6981559978199716
1612,0,1,0.6169265397807385
53979,0,1,0.5324942355966534
8765,0,1,0.5841451093780821
56728,1,1,0.5557615081461205
3595,1,1,0.5512776755087374
19537,1,1,0.5460500523045049
48959,1,1,0.6139208245462195
31255,1,1,0.6020776081869573
22656,0,0,0.4603494957725949
23984,1,1,0.6386777025930934
31144,0,1,0.5356624880645199
54821,0,0,0.41169310763151545
36420,1,1,0.6049652445686597
19170,1,1,0.5803875439766842
58268,1,1,0.5110892260663344
54354,0,1,0.5400571386805549
28526,0,0,0.44362899854589444
50891,0,1,0.6424977404252651
50544,1,1,0.5444158600545231
52886,1,1,0.65214227491874
11558,0,1,0.6894871457471736
37642,0,1,0.6720925074151402
25757,1,1,0.6805929457606262
12065,1,1,0.6041077058818762
53195,1,1,0.5865678974629024
29216,0,1,0.531488816474477
16296,1,0,0.46311990498759104
20740,0,1,0.5354051535410578
57959,1,0,0.46999210598289304
9782,1,1,0.553684660062598
6621,1,1,0.6259188640167219
19544,1,1,0.6153756458763076
26380,0,0,0.47081038042637635
59170,0,1,0.5992531878099961
33412,0,0,0.4970759101594402
2031,1,1,0.5200789205524798
10237,1,1,0.5193493679387848
9393,1,1,0.6627261471968471
27874,1,1,0.5425032198679297
46406,1,1,0.5524997509836558
15571,1,1,0.5865104253617348
54348,1,1,0.6142520063595972
3325,1,0,0.49091112835413225
27962,0,1,0.5336905385899964
31877,1,0,0.46618263551854766
46148,0,1,0.6609150487155832
18881,1,1,0.5763856072873988
7109,0,1,0.7335466056960815
42788,0,1,0.5915856602041267
50984,1,0,0.45755260884077115
49936,1,1,0.6416051331139297
56652,1,1,0.5007560189860373
55226,0,0,0.4781822318451131
34119,1,1,0.5719754636558781
24840,1,1,0.5821704391517011
47435,1,1,0.6614693374452932
46013,1,0,0.42353947598527997
29377,1,1,0.5705575504337353
24928,0,1,0.5342150124325069
39306,1,1,0.645642334421581
53797,0,1,0.5286353456509806
27552,0,1,0.6069454683446996
14140,1,1,0.5671997550210708
32652,1,1,0.5766813690750632
47675,1,1,0.604701372737196
5022,0,1,0.5495098637818451
44461,1,1,0.6892392645931473
60905,1,1,0.5931841500875029
17601,0,1,0.5986036508709087
32435,1,0,0.4216069171699004
13453,1,0,0.44607739129653656
54509,0,1,0.6529661021843596
14669,1,1,0.5626581614294257
35112,0,1,0.6475079509603833
3755,0,0,0.49031683807729026
42363,0,1,0.5855896326124634
36981,0,1,0.5272942419883955
41843,1,1,0.7659519076635725
53827,0,0,0.4546922967323699
3061,1,1,0.7085724523565224
2392,1,1,0.5669770348784732
38275,1,0,0.45898739300747265
29196,1,1,0.6211762957053911
16123,0,1,0.5488717075564497
6996,1,1,0.5537043932504008
34022,1,1,0.6296518794800394
35690,1,1,0.667378805653062
10670,1,1,0.6121783798553208
25350,1,1,0.5486369482970946
10265,0,0,0.4798383444288668
22524,1,0,0.40394166241740703
30038,1,1,0.5233005342450958
34443,0,0,0.49290151452855263
3081,0,1,0.5718927400429883
45833,1,0,0.493445762412447
500,0,0,0.4890524226911026
1478,0,1,0.6211791471419087
59861,0,1,0.5823319216847302
29163,0,1,0.6139336493069281
12280,1,1,0.5228817014464042
10712,0,1,0.6704757325491173
58904,1,1,0.543880631831734
14843,0,1,0.5213464929784317
24847,1,0,0.49428389109839366
6767,0,1,0.5913356025302628
49810,1,1,0.6560194010151892
15407,0,1,0.6039978620596536
25262,1,0,0.4399476365806366
8676,1,1,0.5709777621995822
43464,1,1,0.5894118348221832
21389,1,1,0.5413021823089395
13575,0,1,0.56190175486588
43808,1,1,0.5450498675875121
60551,1,1,0.5490557082894133
17454,0,1,0.6492074727338079
52429,1,1,0.6299490677115646
40879,0,1,0.6419084492823691
21171,1,1,0.5643614179764974
49772,0,0,0.4986652221392815
45903,0,0,0.3885505035075887
44795,0,1,0.5285814329810699
11242,0,1,0.5085968243348297
269,1,0,0.44254989067195816
39247,1,0,0.3992808102777582
14845,0,0,0.3810828676059124
9506,1,1,0.5853155947953751
39007,0,0,0.4361585907626335
4855,0,0,0.48720485987091366
35588,1,1,0.5861852400301141
24622,1,1,0.602279838847975
48580,0,0,0.4623008141613157
43860,0,0,0.3756545636388497
716,1,1,0.6490491332651375
29505,0,0,0.44716403884237077
25558,0,1,0.545077046957933
10595,0,0,0.44530896712948953
10531,1,1,0.5454674947747248
38008,0,0,0.4030982484642902
19405,0,1,0.5008616602907712
23554,0,0,0.43193138928669883
48042,0,1,0.556032422412159
5879,1,0,0.3512546598708639
53122,1,1,0.621156618058655
57111,1,1,0.5823340572172978
14123,0,0,0.49611457114304264
27988,0,1,0.6141469678371287
52137,1,1,0.6095346620530887
40265,1,1,0.578750192099259
23018,0,1,0.5685075834901426
18983,0,1,0.5091758119336818
14602,0,1,0.5374556601660477
10250,1,1,0.714065582893978
19375,0,0,0.43290767585986034
40770,0,1,0.583485792543813
33490,0,1,0.5142225103544196
57104,1,1,0.5334066245192152
56545,1,1,0.6820503045673161
12773,0,1,0.594577815013211
42275,1,1,0.7118906486988539
10033,1,1,0.5818369498410497
11660,1,1,0.663505829929109
8198,1,1,0.545595815313794
59722,0,1,0.6036577141182992
7158,1,1,0.5665344127564026
50367,1,1,0.5234610462927688
42985,1,1,0.5462168767616259
2635,1,0,0.458847847728072
55252,1,0,0.4991309056956851
59464,1,0,0.4498805490208682
208,1,1,0.6848968748366677
2936,1,1,0.6280439616074717
56544,1,1,0.6582954083572392
3390,0,1,0.5606840461287496
18819,1,0,0.39833841666613556
37254,0,1,0.6965729288358199
28401,0,1,0.5313533135191468
9744,1,1,0.5087186709513043
10077,0,1,0.6754482749826213
813,0,1,0.6065477446531451
55886,1,0,0.49897453394141594
21765,1,1,0.5027728013885315
9888,1,1,0.6488583506951257
23553,1,1,0.5517535731283507
54724,0,1,0.5189162895370466
38181,0,0,0.43872040440930243
12243,1,1,0.6498790965392228
29478,1,1,0.611177713337333
5362,0,1,0.5952241589728356
34751,1,1,0.5731479447172899
38914,1,1,0.6422112578389485
19986,1,1,0.5338683828739458
1099,1,1,0.632255948355775
35237,0,1,0.5546803320340387
51744,1,0,0.4822627758001739
48695,1,1,0.5203839434804222
37524,0,1,0.6394702882658807
25418,1,1,0.5224376273115385
33847,1,1,0.5405524469746895
41739,1,0,0.4629250329673845
19565,0,1,0.6161133619492708
9933,0,1,0.618988954343974
18883,1,0,0.4210549446982928
43510,0,0,0.4797485849030625
12916,0,1,0.5355932117033274
21440,0,1,0.560307509827507
45361,1,1,0.5349679240587046
47403,0,1,0.6542897727012681
41407,1,1,0.6987445601614668
21148,0,1,0.5924586516116344
37880,0,1,0.6306875334257327
2223,0,1,0.5149465438083718
24365,0,0,0.48039381208306303
34840,1,1,0.5620338721537966
19556,0,1,0.5974406153368406
25215,1,1,0.5661441139740778
57690,1,1,0.5960493611897192
29857,0,0,0.43188649850333394
10722,0,1,0.5868062763302081
21233,0,0,0.48559568408586723
18061,0,1,0.6724250200113217
17966,1,1,0.5667065123837094
42140,1,1,0.5392153262610598
14,0,0,0.39463895593693116
21236,0,1,0.5647132711690782
11486,0,1,0.5480771809383377
20756,0,1,0.598161298298465
1252,1,1,0.649451723214275
52667,0,1,0.6397118288074968
43087,1,1,0.5386205872387269
59853,0,1,0.6069031461892943
41402,1,0,0.43974173905495306
59217,1,0,0.4074154103903565
56233,0,1,0.6460221170186816
20731,0,0,0.4379694210429292
4402,0,0,0.4567647545278762
38427,1,1,0.6956094534548951
24379,1,0,0.4742510792341737
27375,0,1,0.7204380163285734
22495,0,1,0.5358985975504887
35591,0,1,0.5948220043356163
3118,1,1,0.5455676609558621
11225,0,1,0.5013269711830997
38795,0,1,0.6103907020279178
42373,0,1,0.6451834213340959
28822,0,1,0.5425841841676123
8932,1,1,0.5488593759327155
42672,1,0,0.35208160144583805
21363,0,1,0.5926998421561346
5699,0,1,0.5352763888630049
19326,1,1,0.5640936688435912
25933,1,1,0.5181373544189841
50038,0,1,0.5813122345268145
22819,1,1,0.6343318145130327
37096,1,1,0.5938227606324942
52753,0,0,0.46158096895301376
40980,0,1,0.548837024664634
20170,1,1,0.5248238936852089
51627,0,1,0.5301048270291342
21876,1,1,0.5687353788987403
43547,1,0,0.47048403322670096
49018,1,1,0.619514917556042
57136,1,1,0.6400426172205959
8316,1,1,0.5840638099145238
51961,1,1,0.5786766378643452
34191,0,1,0.5918519285002607
28748,0,1,0.6163890731217259
35007,0,0,0.36208191070913537
58254,1,1,0.7204763515494583
5460,0,0,0.4960289654196556
22997,1,1,0.5409891336713968
1804,0,1,0.5077601105280272
60103,1,1,0.6052235413496166
35333,1,1,0.515591268112147
1353,1,1,0.5496970301091288
29401,1,1,0.6126601242121699
34240,1,1,0.571375915393362
24242,0,0,0.3975441225082785
1294,0,1,0.7500150585095027
7249,0,1,0.5687527581625387
19735,0,1,0.5656553045916389
7946,1,1,0.5128044421636516
29004,0,1,0.5215461905164005
3609,1,1,0.5562242236741349
33859,1,1,0.6349426627195701
48331,0,0,0.29762377514635324
48757,0,1,0.6635302202648904
18606,1,0,0.4514997747684012
33683,1,0,0.4197547908006811
5279,1,1,0.5752164468736164
50264,0,1,0.5737270986717722
36506,1,1,0.6014831612231305
34110,0,1,0.5895653139330139
29379,0,1,0.5704924056210059
24634,0,1,0.5247593302986258
2370,1,0,0.42342148399065815
27295,0,1,0.5196053555097018
23137,0,1,0.5856681183826705
19093,0,1,0.5120501564911561
57644,1,1,0.5696488503859011
18120,1,1,0.5300548329261232
38174,0,1,0.7865529027343954
32906,1,1,0.6621781234633585
44382,0,1,0.7501512918821608
34449,1,0,0.4764540375351053
33730,1,1,0.5967500633168149
16961,1,0,0.43351495684753394
24764,0,1,0.524181823074003
4498,0,1,0.6253429258409787
49913,1,1,0.5722391945345862
47316,0,1,0.5493985831970736
41461,1,1,0.5440006219094188
15723,0,1,0.6047441213006204
48480,1,0,0.44728246752884127
17416,1,1,0.672087063316733
19662,1,1,0.6397503426310114
15701,0,1,0.5589131163522318
53835,1,1,0.5459732247199209
11759,0,1,0.5328678390507438
27749,1,1,0.6009873298164548
52737,1,0,0.4872335968051417
43279,1,1,0.702752937186213
4763,0,1,0.5357861963263484
15423,0,1,0.6164943411938334
56331,1,1,0.5945699141465588
26347,1,1,0.5374090383909738
346,1,0,0.3888300540040124
39623,1,1,0.6182692109216414
17676,0,1,0.5910257315814348
18524,0,1,0.5233484471812229
40680,0,1,0.5866613586542379
35043,1,1,0.7462792932573684
36038,0,0,0.41562798117524324
47324,1,0,0.43287262834397017
28066,1,0,0.4923875590725828
19587,0,1,0.7240639910794258
25980,1,1,0.6051453689836032
4181,1,1,0.5632789919005721
39057,1,0,0.40741441513634585
9926,0,1,0.7268848014955736
25042,1,1,0.5174807584552429
18646,0,1,0.5947466913723441
17571,1,1,0.6676212096817331
7036,0,1,0.5085042603741836
15784,1,1,0.6684993956605692
26031,0,1,0.5445532890022765
28306,1,1,0.6159823637601929
15038,0,1,0.5697726624713093
1951,0,1,0.5556670712960929
11475,0,1,0.521957298565972
10185,1,1,0.5260387444915553
55599,0,0,0.4652224089844699
27923,1,1,0.5768279759488965
54557,1,1,0.577582719638957
3498,0,1,0.5136691655085027
7200,1,0,0.4525564917868975
52619,0,1,0.6305057537562666
33329,0,1,0.5404608603994784
24978,1,1,0.5884844698843869
44895,1,1,0.5359099530222867
19864,1,0,0.43577604334307074
19048,0,0,0.4801257782623132
10290,1,1,0.6637905471322243
24892,1,1,0.5312815047203567
3394,1,1,0.5047046935914081
47472,1,0,0.4423020911593873
15382,0,1,0.5371160259658825
27882,0,1,0.6002796026187383
42721,0,1,0.669068987163859
34700,1,1,0.5494600245283955
39708,1,1,0.6640497745322144
26075,1,1,0.6532465466288191
41182,1,0,0.37612263844426047
8220,1,1,0.5448464074770508
3145,1,0,0.47212008557150414
35889,0,1,0.600950391574743
7903,0,1,0.5449001955927093
24521,1,0,0.4581613438769586
12493,1,1,0.5557649388176304
44499,1,1,0.7621864457972233
59320,0,1,0.5352607834965225
18124,1,1,0.648083208228213
37762,1,0,0.3886010363546905
46520,0,1,0.5978053785849883
16532,1,0,0.4838263972611452
4728,0,1,0.5942054336237123
45160,1,1,0.5679950526586086
36029,1,1,0.6578423892361692
54614,0,0,0.47831115862312257
15522,1,1,0.5970138944649812
37932,0,1,0.7206585973382186
44038,0,1,0.6136670543003756
25212,0,0,0.4952438608887391
42133,1,1,0.5212631178821282
6352,1,1,0.627136486463008
32335,1,1,0.5004359503134143
53379,1,1,0.6076388577266741
29432,0,1,0.5604039317537545
55730,1,0,0.48329073446111953
32323,0,1,0.6704941183901422
46128,0,1,0.608974732537286
45353,1,1,0.5554769646718467
37609,1,0,0.3942798876737955
22049,0,1,0.551682058136059
44338,0,1,0.5966975515605194
8262,1,1,0.7022106482710336
58968,0,1,0.730316224886679
25259,1,1,0.6461233545233449
41545,1,1,0.6285236282056611
5845,1,1,0.5740643076587528
13412,1,1,0.5458018469385785
19846,0,1,0.5547715749525387
25648,0,0,0.4428047287963321
7389,1,1,0.524186807800228
52312,0,1,0.6198352894809857
34051,1,0,0.3989513677346632
45660,0,1,0.6417628333484082
46068,0,1,0.5369766336061985
12384,0,0,0.44146461699431283
4535,0,1,0.5494950131110892
44789,0,0,0.4268832291286185
9424,0,1,0.5614890300068158
8519,0,1,0.5581091906187325
40819,1,1,0.5961232834564786
20202,1,1,0.5448504036146807
18738,0,1,0.5267369588289061
21571,0,1,0.5567014850185291
19620,0,0,0.47411563449704325
26727,0,1,0.5691197144373387
12560,1,0,0.4944201317672459
35245,1,1,0.6393350998455515
13070,0,0,0.4437489159847072
19736,1,1,0.5487234312545471
39822,0,1,0.5900024774653678
10612,1,0,0.30223639597522683
20938,0,0,0.43428165502977706
40746,0,0,0.49795976402817355
60861,0,1,0.583487366551752
23231,1,1,0.5084978647705745
56133,0,1,0.5466300828781286
46598,0,0,0.4582218481718108
22636,0,1,0.631148533479326
12741,1,1,0.5732179642202315
59601,1,0,0.49881343358905317
24323,1,1,0.5505571248866525
7519,0,0,0.4778695314453595
37634,0,1,0.5043283712583131
4575,1,1,0.5367074490998749
60547,0,1,0.5567556203886724
456,0,1,0.7432864928018108
28170,1,0,0.4311717677208818
4898,1,0,0.4355825586471616
27504,0,0,0.44609895151087925
13364,0,0,0.39748264579048737
16473,1,1,0.5482252869566335
48559,1,0,0.42306010795343757
29258,1,1,0.5788065647717918
411,0,1,0.6696897882393893
48245,1,1,0.5304290810257392
1887,1,1,0.5960402293490149
36796,1,0,0.41433415394025636
15687,0,1,0.6760362522274714
19848,0,1,0.5749094735562468
46547,1,1,0.5569904040602611
48468,1,0,0.4278218019289728
16229,0,0,0.3625729626090478
48827,1,1,0.5720211085359687
9830,1,1,0.5437054807445341
42055,1,1,0.6053255019101278
6912,0,1,0.5369593271374222
24149,0,1,0.5966766504034218
3284,0,1,0.6235017446089749
60462,0,0,0.31061390735485755
32834,1,1,0.7065752206675486
25539,0,1,0.6240854601366845
49001,1,1,0.5958407723883021
29384,0,1,0.5666109690470152
13075,0,1,0.6125068079635294
27371,0,1,0.5533707345943175
9746,1,1,0.6059631372504388
60130,1,1,0.5017435570487035
47522,0,0,0.4690060580861582
32027,1,1,0.6486797595519637
50752,0,0,0.42682057149612357
59557,0,0,0.46779681711688686
37216,1,0,0.39068277459356715
33645,0,1,0.5134728647444231
55187,0,1,0.5589009760924855
20713,1,1,0.5011556849005195
39297,0,1,0.5001385737574742
43267,1,1,0.5324484918818232
52682,1,0,0.37642960968706524
23744,0,1,0.6485898740422635
19414,0,1,0.5561654002469997
59154,0,1,0.763483086957007
16394,1,1,0.5158208439100672
48799,1,1,0.5314730312781032
44230,1,1,0.5545823584120647
1758,0,1,0.7193717842349188
18990,0,0,0.4543544221924314
44120,1,1,0.6769484239510778
52299,0,0,0.3820359405376783
6540,0,1,0.5772820014473937
40595,0,1,0.575477680695297
37942,1,1,0.5610401322221876
5234,1,1,0.512458136120135
48988,0,1,0.5359161301118269
44820,1,1,0.6392954485582117
26322,0,1,0.6078243557060447
7491,1,1,0.5410094685676089
33004,0,1,0.6557409515872763
28441,1,1,0.5112385193666737
10894,1,1,0.6670261142519988
12110,1,1,0.59363998481754
56747,1,0,0.29700837714750966
55553,0,1,0.5526290823269794
58668,1,1,0.5492755068991845
3411,1,1,0.5547693787791078
48503,0,0,0.4229710748845242
10258,1,0,0.34492117310628406
17250,1,1,0.5618936914329968
38501,1,1,0.6413142002537746
55770,1,0,0.47841802759769086
38918,0,1,0.533861283412029
17738,0,1,0.5075084439124773
25093,0,1,0.5786809618629037
60875,1,1,0.6547146550292452
50180,1,1,0.6106446292413232
21231,1,0,0.47811857325561263
23211,0,1,0.520834621371054
42417,1,1,0.686864590331307
36286,1,1,0.62052471498233
36958,1,1,0.5161016904350699
10330,1,0,0.49815059593063316
27073,0,1,0.5154122056116452
51247,0,1,0.5320385576148687
26784,1,1,0.5531228962647264
55449,1,1,0.513514061390562
15651,1,0,0.46958598329240914
51607,1,1,0.6571438376090336
10182,1,1,0.6147972237402141
3193,1,1,0.6772370632218118
46096,1,1,0.5636049338467629
26266,1,1,0.6166108589940835
54030,1,0,0.39370208659368244
15585,1,1,0.6372822587465297
6385,0,1,0.5664385504106455
48527,1,0,0.44847629662712374
41372,1,0,0.4900840201746896
34801,0,0,0.4969635081030946
59618,1,1,0.6374746877508163
10345,0,0,0.39717971083829207
23240,1,1,0.5785415739531672
60260,0,0,0.4977874228488303
49501,1,0,0.48791237953113664
33636,0,0,0.4125312406738108
33692,1,1,0.6379426481113498
19894,1,1,0.5551556214544748
19229,0,1,0.5609229654921708
41672,0,1,0.5932186040142268
16502,1,0,0.43847153800005306
48145,1,1,0.5781380257123795
6230,1,1,0.6811159253218529
53535,0,0,0.48030709550550393
23261,1,1,0.5204047280624163
22151,1,1,0.527424926387236
44569,0,1,0.6270259108184115
57095,1,1,0.5417699139247071
30537,1,0,0.35795971815611805
1568,1,1,0.7104323281550887
26860,0,1,0.522295801592703
34595,1,1,0.6557452666822006
24588,1,1,0.6375136610012521
39160,0,1,0.691186664092929
23908,0,1,0.5662032748868764
30807,0,1,0.5073482420795657
45629,1,1,0.5025372927140226
45438,1,1,0.5802829741656402
39024,1,1,0.5083627908874151
3527,1,1,0.6035115217346376
33800,1,1,0.6148498496914978
58632,1,0,0.4508559045101295
12286,1,0,0.4184291720956992
16380,0,1,0.5680151444688503
8113,1,1,0.504989816784257
549,0,0,0.47478864266765614
54780,1,1,0.5793552717072334
27642,0,0,0.4841663857095061
31816,1,0,0.44584138791035044
60051,0,1,0.6087613370276828
29729,0,1,0.577114752288449
19774,1,0,0.3954165913117537
35096,1,1,0.5936119643885094
4827,0,1,0.5725505954869562
42782,0,1,0.5934285199598509
9317,1,1,0.5965756944758018
17117,1,1,0.555282125635484
359,1,1,0.7645528901481857
35825,1,1,0.5611535870771008
22750,1,1,0.5766431390767482
12907,0,1,0.5149301059169434
14929,1,1,0.6642025585351123
34775,0,1,0.6030333650209193
11133,0,1,0.5204654769263167
14795,1,1,0.6452542451236261
59548,0,0,0.48899945266945954
25585,1,1,0.581480962259006
2739,1,1,0.543078364528615
34692,0,0,0.4990106411438795
46200,0,1,0.6382955123054197
9499,1,1,0.5539975979371152
14067,0,1,0.5360590579685023
1567,1,1,0.5536549186236652
14096,0,1,0.5658870606880917
48404,0,1,0.5188854672782826
40633,1,1,0.5559305687025604
14404,1,1,0.5298234758266102
51071,0,1,0.5794044128960976
32188,1,1,0.6367592763758264
38002,1,0,0.31279190293343195
28200,0,0,0.3854414683337988
35207,1,0,0.3029044447056789
59273,1,0,0.4551216292997294
35544,0,0,0.4160138789186428
3655,0,1,0.5596160234321725
46989,0,1,0.6455450928319373
33190,1,1,0.5614110190748139
27494,1,1,0.6020483937433272
35380,0,0,0.4795387927763884
2823,1,0,0.4069215220664549
57541,0,0,0.24506256984402738
4671,1,1,0.6728120325201552
10964,1,1,0.6560690702617354
57737,0,1,0.650038841814184
44386,0,0,0.45727524154367993
56663,0,0,0.49614072692764416
48472,1,1,0.5453790756667394
12690,0,0,0.4751727098579691
2881,1,1,0.500408243967276
50582,1,1,0.5306611735712867
44561,0,0,0.4206825338731144
30369,1,1,0.6180271142215754
39045,0,1,0.5079805972916148
339,1,1,0.5502462936282444
5182,1,1,0.5621263591820864
45317,1,1,0.6532790926977776
13223,1,1,0.6072394247261106
43854,1,0,0.461783392242453
21481,0,1,0.5329001503651571
7983,0,0,0.4564818260768957
56939,1,1,0.5101668013895267
31136,1,0,0.4837234299404599
5771,0,1,0.5577834519824253
35689,0,0,0.44769661364053326
33627,0,1,0.639374299179585
23688,1,1,0.5455516315740515
51356,0,1,0.5097544869350845
34886,0,1,0.5907198271020748
4327,1,0,0.4831925646620035
20291,0,1,0.5033230673257321
33515,1,1,0.5867695990833415
46134,0,1,0.5012614779373181
2310,0,1,0.6087504701735671
49477,1,1,0.5384764711304986
6050,1,1,0.7354771361918955
39838,0,1,0.6374981582512761
50717,0,1,0.5827935777324919
7744,1,1,0.5335181871815956
42905,0,0,0.4052896944797611
52657,0,1,0.5268509127784973
51954,0,1,0.6069095693631881
1042,1,0,0.4385032897362782
25702,1,0,0.4517784199586067
14957,1,1,0.6249808165580429
48107,0,1,0.5802835088801623
53206,1,1,0.5262057068456968
38573,0,1,0.6305480156761601
23076,1,1,0.5176505846821493
56928,0,1,0.5265472174136143
28562,0,1,0.5498998251612575
47625,0,0,0.4583158753623902
37141,0,0,0.48106400301535673
29808,0,1,0.5125803088458059
980,0,1,0.6570720983742818
46810,0,1,0.6215977670916971
43641,1,1,0.6082707064351669
57587,0,1,0.6101904227417055
23807,0,1,0.6021820198625638
1559,1,1,0.5996282822837882
28363,0,1,0.520554822308959
33206,0,1,0.6055115424716756
27987,0,1,0.6762473133739038
27344,0,1,0.5925298402099818
56363,1,0,0.48815201967587213
27878,1,1,0.6250201204618527
8447,1,1,0.6301768419332557
50446,0,1,0.5830980209877523
40241,0,1,0.5518728100066004
45929,1,1,0.5164651719440126
8200,0,1,0.5672458704513358
5413,0,1,0.7539394038398162
36454,0,0,0.38451204868508154
32077,1,1,0.7109679921717585
29403,1,0,0.46842165856323753
49300,1,0,0.48251957223905473
21403,0,1,0.5063372917660424
51492,1,1,0.5369667493973962
14828,0,0,0.48042248222414735
24360,1,1,0.6468540951809857
7168,0,1,0.5503797035323267
1472,1,1,0.6192267859353346
24884,1,1,0.6284020284910027
51680,1,1,0.5438130775538059
29178,1,1,0.5653446761141382
10850,0,1,0.6716549641561507
11330,0,1,0.5829139738194978
60672,0,1,0.6690374602406172
32387,1,1,0.529714161312864
15641,0,1,0.7091098959622535
20626,0,1,0.5561671066209726
33524,0,1,0.5790572617854939
13716,0,1,0.639895856626646
6991,1,1,0.5309815489248675
16963,1,1,0.5530509060067466
8250,1,1,0.6471028647761611
10652,0,1,0.5305395280919702
41980,1,1,0.560604293543656
2934,0,1,0.7596427429415956
21919,0,1,0.5672682118434808
4429,1,1,0.6573044307444182
5971,0,1,0.6308194630372665
21237,0,0,0.4532609863329652
3688,0,1,0.5612229966113393
45887,1,1,0.5091963472445408
53229,1,0,0.34878860671101336
50332,0,1,0.5873383045882955
57191,1,1,0.6132605923013617
59452,1,0,0.43408440130484033
25829,0,1,0.5429297862845744
14278,0,0,0.2876874874387144
15030,1,1,0.5334805730867153
10097,1,1,0.6567118537471319
45415,0,1,0.5872593822973412
101,1,1,0.5364001837812666
12513,0,1,0.5069573468510307
10270,1,0,0.4252187797476632
14743,1,1,0.5244499438763897
47754,0,0,0.4633149568343651
47668,0,1,0.5107147782426028
43586,1,1,0.5426881107422031
44160,1,1,0.5186400008091675
38961,0,1,0.5157085138333941
46951,0,1,0.6909110513517795
26271,1,1,0.5752628195609576
57907,1,1,0.555075511044071
31835,1,1,0.6602336814878227
12148,1,1,0.541000288639517
50204,1,1,0.5670553730213144
14563,1,1,0.5884833698443792
38719,1,1,0.6151073885015385
3316,0,0,0.4559910093062326
22129,1,1,0.5374184558867392
11827,1,1,0.5726953262888618
29317,1,1,0.5737935003398058
58100,1,1,0.6116504564671584
54397,0,1,0.5905350935119897
16608,1,1,0.5913405982644375
11997,1,0,0.4501317279396324
30790,0,0,0.45487496715666187
19060,1,1,0.5050888062509121
13991,1,1,0.6385803446329628
46027,0,1,0.6730144711709812
56551,1,0,0.44594649517651347
26533,1,1,0.5460890085976104
22659,0,1,0.5424568605780705
48339,1,0,0.49776846575859585
7165,0,1,0.6000089259441702
58008,0,0,0.1998227287394222
42514,1,0,0.4870513695735162
45667,0,1,0.6146238509730224
47442,0,1,0.5491340754590422
55299,1,0,0.47670224172837605
53353,1,1,0.6150336212191682
16506,0,1,0.5526957492106692
34281,0,1,0.5921895405198215
31968,0,1,0.5786292703773972
49336,0,0,0.48539615495546334
17597,0,1,0.5094501484334666
25484,1,1,0.5481467383420957
5634,0,1,0.5779148675554806
52888,1,1,0.6646731412078322
47559,1,1,0.75855135248152
1224,1,1,0.653617466041443
51709,0,1,0.6503053426568828
29863,1,1,0.5889637984369568
26914,1,1,0.5355110376072718
36901,1,1,0.5996254940687147
14960,1,0,0.35726934287747364
41363,1,0,0.45717228943583643
1531,1,1,0.554298461507512
26878,0,1,0.5008494171180816
32115,0,1,0.5361375501458957
29325,0,1,0.6195770186632015
5977,0,1,0.5591581787823373
42545,1,0,0.3828792463779662
2482,1,1,0.5184271014789056
33475,0,1,0.5255482182084881
9326,1,1,0.5302625760098115
9601,1,1,0.5616829072128603
48062,0,1,0.7560589670622975
10053,0,1,0.5405909150317699
14160,0,1,0.5098185864848412
6674,0,1,0.5371806911105083
57588,1,0,0.45724016518247873
22565,1,0,0.4928829357698659
16452,1,0,0.46100430207090454
17024,1,0,0.45635795618309677
29650,0,1,0.5212338048461264
53051,1,1,0.6242698027766039
47720,1,1,0.5157767886392334
35896,1,1,0.7073928293588007
15673,1,1,0.5325147443607977
46303,1,1,0.6048355635620497
1724,1,1,0.6128543956074082
2101,1,1,0.5194501789453906
48167,1,1,0.7261723273915066
31634,1,1,0.5676456034898226
33741,0,1,0.517249742445187
25636,1,1,0.6552378626698925
14327,0,1,0.7013817921019377
6089,1,1,0.6651245113574228
10708,0,0,0.49168584245948593
46233,0,1,0.6397549445237566
41294,0,0,0.4825441092414323
44673,1,0,0.38173939803132606
46927,0,0,0.4915792760827207
24593,0,1,0.5109621006002493
31571,0,1,0.5685572434000103
35983,0,0,0.48850018267258405
28227,0,0,0.4101421074883805
3791,1,0,0.49276569135463943
10102,1,0,0.4966861829826103
